Handle,BlockName,Layer,X,Y,Z,Attributes
6AE1C8,mb,dim 300 ngang duong,585380.907,2306018.294,0.000,""
7593BE,VHOHN.TT.A2-VTK-ZZ-KT-1001_TMBDINHVI-Dot9.1 (1),dim 800 ngang duong,0.000,0.000,0.000,""
7964F4,Xr_Tuyen duong B9,Defpoints,0.000,0.000,0.000,""
C88809,XR TNT$0$Xr-TNT-Khai$0$G,XR TNT$0$Xr-TNT-Khai$0$T-HO GA,585441.295,2304923.601,0.000,""
C88823,XR TNT$0$Xr-TNT-Khai$0$G,XR TNT$0$Xr-TNT-Khai$0$T-HO GA,585414.578,2304901.542,0.000,""
C8883D,XR TNT$0$Xr-TNT-Khai$0$G,XR TNT$0$Xr-TNT-Khai$0$T-HO GA,585405.986,2304894.602,0.000,""
C88857,XR TNT$0$Xr-TNT-Khai$0$G,XR TNT$0$Xr-TNT-Khai$0$T-HO GA,585373.881,2304874.252,0.000,""
C88871,XR TNT$0$Xr-TNT-Khai$0$G,XR TNT$0$Xr-TNT-Khai$0$T-HO GA,585365.215,2304867.420,0.000,""
C8888B,XR TNT$0$Xr-TNT-Khai$0$G,XR TNT$0$Xr-TNT-Khai$0$T-HO GA,585333.184,2304846.962,0.000,""
C888A5,XR TNT$0$Xr-TNT-Khai$0$G,XR TNT$0$Xr-TNT-Khai$0$T-HO GA,585324.554,2304840.077,0.000,""
C888BF,XR TNT$0$Xr-TNT-Khai$0$G,XR TNT$0$Xr-TNT-Khai$0$T-HO GA,585502.936,2305148.714,0.000,""
C888D9,XR TNT$0$Xr-TNT-Khai$0$G,XR TNT$0$Xr-TNT-Khai$0$T-HO GA,585530.322,2305167.124,0.000,""
C888F3,XR TNT$0$Xr-TNT-Khai$0$G,XR TNT$0$Xr-TNT-Khai$0$T-HO GA,585333.623,2305539.376,0.000,""
C8890D,XR TNT$0$Xr-TNT-Khai$0$G,XR TNT$0$Xr-TNT-Khai$0$T-HO GA,585324.463,2305533.273,0.000,""
C88927,XR TNT$0$Xr-TNT-Khai$0$G,XR TNT$0$Xr-TNT-Khai$0$T-HO GA,585306.514,2305520.553,0.000,""
C88941,XR TNT$0$Xr-TNT-Khai$0$G,XR TNT$0$Xr-TNT-Khai$0$T-HO GA,585296.332,2305516.000,0.000,""
C8895B,XR TNT$0$Xr-TNT-Khai$0$G,XR TNT$0$Xr-TNT-Khai$0$T-HO GA,585279.207,2305502.199,0.000,""
C88975,XR TNT$0$Xr-TNT-Khai$0$G,XR TNT$0$Xr-TNT-Khai$0$T-HO GA,585268.836,2305497.825,0.000,""
C8898F,XR TNT$0$Xr-TNT-Khai$0$G,XR TNT$0$Xr-TNT-Khai$0$T-HO GA,585113.075,2304999.306,0.000,""
C889A9,XR TNT$0$Xr-TNT-Khai$0$G,XR TNT$0$Xr-TNT-Khai$0$T-HO GA,585263.784,2305106.650,0.000,""
C889C3,XR TNT$0$Xr-TNT-Khai$0$G,XR TNT$0$Xr-TNT-Khai$0$T-HO GA,585193.796,2305200.803,0.000,""
C889DD,XR TNT$0$Xr-TNT-Khai$0$G,XR TNT$0$Xr-TNT-Khai$0$T-HO GA,585041.003,2305106.789,0.000,""
C889F7,XR TNT$0$Xr-TNT-Khai$0$G,XR TNT$0$Xr-TNT-Khai$0$T-HO GA,585234.049,2305082.797,0.000,""
C88A11,XR TNT$0$Xr-TNT-Khai$0$G,XR TNT$0$Xr-TNT-Khai$0$T-HO GA,585225.620,2305075.730,0.000,""
C88A2B,XR TNT$0$Xr-TNT-Khai$0$G,XR TNT$0$Xr-TNT-Khai$0$T-HO GA,585193.857,2305054.694,0.000,""
C88A45,XR TNT$0$Xr-TNT-Khai$0$G,XR TNT$0$Xr-TNT-Khai$0$T-HO GA,585184.719,2305048.569,0.000,""
C88A5F,XR TNT$0$Xr-TNT-Khai$0$G,XR TNT$0$Xr-TNT-Khai$0$T-HO GA,585153.264,2305027.363,0.000,""
C88A79,XR TNT$0$Xr-TNT-Khai$0$G,XR TNT$0$Xr-TNT-Khai$0$T-HO GA,585144.235,2305020.971,0.000,""
C88A93,XR TNT$0$Xr-TNT-Khai$0$G,XR TNT$0$Xr-TNT-Khai$0$T-HO GA,585164.120,2305187.070,0.000,""
C88AAD,XR TNT$0$Xr-TNT-Khai$0$G,XR TNT$0$Xr-TNT-Khai$0$T-HO GA,585154.184,2305182.054,0.000,""
C88AC7,XR TNT$0$Xr-TNT-Khai$0$G,XR TNT$0$Xr-TNT-Khai$0$T-HO GA,585081.836,2305133.907,0.000,""
C88AE1,XR TNT$0$Xr-TNT-Khai$0$G,XR TNT$0$Xr-TNT-Khai$0$T-HO GA,585072.801,2305127.522,0.000,""
C88AFB,XR TNT$0$Xr-TNT-Khai$0$G,XR TNT$0$Xr-TNT-Khai$0$T-HO GA,585711.772,2305415.484,0.000,""
C88B15,XR TNT$0$Xr-TNT-Khai$0$G,XR TNT$0$Xr-TNT-Khai$0$T-HO GA,585704.142,2305406.986,0.000,""
C88B2F,XR TNT$0$Xr-TNT-Khai$0$G,XR TNT$0$Xr-TNT-Khai$0$T-HO GA,585682.017,2305386.130,0.000,""
C88B49,XR TNT$0$Xr-TNT-Khai$0$G,XR TNT$0$Xr-TNT-Khai$0$T-HO GA,585545.742,2304764.683,0.000,""
C88B63,XR TNT$0$Xr-TNT-Khai$0$G,XR TNT$0$Xr-TNT-Khai$0$T-HO GA,585539.294,2304774.015,0.000,""
C88B7D,XR TNT$0$Xr-TNT-Khai$0$G,XR TNT$0$Xr-TNT-Khai$0$T-HO GA,585564.452,2304731.859,0.000,""
C88B97,XR TNT$0$Xr-TNT-Khai$0$G,XR TNT$0$Xr-TNT-Khai$0$T-HO GA,585673.246,2305379.597,0.000,""
C88BB1,XR TNT$0$Xr-TNT-Khai$0$G,XR TNT$0$Xr-TNT-Khai$0$T-HO GA,585599.899,2304905.875,0.000,""
C88BCB,XR TNT$0$Xr-TNT-Khai$0$G,XR TNT$0$Xr-TNT-Khai$0$T-HO GA,585627.238,2304924.208,0.000,""
C88BE5,XR TNT$0$Xr-TNT-Khai$0$G,XR TNT$0$Xr-TNT-Khai$0$T-HO GA,585616.948,2304919.506,0.000,""
C88BFF,XR TNT$0$Xr-TNT-Khai$0$G,XR TNT$0$Xr-TNT-Khai$0$T-HO GA,585654.690,2304942.616,0.000,""
C88C19,XR TNT$0$Xr-TNT-Khai$0$G,XR TNT$0$Xr-TNT-Khai$0$T-HO GA,585648.306,2304931.954,0.000,""
C88C33,XR TNT$0$Xr-TNT-Khai$0$G,XR TNT$0$Xr-TNT-Khai$0$T-HO GA,585682.108,2304961.002,0.000,""
C88C4D,XR TNT$0$Xr-TNT-Khai$0$G,XR TNT$0$Xr-TNT-Khai$0$T-HO GA,585675.685,2304950.313,0.000,""
C88C67,XR TNT$0$Xr-TNT-Khai$0$G,XR TNT$0$Xr-TNT-Khai$0$T-HO GA,585709.584,2304979.427,0.000,""
C88C81,XR TNT$0$Xr-TNT-Khai$0$G,XR TNT$0$Xr-TNT-Khai$0$T-HO GA,585703.096,2304968.695,0.000,""
C88C9B,XR TNT$0$Xr-TNT-Khai$0$G,XR TNT$0$Xr-TNT-Khai$0$T-HO GA,585736.903,2304997.746,0.000,""
C88CB5,XR TNT$0$Xr-TNT-Khai$0$G,XR TNT$0$Xr-TNT-Khai$0$T-HO GA,585730.490,2304987.064,0.000,""
C88CCF,XR TNT$0$Xr-TNT-Khai$0$G,XR TNT$0$Xr-TNT-Khai$0$T-HO GA,585594.778,2304893.118,0.000,""
C88CE9,XR TNT$0$Xr-TNT-Khai$0$G,XR TNT$0$Xr-TNT-Khai$0$T-HO GA,585763.045,2305017.530,0.000,""
C88D03,XR TNT$0$Xr-TNT-Khai$0$G,XR TNT$0$Xr-TNT-Khai$0$T-HO GA,585568.025,2304881.560,0.000,""
C88D1D,XR TNT$0$Xr-TNT-Khai$0$G,XR TNT$0$Xr-TNT-Khai$0$T-HO GA,585650.720,2305106.101,0.000,""
C88D37,XR TNT$0$Xr-TNT-Khai$0$G,XR TNT$0$Xr-TNT-Khai$0$T-HO GA,585524.368,2305018.006,0.000,""
C88D51,XR TNT$0$Xr-TNT-Khai$0$G,XR TNT$0$Xr-TNT-Khai$0$T-HO GA,585549.309,2305039.940,0.000,""
C88D6B,XR TNT$0$Xr-TNT-Khai$0$G,XR TNT$0$Xr-TNT-Khai$0$T-HO GA,585578.584,2305055.570,0.000,""
C88D85,XR TNT$0$Xr-TNT-Khai$0$G,XR TNT$0$Xr-TNT-Khai$0$T-HO GA,585568.372,2305051.069,0.000,""
C88D9F,XR TNT$0$Xr-TNT-Khai$0$G,XR TNT$0$Xr-TNT-Khai$0$T-HO GA,585604.900,2305075.623,0.000,""
C88DB9,XR TNT$0$Xr-TNT-Khai$0$G,XR TNT$0$Xr-TNT-Khai$0$T-HO GA,585596.856,2305067.822,0.000,""
C88DD3,XR TNT$0$Xr-TNT-Khai$0$G,XR TNT$0$Xr-TNT-Khai$0$T-HO GA,585632.287,2305093.976,0.000,""
C88DED,XR TNT$0$Xr-TNT-Khai$0$G,XR TNT$0$Xr-TNT-Khai$0$T-HO GA,585624.288,2305086.217,0.000,""
C88E07,XR TNT$0$Xr-TNT-Khai$0$G,XR TNT$0$Xr-TNT-Khai$0$T-HO GA,585688.764,2305128.249,0.000,""
C88E21,XR TNT$0$Xr-TNT-Khai$0$G,XR TNT$0$Xr-TNT-Khai$0$T-HO GA,585719.738,2305152.091,0.000,""
C88E3B,XR TNT$0$Xr-TNT-Khai$0$G,XR TNT$0$Xr-TNT-Khai$0$T-HO GA,585754.644,2305173.630,0.000,""
C88E55,XR TNT$0$Xr-TNT-Khai$0$G,XR TNT$0$Xr-TNT-Khai$0$T-HO GA,585743.640,2305170.420,0.000,""
C88E6F,XR TNT$0$Xr-TNT-Khai$0$G,XR TNT$0$Xr-TNT-Khai$0$T-HO GA,585707.030,2305140.497,0.000,""
C88E89,XR TNT$0$Xr-TNT-Khai$0$G,XR TNT$0$Xr-TNT-Khai$0$T-HO GA,585491.276,2304995.825,0.000,""
C88EA3,XR TNT$0$Xr-TNT-Khai$0$G,XR TNT$0$Xr-TNT-Khai$0$T-HO GA,585512.692,2305015.569,0.000,""
C88EBD,XR TNT$0$Xr-TNT-Khai$0$G,XR TNT$0$Xr-TNT-Khai$0$T-HO GA,585347.632,2305147.747,0.000,""
C88ED7,XR TNT$0$Xr-TNT-Khai$0$G,XR TNT$0$Xr-TNT-Khai$0$T-HO GA,585731.384,2305371.746,0.000,""
C88EF1,XR TNT$0$Xr-TNT-Khai$0$G,XR TNT$0$Xr-TNT-Khai$0$T-HO GA,585392.037,2305156.819,0.000,""
C88F0B,XR TNT$0$Xr-TNT-Khai$0$G,XR TNT$0$Xr-TNT-Khai$0$T-HO GA,585414.019,2305162.686,0.000,""
C88F25,XR TNT$0$Xr-TNT-Khai$0$G,XR TNT$0$Xr-TNT-Khai$0$T-HO GA,585393.902,2305178.635,0.000,""
C88F3F,XR TNT$0$Xr-TNT-Khai$0$G,XR TNT$0$Xr-TNT-Khai$0$T-HO GA,585356.447,2305132.682,0.000,""
C88F59,XR TNT$0$Xr-TNT-Khai$0$G,XR TNT$0$Xr-TNT-Khai$0$T-HO GA,585172.857,2304998.094,0.000,""
C88F73,XR TNT$0$Xr-TNT-Khai$0$G,XR TNT$0$Xr-TNT-Khai$0$T-HO GA,585163.721,2304991.968,0.000,""
C88F8D,XR TNT$0$Xr-TNT-Khai$0$G,XR TNT$0$Xr-TNT-Khai$0$T-HO GA,585213.550,2305025.351,0.000,""
C88FA7,XR TNT$0$Xr-TNT-Khai$0$G,XR TNT$0$Xr-TNT-Khai$0$T-HO GA,585204.414,2305019.225,0.000,""
C88FC1,XR TNT$0$Xr-TNT-Khai$0$G,XR TNT$0$Xr-TNT-Khai$0$T-HO GA,585254.125,2305052.598,0.000,""
C88FDB,XR TNT$0$Xr-TNT-Khai$0$G,XR TNT$0$Xr-TNT-Khai$0$T-HO GA,585245.067,2305046.524,0.000,""
C88FF5,XR TNT$0$Xr-TNT-Khai$0$G,XR TNT$0$Xr-TNT-Khai$0$T-HO GA,585295.009,2305079.940,0.000,""
C8900F,XR TNT$0$Xr-TNT-Khai$0$G,XR TNT$0$Xr-TNT-Khai$0$T-HO GA,585285.873,2305073.814,0.000,""
C89029,XR TNT$0$Xr-TNT-Khai$0$G,XR TNT$0$Xr-TNT-Khai$0$T-HO GA,585335.650,2305107.233,0.000,""
C89043,XR TNT$0$Xr-TNT-Khai$0$G,XR TNT$0$Xr-TNT-Khai$0$T-HO GA,585326.514,2305101.106,0.000,""
C8905D,XR TNT$0$Xr-TNT-Khai$0$G,XR TNT$0$Xr-TNT-Khai$0$T-HO GA,585566.835,2305191.601,0.000,""
C89077,XR TNT$0$Xr-TNT-Khai$0$G,XR TNT$0$Xr-TNT-Khai$0$T-HO GA,585434.069,2304960.453,0.000,""
C89091,XR TNT$0$Xr-TNT-Khai$0$G,XR TNT$0$Xr-TNT-Khai$0$T-HO GA,585420.404,2304961.084,0.000,""
C890AB,XR TNT$0$Xr-TNT-Khai$0$G,XR TNT$0$Xr-TNT-Khai$0$T-HO GA,585455.824,2304984.035,0.000,""
C890C5,XR TNT$0$Xr-TNT-Khai$0$G,XR TNT$0$Xr-TNT-Khai$0$T-HO GA,585268.212,2304855.872,0.000,""
C890DF,XR TNT$0$Xr-TNT-Khai$0$G,XR TNT$0$Xr-TNT-Khai$0$T-HO GA,585262.100,2304845.236,0.000,""
C890F9,XR TNT$0$Xr-TNT-Khai$0$G,XR TNT$0$Xr-TNT-Khai$0$T-HO GA,585230.535,2304824.090,0.000,""
C89113,XR TNT$0$Xr-TNT-Khai$0$G,XR TNT$0$Xr-TNT-Khai$0$T-HO GA,585499.367,2304842.309,0.000,""
C8912D,XR TNT$0$Xr-TNT-Khai$0$G,XR TNT$0$Xr-TNT-Khai$0$T-HO GA,585532.892,2304869.442,0.000,""
C89147,XR TNT$0$Xr-TNT-Khai$0$G,XR TNT$0$Xr-TNT-Khai$0$T-HO GA,585709.729,2305285.520,0.000,""
C89161,XR TNT$0$Xr-TNT-Khai$0$G,XR TNT$0$Xr-TNT-Khai$0$T-HO GA,585701.684,2305277.782,0.000,""
C8917B,XR TNT$0$Xr-TNT-Khai$0$G,XR TNT$0$Xr-TNT-Khai$0$T-HO GA,585737.071,2305304.034,0.000,""
C89195,XR TNT$0$Xr-TNT-Khai$0$G,XR TNT$0$Xr-TNT-Khai$0$T-HO GA,585729.104,2305296.170,0.000,""
C891AF,XR TNT$0$Xr-TNT-Khai$0$G,XR TNT$0$Xr-TNT-Khai$0$T-HO GA,585634.252,2305511.288,0.000,""
C891C9,XR TNT$0$Xr-TNT-Khai$0$G,XR TNT$0$Xr-TNT-Khai$0$T-HO GA,585609.324,2305494.580,0.000,""
C891E3,XR TNT$0$Xr-TNT-Khai$0$G,XR TNT$0$Xr-TNT-Khai$0$T-HO GA,585644.275,2305516.596,0.000,""
C891FD,XR TNT$0$Xr-TNT-Khai$0$G,XR TNT$0$Xr-TNT-Khai$0$T-HO GA,585474.729,2305635.980,0.000,""
C89217,XR TNT$0$Xr-TNT-Khai$0$G,XR TNT$0$Xr-TNT-Khai$0$T-HO GA,585465.712,2305629.633,0.000,""
C89231,XR TNT$0$Xr-TNT-Khai$0$G,XR TNT$0$Xr-TNT-Khai$0$T-HO GA,585456.634,2305615.562,0.000,""
C8924B,XR TNT$0$Xr-TNT-Khai$0$G,XR TNT$0$Xr-TNT-Khai$0$T-HO GA,585441.034,2305537.151,0.000,""
C89265,XR TNT$0$Xr-TNT-Khai$0$G,XR TNT$0$Xr-TNT-Khai$0$T-HO GA,585454.800,2305547.178,0.000,""
C8927F,XR TNT$0$Xr-TNT-Khai$0$G,XR TNT$0$Xr-TNT-Khai$0$T-HO GA,585482.038,2305564.559,0.000,""
C89299,XR TNT$0$Xr-TNT-Khai$0$G,XR TNT$0$Xr-TNT-Khai$0$T-HO GA,585472.961,2305559.544,0.000,""
C892B3,XR TNT$0$Xr-TNT-Khai$0$G,XR TNT$0$Xr-TNT-Khai$0$T-HO GA,585422.318,2305525.614,0.000,""
C892CD,XR TNT$0$Xr-TNT-Khai$0$G,XR TNT$0$Xr-TNT-Khai$0$T-HO GA,585413.197,2305519.465,0.000,""
C892E7,XR TNT$0$Xr-TNT-Khai$0$G,XR TNT$0$Xr-TNT-Khai$0$T-HO GA,585287.970,2305430.321,0.000,""
C89301,XR TNT$0$Xr-TNT-Khai$0$G,XR TNT$0$Xr-TNT-Khai$0$T-HO GA,585276.106,2305427.521,0.000,""
C8931B,XR TNT$0$Xr-TNT-Khai$0$G,XR TNT$0$Xr-TNT-Khai$0$T-HO GA,585257.829,2305415.398,0.000,""
C89335,XR TNT$0$Xr-TNT-Khai$0$G,XR TNT$0$Xr-TNT-Khai$0$T-HO GA,585248.751,2305409.186,0.000,""
C8934F,XR TNT$0$Xr-TNT-Khai$0$G,XR TNT$0$Xr-TNT-Khai$0$T-HO GA,585202.295,2305377.968,0.000,""
C89369,XR TNT$0$Xr-TNT-Khai$0$G,XR TNT$0$Xr-TNT-Khai$0$T-HO GA,585169.468,2305355.048,0.000,""
C89383,XR TNT$0$Xr-TNT-Khai$0$G,XR TNT$0$Xr-TNT-Khai$0$T-HO GA,584965.489,2305219.334,0.000,""
C8939D,XR TNT$0$Xr-TNT-Khai$0$G,XR TNT$0$Xr-TNT-Khai$0$T-HO GA,585160.332,2305348.921,0.000,""
C893B7,XR TNT$0$Xr-TNT-Khai$0$G,XR TNT$0$Xr-TNT-Khai$0$T-HO GA,585127.045,2305330.352,0.000,""
C893D1,XR TNT$0$Xr-TNT-Khai$0$G,XR TNT$0$Xr-TNT-Khai$0$T-HO GA,585118.044,2305324.019,0.000,""
C893EB,XR TNT$0$Xr-TNT-Khai$0$G,XR TNT$0$Xr-TNT-Khai$0$T-HO GA,585086.334,2305303.070,0.000,""
C89405,XR TNT$0$Xr-TNT-Khai$0$G,XR TNT$0$Xr-TNT-Khai$0$T-HO GA,585077.417,2305296.609,0.000,""
C8941F,XR TNT$0$Xr-TNT-Khai$0$G,XR TNT$0$Xr-TNT-Khai$0$T-HO GA,585045.626,2305275.789,0.000,""
C89439,XR TNT$0$Xr-TNT-Khai$0$G,XR TNT$0$Xr-TNT-Khai$0$T-HO GA,585036.483,2305269.672,0.000,""
C89453,XR TNT$0$Xr-TNT-Khai$0$G,XR TNT$0$Xr-TNT-Khai$0$T-HO GA,585005.016,2305248.368,0.000,""
C8946D,XR TNT$0$Xr-TNT-Khai$0$G,XR TNT$0$Xr-TNT-Khai$0$T-HO GA,584995.871,2305242.268,0.000,""
C89487,XR TNT$0$Xr-TNT-Khai$0$G,XR TNT$0$Xr-TNT-Khai$0$T-HO GA,585361.976,2305455.440,0.000,""
C894A1,XR TNT$0$Xr-TNT-Khai$0$G,XR TNT$0$Xr-TNT-Khai$0$T-HO GA,585902.624,2305110.979,0.000,""
C894BB,XR TNT$0$Xr-TNT-Khai$0$G,XR TNT$0$Xr-TNT-Khai$0$T-HO GA,585885.489,2305097.020,0.000,""
C894D5,XR TNT$0$Xr-TNT-Khai$0$G,XR TNT$0$Xr-TNT-Khai$0$T-HO GA,585875.177,2305092.617,0.000,""
C894EF,XR TNT$0$Xr-TNT-Khai$0$G,XR TNT$0$Xr-TNT-Khai$0$T-HO GA,585858.120,2305078.669,0.000,""
C89509,XR TNT$0$Xr-TNT-Khai$0$G,XR TNT$0$Xr-TNT-Khai$0$T-HO GA,585847.799,2305074.283,0.000,""
C89523,XR TNT$0$Xr-TNT-Khai$0$G,XR TNT$0$Xr-TNT-Khai$0$T-HO GA,585830.626,2305060.236,0.000,""
C8953D,XR TNT$0$Xr-TNT-Khai$0$G,XR TNT$0$Xr-TNT-Khai$0$T-HO GA,585821.324,2305054.498,0.000,""
C89557,XR TNT$0$Xr-TNT-Khai$0$G,XR TNT$0$Xr-TNT-Khai$0$T-HO GA,585796.838,2305037.602,0.000,""
C89571,XR TNT$0$Xr-TNT-Khai$0$G,XR TNT$0$Xr-TNT-Khai$0$T-HO GA,585781.046,2305193.598,0.000,""
C8958B,XR TNT$0$Xr-TNT-Khai$0$G,XR TNT$0$Xr-TNT-Khai$0$T-HO GA,585808.256,2305212.249,0.000,""
C895A5,XR TNT$0$Xr-TNT-Khai$0$G,XR TNT$0$Xr-TNT-Khai$0$T-HO GA,585800.341,2305204.273,0.000,""
C895BF,XR TNT$0$Xr-TNT-Khai$0$G,XR TNT$0$Xr-TNT-Khai$0$T-HO GA,585782.487,2305027.969,0.000,""
C895D9,XR TNT$0$Xr-TNT-Khai$0$G,XR TNT$0$Xr-TNT-Khai$0$T-HO GA,585911.678,2305117.271,0.000,""
C895F3,XR TNT$0$Xr-TNT-Khai$0$G,XR TNT$0$Xr-TNT-Khai$0$T-HO GA,585826.853,2305224.066,0.000,""
C8960D,XR TNT$0$Xr-TNT-Khai$0$G,XR TNT$0$Xr-TNT-Khai$0$T-HO GA,585502.348,2305654.144,0.000,""
C89627,XR TNT$0$Xr-TNT-Khai$0$G,XR TNT$0$Xr-TNT-Khai$0$T-HO GA,585492.931,2305648.246,0.000,""
C89641,XR TNT$0$Xr-TNT-Khai$0$G,XR TNT$0$Xr-TNT-Khai$0$T-HO GA,585144.012,2305464.830,0.000,""
C8965B,XR TNT$0$Xr-TNT-Khai$0$G,XR TNT$0$Xr-TNT-Khai$0$T-HO GA,585110.790,2305442.552,0.000,""
C89675,XR TNT$0$Xr-TNT-Khai$0$G,XR TNT$0$Xr-TNT-Khai$0$T-HO GA,584907.305,2305306.102,0.000,""
C8968F,XR TNT$0$Xr-TNT-Khai$0$G,XR TNT$0$Xr-TNT-Khai$0$T-HO GA,585101.654,2305436.426,0.000,""
C896A9,XR TNT$0$Xr-TNT-Khai$0$G,XR TNT$0$Xr-TNT-Khai$0$T-HO GA,585070.093,2305415.262,0.000,""
C896C3,XR TNT$0$Xr-TNT-Khai$0$G,XR TNT$0$Xr-TNT-Khai$0$T-HO GA,585060.358,2305408.733,0.000,""
C896DD,XR TNT$0$Xr-TNT-Khai$0$G,XR TNT$0$Xr-TNT-Khai$0$T-HO GA,585029.396,2305387.972,0.000,""
C896F7,XR TNT$0$Xr-TNT-Khai$0$G,XR TNT$0$Xr-TNT-Khai$0$T-HO GA,585020.260,2305381.846,0.000,""
C89711,XR TNT$0$Xr-TNT-Khai$0$G,XR TNT$0$Xr-TNT-Khai$0$T-HO GA,584988.699,2305360.682,0.000,""
C8972B,XR TNT$0$Xr-TNT-Khai$0$G,XR TNT$0$Xr-TNT-Khai$0$T-HO GA,584979.563,2305354.556,0.000,""
C89745,XR TNT$0$Xr-TNT-Khai$0$G,XR TNT$0$Xr-TNT-Khai$0$T-HO GA,584948.002,2305333.392,0.000,""
C8975F,XR TNT$0$Xr-TNT-Khai$0$G,XR TNT$0$Xr-TNT-Khai$0$T-HO GA,584938.250,2305326.859,0.000,""
C89779,XR TNT$0$Xr-TNT-Khai$0$G,XR TNT$0$Xr-TNT-Khai$0$T-HO GA,585124.718,2305158.871,0.000,""
C89793,XR TNT$0$Xr-TNT-Khai$0$G,XR TNT$0$Xr-TNT-Khai$0$T-HO GA,585114.639,2305152.052,0.000,""
C897AD,XR TNT$0$Xr-TNT-Khai$0$G,XR TNT$0$Xr-TNT-Khai$0$T-HO GA,584991.929,2305179.905,0.000,""
C897C7,XR TNT$0$Xr-TNT-Khai$0$G,XR TNT$0$Xr-TNT-Khai$0$T-HO GA,585109.286,2305268.835,0.000,""
C897E1,XR TNT$0$Xr-TNT-Khai$0$G,XR TNT$0$Xr-TNT-Khai$0$T-HO GA,585104.884,2305255.649,0.000,""
C897FB,XR TNT$0$Xr-TNT-Khai$0$G,XR TNT$0$Xr-TNT-Khai$0$T-HO GA,585032.626,2305207.195,0.000,""
C89815,XR TNT$0$Xr-TNT-Khai$0$G,XR TNT$0$Xr-TNT-Khai$0$T-HO GA,585023.490,2305201.069,0.000,""
C8982F,XR TNT$0$Xr-TNT-Khai$0$G,XR TNT$0$Xr-TNT-Khai$0$T-HO GA,585073.323,2305234.485,0.000,""
C89849,XR TNT$0$Xr-TNT-Khai$0$G,XR TNT$0$Xr-TNT-Khai$0$T-HO GA,585064.151,2305228.335,0.000,""
C89863,XR TNT$0$Xr-TNT-Khai$0$G,XR TNT$0$Xr-TNT-Khai$0$T-HO GA,585180.574,2305162.525,0.000,""
C8987D,XR TNT$0$Xr-TNT-Khai$0$G,XR TNT$0$Xr-TNT-Khai$0$T-HO GA,585064.053,2305072.349,0.000,""
C89897,XR TNT$0$Xr-TNT-Khai$0$G,XR TNT$0$Xr-TNT-Khai$0$T-HO GA,585176.915,2305148.230,0.000,""
C898B1,XR TNT$0$Xr-TNT-Khai$0$G,XR TNT$0$Xr-TNT-Khai$0$T-HO GA,585145.439,2305126.941,0.000,""
C898CB,XR TNT$0$Xr-TNT-Khai$0$G,XR TNT$0$Xr-TNT-Khai$0$T-HO GA,585136.296,2305120.824,0.000,""
C898E5,XR TNT$0$Xr-TNT-Khai$0$G,XR TNT$0$Xr-TNT-Khai$0$T-HO GA,585104.739,2305099.655,0.000,""
C898FF,XR TNT$0$Xr-TNT-Khai$0$G,XR TNT$0$Xr-TNT-Khai$0$T-HO GA,585095.599,2305093.534,0.000,""
C89919,XR TNT$0$Xr-TNT-Khai$0$G,XR TNT$0$Xr-TNT-Khai$0$T-HO GA,585130.891,2304972.722,0.000,""
C89933,XR TNT$0$Xr-TNT-Khai$0$G,XR TNT$0$Xr-TNT-Khai$0$T-HO GA,585229.783,2304913.180,0.000,""
C8994D,XR TNT$0$Xr-TNT-Khai$0$G,XR TNT$0$Xr-TNT-Khai$0$T-HO GA,585220.647,2304907.054,0.000,""
C89967,XR TNT$0$Xr-TNT-Khai$0$G,XR TNT$0$Xr-TNT-Khai$0$T-HO GA,585270.532,2304940.392,0.000,""
C89981,XR TNT$0$Xr-TNT-Khai$0$G,XR TNT$0$Xr-TNT-Khai$0$T-HO GA,585261.344,2304934.344,0.000,""
C8999B,XR TNT$0$Xr-TNT-Khai$0$G,XR TNT$0$Xr-TNT-Khai$0$T-HO GA,585311.229,2304967.682,0.000,""
C899B5,XR TNT$0$Xr-TNT-Khai$0$G,XR TNT$0$Xr-TNT-Khai$0$T-HO GA,585302.093,2304961.556,0.000,""
C899CF,XR TNT$0$Xr-TNT-Khai$0$G,XR TNT$0$Xr-TNT-Khai$0$T-HO GA,585351.926,2304994.973,0.000,""
C899E9,XR TNT$0$Xr-TNT-Khai$0$G,XR TNT$0$Xr-TNT-Khai$0$T-HO GA,585342.738,2304988.924,0.000,""
C89A03,XR TNT$0$Xr-TNT-Khai$0$G,XR TNT$0$Xr-TNT-Khai$0$T-HO GA,585392.623,2305022.263,0.000,""
C89A1D,XR TNT$0$Xr-TNT-Khai$0$G,XR TNT$0$Xr-TNT-Khai$0$T-HO GA,585383.435,2305016.214,0.000,""
C89A37,XR TNT$0$Xr-TNT-Khai$0$G,XR TNT$0$Xr-TNT-Khai$0$T-HO GA,585189.086,2304885.890,0.000,""
C89A51,XR TNT$0$Xr-TNT-Khai$0$G,XR TNT$0$Xr-TNT-Khai$0$T-HO GA,585396.164,2304821.271,0.000,""
C89A78,XR TNT$0$Xr-TNT-Khai$0$G,XR TNT$0$Xr-TNT-Khai$0$T-HO GA,585405.406,2304827.240,0.000,""
C89A9F,XR TNT$0$Xr-TNT-Khai$0$G,XR TNT$0$Xr-TNT-Khai$0$T-HO GA,585355.467,2304793.981,0.000,""
C89AC6,XR TNT$0$Xr-TNT-Khai$0$G,XR TNT$0$Xr-TNT-Khai$0$T-HO GA,585364.708,2304799.950,0.000,""
C89AED,XR TNT$0$Xr-TNT-Khai$0$G,XR TNT$0$Xr-TNT-Khai$0$T-HO GA,585316.409,2304764.246,0.000,""
C89B14,XR TNT$0$Xr-TNT-Khai$0$G,XR TNT$0$Xr-TNT-Khai$0$T-HO GA,585323.906,2304772.817,0.000,""
C89B3B,XR TNT$0$Xr-TNT-Khai$0$G,XR TNT$0$Xr-TNT-Khai$0$T-HO GA,585292.985,2304818.957,0.000,""
C89B62,XR TNT$0$Xr-TNT-Khai$0$G,XR TNT$0$Xr-TNT-Khai$0$T-HO GA,585284.848,2304743.082,0.000,""
C89B89,XR TNT$0$Xr-TNT-Khai$0$G,XR TNT$0$Xr-TNT-Khai$0$T-HO GA,585436.861,2304848.561,0.000,""
C89BB0,XR TNT$0$Xr-TNT-Khai$0$G,XR TNT$0$Xr-TNT-Khai$0$T-HO GA,585446.103,2304854.530,0.000,""
C89BD7,XR TNT$0$Xr-TNT-Khai$0$G,XR TNT$0$Xr-TNT-Khai$0$T-HO GA,585477.558,2304875.851,0.000,""
C89BFE,XR TNT$0$Xr-TNT-Khai$0$G,XR TNT$0$Xr-TNT-Khai$0$T-HO GA,585488.334,2304879.533,0.000,""
C89C25,XR TNT$0$Xr-TNT-Khai$0$G,XR TNT$0$Xr-TNT-Khai$0$T-HO GA,585592.283,2305015.391,0.000,""
C89C4C,XR TNT$0$Xr-TNT-Khai$0$G,XR TNT$0$Xr-TNT-Khai$0$T-HO GA,585619.691,2305033.770,0.000,""
C89C73,XR TNT$0$Xr-TNT-Khai$0$G,XR TNT$0$Xr-TNT-Khai$0$T-HO GA,585601.419,2305021.517,0.000,""
C89C9A,XR TNT$0$Xr-TNT-Khai$0$G,XR TNT$0$Xr-TNT-Khai$0$T-HO GA,585647.099,2305052.149,0.000,""
C89CC1,XR TNT$0$Xr-TNT-Khai$0$G,XR TNT$0$Xr-TNT-Khai$0$T-HO GA,585628.827,2305039.896,0.000,""
C89CE8,XR TNT$0$Xr-TNT-Khai$0$G,XR TNT$0$Xr-TNT-Khai$0$T-HO GA,585656.235,2305058.275,0.000,""
C89D0F,XR TNT$0$Xr-TNT-Khai$0$G,XR TNT$0$Xr-TNT-Khai$0$T-HO GA,585581.233,2304933.332,0.000,""
C89D36,XR TNT$0$Xr-TNT-Khai$0$G,XR TNT$0$Xr-TNT-Khai$0$T-HO GA,585547.911,2304910.987,0.000,""
C89D5D,XR TNT$0$Xr-TNT-Khai$0$G,XR TNT$0$Xr-TNT-Khai$0$T-HO GA,585795.768,2305151.841,0.000,""
C89D84,XR TNT$0$Xr-TNT-Khai$0$G,XR TNT$0$Xr-TNT-Khai$0$T-HO GA,585804.904,2305157.968,0.000,""
C89DAB,XR TNT$0$Xr-TNT-Khai$0$G,XR TNT$0$Xr-TNT-Khai$0$T-HO GA,585823.176,2305170.220,0.000,""
C89DD2,XR TNT$0$Xr-TNT-Khai$0$G,XR TNT$0$Xr-TNT-Khai$0$T-HO GA,585832.299,2305176.367,0.000,""
C89DF9,XR TNT$0$Xr-TNT-Khai$0$G,XR TNT$0$Xr-TNT-Khai$0$T-HO GA,585763.854,2305055.792,0.000,""
C89E20,XR TNT$0$Xr-TNT-Khai$0$G,XR TNT$0$Xr-TNT-Khai$0$T-HO GA,585778.048,2305065.310,0.000,""
C89E47,XR TNT$0$Xr-TNT-Khai$0$G,XR TNT$0$Xr-TNT-Khai$0$T-HO GA,585736.446,2305037.413,0.000,""
C89E6E,XR TNT$0$Xr-TNT-Khai$0$G,XR TNT$0$Xr-TNT-Khai$0$T-HO GA,585745.582,2305043.539,0.000,""
C89E95,XR TNT$0$Xr-TNT-Khai$0$G,XR TNT$0$Xr-TNT-Khai$0$T-HO GA,585718.177,2305025.162,0.000,""
C89EBC,XR TNT$0$Xr-TNT-Khai$0$G,XR TNT$0$Xr-TNT-Khai$0$T-HO GA,585674.507,2305070.528,0.000,""
C89EE3,XR TNT$0$Xr-TNT-Khai$0$G,XR TNT$0$Xr-TNT-Khai$0$T-HO GA,585966.065,2305036.138,0.000,""
C89F0A,XR TNT$0$Xr-TNT-Khai$0$G,XR TNT$0$Xr-TNT-Khai$0$T-HO GA,585646.038,2304816.722,0.000,""
C89F31,XR TNT$0$Xr-TNT-Khai$0$G,XR TNT$0$Xr-TNT-Khai$0$T-HO GA,585702.279,2304851.357,0.000,""
C89F58,XR TNT$0$Xr-TNT-Khai$0$G,XR TNT$0$Xr-TNT-Khai$0$T-HO GA,585711.415,2304857.483,0.000,""
C89F7F,XR TNT$0$Xr-TNT-Khai$0$G,XR TNT$0$Xr-TNT-Khai$0$T-HO GA,585674.871,2304832.978,0.000,""
C89FA6,XR TNT$0$Xr-TNT-Khai$0$G,XR TNT$0$Xr-TNT-Khai$0$T-HO GA,585684.007,2304839.104,0.000,""
C89FCD,XR TNT$0$Xr-TNT-Khai$0$G,XR TNT$0$Xr-TNT-Khai$0$T-HO GA,585757.095,2304888.115,0.000,""
C89FF4,XR TNT$0$Xr-TNT-Khai$0$G,XR TNT$0$Xr-TNT-Khai$0$T-HO GA,585766.231,2304894.241,0.000,""
C8A01B,XR TNT$0$Xr-TNT-Khai$0$G,XR TNT$0$Xr-TNT-Khai$0$T-HO GA,585729.687,2304869.736,0.000,""
C8A042,XR TNT$0$Xr-TNT-Khai$0$G,XR TNT$0$Xr-TNT-Khai$0$T-HO GA,585738.823,2304875.862,0.000,""
C8A069,XR TNT$0$Xr-TNT-Khai$0$G,XR TNT$0$Xr-TNT-Khai$0$T-HO GA,585784.503,2304906.494,0.000,""
C8A090,XR TNT$0$Xr-TNT-Khai$0$G,XR TNT$0$Xr-TNT-Khai$0$T-HO GA,585793.639,2304912.620,0.000,""
C8A0B7,XR TNT$0$Xr-TNT-Khai$0$G,XR TNT$0$Xr-TNT-Khai$0$T-HO GA,585819.624,2304933.123,0.000,""
C8A0DE,XR TNT$0$Xr-TNT-Khai$0$G,XR TNT$0$Xr-TNT-Khai$0$T-HO GA,585837.899,2304945.371,0.000,""
C8A105,XR TNT$0$Xr-TNT-Khai$0$G,XR TNT$0$Xr-TNT-Khai$0$T-HO GA,585852.015,2304954.844,0.000,""
C8A12C,XR TNT$0$Xr-TNT-Khai$0$G,XR TNT$0$Xr-TNT-Khai$0$T-HO GA,585876.932,2304971.552,0.000,""
C8A153,XR TNT$0$Xr-TNT-Khai$0$G,XR TNT$0$Xr-TNT-Khai$0$T-HO GA,585887.492,2304975.555,0.000,""
C8A17A,XR TNT$0$Xr-TNT-Khai$0$G,XR TNT$0$Xr-TNT-Khai$0$T-HO GA,585905.764,2304987.807,0.000,""
C8A1A1,XR TNT$0$Xr-TNT-Khai$0$G,XR TNT$0$Xr-TNT-Khai$0$T-HO GA,585914.900,2304993.934,0.000,""
C8A1C8,XR TNT$0$Xr-TNT-Khai$0$G,XR TNT$0$Xr-TNT-Khai$0$T-HO GA,585933.172,2305006.187,0.000,""
C8A1EF,XR TNT$0$Xr-TNT-Khai$0$G,XR TNT$0$Xr-TNT-Khai$0$T-HO GA,585942.308,2305012.313,0.000,""
C8A216,XR TNT$0$Xr-TNT-Khai$0$G,XR TNT$0$Xr-TNT-Khai$0$T-HO GA,585960.580,2305024.566,0.000,""
C8A23D,XR TNT$0$Xr-TNT-Khai$0$G,XR TNT$0$Xr-TNT-Khai$0$T-HO GA,585593.691,2304794.238,0.000,""
C8A264,XR TNT$0$Xr-TNT-Khai$0$G,XR TNT$0$Xr-TNT-Khai$0$T-HO GA,585431.954,2304642.988,0.000,""
C8A28B,XR TNT$0$Xr-TNT-Khai$0$G,XR TNT$0$Xr-TNT-Khai$0$T-HO GA,585407.209,2304685.398,0.000,""
C8A2B2,XR TNT$0$Xr-TNT-Khai$0$G,XR TNT$0$Xr-TNT-Khai$0$T-HO GA,585413.335,2304676.262,0.000,""
C8A2D9,XR TNT$0$Xr-TNT-Khai$0$G,XR TNT$0$Xr-TNT-Khai$0$T-HO GA,585356.983,2304635.509,0.000,""
C8A300,XR TNT$0$Xr-TNT-Khai$0$G,XR TNT$0$Xr-TNT-Khai$0$T-HO GA,585388.544,2304656.673,0.000,""
C8A327,XR TNT$0$Xr-TNT-Khai$0$G,XR TNT$0$Xr-TNT-Khai$0$T-HO GA,585372.082,2304700.974,0.000,""
C8A34E,XR TNT$0$Xr-TNT-Khai$0$G,XR TNT$0$Xr-TNT-Khai$0$T-HO GA,585251.095,2305372.255,0.000,""
C8A368,XR TNT$0$Xr-TNT-Khai$0$G,XR TNT$0$Xr-TNT-Khai$0$T-HO GA,585269.666,2305353.623,0.000,""
C8A382,XR TNT$0$Xr-TNT-Khai$0$G,XR TNT$0$Xr-TNT-Khai$0$T-HO GA,585252.997,2305382.192,0.000,""
C8A39C,XR TNT$0$Xr-TNT-Khai$0$G,XR TNT$0$Xr-TNT-Khai$0$T-HO GA,585290.423,2305322.777,0.000,""
C8A3B6,XR TNT$0$Xr-TNT-Khai$0$G,XR TNT$0$Xr-TNT-Khai$0$T-HO GA,585297.028,2305312.958,0.000,""
C8A3D0,XR TNT$0$Xr-TNT-Khai$0$G,XR TNT$0$Xr-TNT-Khai$0$T-HO GA,585317.702,2305281.979,0.000,""
C8A3EA,XR TNT$0$Xr-TNT-Khai$0$G,XR TNT$0$Xr-TNT-Khai$0$T-HO GA,585324.251,2305272.246,0.000,""
C8A404,XR TNT$0$Xr-TNT-Khai$0$G,XR TNT$0$Xr-TNT-Khai$0$T-HO GA,585344.907,2305241.298,0.000,""
C8A41E,XR TNT$0$Xr-TNT-Khai$0$G,XR TNT$0$Xr-TNT-Khai$0$T-HO GA,585351.608,2305231.579,0.000,""
C8A438,XR TNT$0$Xr-TNT-Khai$0$G,XR TNT$0$Xr-TNT-Khai$0$T-HO GA,585372.300,2305200.602,0.000,""
C8A452,XR TNT$0$Xr-TNT-Khai$0$G,XR TNT$0$Xr-TNT-Khai$0$T-HO GA,585447.975,2305675.882,0.000,""
C8A46C,XR TNT$0$Xr-TNT-Khai$0$G,XR TNT$0$Xr-TNT-Khai$0$T-HO GA,585438.839,2305669.755,0.000,""
C8A486,XR TNT$0$Xr-TNT-Khai$0$G,XR TNT$0$Xr-TNT-Khai$0$T-HO GA,585475.383,2305694.261,0.000,""
C8A4A0,XR TNT$0$Xr-TNT-Khai$0$G,XR TNT$0$Xr-TNT-Khai$0$T-HO GA,585466.247,2305688.135,0.000,""
C8A4BA,XR TNT$0$Xr-TNT-Khai$0$G,XR TNT$0$Xr-TNT-Khai$0$T-HO GA,585493.655,2305706.514,0.000,""
C8A4D4,XR TNT$0$Xr-TNT-Khai$0$G,XR TNT$0$Xr-TNT-Khai$0$T-HO GA,585502.234,2305713.471,0.000,""
C8A4EE,XR TNT$0$Xr-TNT-Khai$0$G,XR TNT$0$Xr-TNT-Khai$0$T-HO GA,585379.318,2305629.240,0.000,""
C8A508,XR TNT$0$Xr-TNT-Khai$0$G,XR TNT$0$Xr-TNT-Khai$0$T-HO GA,585393.437,2305638.708,0.000,""
C8A522,XR TNT$0$Xr-TNT-Khai$0$G,XR TNT$0$Xr-TNT-Khai$0$T-HO GA,585361.045,2305616.988,0.000,""
C8A53C,XR TNT$0$Xr-TNT-Khai$0$G,XR TNT$0$Xr-TNT-Khai$0$T-HO GA,585351.599,2305611.324,0.000,""
C8A556,XR TNT$0$Xr-TNT-Khai$0$G,XR TNT$0$Xr-TNT-Khai$0$T-HO GA,585333.327,2305599.071,0.000,""
C8A570,XR TNT$0$Xr-TNT-Khai$0$G,XR TNT$0$Xr-TNT-Khai$0$T-HO GA,585352.269,2305551.073,0.000,""
C8A58A,XR TNT$0$Xr-TNT-Khai$0$G,XR TNT$0$Xr-TNT-Khai$0$T-HO GA,585305.951,2305580.645,0.000,""
C8A5A4,XR TNT$0$Xr-TNT-Khai$0$G,XR TNT$0$Xr-TNT-Khai$0$T-HO GA,585296.814,2305574.518,0.000,""
C8A5BE,XR TNT$0$Xr-TNT-Khai$0$G,XR TNT$0$Xr-TNT-Khai$0$T-HO GA,585278.542,2305562.266,0.000,""
C8A5D8,XR TNT$0$Xr-TNT-Khai$0$G,XR TNT$0$Xr-TNT-Khai$0$T-HO GA,585269.406,2305556.139,0.000,""
C8A5F2,XR TNT$0$Xr-TNT-Khai$0$G,XR TNT$0$Xr-TNT-Khai$0$T-HO GA,585251.134,2305543.887,0.000,""
C8A60C,XR TNT$0$Xr-TNT-Khai$0$G,XR TNT$0$Xr-TNT-Khai$0$T-HO GA,585241.998,2305537.760,0.000,""
C8A626,XR TNT$0$Xr-TNT-Khai$0$G,XR TNT$0$Xr-TNT-Khai$0$T-HO GA,585324.223,2305592.897,0.000,""
C8A640,XR TNT$0$Xr-TNT-Khai$0$G,XR TNT$0$Xr-TNT-Khai$0$T-HO GA,585251.238,2305484.480,0.000,""
C8A65A,XR TNT$0$Xr-TNT-Khai$0$G,XR TNT$0$Xr-TNT-Khai$0$T-HO GA,585223.726,2305525.507,0.000,""
C8A674,XR TNT$0$Xr-TNT-Khai$0$G,XR TNT$0$Xr-TNT-Khai$0$T-HO GA,585234.930,2305391.330,0.000,""
C8A68E,XR TNT$0$Xr-TNT-Khai$0$G,XR TNT$0$Xr-TNT-Khai$0$T-HO GA,585224.566,2305393.182,0.000,""
C8A6A8,XR TNT$0$Xr-TNT-Khai$0$G,XR TNT$0$Xr-TNT-Khai$0$T-HO GA,585214.565,2305519.418,0.000,""
C8A6C2,XR TNT$0$Xr-TNT-Khai$0$G,XR TNT$0$Xr-TNT-Khai$0$T-HO GA,585196.318,2305507.128,0.000,""
C8A6DC,XR TNT$0$Xr-TNT-Khai$0$G,XR TNT$0$Xr-TNT-Khai$0$T-HO GA,585187.420,2305500.647,0.000,""
C8A6F6,XR TNT$0$Xr-TNT-Khai$0$G,XR TNT$0$Xr-TNT-Khai$0$T-HO GA,585343.839,2305403.843,0.000,""
C8A710,XR TNT$0$Xr-TNT-Khai$0$G,XR TNT$0$Xr-TNT-Khai$0$T-HO GA,585364.547,2305372.404,0.000,""
C8A72A,XR TNT$0$Xr-TNT-Khai$0$G,XR TNT$0$Xr-TNT-Khai$0$T-HO GA,585371.137,2305363.151,0.000,""
C8A744,XR TNT$0$Xr-TNT-Khai$0$G,XR TNT$0$Xr-TNT-Khai$0$T-HO GA,585392.277,2305331.578,0.000,""
C8A75E,XR TNT$0$Xr-TNT-Khai$0$G,XR TNT$0$Xr-TNT-Khai$0$T-HO GA,585398.462,2305322.385,0.000,""
C8A778,XR TNT$0$Xr-TNT-Khai$0$G,XR TNT$0$Xr-TNT-Khai$0$T-HO GA,585419.113,2305290.998,0.000,""
C8A792,XR TNT$0$Xr-TNT-Khai$0$G,XR TNT$0$Xr-TNT-Khai$0$T-HO GA,585425.614,2305281.688,0.000,""
C8A7AC,XR TNT$0$Xr-TNT-Khai$0$G,XR TNT$0$Xr-TNT-Khai$0$T-HO GA,585446.868,2305250.191,0.000,""
C8A7C6,XR TNT$0$Xr-TNT-Khai$0$G,XR TNT$0$Xr-TNT-Khai$0$T-HO GA,585442.131,2305509.489,0.000,""
C8A7E0,XR TNT$0$Xr-TNT-Khai$0$G,XR TNT$0$Xr-TNT-Khai$0$T-HO GA,585370.430,2305434.922,0.000,""
C8A7FA,XR TNT$0$Xr-TNT-Khai$0$G,XR TNT$0$Xr-TNT-Khai$0$T-HO GA,585377.972,2305426.671,0.000,""
C8A814,XR TNT$0$Xr-TNT-Khai$0$G,XR TNT$0$Xr-TNT-Khai$0$T-HO GA,585397.587,2305394.136,0.000,""
C8A82E,XR TNT$0$Xr-TNT-Khai$0$G,XR TNT$0$Xr-TNT-Khai$0$T-HO GA,585403.989,2305385.070,0.000,""
C8A848,XR TNT$0$Xr-TNT-Khai$0$G,XR TNT$0$Xr-TNT-Khai$0$T-HO GA,585424.804,2305353.487,0.000,""
C8A862,XR TNT$0$Xr-TNT-Khai$0$G,XR TNT$0$Xr-TNT-Khai$0$T-HO GA,585432.429,2305345.144,0.000,""
C8A87C,XR TNT$0$Xr-TNT-Khai$0$G,XR TNT$0$Xr-TNT-Khai$0$T-HO GA,585451.858,2305312.534,0.000,""
C8A896,XR TNT$0$Xr-TNT-Khai$0$G,XR TNT$0$Xr-TNT-Khai$0$T-HO GA,585459.595,2305304.437,0.000,""
C8A8B0,XR TNT$0$Xr-TNT-Khai$0$G,XR TNT$0$Xr-TNT-Khai$0$T-HO GA,585478.918,2305271.683,0.000,""
C8A8CA,XR TNT$0$Xr-TNT-Khai$0$G,XR TNT$0$Xr-TNT-Khai$0$T-HO GA,585454.404,2305491.231,0.000,""
C8A8E4,XR TNT$0$Xr-TNT-Khai$0$G,XR TNT$0$Xr-TNT-Khai$0$T-HO GA,585452.236,2305476.531,0.000,""
C8A8FE,XR TNT$0$Xr-TNT-Khai$0$G,XR TNT$0$Xr-TNT-Khai$0$T-HO GA,585473.421,2305444.987,0.000,""
C8A918,XR TNT$0$Xr-TNT-Khai$0$G,XR TNT$0$Xr-TNT-Khai$0$T-HO GA,585479.544,2305435.846,0.000,""
C8A932,XR TNT$0$Xr-TNT-Khai$0$G,XR TNT$0$Xr-TNT-Khai$0$T-HO GA,585500.684,2305404.272,0.000,""
C8A94C,XR TNT$0$Xr-TNT-Khai$0$G,XR TNT$0$Xr-TNT-Khai$0$T-HO GA,585507.057,2305395.298,0.000,""
C8A966,XR TNT$0$Xr-TNT-Khai$0$G,XR TNT$0$Xr-TNT-Khai$0$T-HO GA,585527.985,2305363.583,0.000,""
C8A980,XR TNT$0$Xr-TNT-Khai$0$G,XR TNT$0$Xr-TNT-Khai$0$T-HO GA,585555.274,2305322.883,0.000,""
C8A99A,XR TNT$0$Xr-TNT-Khai$0$G,XR TNT$0$Xr-TNT-Khai$0$T-HO GA,585140.429,2305290.622,0.000,""
C8A9B4,XR TNT$0$Xr-TNT-Khai$0$G,XR TNT$0$Xr-TNT-Khai$0$T-HO GA,585628.020,2305466.638,0.000,""
C8A9CE,XR TNT$0$Xr-TNT-Khai$0$G,XR TNT$0$Xr-TNT-Khai$0$T-HO GA,585782.119,2305276.335,0.000,""
C8A9F5,XR TNT$0$Xr-TNT-Khai$0$G,XR TNT$0$Xr-TNT-Khai$0$T-HO GA,585756.033,2305314.601,0.000,""
C8AA1C,XR TNT$0$Xr-TNT-Khai$0$G,XR TNT$0$Xr-TNT-Khai$0$T-HO GA,585790.977,2305282.877,0.000,""
C8AA43,XR TNT$0$Xr-TNT-Khai$0$G,XR TNT$0$Xr-TNT-Khai$0$T-HO GA,585699.616,2305221.613,0.000,""
C8AA6A,XR TNT$0$Xr-TNT-Khai$0$G,XR TNT$0$Xr-TNT-Khai$0$T-HO GA,585709.031,2305227.324,0.000,""
C8AA91,XR TNT$0$Xr-TNT-Khai$0$G,XR TNT$0$Xr-TNT-Khai$0$T-HO GA,585682.352,2305267.166,0.000,""
C8AAB8,XR TNT$0$Xr-TNT-Khai$0$G,XR TNT$0$Xr-TNT-Khai$0$T-HO GA,585727.303,2305239.577,0.000,""
C8AADF,XR TNT$0$Xr-TNT-Khai$0$G,XR TNT$0$Xr-TNT-Khai$0$T-HO GA,585736.439,2305245.703,0.000,""
C8AB06,XR TNT$0$Xr-TNT-Khai$0$G,XR TNT$0$Xr-TNT-Khai$0$T-HO GA,585754.711,2305257.956,0.000,""
C8AB2D,XR TNT$0$Xr-TNT-Khai$0$G,XR TNT$0$Xr-TNT-Khai$0$T-HO GA,585763.847,2305264.083,0.000,""
C8AB54,XR TNT$0$Xr-TNT-Khai$0$G,XR TNT$0$Xr-TNT-Khai$0$T-HO GA,585621.544,2305169.261,0.000,""
C8AB7B,XR TNT$0$Xr-TNT-Khai$0$G,XR TNT$0$Xr-TNT-Khai$0$T-HO GA,585648.946,2305187.650,0.000,""
C8ABA2,XR TNT$0$Xr-TNT-Khai$0$G,XR TNT$0$Xr-TNT-Khai$0$T-HO GA,585639.817,2305181.513,0.000,""
C8ABC9,XR TNT$0$Xr-TNT-Khai$0$G,XR TNT$0$Xr-TNT-Khai$0$T-HO GA,585681.344,2305209.361,0.000,""
C8ABF0,XR TNT$0$Xr-TNT-Khai$0$G,XR TNT$0$Xr-TNT-Khai$0$T-HO GA,585667.218,2305199.902,0.000,""
C8AC17,XR TNT$0$Xr-TNT-Khai$0$G,XR TNT$0$Xr-TNT-Khai$0$T-HO GA,585452.782,2305187.627,0.000,""
C8AC31,XR TNT$0$Xr-TNT-Khai$0$G,XR TNT$0$Xr-TNT-Khai$0$T-HO GA,585441.508,2305180.987,0.000,""
C8AC4B,XR TNT$0$Xr-TNT-Khai$0$G,XR TNT$0$Xr-TNT-Khai$0$T-HO GA,585423.134,2305168.852,0.000,""
C8AC65,XR TNT$0$Xr-TNT-Khai$0$G,XR TNT$0$Xr-TNT-Khai$0$T-HO GA,585578.526,2305272.934,0.000,""
C8AC7F,XR TNT$0$Xr-TNT-Khai$0$G,XR TNT$0$Xr-TNT-Khai$0$T-HO GA,585587.690,2305279.022,0.000,""
C8AC99,XR TNT$0$Xr-TNT-Khai$0$G,XR TNT$0$Xr-TNT-Khai$0$T-HO GA,585605.916,2305291.298,0.000,""
C8ACB3,XR TNT$0$Xr-TNT-Khai$0$G,XR TNT$0$Xr-TNT-Khai$0$T-HO GA,585638.343,2305313.015,0.000,""
C8ACCD,XR TNT$0$Xr-TNT-Khai$0$G,XR TNT$0$Xr-TNT-Khai$0$T-HO GA,585620.053,2305300.813,0.000,""
C8ACE7,XR TNT$0$Xr-TNT-Khai$0$G,XR TNT$0$Xr-TNT-Khai$0$T-HO GA,585557.750,2305185.394,0.000,""
C8AD01,XR TNT$0$Xr-TNT-Khai$0$G,XR TNT$0$Xr-TNT-Khai$0$T-HO GA,585539.427,2305173.232,0.000,""
C8AD1B,XR TNT$0$Xr-TNT-Khai$0$G,XR TNT$0$Xr-TNT-Khai$0$T-HO GA,585511.979,2305154.850,0.000,""
C8AD35,XR TNT$0$Xr-TNT-Khai$0$G,XR TNT$0$Xr-TNT-Khai$0$T-HO GA,585530.462,2305107.582,0.000,""
C8AD5C,XR TNT$0$Xr-TNT-Khai$0$G,XR TNT$0$Xr-TNT-Khai$0$T-HO GA,585539.598,2305113.708,0.000,""
C8AD83,XR TNT$0$Xr-TNT-Khai$0$G,XR TNT$0$Xr-TNT-Khai$0$T-HO GA,585557.870,2305125.961,0.000,""
C8ADAA,XR TNT$0$Xr-TNT-Khai$0$G,XR TNT$0$Xr-TNT-Khai$0$T-HO GA,585567.007,2305132.087,0.000,""
C8ADD1,XR TNT$0$Xr-TNT-Khai$0$G,XR TNT$0$Xr-TNT-Khai$0$T-HO GA,585585.279,2305144.340,0.000,""
C8ADF8,XR TNT$0$Xr-TNT-Khai$0$G,XR TNT$0$Xr-TNT-Khai$0$T-HO GA,585594.415,2305150.466,0.000,""
C8AE1F,XR TNT$0$Xr-TNT-Khai$0$G,XR TNT$0$Xr-TNT-Khai$0$T-HO GA,585612.687,2305162.719,0.000,""
C8AE46,XR TNT$0$Xr-TNT-Khai$0$G,XR TNT$0$Xr-TNT-Khai$0$T-HO GA,585587.109,2305200.952,0.000,""
C8AE6D,XR TNT$0$Xr-TNT-Khai$0$G,XR TNT$0$Xr-TNT-Khai$0$T-HO GA,585484.503,2305077.365,0.000,""
C8AE94,XR TNT$0$Xr-TNT-Khai$0$G,XR TNT$0$Xr-TNT-Khai$0$T-HO GA,585512.190,2305095.329,0.000,""
C8AEBB,XR TNT$0$Xr-TNT-Khai$0$G,XR TNT$0$Xr-TNT-Khai$0$T-HO GA,585451.292,2305055.072,0.000,""
C8AEE2,XR TNT$0$Xr-TNT-Khai$0$G,XR TNT$0$Xr-TNT-Khai$0$T-HO GA,585558.614,2305570.141,0.000,""
C8AEFC,XR TNT$0$Xr-TNT-Khai$0$G,XR TNT$0$Xr-TNT-Khai$0$T-HO GA,585420.565,2305657.502,0.000,""
C8AF16,XR TNT$0$Xr-TNT-Khai$0$G,XR TNT$0$Xr-TNT-Khai$0$T-HO GA,585336.541,2304733.275,0.000,""
C8AF3D,XR TNT$0$Xr-TNT-Khai$0$G,XR TNT$0$Xr-TNT-Khai$0$T-HO GA,584920.672,2305286.168,0.000,""
C8AF57,XR TNT$0$Xr-TNT-Khai$0$G,XR TNT$0$Xr-TNT-Khai$0$T-HO GA,584934.038,2305266.235,0.000,""
C8AF71,XR TNT$0$Xr-TNT-Khai$0$G,XR TNT$0$Xr-TNT-Khai$0$T-HO GA,584947.405,2305246.302,0.000,""
C8AF8B,XR TNT$0$Xr-TNT-Khai$0$G,XR TNT$0$Xr-TNT-Khai$0$T-HO GA,584985.427,2305223.685,0.000,""
C8AFA5,XR TNT$0$Xr-TNT-Khai$0$G,XR TNT$0$Xr-TNT-Khai$0$T-HO GA,585026.124,2305250.975,0.000,""
C8AFBF,XR TNT$0$Xr-TNT-Khai$0$G,XR TNT$0$Xr-TNT-Khai$0$T-HO GA,585066.821,2305278.265,0.000,""
C8AFD9,XR TNT$0$Xr-TNT-Khai$0$G,XR TNT$0$Xr-TNT-Khai$0$T-HO GA,585107.518,2305305.555,0.000,""
C8AFF3,XR TNT$0$Xr-TNT-Khai$0$G,XR TNT$0$Xr-TNT-Khai$0$T-HO GA,585148.215,2305332.845,0.000,""
C8B00D,XR TNT$0$Xr-TNT-Khai$0$G,XR TNT$0$Xr-TNT-Khai$0$T-HO GA,585188.912,2305360.135,0.000,""
C8B027,XR TNT$0$Xr-TNT-Khai$0$G,XR TNT$0$Xr-TNT-Khai$0$T-HO GA,584952.233,2305307.332,0.000,""
C8B041,XR TNT$0$Xr-TNT-Khai$0$G,XR TNT$0$Xr-TNT-Khai$0$T-HO GA,584965.599,2305287.399,0.000,""
C8B05B,XR TNT$0$Xr-TNT-Khai$0$G,XR TNT$0$Xr-TNT-Khai$0$T-HO GA,584978.966,2305267.466,0.000,""
C8B075,XR TNT$0$Xr-TNT-Khai$0$G,XR TNT$0$Xr-TNT-Khai$0$T-HO GA,584961.369,2305313.458,0.000,""
C8B08F,XR TNT$0$Xr-TNT-Khai$0$G,XR TNT$0$Xr-TNT-Khai$0$T-HO GA,584974.736,2305293.525,0.000,""
C8B0A9,XR TNT$0$Xr-TNT-Khai$0$G,XR TNT$0$Xr-TNT-Khai$0$T-HO GA,584988.102,2305273.592,0.000,""
C8B0C3,XR TNT$0$Xr-TNT-Khai$0$G,XR TNT$0$Xr-TNT-Khai$0$T-HO GA,584992.930,2305334.622,0.000,""
C8B0DD,XR TNT$0$Xr-TNT-Khai$0$G,XR TNT$0$Xr-TNT-Khai$0$T-HO GA,585006.296,2305314.689,0.000,""
C8B0F7,XR TNT$0$Xr-TNT-Khai$0$G,XR TNT$0$Xr-TNT-Khai$0$T-HO GA,585019.663,2305294.756,0.000,""
C8B111,XR TNT$0$Xr-TNT-Khai$0$G,XR TNT$0$Xr-TNT-Khai$0$T-HO GA,585002.066,2305340.749,0.000,""
C8B12B,XR TNT$0$Xr-TNT-Khai$0$G,XR TNT$0$Xr-TNT-Khai$0$T-HO GA,585015.433,2305320.815,0.000,""
C8B145,XR TNT$0$Xr-TNT-Khai$0$G,XR TNT$0$Xr-TNT-Khai$0$T-HO GA,585028.799,2305300.882,0.000,""
C8B15F,XR TNT$0$Xr-TNT-Khai$0$G,XR TNT$0$Xr-TNT-Khai$0$T-HO GA,585033.627,2305361.912,0.000,""
C8B179,XR TNT$0$Xr-TNT-Khai$0$G,XR TNT$0$Xr-TNT-Khai$0$T-HO GA,585046.994,2305341.979,0.000,""
C8B193,XR TNT$0$Xr-TNT-Khai$0$G,XR TNT$0$Xr-TNT-Khai$0$T-HO GA,585060.360,2305322.046,0.000,""
C8B1AD,XR TNT$0$Xr-TNT-Khai$0$G,XR TNT$0$Xr-TNT-Khai$0$T-HO GA,585042.763,2305368.039,0.000,""
C8B1C7,XR TNT$0$Xr-TNT-Khai$0$G,XR TNT$0$Xr-TNT-Khai$0$T-HO GA,585056.130,2305348.106,0.000,""
C8B1E1,XR TNT$0$Xr-TNT-Khai$0$G,XR TNT$0$Xr-TNT-Khai$0$T-HO GA,585069.496,2305328.172,0.000,""
C8B1FB,XR TNT$0$Xr-TNT-Khai$0$G,XR TNT$0$Xr-TNT-Khai$0$T-HO GA,585074.324,2305389.203,0.000,""
C8B215,XR TNT$0$Xr-TNT-Khai$0$G,XR TNT$0$Xr-TNT-Khai$0$T-HO GA,585087.640,2305369.236,0.000,""
C8B22F,XR TNT$0$Xr-TNT-Khai$0$G,XR TNT$0$Xr-TNT-Khai$0$T-HO GA,585101.016,2305349.309,0.000,""
C8B249,XR TNT$0$Xr-TNT-Khai$0$G,XR TNT$0$Xr-TNT-Khai$0$T-HO GA,585083.460,2305395.329,0.000,""
C8B263,XR TNT$0$Xr-TNT-Khai$0$G,XR TNT$0$Xr-TNT-Khai$0$T-HO GA,585096.827,2305375.396,0.000,""
C8B27D,XR TNT$0$Xr-TNT-Khai$0$G,XR TNT$0$Xr-TNT-Khai$0$T-HO GA,585110.193,2305355.462,0.000,""
C8B297,XR TNT$0$Xr-TNT-Khai$0$G,XR TNT$0$Xr-TNT-Khai$0$T-HO GA,585115.021,2305416.493,0.000,""
C8B2B1,XR TNT$0$Xr-TNT-Khai$0$G,XR TNT$0$Xr-TNT-Khai$0$T-HO GA,585128.388,2305396.559,0.000,""
C8B2CB,XR TNT$0$Xr-TNT-Khai$0$G,XR TNT$0$Xr-TNT-Khai$0$T-HO GA,585137.291,2305383.265,0.000,""
C8B2E5,XR TNT$0$Xr-TNT-Khai$0$G,XR TNT$0$Xr-TNT-Khai$0$T-HO GA,585124.157,2305422.619,0.000,""
C8B2FF,XR TNT$0$Xr-TNT-Khai$0$G,XR TNT$0$Xr-TNT-Khai$0$T-HO GA,585137.524,2305402.686,0.000,""
C8B319,XR TNT$0$Xr-TNT-Khai$0$G,XR TNT$0$Xr-TNT-Khai$0$T-HO GA,585150.890,2305382.753,0.000,""
C8B333,XR TNT$0$Xr-TNT-Khai$0$G,XR TNT$0$Xr-TNT-Khai$0$T-HO GA,585157.379,2305444.897,0.000,""
C8B34D,XR TNT$0$Xr-TNT-Khai$0$G,XR TNT$0$Xr-TNT-Khai$0$T-HO GA,585170.746,2305424.964,0.000,""
C8B367,XR TNT$0$Xr-TNT-Khai$0$G,XR TNT$0$Xr-TNT-Khai$0$T-HO GA,585184.112,2305405.030,0.000,""
C8B381,XR TNT$0$Xr-TNT-Khai$0$G,XR TNT$0$Xr-TNT-Khai$0$T-HO GA,585006.966,2305157.480,0.000,""
C8B39B,XR TNT$0$Xr-TNT-Khai$0$G,XR TNT$0$Xr-TNT-Khai$0$T-HO GA,585021.983,2305135.042,0.000,""
C8B3B5,XR TNT$0$Xr-TNT-Khai$0$G,XR TNT$0$Xr-TNT-Khai$0$T-HO GA,585038.527,2305178.644,0.000,""
C8B3CF,XR TNT$0$Xr-TNT-Khai$0$G,XR TNT$0$Xr-TNT-Khai$0$T-HO GA,585053.565,2305156.219,0.000,""
C8B3E9,XR TNT$0$Xr-TNT-Khai$0$G,XR TNT$0$Xr-TNT-Khai$0$T-HO GA,585047.663,2305184.770,0.000,""
C8B403,XR TNT$0$Xr-TNT-Khai$0$G,XR TNT$0$Xr-TNT-Khai$0$T-HO GA,585062.799,2305162.412,0.000,""
C8B41D,XR TNT$0$Xr-TNT-Khai$0$G,XR TNT$0$Xr-TNT-Khai$0$T-HO GA,585079.224,2305205.934,0.000,""
C8B437,XR TNT$0$Xr-TNT-Khai$0$G,XR TNT$0$Xr-TNT-Khai$0$T-HO GA,585094.262,2305183.509,0.000,""
C8B451,XR TNT$0$Xr-TNT-Khai$0$G,XR TNT$0$Xr-TNT-Khai$0$T-HO GA,585088.360,2305212.060,0.000,""
C8B46B,XR TNT$0$Xr-TNT-Khai$0$G,XR TNT$0$Xr-TNT-Khai$0$T-HO GA,585103.398,2305189.636,0.000,""
C8B485,XR TNT$0$Xr-TNT-Khai$0$G,XR TNT$0$Xr-TNT-Khai$0$T-HO GA,585119.921,2305233.224,0.000,""
C8B49F,XR TNT$0$Xr-TNT-Khai$0$G,XR TNT$0$Xr-TNT-Khai$0$T-HO GA,585134.959,2305210.799,0.000,""
C8B4B9,XR TNT$0$Xr-TNT-Khai$0$G,XR TNT$0$Xr-TNT-Khai$0$T-HO GA,585125.994,2305243.919,0.000,""
C8B4D3,XR TNT$0$Xr-TNT-Khai$0$G,XR TNT$0$Xr-TNT-Khai$0$T-HO GA,585140.475,2305222.324,0.000,""
C8B4ED,XR TNT$0$Xr-TNT-Khai$0$G,XR TNT$0$Xr-TNT-Khai$0$T-HO GA,585151.613,2305205.713,0.000,""
C8B507,XR TNT$0$Xr-TNT-Khai$0$G,XR TNT$0$Xr-TNT-Khai$0$T-HO GA,585156.023,2305267.366,0.000,""
C8B521,XR TNT$0$Xr-TNT-Khai$0$G,XR TNT$0$Xr-TNT-Khai$0$T-HO GA,585171.618,2305244.111,0.000,""
C8B53B,XR TNT$0$Xr-TNT-Khai$0$G,XR TNT$0$Xr-TNT-Khai$0$T-HO GA,585187.212,2305220.856,0.000,""
C8B555,XR TNT$0$Xr-TNT-Khai$0$G,XR TNT$0$Xr-TNT-Khai$0$T-HO GA,585060.869,2305111.182,0.000,""
C8B56F,XR TNT$0$Xr-TNT-Khai$0$G,XR TNT$0$Xr-TNT-Khai$0$T-HO GA,585101.589,2305138.435,0.000,""
C8B589,XR TNT$0$Xr-TNT-Khai$0$G,XR TNT$0$Xr-TNT-Khai$0$T-HO GA,585142.286,2305165.725,0.000,""
C8B5A3,XR TNT$0$Xr-TNT-Khai$0$G,XR TNT$0$Xr-TNT-Khai$0$T-HO GA,585206.597,2305190.875,0.000,""
C8B5BD,XR TNT$0$Xr-TNT-Khai$0$G,XR TNT$0$Xr-TNT-Khai$0$T-HO GA,585215.686,2305197.884,0.000,""
C8B5D7,XR TNT$0$Xr-TNT-Khai$0$G,XR TNT$0$Xr-TNT-Khai$0$T-HO GA,585079.090,2305049.924,0.000,""
C8B5F1,XR TNT$0$Xr-TNT-Khai$0$G,XR TNT$0$Xr-TNT-Khai$0$T-HO GA,585094.128,2305027.499,0.000,""
C8B60B,XR TNT$0$Xr-TNT-Khai$0$G,XR TNT$0$Xr-TNT-Khai$0$T-HO GA,584997.103,2305260.367,0.000,""
C8B625,XR TNT$0$Xr-TNT-Khai$0$G,XR TNT$0$Xr-TNT-Khai$0$T-HO GA,585110.651,2305071.088,0.000,""
C8B63F,XR TNT$0$Xr-TNT-Khai$0$G,XR TNT$0$Xr-TNT-Khai$0$T-HO GA,585125.689,2305048.663,0.000,""
C8B659,XR TNT$0$Xr-TNT-Khai$0$G,XR TNT$0$Xr-TNT-Khai$0$T-HO GA,585119.787,2305077.214,0.000,""
C8B673,XR TNT$0$Xr-TNT-Khai$0$G,XR TNT$0$Xr-TNT-Khai$0$T-HO GA,585134.825,2305054.789,0.000,""
C8B68D,XR TNT$0$Xr-TNT-Khai$0$G,XR TNT$0$Xr-TNT-Khai$0$T-HO GA,585151.348,2305098.378,0.000,""
C8B6A7,XR TNT$0$Xr-TNT-Khai$0$G,XR TNT$0$Xr-TNT-Khai$0$T-HO GA,585166.386,2305075.953,0.000,""
C8B6C1,XR TNT$0$Xr-TNT-Khai$0$G,XR TNT$0$Xr-TNT-Khai$0$T-HO GA,585160.484,2305104.504,0.000,""
C8B6DB,XR TNT$0$Xr-TNT-Khai$0$G,XR TNT$0$Xr-TNT-Khai$0$T-HO GA,585175.522,2305082.079,0.000,""
C8B6F5,XR TNT$0$Xr-TNT-Khai$0$G,XR TNT$0$Xr-TNT-Khai$0$T-HO GA,585192.045,2305125.668,0.000,""
C8B70F,XR TNT$0$Xr-TNT-Khai$0$G,XR TNT$0$Xr-TNT-Khai$0$T-HO GA,585207.083,2305103.243,0.000,""
C8B729,XR TNT$0$Xr-TNT-Khai$0$G,XR TNT$0$Xr-TNT-Khai$0$T-HO GA,585133.016,2305003.588,0.000,""
C8B743,XR TNT$0$Xr-TNT-Khai$0$G,XR TNT$0$Xr-TNT-Khai$0$T-HO GA,585173.713,2305030.879,0.000,""
C8B75D,XR TNT$0$Xr-TNT-Khai$0$G,XR TNT$0$Xr-TNT-Khai$0$T-HO GA,585214.410,2305058.169,0.000,""
C8B777,XR TNT$0$Xr-TNT-Khai$0$G,XR TNT$0$Xr-TNT-Khai$0$T-HO GA,585249.946,2305082.416,0.000,""
C8B791,XR TNT$0$Xr-TNT-Khai$0$G,XR TNT$0$Xr-TNT-Khai$0$T-HO GA,585194.498,2305141.761,0.000,""
C8B7AB,XR TNT$0$Xr-TNT-Khai$0$G,XR TNT$0$Xr-TNT-Khai$0$T-HO GA,585207.884,2305121.840,0.000,""
C8B7C5,XR TNT$0$Xr-TNT-Khai$0$G,XR TNT$0$Xr-TNT-Khai$0$T-HO GA,585220.117,2305103.555,0.000,""
C8B7DF,XR TNT$0$Xr-TNT-Khai$0$G,XR TNT$0$Xr-TNT-Khai$0$T-HO GA,585224.806,2305164.793,0.000,""
C8B7F9,XR TNT$0$Xr-TNT-Khai$0$G,XR TNT$0$Xr-TNT-Khai$0$T-HO GA,585238.451,2305144.445,0.000,""
C8B813,XR TNT$0$Xr-TNT-Khai$0$G,XR TNT$0$Xr-TNT-Khai$0$T-HO GA,585252.096,2305124.096,0.000,""
C8B82D,XR TNT$0$Xr-TNT-Khai$0$G,XR TNT$0$Xr-TNT-Khai$0$T-HO GA,585285.145,2305108.632,0.000,""
C8B847,XR TNT$0$Xr-TNT-Khai$0$G,XR TNT$0$Xr-TNT-Khai$0$T-HO GA,585309.380,2305124.848,0.000,""
C8B861,XR TNT$0$Xr-TNT-Khai$0$G,XR TNT$0$Xr-TNT-Khai$0$T-HO GA,585342.871,2305144.721,0.000,""
C8B87B,XR TNT$0$Xr-TNT-Khai$0$G,XR TNT$0$Xr-TNT-Khai$0$T-HO GA,585175.720,2304905.823,0.000,""
C8B895,XR TNT$0$Xr-TNT-Khai$0$G,XR TNT$0$Xr-TNT-Khai$0$T-HO GA,585162.353,2304925.756,0.000,""
C8B8AF,XR TNT$0$Xr-TNT-Khai$0$G,XR TNT$0$Xr-TNT-Khai$0$T-HO GA,585140.075,2304958.978,0.000,""
C8B8C9,XR TNT$0$Xr-TNT-Khai$0$G,XR TNT$0$Xr-TNT-Khai$0$T-HO GA,585207.280,2304926.987,0.000,""
C8B8E3,XR TNT$0$Xr-TNT-Khai$0$G,XR TNT$0$Xr-TNT-Khai$0$T-HO GA,585193.914,2304946.920,0.000,""
C8B8FD,XR TNT$0$Xr-TNT-Khai$0$G,XR TNT$0$Xr-TNT-Khai$0$T-HO GA,585216.417,2304933.113,0.000,""
C8B917,XR TNT$0$Xr-TNT-Khai$0$G,XR TNT$0$Xr-TNT-Khai$0$T-HO GA,585203.050,2304953.046,0.000,""
C8B931,XR TNT$0$Xr-TNT-Khai$0$G,XR TNT$0$Xr-TNT-Khai$0$T-HO GA,585189.683,2304972.980,0.000,""
C8B94B,XR TNT$0$Xr-TNT-Khai$0$G,XR TNT$0$Xr-TNT-Khai$0$T-HO GA,585247.978,2304954.277,0.000,""
C8B965,XR TNT$0$Xr-TNT-Khai$0$G,XR TNT$0$Xr-TNT-Khai$0$T-HO GA,585234.611,2304974.210,0.000,""
C8B97F,XR TNT$0$Xr-TNT-Khai$0$G,XR TNT$0$Xr-TNT-Khai$0$T-HO GA,585221.244,2304994.143,0.000,""
C8B999,XR TNT$0$Xr-TNT-Khai$0$G,XR TNT$0$Xr-TNT-Khai$0$T-HO GA,585257.114,2304960.403,0.000,""
C8B9B3,XR TNT$0$Xr-TNT-Khai$0$G,XR TNT$0$Xr-TNT-Khai$0$T-HO GA,585243.747,2304980.337,0.000,""
C8B9CD,XR TNT$0$Xr-TNT-Khai$0$G,XR TNT$0$Xr-TNT-Khai$0$T-HO GA,585288.675,2304981.567,0.000,""
C8B9E7,XR TNT$0$Xr-TNT-Khai$0$G,XR TNT$0$Xr-TNT-Khai$0$T-HO GA,585275.308,2305001.500,0.000,""
C8BA01,XR TNT$0$Xr-TNT-Khai$0$G,XR TNT$0$Xr-TNT-Khai$0$T-HO GA,585297.811,2304987.694,0.000,""
C8BA1B,XR TNT$0$Xr-TNT-Khai$0$G,XR TNT$0$Xr-TNT-Khai$0$T-HO GA,585284.444,2305007.627,0.000,""
C8BA35,XR TNT$0$Xr-TNT-Khai$0$G,XR TNT$0$Xr-TNT-Khai$0$T-HO GA,585329.372,2305008.857,0.000,""
C8BA4F,XR TNT$0$Xr-TNT-Khai$0$G,XR TNT$0$Xr-TNT-Khai$0$T-HO GA,585316.005,2305028.791,0.000,""
C8BA69,XR TNT$0$Xr-TNT-Khai$0$G,XR TNT$0$Xr-TNT-Khai$0$T-HO GA,585338.508,2305014.984,0.000,""
C8BA83,XR TNT$0$Xr-TNT-Khai$0$G,XR TNT$0$Xr-TNT-Khai$0$T-HO GA,585325.141,2305034.917,0.000,""
C8BA9D,XR TNT$0$Xr-TNT-Khai$0$G,XR TNT$0$Xr-TNT-Khai$0$T-HO GA,585370.069,2305036.147,0.000,""
C8BAB7,XR TNT$0$Xr-TNT-Khai$0$G,XR TNT$0$Xr-TNT-Khai$0$T-HO GA,585356.702,2305056.081,0.000,""
C8BAD1,XR TNT$0$Xr-TNT-Khai$0$G,XR TNT$0$Xr-TNT-Khai$0$T-HO GA,585379.205,2305042.274,0.000,""
C8BAEB,XR TNT$0$Xr-TNT-Khai$0$G,XR TNT$0$Xr-TNT-Khai$0$T-HO GA,585365.838,2305062.207,0.000,""
C8BB05,XR TNT$0$Xr-TNT-Khai$0$G,XR TNT$0$Xr-TNT-Khai$0$T-HO GA,585403.516,2305077.840,0.000,""
C8BB1F,XR TNT$0$Xr-TNT-Khai$0$G,XR TNT$0$Xr-TNT-Khai$0$T-HO GA,585390.149,2305097.774,0.000,""
C8BB39,XR TNT$0$Xr-TNT-Khai$0$G,XR TNT$0$Xr-TNT-Khai$0$T-HO GA,585376.782,2305117.707,0.000,""
C8BB53,XR TNT$0$Xr-TNT-Khai$0$G,XR TNT$0$Xr-TNT-Khai$0$T-HO GA,585432.852,2305034.145,0.000,""
C8BB6D,XR TNT$0$Xr-TNT-Khai$0$G,XR TNT$0$Xr-TNT-Khai$0$T-HO GA,585277.123,2304842.583,0.000,""
C8BB87,XR TNT$0$Xr-TNT-Khai$0$G,XR TNT$0$Xr-TNT-Khai$0$T-HO GA,585277.315,2304876.423,0.000,""
C8BBA1,XR TNT$0$Xr-TNT-Khai$0$G,XR TNT$0$Xr-TNT-Khai$0$T-HO GA,585302.232,2304893.131,0.000,""
C8BBBB,XR TNT$0$Xr-TNT-Khai$0$G,XR TNT$0$Xr-TNT-Khai$0$T-HO GA,585327.149,2304909.839,0.000,""
C8BBD5,XR TNT$0$Xr-TNT-Khai$0$G,XR TNT$0$Xr-TNT-Khai$0$T-HO GA,585352.065,2304926.548,0.000,""
C8BBEF,XR TNT$0$Xr-TNT-Khai$0$G,XR TNT$0$Xr-TNT-Khai$0$T-HO GA,585376.982,2304943.256,0.000,""
C8BC09,XR TNT$0$Xr-TNT-Khai$0$G,XR TNT$0$Xr-TNT-Khai$0$T-HO GA,585399.401,2304958.290,0.000,""
C8BC23,XR TNT$0$Xr-TNT-Khai$0$G,XR TNT$0$Xr-TNT-Khai$0$T-HO GA,585416.882,2305057.907,0.000,""
C8BC3D,XR TNT$0$Xr-TNT-Khai$0$G,XR TNT$0$Xr-TNT-Khai$0$T-HO GA,585437.024,2305012.959,0.000,""
C8BC57,XR TNT$0$Xr-TNT-Khai$0$G,XR TNT$0$Xr-TNT-Khai$0$T-HO GA,585433.893,2304940.995,0.000,""
C8BC71,XR TNT$0$Xr-TNT-Khai$0$G,XR TNT$0$Xr-TNT-Khai$0$T-HO GA,585305.713,2304834.062,0.000,""
C8BC8B,XR TNT$0$Xr-TNT-Khai$0$G,XR TNT$0$Xr-TNT-Khai$0$T-HO GA,585346.410,2304861.353,0.000,""
C8BCA5,XR TNT$0$Xr-TNT-Khai$0$G,XR TNT$0$Xr-TNT-Khai$0$T-HO GA,585387.107,2304888.643,0.000,""
C8BCBF,XR TNT$0$Xr-TNT-Khai$0$G,XR TNT$0$Xr-TNT-Khai$0$T-HO GA,585473.296,2304901.958,0.000,""
C8BCE6,XR TNT$0$Xr-TNT-Khai$0$G,XR TNT$0$Xr-TNT-Khai$0$T-HO GA,585458.259,2304924.383,0.000,""
C8BD0D,XR TNT$0$Xr-TNT-Khai$0$G,XR TNT$0$Xr-TNT-Khai$0$T-HO GA,585443.221,2304946.808,0.000,""
C8BD34,XR TNT$0$Xr-TNT-Khai$0$G,XR TNT$0$Xr-TNT-Khai$0$T-HO GA,585269.811,2304765.507,0.000,""
C8BD5B,XR TNT$0$Xr-TNT-Khai$0$G,XR TNT$0$Xr-TNT-Khai$0$T-HO GA,585254.774,2304787.932,0.000,""
C8BD82,XR TNT$0$Xr-TNT-Khai$0$G,XR TNT$0$Xr-TNT-Khai$0$T-HO GA,585239.736,2304810.357,0.000,""
C8BDA9,XR TNT$0$Xr-TNT-Khai$0$G,XR TNT$0$Xr-TNT-Khai$0$T-HO GA,585301.372,2304786.671,0.000,""
C8BDD0,XR TNT$0$Xr-TNT-Khai$0$G,XR TNT$0$Xr-TNT-Khai$0$T-HO GA,585286.334,2304809.096,0.000,""
C8BDF7,XR TNT$0$Xr-TNT-Khai$0$G,XR TNT$0$Xr-TNT-Khai$0$T-HO GA,585271.297,2304831.521,0.000,""
C8BE1E,XR TNT$0$Xr-TNT-Khai$0$G,XR TNT$0$Xr-TNT-Khai$0$T-HO GA,585308.869,2304795.242,0.000,""
C8BE45,XR TNT$0$Xr-TNT-Khai$0$G,XR TNT$0$Xr-TNT-Khai$0$T-HO GA,585340.430,2304816.405,0.000,""
C8BE6C,XR TNT$0$Xr-TNT-Khai$0$G,XR TNT$0$Xr-TNT-Khai$0$T-HO GA,585349.566,2304822.532,0.000,""
C8BE93,XR TNT$0$Xr-TNT-Khai$0$G,XR TNT$0$Xr-TNT-Khai$0$T-HO GA,585381.127,2304843.696,0.000,""
C8BEBA,XR TNT$0$Xr-TNT-Khai$0$G,XR TNT$0$Xr-TNT-Khai$0$T-HO GA,585390.263,2304849.822,0.000,""
C8BEE1,XR TNT$0$Xr-TNT-Khai$0$G,XR TNT$0$Xr-TNT-Khai$0$T-HO GA,585421.824,2304870.986,0.000,""
C8BF08,XR TNT$0$Xr-TNT-Khai$0$G,XR TNT$0$Xr-TNT-Khai$0$T-HO GA,585430.960,2304877.112,0.000,""
C8BF2F,XR TNT$0$Xr-TNT-Khai$0$G,XR TNT$0$Xr-TNT-Khai$0$T-HO GA,585462.521,2304898.276,0.000,""
C8BF56,XR TNT$0$Xr-TNT-Khai$0$G,XR TNT$0$Xr-TNT-Khai$0$T-HO GA,585509.703,2304847.560,0.000,""
C8BF70,XR TNT$0$Xr-TNT-Khai$0$G,XR TNT$0$Xr-TNT-Khai$0$T-HO GA,585521.556,2304901.811,0.000,""
C8BF97,XR TNT$0$Xr-TNT-Khai$0$G,XR TNT$0$Xr-TNT-Khai$0$T-HO GA,585506.518,2304924.236,0.000,""
C8BFBE,XR TNT$0$Xr-TNT-Khai$0$G,XR TNT$0$Xr-TNT-Khai$0$T-HO GA,585491.481,2304946.661,0.000,""
C8BFE5,XR TNT$0$Xr-TNT-Khai$0$G,XR TNT$0$Xr-TNT-Khai$0$T-HO GA,585476.443,2304969.085,0.000,""
C8C00C,XR TNT$0$Xr-TNT-Khai$0$G,XR TNT$0$Xr-TNT-Khai$0$T-HO GA,585560.469,2304771.960,0.000,""
C8C026,XR TNT$0$Xr-TNT-Khai$0$G,XR TNT$0$Xr-TNT-Khai$0$T-HO GA,585545.431,2304794.385,0.000,""
C8C040,XR TNT$0$Xr-TNT-Khai$0$G,XR TNT$0$Xr-TNT-Khai$0$T-HO GA,585530.394,2304816.810,0.000,""
C8C05A,XR TNT$0$Xr-TNT-Khai$0$G,XR TNT$0$Xr-TNT-Khai$0$T-HO GA,585520.369,2304831.760,0.000,""
C8C074,XR TNT$0$Xr-TNT-Khai$0$G,XR TNT$0$Xr-TNT-Khai$0$T-HO GA,585578.653,2304816.663,0.000,""
C8C09B,XR TNT$0$Xr-TNT-Khai$0$G,XR TNT$0$Xr-TNT-Khai$0$T-HO GA,585563.616,2304839.088,0.000,""
C8C0C2,XR TNT$0$Xr-TNT-Khai$0$G,XR TNT$0$Xr-TNT-Khai$0$T-HO GA,585553.591,2304854.038,0.000,""
C8C0E9,XR TNT$0$Xr-TNT-Khai$0$G,XR TNT$0$Xr-TNT-Khai$0$T-HO GA,585757.891,2305005.438,0.000,""
C8C103,XR TNT$0$Xr-TNT-Khai$0$G,XR TNT$0$Xr-TNT-Khai$0$T-HO GA,585797.988,2304945.637,0.000,""
C8C11D,XR TNT$0$Xr-TNT-Khai$0$G,XR TNT$0$Xr-TNT-Khai$0$T-HO GA,585811.912,2304924.873,0.000,""
C8C137,XR TNT$0$Xr-TNT-Khai$0$G,XR TNT$0$Xr-TNT-Khai$0$T-HO GA,585569.212,2304931.291,0.000,""
C8C15E,XR TNT$0$Xr-TNT-Khai$0$G,XR TNT$0$Xr-TNT-Khai$0$T-HO GA,585582.412,2304902.479,0.000,""
C8C178,XR TNT$0$Xr-TNT-Khai$0$G,XR TNT$0$Xr-TNT-Khai$0$T-HO GA,585677.165,2305125.799,0.000,""
C8C192,XR TNT$0$Xr-TNT-Khai$0$G,XR TNT$0$Xr-TNT-Khai$0$T-HO GA,585661.366,2305109.876,0.000,""
C8C1AC,XR TNT$0$Xr-TNT-Khai$0$G,XR TNT$0$Xr-TNT-Khai$0$T-HO GA,585540.908,2305032.779,0.000,""
C8C1C6,XR TNT$0$Xr-TNT-Khai$0$G,XR TNT$0$Xr-TNT-Khai$0$T-HO GA,585500.926,2305013.911,0.000,""
C8C1E0,XR TNT$0$Xr-TNT-Khai$0$G,XR TNT$0$Xr-TNT-Khai$0$T-HO GA,585475.367,2305071.239,0.000,""
C8C1FA,XR TNT$0$Xr-TNT-Khai$0$G,XR TNT$0$Xr-TNT-Khai$0$T-HO GA,585673.997,2305259.819,0.000,""
C8C213,XR TNT$0$Xr-TNT-Khai$0$G,XR TNT$0$Xr-TNT-Khai$0$T-HO GA,585485.367,2305143.563,0.000,""
C8C22D,XR TNT$0$Xr-TNT-Khai$0$G,XR TNT$0$Xr-TNT-Khai$0$T-HO GA,585379.026,2305181.323,0.000,""
C8C247,XR TNT$0$Xr-TNT-Khai$0$G,XR TNT$0$Xr-TNT-Khai$0$T-HO GA,585850.584,2305188.600,0.000,""
C8C26E,XR TNT$0$Xr-TNT-Khai$0$G,XR TNT$0$Xr-TNT-Khai$0$T-HO GA,585621.952,2304800.571,0.000,""
C8C295,XR TNT$0$Xr-TNT-Khai$0$G,XR TNT$0$Xr-TNT-Khai$0$T-HO GA,585606.344,2304823.817,0.000,""
C8C2BC,XR TNT$0$Xr-TNT-Khai$0$G,XR TNT$0$Xr-TNT-Khai$0$T-HO GA,585593.548,2304842.929,0.000,""
C8C2E3,XR TNT$0$Xr-TNT-Khai$0$G,XR TNT$0$Xr-TNT-Khai$0$T-HO GA,585579.068,2304864.523,0.000,""
C8C30A,XR TNT$0$Xr-TNT-Khai$0$G,XR TNT$0$Xr-TNT-Khai$0$T-HO GA,585603.154,2304880.675,0.000,""
C8C331,XR TNT$0$Xr-TNT-Khai$0$G,XR TNT$0$Xr-TNT-Khai$0$T-HO GA,585617.634,2304859.080,0.000,""
C8C358,XR TNT$0$Xr-TNT-Khai$0$G,XR TNT$0$Xr-TNT-Khai$0$T-HO GA,585630.463,2304839.990,0.000,""
C8C37F,XR TNT$0$Xr-TNT-Khai$0$G,XR TNT$0$Xr-TNT-Khai$0$T-HO GA,585656.598,2304820.725,0.000,""
C8C3A6,XR TNT$0$Xr-TNT-Khai$0$G,XR TNT$0$Xr-TNT-Khai$0$T-HO GA,585640.998,2304843.976,0.000,""
C8C3CD,XR TNT$0$Xr-TNT-Khai$0$G,XR TNT$0$Xr-TNT-Khai$0$T-HO GA,585628.194,2304863.083,0.000,""
C8C3F4,XR TNT$0$Xr-TNT-Khai$0$G,XR TNT$0$Xr-TNT-Khai$0$T-HO GA,585613.714,2304884.677,0.000,""
C8C41B,XR TNT$0$Xr-TNT-Khai$0$G,XR TNT$0$Xr-TNT-Khai$0$T-HO GA,585660.947,2304853.741,0.000,""
C8C442,XR TNT$0$Xr-TNT-Khai$0$G,XR TNT$0$Xr-TNT-Khai$0$T-HO GA,585646.467,2304875.336,0.000,""
C8C469,XR TNT$0$Xr-TNT-Khai$0$G,XR TNT$0$Xr-TNT-Khai$0$T-HO GA,585631.986,2304896.930,0.000,""
C8C490,XR TNT$0$Xr-TNT-Khai$0$G,XR TNT$0$Xr-TNT-Khai$0$T-HO GA,585668.460,2304862.391,0.000,""
C8C4B7,XR TNT$0$Xr-TNT-Khai$0$G,XR TNT$0$Xr-TNT-Khai$0$T-HO GA,585655.603,2304881.462,0.000,""
C8C4DE,XR TNT$0$Xr-TNT-Khai$0$G,XR TNT$0$Xr-TNT-Khai$0$T-HO GA,585641.122,2304903.056,0.000,""
C8C505,XR TNT$0$Xr-TNT-Khai$0$G,XR TNT$0$Xr-TNT-Khai$0$T-HO GA,585688.355,2304872.121,0.000,""
C8C52C,XR TNT$0$Xr-TNT-Khai$0$G,XR TNT$0$Xr-TNT-Khai$0$T-HO GA,585673.875,2304893.715,0.000,""
C8C553,XR TNT$0$Xr-TNT-Khai$0$G,XR TNT$0$Xr-TNT-Khai$0$T-HO GA,585659.394,2304915.309,0.000,""
C8C57A,XR TNT$0$Xr-TNT-Khai$0$G,XR TNT$0$Xr-TNT-Khai$0$T-HO GA,585695.788,2304880.717,0.000,""
C8C5A1,XR TNT$0$Xr-TNT-Khai$0$G,XR TNT$0$Xr-TNT-Khai$0$T-HO GA,585683.011,2304899.841,0.000,""
C8C5C8,XR TNT$0$Xr-TNT-Khai$0$G,XR TNT$0$Xr-TNT-Khai$0$T-HO GA,585668.530,2304921.436,0.000,""
C8C5EF,XR TNT$0$Xr-TNT-Khai$0$G,XR TNT$0$Xr-TNT-Khai$0$T-HO GA,585715.763,2304890.500,0.000,""
C8C616,XR TNT$0$Xr-TNT-Khai$0$G,XR TNT$0$Xr-TNT-Khai$0$T-HO GA,585701.283,2304912.094,0.000,""
C8C63D,XR TNT$0$Xr-TNT-Khai$0$G,XR TNT$0$Xr-TNT-Khai$0$T-HO GA,585686.802,2304933.688,0.000,""
C8C664,XR TNT$0$Xr-TNT-Khai$0$G,XR TNT$0$Xr-TNT-Khai$0$T-HO GA,585723.264,2304899.142,0.000,""
C8C68B,XR TNT$0$Xr-TNT-Khai$0$G,XR TNT$0$Xr-TNT-Khai$0$T-HO GA,585710.419,2304918.220,0.000,""
C8C6B2,XR TNT$0$Xr-TNT-Khai$0$G,XR TNT$0$Xr-TNT-Khai$0$T-HO GA,585695.939,2304939.815,0.000,""
C8C6D9,XR TNT$0$Xr-TNT-Khai$0$G,XR TNT$0$Xr-TNT-Khai$0$T-HO GA,585743.172,2304908.879,0.000,""
C8C700,XR TNT$0$Xr-TNT-Khai$0$G,XR TNT$0$Xr-TNT-Khai$0$T-HO GA,585728.691,2304930.473,0.000,""
C8C727,XR TNT$0$Xr-TNT-Khai$0$G,XR TNT$0$Xr-TNT-Khai$0$T-HO GA,585714.211,2304952.067,0.000,""
C8C74E,XR TNT$0$Xr-TNT-Khai$0$G,XR TNT$0$Xr-TNT-Khai$0$T-HO GA,585750.692,2304917.534,0.000,""
C8C775,XR TNT$0$Xr-TNT-Khai$0$G,XR TNT$0$Xr-TNT-Khai$0$T-HO GA,585737.827,2304936.599,0.000,""
C8C79C,XR TNT$0$Xr-TNT-Khai$0$G,XR TNT$0$Xr-TNT-Khai$0$T-HO GA,585723.347,2304958.194,0.000,""
C8C7C3,XR TNT$0$Xr-TNT-Khai$0$G,XR TNT$0$Xr-TNT-Khai$0$T-HO GA,585770.580,2304927.258,0.000,""
C8C7EA,XR TNT$0$Xr-TNT-Khai$0$G,XR TNT$0$Xr-TNT-Khai$0$T-HO GA,585756.099,2304948.852,0.000,""
C8C811,XR TNT$0$Xr-TNT-Khai$0$G,XR TNT$0$Xr-TNT-Khai$0$T-HO GA,585741.619,2304970.446,0.000,""
C8C838,XR TNT$0$Xr-TNT-Khai$0$G,XR TNT$0$Xr-TNT-Khai$0$T-HO GA,585778.064,2304935.889,0.000,""
C8C85F,XR TNT$0$Xr-TNT-Khai$0$G,XR TNT$0$Xr-TNT-Khai$0$T-HO GA,585765.235,2304954.978,0.000,""
C8C886,XR TNT$0$Xr-TNT-Khai$0$G,XR TNT$0$Xr-TNT-Khai$0$T-HO GA,585750.755,2304976.573,0.000,""
C8C8AD,XR TNT$0$Xr-TNT-Khai$0$G,XR TNT$0$Xr-TNT-Khai$0$T-HO GA,585783.508,2304967.231,0.000,""
C8C8D4,XR TNT$0$Xr-TNT-Khai$0$G,XR TNT$0$Xr-TNT-Khai$0$T-HO GA,585769.027,2304988.826,0.000,""
C8C8FB,XR TNT$0$Xr-TNT-Khai$0$G,XR TNT$0$Xr-TNT-Khai$0$T-HO GA,585804.042,2304956.387,0.000,""
C8C922,XR TNT$0$Xr-TNT-Khai$0$G,XR TNT$0$Xr-TNT-Khai$0$T-HO GA,585791.220,2304975.481,0.000,""
C8C949,XR TNT$0$Xr-TNT-Khai$0$G,XR TNT$0$Xr-TNT-Khai$0$T-HO GA,585776.739,2304997.076,0.000,""
C8C970,XR TNT$0$Xr-TNT-Khai$0$G,XR TNT$0$Xr-TNT-Khai$0$T-HO GA,585863.008,2304992.316,0.000,""
C8C997,XR TNT$0$Xr-TNT-Khai$0$G,XR TNT$0$Xr-TNT-Khai$0$T-HO GA,585848.528,2305013.910,0.000,""
C8C9BE,XR TNT$0$Xr-TNT-Khai$0$G,XR TNT$0$Xr-TNT-Khai$0$T-HO GA,585834.047,2305035.505,0.000,""
C8C9E5,XR TNT$0$Xr-TNT-Khai$0$G,XR TNT$0$Xr-TNT-Khai$0$T-HO GA,585871.933,2304998.834,0.000,""
C8CA0C,XR TNT$0$Xr-TNT-Khai$0$G,XR TNT$0$Xr-TNT-Khai$0$T-HO GA,585859.088,2305017.913,0.000,""
C8CA33,XR TNT$0$Xr-TNT-Khai$0$G,XR TNT$0$Xr-TNT-Khai$0$T-HO GA,585844.607,2305039.507,0.000,""
C8CA5A,XR TNT$0$Xr-TNT-Khai$0$G,XR TNT$0$Xr-TNT-Khai$0$T-HO GA,585836.462,2304978.127,0.000,""
C8CA81,XR TNT$0$Xr-TNT-Khai$0$G,XR TNT$0$Xr-TNT-Khai$0$T-HO GA,585823.611,2304997.202,0.000,""
C8CAA8,XR TNT$0$Xr-TNT-Khai$0$G,XR TNT$0$Xr-TNT-Khai$0$T-HO GA,585809.131,2305018.796,0.000,""
C8CACF,XR TNT$0$Xr-TNT-Khai$0$G,XR TNT$0$Xr-TNT-Khai$0$T-HO GA,585891.840,2305008.571,0.000,""
C8CAF6,XR TNT$0$Xr-TNT-Khai$0$G,XR TNT$0$Xr-TNT-Khai$0$T-HO GA,585877.360,2305030.166,0.000,""
C8CB1D,XR TNT$0$Xr-TNT-Khai$0$G,XR TNT$0$Xr-TNT-Khai$0$T-HO GA,585862.879,2305051.760,0.000,""
C8CB44,XR TNT$0$Xr-TNT-Khai$0$G,XR TNT$0$Xr-TNT-Khai$0$T-HO GA,585886.496,2305036.292,0.000,""
C8CB6B,XR TNT$0$Xr-TNT-Khai$0$G,XR TNT$0$Xr-TNT-Khai$0$T-HO GA,585872.015,2305057.886,0.000,""
C8CB92,XR TNT$0$Xr-TNT-Khai$0$G,XR TNT$0$Xr-TNT-Khai$0$T-HO GA,585899.366,2305017.230,0.000,""
C8CBB9,XR TNT$0$Xr-TNT-Khai$0$G,XR TNT$0$Xr-TNT-Khai$0$T-HO GA,585919.249,2305026.950,0.000,""
C8CBE0,XR TNT$0$Xr-TNT-Khai$0$G,XR TNT$0$Xr-TNT-Khai$0$T-HO GA,585904.768,2305048.545,0.000,""
C8CC07,XR TNT$0$Xr-TNT-Khai$0$G,XR TNT$0$Xr-TNT-Khai$0$T-HO GA,585890.288,2305070.139,0.000,""
C8CC2E,XR TNT$0$Xr-TNT-Khai$0$G,XR TNT$0$Xr-TNT-Khai$0$T-HO GA,585913.904,2305054.671,0.000,""
C8CC55,XR TNT$0$Xr-TNT-Khai$0$G,XR TNT$0$Xr-TNT-Khai$0$T-HO GA,585899.424,2305076.265,0.000,""
C8CC7C,XR TNT$0$Xr-TNT-Khai$0$G,XR TNT$0$Xr-TNT-Khai$0$T-HO GA,585928.385,2305033.077,0.000,""
C8CCA3,XR TNT$0$Xr-TNT-Khai$0$G,XR TNT$0$Xr-TNT-Khai$0$T-HO GA,585946.657,2305045.329,0.000,""
C8CCCA,XR TNT$0$Xr-TNT-Khai$0$G,XR TNT$0$Xr-TNT-Khai$0$T-HO GA,585932.176,2305066.924,0.000,""
C8CCF1,XR TNT$0$Xr-TNT-Khai$0$G,XR TNT$0$Xr-TNT-Khai$0$T-HO GA,585917.696,2305088.518,0.000,""
C8CD18,XR TNT$0$Xr-TNT-Khai$0$G,XR TNT$0$Xr-TNT-Khai$0$T-HO GA,585938.774,2305076.835,0.000,""
C8CD3F,XR TNT$0$Xr-TNT-Khai$0$G,XR TNT$0$Xr-TNT-Khai$0$T-HO GA,585923.180,2305100.090,0.000,""
C8CD66,XR TNT$0$Xr-TNT-Khai$0$G,XR TNT$0$Xr-TNT-Khai$0$T-HO GA,585952.419,2305056.486,0.000,""
C8CD8D,XR TNT$0$Xr-TNT-Khai$0$G,XR TNT$0$Xr-TNT-Khai$0$T-HO GA,585890.615,2305148.654,0.000,""
C8CDA7,XR TNT$0$Xr-TNT-Khai$0$G,XR TNT$0$Xr-TNT-Khai$0$T-HO GA,585875.020,2305171.909,0.000,""
C8CDC1,XR TNT$0$Xr-TNT-Khai$0$G,XR TNT$0$Xr-TNT-Khai$0$T-HO GA,585863.325,2305189.351,0.000,""
C8CDDB,XR TNT$0$Xr-TNT-Khai$0$G,XR TNT$0$Xr-TNT-Khai$0$T-HO GA,585847.730,2305212.606,0.000,""
C8CDF5,XR TNT$0$Xr-TNT-Khai$0$G,XR TNT$0$Xr-TNT-Khai$0$T-HO GA,585836.434,2305230.192,0.000,""
C8CE0F,XR TNT$0$Xr-TNT-Khai$0$G,XR TNT$0$Xr-TNT-Khai$0$T-HO GA,585838.889,2305206.041,0.000,""
C8CE36,XR TNT$0$Xr-TNT-Khai$0$G,XR TNT$0$Xr-TNT-Khai$0$T-HO GA,585822.295,2305191.302,0.000,""
C8CE5D,XR TNT$0$Xr-TNT-Khai$0$G,XR TNT$0$Xr-TNT-Khai$0$T-HO GA,585813.129,2305185.155,0.000,""
C8CE84,XR TNT$0$Xr-TNT-Khai$0$G,XR TNT$0$Xr-TNT-Khai$0$T-HO GA,585794.914,2305172.941,0.000,""
C8CEAB,XR TNT$0$Xr-TNT-Khai$0$G,XR TNT$0$Xr-TNT-Khai$0$T-HO GA,585781.295,2305173.441,0.000,""
C8CED2,XR TNT$0$Xr-TNT-Khai$0$G,XR TNT$0$Xr-TNT-Khai$0$T-HO GA,585812.559,2305087.300,0.000,""
C8CEF9,XR TNT$0$Xr-TNT-Khai$0$G,XR TNT$0$Xr-TNT-Khai$0$T-HO GA,585795.851,2305112.216,0.000,""
C8CF20,XR TNT$0$Xr-TNT-Khai$0$G,XR TNT$0$Xr-TNT-Khai$0$T-HO GA,585780.280,2305135.436,0.000,""
C8CF47,XR TNT$0$Xr-TNT-Khai$0$G,XR TNT$0$Xr-TNT-Khai$0$T-HO GA,585767.501,2305154.559,0.000,""
C8CF6E,XR TNT$0$Xr-TNT-Khai$0$G,XR TNT$0$Xr-TNT-Khai$0$T-HO GA,585802.890,2305081.968,0.000,""
C8CF95,XR TNT$0$Xr-TNT-Khai$0$G,XR TNT$0$Xr-TNT-Khai$0$T-HO GA,585788.967,2305102.732,0.000,""
C8CFBC,XR TNT$0$Xr-TNT-Khai$0$G,XR TNT$0$Xr-TNT-Khai$0$T-HO GA,585774.486,2305124.326,0.000,""
C8CFE3,XR TNT$0$Xr-TNT-Khai$0$G,XR TNT$0$Xr-TNT-Khai$0$T-HO GA,585760.006,2305145.921,0.000,""
C8D00A,XR TNT$0$Xr-TNT-Khai$0$G,XR TNT$0$Xr-TNT-Khai$0$T-HO GA,585764.050,2305086.024,0.000,""
C8D031,XR TNT$0$Xr-TNT-Khai$0$G,XR TNT$0$Xr-TNT-Khai$0$T-HO GA,585749.570,2305107.618,0.000,""
C8D058,XR TNT$0$Xr-TNT-Khai$0$G,XR TNT$0$Xr-TNT-Khai$0$T-HO GA,585735.089,2305129.212,0.000,""
C8D07F,XR TNT$0$Xr-TNT-Khai$0$G,XR TNT$0$Xr-TNT-Khai$0$T-HO GA,585749.931,2305076.556,0.000,""
C8D0A6,XR TNT$0$Xr-TNT-Khai$0$G,XR TNT$0$Xr-TNT-Khai$0$T-HO GA,585735.450,2305098.150,0.000,""
C8D0CD,XR TNT$0$Xr-TNT-Khai$0$G,XR TNT$0$Xr-TNT-Khai$0$T-HO GA,585720.928,2305119.714,0.000,""
C8D0F4,XR TNT$0$Xr-TNT-Khai$0$G,XR TNT$0$Xr-TNT-Khai$0$T-HO GA,585729.979,2305066.789,0.000,""
C8D11B,XR TNT$0$Xr-TNT-Khai$0$G,XR TNT$0$Xr-TNT-Khai$0$T-HO GA,585717.178,2305085.897,0.000,""
C8D142,XR TNT$0$Xr-TNT-Khai$0$G,XR TNT$0$Xr-TNT-Khai$0$T-HO GA,585702.698,2305107.492,0.000,""
C8D169,XR TNT$0$Xr-TNT-Khai$0$G,XR TNT$0$Xr-TNT-Khai$0$T-HO GA,585722.522,2305058.177,0.000,""
C8D190,XR TNT$0$Xr-TNT-Khai$0$G,XR TNT$0$Xr-TNT-Khai$0$T-HO GA,585708.042,2305079.771,0.000,""
C8D1B7,XR TNT$0$Xr-TNT-Khai$0$G,XR TNT$0$Xr-TNT-Khai$0$T-HO GA,585692.448,2305103.026,0.000,""
C8D1DE,XR TNT$0$Xr-TNT-Khai$0$G,XR TNT$0$Xr-TNT-Khai$0$T-HO GA,585704.250,2305045.924,0.000,""
C8D205,XR TNT$0$Xr-TNT-Khai$0$G,XR TNT$0$Xr-TNT-Khai$0$T-HO GA,585689.770,2305067.518,0.000,""
C8D22C,XR TNT$0$Xr-TNT-Khai$0$G,XR TNT$0$Xr-TNT-Khai$0$T-HO GA,585674.175,2305090.774,0.000,""
C8D253,XR TNT$0$Xr-TNT-Khai$0$G,XR TNT$0$Xr-TNT-Khai$0$T-HO GA,585646.200,2305073.218,0.000,""
C8D27A,XR TNT$0$Xr-TNT-Khai$0$G,XR TNT$0$Xr-TNT-Khai$0$T-HO GA,585637.052,2305067.084,0.000,""
C8D2A1,XR TNT$0$Xr-TNT-Khai$0$G,XR TNT$0$Xr-TNT-Khai$0$T-HO GA,585664.549,2305085.522,0.000,""
C8D2C8,XR TNT$0$Xr-TNT-Khai$0$G,XR TNT$0$Xr-TNT-Khai$0$T-HO GA,585617.131,2305057.338,0.000,""
C8D2EF,XR TNT$0$Xr-TNT-Khai$0$G,XR TNT$0$Xr-TNT-Khai$0$T-HO GA,585607.995,2305051.211,0.000,""
C8D316,XR TNT$0$Xr-TNT-Khai$0$G,XR TNT$0$Xr-TNT-Khai$0$T-HO GA,585589.723,2305038.959,0.000,""
C8D33D,XR TNT$0$Xr-TNT-Khai$0$G,XR TNT$0$Xr-TNT-Khai$0$T-HO GA,585580.587,2305032.832,0.000,""
C8D364,XR TNT$0$Xr-TNT-Khai$0$G,XR TNT$0$Xr-TNT-Khai$0$T-HO GA,585607.662,2304952.163,0.000,""
C8D38B,XR TNT$0$Xr-TNT-Khai$0$G,XR TNT$0$Xr-TNT-Khai$0$T-HO GA,585591.234,2304975.389,0.000,""
C8D3B2,XR TNT$0$Xr-TNT-Khai$0$G,XR TNT$0$Xr-TNT-Khai$0$T-HO GA,585573.981,2305003.182,0.000,""
C8D3D9,XR TNT$0$Xr-TNT-Khai$0$G,XR TNT$0$Xr-TNT-Khai$0$T-HO GA,585559.530,2305024.732,0.000,""
C8D400,XR TNT$0$Xr-TNT-Khai$0$G,XR TNT$0$Xr-TNT-Khai$0$T-HO GA,585599.405,2304945.517,0.000,""
C8D427,XR TNT$0$Xr-TNT-Khai$0$G,XR TNT$0$Xr-TNT-Khai$0$T-HO GA,585585.481,2304966.281,0.000,""
C8D44E,XR TNT$0$Xr-TNT-Khai$0$G,XR TNT$0$Xr-TNT-Khai$0$T-HO GA,585571.001,2304987.875,0.000,""
C8D475,XR TNT$0$Xr-TNT-Khai$0$G,XR TNT$0$Xr-TNT-Khai$0$T-HO GA,585556.520,2305009.470,0.000,""
C8D49C,XR TNT$0$Xr-TNT-Khai$0$G,XR TNT$0$Xr-TNT-Khai$0$T-HO GA,585567.209,2304954.028,0.000,""
C8D4C3,XR TNT$0$Xr-TNT-Khai$0$G,XR TNT$0$Xr-TNT-Khai$0$T-HO GA,585552.729,2304975.623,0.000,""
C8D4EA,XR TNT$0$Xr-TNT-Khai$0$G,XR TNT$0$Xr-TNT-Khai$0$T-HO GA,585539.962,2304994.754,0.000,""
C8D511,XR TNT$0$Xr-TNT-Khai$0$G,XR TNT$0$Xr-TNT-Khai$0$T-HO GA,585558.073,2304947.902,0.000,""
C8D538,XR TNT$0$Xr-TNT-Khai$0$G,XR TNT$0$Xr-TNT-Khai$0$T-HO GA,585543.593,2304969.496,0.000,""
C8D55F,XR TNT$0$Xr-TNT-Khai$0$G,XR TNT$0$Xr-TNT-Khai$0$T-HO GA,585529.112,2304991.091,0.000,""
C8D586,XR TNT$0$Xr-TNT-Khai$0$G,XR TNT$0$Xr-TNT-Khai$0$T-HO GA,585532.290,2304934.225,0.000,""
C8D5AD,XR TNT$0$Xr-TNT-Khai$0$G,XR TNT$0$Xr-TNT-Khai$0$T-HO GA,585519.507,2304953.345,0.000,""
C8D5D4,XR TNT$0$Xr-TNT-Khai$0$G,XR TNT$0$Xr-TNT-Khai$0$T-HO GA,585505.026,2304974.939,0.000,""
C8D5FB,XR TNT$0$Xr-TNT-Khai$0$G,XR TNT$0$Xr-TNT-Khai$0$T-HO GA,585775.383,2305306.132,0.000,""
C8D622,XR TNT$0$Xr-TNT-Khai$0$G,XR TNT$0$Xr-TNT-Khai$0$T-HO GA,585762.573,2305325.235,0.000,""
C8D649,XR TNT$0$Xr-TNT-Khai$0$G,XR TNT$0$Xr-TNT-Khai$0$T-HO GA,585745.308,2305350.982,0.000,""
C8D670,XR TNT$0$Xr-TNT-Khai$0$G,XR TNT$0$Xr-TNT-Khai$0$T-HO GA,585767.639,2305297.930,0.000,""
C8D697,XR TNT$0$Xr-TNT-Khai$0$G,XR TNT$0$Xr-TNT-Khai$0$T-HO GA,585749.367,2305285.677,0.000,""
C8D6BE,XR TNT$0$Xr-TNT-Khai$0$G,XR TNT$0$Xr-TNT-Khai$0$T-HO GA,585740.231,2305279.550,0.000,""
C8D6E5,XR TNT$0$Xr-TNT-Khai$0$G,XR TNT$0$Xr-TNT-Khai$0$T-HO GA,585721.959,2305267.298,0.000,""
C8D70C,XR TNT$0$Xr-TNT-Khai$0$G,XR TNT$0$Xr-TNT-Khai$0$T-HO GA,585712.822,2305261.171,0.000,""
C8D733,XR TNT$0$Xr-TNT-Khai$0$G,XR TNT$0$Xr-TNT-Khai$0$T-HO GA,585694.550,2305248.919,0.000,""
C8D75A,XR TNT$0$Xr-TNT-Khai$0$G,XR TNT$0$Xr-TNT-Khai$0$T-HO GA,585685.414,2305242.792,0.000,""
C8D781,XR TNT$0$Xr-TNT-Khai$0$G,XR TNT$0$Xr-TNT-Khai$0$T-HO GA,585653.947,2305289.718,0.000,""
C8D79A,XR TNT$0$Xr-TNT-Khai$0$G,XR TNT$0$Xr-TNT-Khai$0$T-HO GA,585711.920,2305367.892,0.000,""
C8D7B4,XR TNT$0$Xr-TNT-Khai$0$G,XR TNT$0$Xr-TNT-Khai$0$T-HO GA,585688.000,2305352.257,0.000,""
C8D7CE,XR TNT$0$Xr-TNT-Khai$0$G,XR TNT$0$Xr-TNT-Khai$0$T-HO GA,585663.016,2305335.659,0.000,""
C8D7E8,XR TNT$0$Xr-TNT-Khai$0$G,XR TNT$0$Xr-TNT-Khai$0$T-HO GA,585652.964,2305251.683,0.000,""
C8D801,XR TNT$0$Xr-TNT-Khai$0$G,XR TNT$0$Xr-TNT-Khai$0$T-HO GA,585668.547,2305228.472,0.000,""
C8D828,XR TNT$0$Xr-TNT-Khai$0$G,XR TNT$0$Xr-TNT-Khai$0$T-HO GA,585635.675,2305277.466,0.000,""
C8D841,XR TNT$0$Xr-TNT-Khai$0$G,XR TNT$0$Xr-TNT-Khai$0$T-HO GA,585638.844,2305242.215,0.000,""
C8D85A,XR TNT$0$Xr-TNT-Khai$0$G,XR TNT$0$Xr-TNT-Khai$0$T-HO GA,585651.630,2305223.148,0.000,""
C8D881,XR TNT$0$Xr-TNT-Khai$0$G,XR TNT$0$Xr-TNT-Khai$0$T-HO GA,585621.556,2305267.998,0.000,""
C8D89A,XR TNT$0$Xr-TNT-Khai$0$G,XR TNT$0$Xr-TNT-Khai$0$T-HO GA,585620.572,2305229.963,0.000,""
C8D8B3,XR TNT$0$Xr-TNT-Khai$0$G,XR TNT$0$Xr-TNT-Khai$0$T-HO GA,585633.358,2305210.895,0.000,""
C8D8DA,XR TNT$0$Xr-TNT-Khai$0$G,XR TNT$0$Xr-TNT-Khai$0$T-HO GA,585603.283,2305255.745,0.000,""
C8D8F3,XR TNT$0$Xr-TNT-Khai$0$G,XR TNT$0$Xr-TNT-Khai$0$T-HO GA,585611.436,2305223.836,0.000,""
C8D90C,XR TNT$0$Xr-TNT-Khai$0$G,XR TNT$0$Xr-TNT-Khai$0$T-HO GA,585624.222,2305204.769,0.000,""
C8D933,XR TNT$0$Xr-TNT-Khai$0$G,XR TNT$0$Xr-TNT-Khai$0$T-HO GA,585594.147,2305249.619,0.000,""
C8D94C,XR TNT$0$Xr-TNT-Khai$0$G,XR TNT$0$Xr-TNT-Khai$0$T-HO GA,585593.164,2305211.584,0.000,""
C8D965,XR TNT$0$Xr-TNT-Khai$0$G,XR TNT$0$Xr-TNT-Khai$0$T-HO GA,585605.950,2305192.516,0.000,""
C8D98C,XR TNT$0$Xr-TNT-Khai$0$G,XR TNT$0$Xr-TNT-Khai$0$T-HO GA,585575.875,2305237.366,0.000,""
C8D9A5,XR TNT$0$Xr-TNT-Khai$0$G,XR TNT$0$Xr-TNT-Khai$0$T-HO GA,585598.206,2305184.313,0.000,""
C8D9CC,XR TNT$0$Xr-TNT-Khai$0$G,XR TNT$0$Xr-TNT-Khai$0$T-HO GA,585579.934,2305172.061,0.000,""
C8D9F3,XR TNT$0$Xr-TNT-Khai$0$G,XR TNT$0$Xr-TNT-Khai$0$T-HO GA,585570.798,2305165.934,0.000,""
C8DA1A,XR TNT$0$Xr-TNT-Khai$0$G,XR TNT$0$Xr-TNT-Khai$0$T-HO GA,585552.526,2305153.682,0.000,""
C8DA41,XR TNT$0$Xr-TNT-Khai$0$G,XR TNT$0$Xr-TNT-Khai$0$T-HO GA,585543.390,2305147.555,0.000,""
C8DA68,XR TNT$0$Xr-TNT-Khai$0$G,XR TNT$0$Xr-TNT-Khai$0$T-HO GA,585525.118,2305135.303,0.000,""
C8DA8F,XR TNT$0$Xr-TNT-Khai$0$G,XR TNT$0$Xr-TNT-Khai$0$T-HO GA,585515.982,2305129.176,0.000,""
C8DAB6,XR TNT$0$Xr-TNT-Khai$0$G,XR TNT$0$Xr-TNT-Khai$0$T-HO GA,585497.710,2305116.923,0.000,""
C8DADD,XR TNT$0$Xr-TNT-Khai$0$G,XR TNT$0$Xr-TNT-Khai$0$T-HO GA,585469.014,2305163.547,0.000,""
C8DAF7,XR TNT$0$Xr-TNT-Khai$0$G,XR TNT$0$Xr-TNT-Khai$0$T-HO GA,585502.776,2305089.618,0.000,""
C8DB1E,XR TNT$0$Xr-TNT-Khai$0$G,XR TNT$0$Xr-TNT-Khai$0$T-HO GA,585485.510,2305115.365,0.000,""
C8DB45,XR TNT$0$Xr-TNT-Khai$0$G,XR TNT$0$Xr-TNT-Khai$0$T-HO GA,585469.984,2305138.520,0.000,""
C8DB6C,XR TNT$0$Xr-TNT-Khai$0$G,XR TNT$0$Xr-TNT-Khai$0$T-HO GA,585454.322,2305161.876,0.000,""
C8DB93,XR TNT$0$Xr-TNT-Khai$0$G,XR TNT$0$Xr-TNT-Khai$0$T-HO GA,585467.238,2305103.112,0.000,""
C8DBBA,XR TNT$0$Xr-TNT-Khai$0$G,XR TNT$0$Xr-TNT-Khai$0$T-HO GA,585451.711,2305126.267,0.000,""
C8DBE1,XR TNT$0$Xr-TNT-Khai$0$G,XR TNT$0$Xr-TNT-Khai$0$T-HO GA,585436.049,2305149.623,0.000,""
C8DC08,XR TNT$0$Xr-TNT-Khai$0$G,XR TNT$0$Xr-TNT-Khai$0$T-HO GA,585441.394,2305121.903,0.000,""
C8DC2F,XR TNT$0$Xr-TNT-Khai$0$G,XR TNT$0$Xr-TNT-Khai$0$T-HO GA,585424.163,2305147.671,0.000,""
C8DC56,XR TNT$0$Xr-TNT-Khai$0$G,XR TNT$0$Xr-TNT-Khai$0$T-HO GA,585459.773,2305094.494,0.000,""
C8DC7D,XR TNT$0$Xr-TNT-Khai$0$G,XR TNT$0$Xr-TNT-Khai$0$T-HO GA,585420.093,2305101.599,0.000,""
C8DCA4,XR TNT$0$Xr-TNT-Khai$0$G,XR TNT$0$Xr-TNT-Khai$0$T-HO GA,585402.827,2305127.346,0.000,""
C8DCCB,XR TNT$0$Xr-TNT-Khai$0$G,XR TNT$0$Xr-TNT-Khai$0$T-HO GA,585435.687,2305078.343,0.000,""
C8DCF2,XR TNT$0$Xr-TNT-Khai$0$G,XR TNT$0$Xr-TNT-Khai$0$T-HO GA,585488.717,2305048.664,0.000,""
C8DD0C,XR TNT$0$Xr-TNT-Khai$0$G,XR TNT$0$Xr-TNT-Khai$0$T-HO GA,585664.930,2305485.211,0.000,""
C8DD26,XR TNT$0$Xr-TNT-Khai$0$G,XR TNT$0$Xr-TNT-Khai$0$T-HO GA,585678.575,2305464.863,0.000,""
C8DD40,XR TNT$0$Xr-TNT-Khai$0$G,XR TNT$0$Xr-TNT-Khai$0$T-HO GA,585696.119,2305438.700,0.000,""
C8DD5A,XR TNT$0$Xr-TNT-Khai$0$G,XR TNT$0$Xr-TNT-Khai$0$T-HO GA,585652.936,2305483.347,0.000,""
C8DD74,XR TNT$0$Xr-TNT-Khai$0$G,XR TNT$0$Xr-TNT-Khai$0$T-HO GA,585665.698,2305464.284,0.000,""
C8DD8E,XR TNT$0$Xr-TNT-Khai$0$G,XR TNT$0$Xr-TNT-Khai$0$T-HO GA,585681.307,2305441.038,0.000,""
C8DDA8,XR TNT$0$Xr-TNT-Khai$0$G,XR TNT$0$Xr-TNT-Khai$0$T-HO GA,585695.789,2305419.445,0.000,""
C8DDC2,XR TNT$0$Xr-TNT-Khai$0$G,XR TNT$0$Xr-TNT-Khai$0$T-HO GA,585701.118,2305384.561,0.000,""
C8DDDC,XR TNT$0$Xr-TNT-Khai$0$G,XR TNT$0$Xr-TNT-Khai$0$T-HO GA,585640.810,2305447.595,0.000,""
C8DDF6,XR TNT$0$Xr-TNT-Khai$0$G,XR TNT$0$Xr-TNT-Khai$0$T-HO GA,585656.390,2305424.330,0.000,""
C8DE10,XR TNT$0$Xr-TNT-Khai$0$G,XR TNT$0$Xr-TNT-Khai$0$T-HO GA,585670.871,2305402.736,0.000,""
C8DE2A,XR TNT$0$Xr-TNT-Khai$0$G,XR TNT$0$Xr-TNT-Khai$0$T-HO GA,585549.757,2305563.599,0.000,""
C8DE44,XR TNT$0$Xr-TNT-Khai$0$G,XR TNT$0$Xr-TNT-Khai$0$T-HO GA,585566.465,2305538.683,0.000,""
C8DE5E,XR TNT$0$Xr-TNT-Khai$0$G,XR TNT$0$Xr-TNT-Khai$0$T-HO GA,585583.173,2305513.766,0.000,""
C8DE78,XR TNT$0$Xr-TNT-Khai$0$G,XR TNT$0$Xr-TNT-Khai$0$T-HO GA,585601.616,2305486.263,0.000,""
C8DE92,XR TNT$0$Xr-TNT-Khai$0$G,XR TNT$0$Xr-TNT-Khai$0$T-HO GA,585617.795,2305462.104,0.000,""
C8DEAC,XR TNT$0$Xr-TNT-Khai$0$G,XR TNT$0$Xr-TNT-Khai$0$T-HO GA,585632.136,2305440.749,0.000,""
C8DEC6,XR TNT$0$Xr-TNT-Khai$0$G,XR TNT$0$Xr-TNT-Khai$0$T-HO GA,585644.050,2305422.965,0.000,""
C8DEE0,XR TNT$0$Xr-TNT-Khai$0$G,XR TNT$0$Xr-TNT-Khai$0$T-HO GA,585662.211,2305395.899,0.000,""
C8DEFA,XR TNT$0$Xr-TNT-Khai$0$G,XR TNT$0$Xr-TNT-Khai$0$T-HO GA,585657.930,2305355.600,0.000,""
C8DF14,XR TNT$0$Xr-TNT-Khai$0$G,XR TNT$0$Xr-TNT-Khai$0$T-HO GA,585636.335,2305341.120,0.000,""
C8DF2E,XR TNT$0$Xr-TNT-Khai$0$G,XR TNT$0$Xr-TNT-Khai$0$T-HO GA,585615.572,2305327.196,0.000,""
C8DF48,XR TNT$0$Xr-TNT-Khai$0$G,XR TNT$0$Xr-TNT-Khai$0$T-HO GA,585584.426,2305306.311,0.000,""
C8DF62,XR TNT$0$Xr-TNT-Khai$0$G,XR TNT$0$Xr-TNT-Khai$0$T-HO GA,585563.662,2305292.387,0.000,""
C8DF7C,XR TNT$0$Xr-TNT-Khai$0$G,XR TNT$0$Xr-TNT-Khai$0$T-HO GA,585542.068,2305277.907,0.000,""
C8DF96,XR TNT$0$Xr-TNT-Khai$0$G,XR TNT$0$Xr-TNT-Khai$0$T-HO GA,585516.321,2305260.642,0.000,""
C8DFB0,XR TNT$0$Xr-TNT-Khai$0$G,XR TNT$0$Xr-TNT-Khai$0$T-HO GA,585510.417,2305292.793,0.000,""
C8DFCA,XR TNT$0$Xr-TNT-Khai$0$G,XR TNT$0$Xr-TNT-Khai$0$T-HO GA,585495.467,2305282.768,0.000,""
C8DFE4,XR TNT$0$Xr-TNT-Khai$0$G,XR TNT$0$Xr-TNT-Khai$0$T-HO GA,585526.608,2305349.400,0.000,""
C8DFFE,XR TNT$0$Xr-TNT-Khai$0$G,XR TNT$0$Xr-TNT-Khai$0$T-HO GA,585489.244,2305324.368,0.000,""
C8E018,XR TNT$0$Xr-TNT-Khai$0$G,XR TNT$0$Xr-TNT-Khai$0$T-HO GA,585474.294,2305314.343,0.000,""
C8E032,XR TNT$0$Xr-TNT-Khai$0$G,XR TNT$0$Xr-TNT-Khai$0$T-HO GA,585483.127,2305333.490,0.000,""
C8E04C,XR TNT$0$Xr-TNT-Khai$0$G,XR TNT$0$Xr-TNT-Khai$0$T-HO GA,585468.177,2305323.465,0.000,""
C8E066,XR TNT$0$Xr-TNT-Khai$0$G,XR TNT$0$Xr-TNT-Khai$0$T-HO GA,585461.954,2305365.065,0.000,""
C8E080,XR TNT$0$Xr-TNT-Khai$0$G,XR TNT$0$Xr-TNT-Khai$0$T-HO GA,585447.004,2305355.040,0.000,""
C8E09A,XR TNT$0$Xr-TNT-Khai$0$G,XR TNT$0$Xr-TNT-Khai$0$T-HO GA,585478.253,2305389.231,0.000,""
C8E0B4,XR TNT$0$Xr-TNT-Khai$0$G,XR TNT$0$Xr-TNT-Khai$0$T-HO GA,585455.837,2305374.187,0.000,""
C8E0CE,XR TNT$0$Xr-TNT-Khai$0$G,XR TNT$0$Xr-TNT-Khai$0$T-HO GA,585440.887,2305364.162,0.000,""
C8E0E8,XR TNT$0$Xr-TNT-Khai$0$G,XR TNT$0$Xr-TNT-Khai$0$T-HO GA,585457.091,2305420.790,0.000,""
C8E102,XR TNT$0$Xr-TNT-Khai$0$G,XR TNT$0$Xr-TNT-Khai$0$T-HO GA,585434.664,2305405.762,0.000,""
C8E11C,XR TNT$0$Xr-TNT-Khai$0$G,XR TNT$0$Xr-TNT-Khai$0$T-HO GA,585419.714,2305395.738,0.000,""
C8E136,XR TNT$0$Xr-TNT-Khai$0$G,XR TNT$0$Xr-TNT-Khai$0$T-HO GA,585450.963,2305429.928,0.000,""
C8E150,XR TNT$0$Xr-TNT-Khai$0$G,XR TNT$0$Xr-TNT-Khai$0$T-HO GA,585428.547,2305414.884,0.000,""
C8E16A,XR TNT$0$Xr-TNT-Khai$0$G,XR TNT$0$Xr-TNT-Khai$0$T-HO GA,585413.597,2305404.859,0.000,""
C8E184,XR TNT$0$Xr-TNT-Khai$0$G,XR TNT$0$Xr-TNT-Khai$0$T-HO GA,585429.809,2305461.478,0.000,""
C8E19E,XR TNT$0$Xr-TNT-Khai$0$G,XR TNT$0$Xr-TNT-Khai$0$T-HO GA,585407.374,2305446.459,0.000,""
C8E1B8,XR TNT$0$Xr-TNT-Khai$0$G,XR TNT$0$Xr-TNT-Khai$0$T-HO GA,585392.424,2305436.435,0.000,""
C8E1D2,XR TNT$0$Xr-TNT-Khai$0$G,XR TNT$0$Xr-TNT-Khai$0$T-HO GA,585431.138,2305475.631,0.000,""
C8E1EC,XR TNT$0$Xr-TNT-Khai$0$G,XR TNT$0$Xr-TNT-Khai$0$T-HO GA,585412.034,2305462.842,0.000,""
C8E206,XR TNT$0$Xr-TNT-Khai$0$G,XR TNT$0$Xr-TNT-Khai$0$T-HO GA,585390.460,2305448.341,0.000,""
C8E220,XR TNT$0$Xr-TNT-Khai$0$G,XR TNT$0$Xr-TNT-Khai$0$T-HO GA,585418.887,2305493.901,0.000,""
C8E23A,XR TNT$0$Xr-TNT-Khai$0$G,XR TNT$0$Xr-TNT-Khai$0$T-HO GA,585399.827,2305481.034,0.000,""
C8E254,XR TNT$0$Xr-TNT-Khai$0$G,XR TNT$0$Xr-TNT-Khai$0$T-HO GA,585378.197,2305466.627,0.000,""
C8E26E,XR TNT$0$Xr-TNT-Khai$0$G,XR TNT$0$Xr-TNT-Khai$0$T-HO GA,585424.453,2305235.160,0.000,""
C8E288,XR TNT$0$Xr-TNT-Khai$0$G,XR TNT$0$Xr-TNT-Khai$0$T-HO GA,585401.551,2305220.240,0.000,""
C8E2A2,XR TNT$0$Xr-TNT-Khai$0$G,XR TNT$0$Xr-TNT-Khai$0$T-HO GA,585403.189,2305266.651,0.000,""
C8E2BC,XR TNT$0$Xr-TNT-Khai$0$G,XR TNT$0$Xr-TNT-Khai$0$T-HO GA,585380.875,2305251.688,0.000,""
C8E2D6,XR TNT$0$Xr-TNT-Khai$0$G,XR TNT$0$Xr-TNT-Khai$0$T-HO GA,585397.155,2305275.854,0.000,""
C8E2F0,XR TNT$0$Xr-TNT-Khai$0$G,XR TNT$0$Xr-TNT-Khai$0$T-HO GA,585374.710,2305260.801,0.000,""
C8E30A,XR TNT$0$Xr-TNT-Khai$0$G,XR TNT$0$Xr-TNT-Khai$0$T-HO GA,585383.484,2305312.423,0.000,""
C8E324,XR TNT$0$Xr-TNT-Khai$0$G,XR TNT$0$Xr-TNT-Khai$0$T-HO GA,585353.595,2305292.391,0.000,""
C8E33E,XR TNT$0$Xr-TNT-Khai$0$G,XR TNT$0$Xr-TNT-Khai$0$T-HO GA,585369.854,2305316.542,0.000,""
C8E358,XR TNT$0$Xr-TNT-Khai$0$G,XR TNT$0$Xr-TNT-Khai$0$T-HO GA,585347.458,2305301.514,0.000,""
C8E372,XR TNT$0$Xr-TNT-Khai$0$G,XR TNT$0$Xr-TNT-Khai$0$T-HO GA,585348.723,2305348.121,0.000,""
C8E38C,XR TNT$0$Xr-TNT-Khai$0$G,XR TNT$0$Xr-TNT-Khai$0$T-HO GA,585326.299,2305333.084,0.000,""
C8E3A6,XR TNT$0$Xr-TNT-Khai$0$G,XR TNT$0$Xr-TNT-Khai$0$T-HO GA,585342.107,2305357.389,0.000,""
C8E3C0,XR TNT$0$Xr-TNT-Khai$0$G,XR TNT$0$Xr-TNT-Khai$0$T-HO GA,585320.159,2305342.215,0.000,""
C8E3DA,XR TNT$0$Xr-TNT-Khai$0$G,XR TNT$0$Xr-TNT-Khai$0$T-HO GA,585321.414,2305388.806,0.000,""
C8E3F4,XR TNT$0$Xr-TNT-Khai$0$G,XR TNT$0$Xr-TNT-Khai$0$T-HO GA,585298.989,2305373.768,0.000,""
C8E40E,XR TNT$0$Xr-TNT-Khai$0$G,XR TNT$0$Xr-TNT-Khai$0$T-HO GA,585345.186,2305417.994,0.000,""
C8E428,XR TNT$0$Xr-TNT-Khai$0$G,XR TNT$0$Xr-TNT-Khai$0$T-HO GA,585324.422,2305404.071,0.000,""
C8E442,XR TNT$0$Xr-TNT-Khai$0$G,XR TNT$0$Xr-TNT-Khai$0$T-HO GA,585302.775,2305389.655,0.000,""
C8E45C,XR TNT$0$Xr-TNT-Khai$0$G,XR TNT$0$Xr-TNT-Khai$0$T-HO GA,585282.064,2305375.666,0.000,""
C8E476,XR TNT$0$Xr-TNT-Khai$0$G,XR TNT$0$Xr-TNT-Khai$0$T-HO GA,585331.400,2305435.236,0.000,""
C8E490,XR TNT$0$Xr-TNT-Khai$0$G,XR TNT$0$Xr-TNT-Khai$0$T-HO GA,585310.636,2305421.313,0.000,""
C8E4AA,XR TNT$0$Xr-TNT-Khai$0$G,XR TNT$0$Xr-TNT-Khai$0$T-HO GA,585289.041,2305406.832,0.000,""
C8E4C4,XR TNT$0$Xr-TNT-Khai$0$G,XR TNT$0$Xr-TNT-Khai$0$T-HO GA,585268.278,2305392.908,0.000,""
C8E4DE,XR TNT$0$Xr-TNT-Khai$0$G,XR TNT$0$Xr-TNT-Khai$0$T-HO GA,585519.500,2305687.723,0.000,""
C8E4F8,XR TNT$0$Xr-TNT-Khai$0$G,XR TNT$0$Xr-TNT-Khai$0$T-HO GA,585533.423,2305666.960,0.000,""
C8E512,XR TNT$0$Xr-TNT-Khai$0$G,XR TNT$0$Xr-TNT-Khai$0$T-HO GA,585547.904,2305645.365,0.000,""
C8E52C,XR TNT$0$Xr-TNT-Khai$0$G,XR TNT$0$Xr-TNT-Khai$0$T-HO GA,585508.136,2305684.919,0.000,""
C8E546,XR TNT$0$Xr-TNT-Khai$0$G,XR TNT$0$Xr-TNT-Khai$0$T-HO GA,585521.069,2305665.536,0.000,""
C8E560,XR TNT$0$Xr-TNT-Khai$0$G,XR TNT$0$Xr-TNT-Khai$0$T-HO GA,585489.864,2305672.667,0.000,""
C8E57A,XR TNT$0$Xr-TNT-Khai$0$G,XR TNT$0$Xr-TNT-Khai$0$T-HO GA,585480.727,2305666.540,0.000,""
C8E594,XR TNT$0$Xr-TNT-Khai$0$G,XR TNT$0$Xr-TNT-Khai$0$T-HO GA,585462.455,2305654.287,0.000,""
C8E5AE,XR TNT$0$Xr-TNT-Khai$0$G,XR TNT$0$Xr-TNT-Khai$0$T-HO GA,585453.319,2305648.161,0.000,""
C8E5C8,XR TNT$0$Xr-TNT-Khai$0$G,XR TNT$0$Xr-TNT-Khai$0$T-HO GA,585435.047,2305635.908,0.000,""
C8E5E2,XR TNT$0$Xr-TNT-Khai$0$G,XR TNT$0$Xr-TNT-Khai$0$T-HO GA,585411.709,2305650.961,0.000,""
C8E5FC,XR TNT$0$Xr-TNT-Khai$0$G,XR TNT$0$Xr-TNT-Khai$0$T-HO GA,585426.190,2305629.367,0.000,""
C8E616,XR TNT$0$Xr-TNT-Khai$0$G,XR TNT$0$Xr-TNT-Khai$0$T-HO GA,585440.113,2305608.603,0.000,""
C8E630,XR TNT$0$Xr-TNT-Khai$0$G,XR TNT$0$Xr-TNT-Khai$0$T-HO GA,585457.378,2305582.856,0.000,""
C8E64A,XR TNT$0$Xr-TNT-Khai$0$G,XR TNT$0$Xr-TNT-Khai$0$T-HO GA,585410.750,2305612.993,0.000,""
C8E664,XR TNT$0$Xr-TNT-Khai$0$G,XR TNT$0$Xr-TNT-Khai$0$T-HO GA,585421.841,2305596.350,0.000,""
C8E67E,XR TNT$0$Xr-TNT-Khai$0$G,XR TNT$0$Xr-TNT-Khai$0$T-HO GA,585439.106,2305570.603,0.000,""
C8E698,XR TNT$0$Xr-TNT-Khai$0$G,XR TNT$0$Xr-TNT-Khai$0$T-HO GA,585394.912,2305605.985,0.000,""
C8E6B2,XR TNT$0$Xr-TNT-Khai$0$G,XR TNT$0$Xr-TNT-Khai$0$T-HO GA,585407.722,2305586.882,0.000,""
C8E6CC,XR TNT$0$Xr-TNT-Khai$0$G,XR TNT$0$Xr-TNT-Khai$0$T-HO GA,585424.987,2305561.135,0.000,""
C8E6E6,XR TNT$0$Xr-TNT-Khai$0$G,XR TNT$0$Xr-TNT-Khai$0$T-HO GA,585461.531,2305594.750,0.000,""
C8E700,XR TNT$0$Xr-TNT-Khai$0$G,XR TNT$0$Xr-TNT-Khai$0$T-HO GA,585376.640,2305593.732,0.000,""
C8E71A,XR TNT$0$Xr-TNT-Khai$0$G,XR TNT$0$Xr-TNT-Khai$0$T-HO GA,585389.449,2305574.629,0.000,""
C8E734,XR TNT$0$Xr-TNT-Khai$0$G,XR TNT$0$Xr-TNT-Khai$0$T-HO GA,585406.715,2305548.882,0.000,""
C8E74E,XR TNT$0$Xr-TNT-Khai$0$G,XR TNT$0$Xr-TNT-Khai$0$T-HO GA,585367.194,2305588.068,0.000,""
C8E768,XR TNT$0$Xr-TNT-Khai$0$G,XR TNT$0$Xr-TNT-Khai$0$T-HO GA,585382.788,2305564.813,0.000,""
C8E782,XR TNT$0$Xr-TNT-Khai$0$G,XR TNT$0$Xr-TNT-Khai$0$T-HO GA,585397.268,2305543.219,0.000,""
C8E79C,XR TNT$0$Xr-TNT-Khai$0$G,XR TNT$0$Xr-TNT-Khai$0$T-HO GA,585348.921,2305575.824,0.000,""
C8E7B6,XR TNT$0$Xr-TNT-Khai$0$G,XR TNT$0$Xr-TNT-Khai$0$T-HO GA,585364.516,2305552.560,0.000,""
C8E7D0,XR TNT$0$Xr-TNT-Khai$0$G,XR TNT$0$Xr-TNT-Khai$0$T-HO GA,585381.781,2305526.813,0.000,""
C8E7EA,XR TNT$0$Xr-TNT-Khai$0$G,XR TNT$0$Xr-TNT-Khai$0$T-HO GA,585337.032,2305573.795,0.000,""
C8E804,XR TNT$0$Xr-TNT-Khai$0$G,XR TNT$0$Xr-TNT-Khai$0$T-HO GA,585318.760,2305561.542,0.000,""
C8E81E,XR TNT$0$Xr-TNT-Khai$0$G,XR TNT$0$Xr-TNT-Khai$0$T-HO GA,585309.624,2305555.416,0.000,""
C8E838,XR TNT$0$Xr-TNT-Khai$0$G,XR TNT$0$Xr-TNT-Khai$0$T-HO GA,585291.352,2305543.163,0.000,""
C8E852,XR TNT$0$Xr-TNT-Khai$0$G,XR TNT$0$Xr-TNT-Khai$0$T-HO GA,585282.216,2305537.037,0.000,""
C8E86C,XR TNT$0$Xr-TNT-Khai$0$G,XR TNT$0$Xr-TNT-Khai$0$T-HO GA,585263.944,2305524.784,0.000,""
C8E886,XR TNT$0$Xr-TNT-Khai$0$G,XR TNT$0$Xr-TNT-Khai$0$T-HO GA,585254.808,2305518.658,0.000,""
C8E8A0,XR TNT$0$Xr-TNT-Khai$0$G,XR TNT$0$Xr-TNT-Khai$0$T-HO GA,585236.536,2305506.405,0.000,""
C8E8BA,XR TNT$0$Xr-TNT-Khai$0$G,XR TNT$0$Xr-TNT-Khai$0$T-HO GA,585227.400,2305500.278,0.000,""
C8E8D4,XR TNT$0$Xr-TNT-Khai$0$G,XR TNT$0$Xr-TNT-Khai$0$T-HO GA,585268.013,2305457.573,0.000,""
C8E8EE,XR TNT$0$Xr-TNT-Khai$0$G,XR TNT$0$Xr-TNT-Khai$0$T-HO GA,585240.209,2305481.176,0.000,""
C8E908,XR TNT$0$Xr-TNT-Khai$0$G,XR TNT$0$Xr-TNT-Khai$0$T-HO GA,585254.690,2305459.581,0.000,""
C8E922,XR TNT$0$Xr-TNT-Khai$0$G,XR TNT$0$Xr-TNT-Khai$0$T-HO GA,585265.829,2305442.970,0.000,""
C8E93C,XR TNT$0$Xr-TNT-Khai$0$G,XR TNT$0$Xr-TNT-Khai$0$T-HO GA,585209.127,2305488.026,0.000,""
C8E956,XR TNT$0$Xr-TNT-Khai$0$G,XR TNT$0$Xr-TNT-Khai$0$T-HO GA,585221.937,2305468.923,0.000,""
C8E970,XR TNT$0$Xr-TNT-Khai$0$G,XR TNT$0$Xr-TNT-Khai$0$T-HO GA,585236.418,2305447.329,0.000,""
C8E98A,XR TNT$0$Xr-TNT-Khai$0$G,XR TNT$0$Xr-TNT-Khai$0$T-HO GA,585247.556,2305430.718,0.000,""
C8E9A4,XR TNT$0$Xr-TNT-Khai$0$G,XR TNT$0$Xr-TNT-Khai$0$T-HO GA,585203.055,2305477.303,0.000,""
C8E9BE,XR TNT$0$Xr-TNT-Khai$0$G,XR TNT$0$Xr-TNT-Khai$0$T-HO GA,585213.079,2305462.381,0.000,""
C8E9D8,XR TNT$0$Xr-TNT-Khai$0$G,XR TNT$0$Xr-TNT-Khai$0$T-HO GA,585228.667,2305439.110,0.000,""
C8E9F2,XR TNT$0$Xr-TNT-Khai$0$G,XR TNT$0$Xr-TNT-Khai$0$T-HO GA,585238.699,2305424.176,0.000,""
C8EA0C,XR TNT$0$Xr-TNT-Khai$0$G,XR TNT$0$Xr-TNT-Khai$0$T-HO GA,585174.836,2305468.042,0.000,""
C8EA26,XR TNT$0$Xr-TNT-Khai$0$G,XR TNT$0$Xr-TNT-Khai$0$T-HO GA,585189.307,2305446.441,0.000,""
C8EA40,XR TNT$0$Xr-TNT-Khai$0$G,XR TNT$0$Xr-TNT-Khai$0$T-HO GA,585200.465,2305429.841,0.000,""
C8EA5A,XR TNT$0$Xr-TNT-Khai$0$G,XR TNT$0$Xr-TNT-Khai$0$T-HO GA,585214.939,2305408.243,0.000,""
C8EA74,XR TNT$0$Xr-TNT-Khai$0$G,XR TNT$0$Xr-TNT-Khai$0$T-HO GA,585160.047,2305490.002,0.000,""
C8EA8E,XR TNT$0$Xr-TNT-Khai$0$G,XR TNT$0$Xr-TNT-Khai$0$T-HO GA,585155.019,2305511.168,0.000,""
C8EAA8,XR TNT$0$Xr-TNT-Khai$0$G,XR TNT$0$Xr-TNT-Khai$0$T-HO GA,584987.877,2305254.177,0.000,""
C8EAC2,XR TNT$0$Xr-TNT-Khai$0$G,XR TNT$0$Xr-TNT-Khai$0$T-HO GA,584956.316,2305233.013,0.000,""
C8EADC,XR TNT$0$Xr-TNT-Khai$0$G,XR TNT$0$Xr-TNT-Khai$0$T-HO GA,585028.509,2305281.414,0.000,""
C8EAF6,XR TNT$0$Xr-TNT-Khai$0$G,XR TNT$0$Xr-TNT-Khai$0$T-HO GA,585069.271,2305308.757,0.000,""
C8EB10,XR TNT$0$Xr-TNT-Khai$0$G,XR TNT$0$Xr-TNT-Khai$0$T-HO GA,585037.710,2305287.593,0.000,""
C8EB2A,XR TNT$0$Xr-TNT-Khai$0$G,XR TNT$0$Xr-TNT-Khai$0$T-HO GA,585078.407,2305314.883,0.000,""
C8EB44,XR TNT$0$Xr-TNT-Khai$0$G,XR TNT$0$Xr-TNT-Khai$0$T-HO GA,585109.940,2305336.028,0.000,""
C8EB5E,XR TNT$0$Xr-TNT-Khai$0$G,XR TNT$0$Xr-TNT-Khai$0$T-HO GA,585119.104,2305342.174,0.000,""
C8EB78,XR TNT$0$Xr-TNT-Khai$0$G,XR TNT$0$Xr-TNT-Khai$0$T-HO GA,585150.665,2305363.337,0.000,""
C8EB92,XR TNT$0$Xr-TNT-Khai$0$G,XR TNT$0$Xr-TNT-Khai$0$T-HO GA,585159.849,2305369.496,0.000,""
C8EBAC,XR TNT$0$Xr-TNT-Khai$0$G,XR TNT$0$Xr-TNT-Khai$0$T-HO GA,585193.023,2305391.741,0.000,""
C8EBC6,XR TNT$0$Xr-TNT-Khai$0$G,XR TNT$0$Xr-TNT-Khai$0$T-HO GA,585394.532,2305507.776,0.000,""
C8EBE0,XR TNT$0$Xr-TNT-Khai$0$G,XR TNT$0$Xr-TNT-Khai$0$T-HO GA,585379.292,2305490.498,0.000,""
C8EBFA,XR TNT$0$Xr-TNT-Khai$0$G,XR TNT$0$Xr-TNT-Khai$0$T-HO GA,585354.026,2305473.758,0.000,""
C8EC14,XR TNT$0$Xr-TNT-Khai$0$G,XR TNT$0$Xr-TNT-Khai$0$T-HO GA,585331.494,2305458.489,0.000,""
C8EC2E,XR TNT$0$Xr-TNT-Khai$0$G,XR TNT$0$Xr-TNT-Khai$0$T-HO GA,585309.135,2305443.454,0.000,""
C8EC48,XR TNT$0$Xr-TNT-Khai$0$G,XR TNT$0$Xr-TNT-Khai$0$T-HO GA,585564.303,2305620.921,0.000,""
C8EC62,XR TNT$0$Xr-TNT-Khai$0$G,XR TNT$0$Xr-TNT-Khai$0$T-HO GA,585552.907,2305604.240,0.000,""
C8EC7C,XR TNT$0$Xr-TNT-Khai$0$G,XR TNT$0$Xr-TNT-Khai$0$T-HO GA,585524.613,2305585.267,0.000,""
C8EC96,XR TNT$0$Xr-TNT-Khai$0$G,XR TNT$0$Xr-TNT-Khai$0$T-HO GA,585512.403,2305574.419,0.000,""
C8ECB0,XR TNT$0$Xr-TNT-Khai$0$G,XR TNT$0$Xr-TNT-Khai$0$T-HO GA,585063.589,2305141.269,0.000,""
C8ECCA,XR TNT$0$Xr-TNT-Khai$0$G,XR TNT$0$Xr-TNT-Khai$0$T-HO GA,585072.726,2305147.396,0.000,""
C8ECE4,XR TNT$0$Xr-TNT-Khai$0$G,XR TNT$0$Xr-TNT-Khai$0$T-HO GA,585104.287,2305168.559,0.000,""
C8ECFE,XR TNT$0$Xr-TNT-Khai$0$G,XR TNT$0$Xr-TNT-Khai$0$T-HO GA,585113.423,2305174.686,0.000,""
C8ED18,XR TNT$0$Xr-TNT-Khai$0$G,XR TNT$0$Xr-TNT-Khai$0$T-HO GA,585144.984,2305195.849,0.000,""
C8ED32,XR TNT$0$Xr-TNT-Khai$0$G,XR TNT$0$Xr-TNT-Khai$0$T-HO GA,585032.008,2305120.092,0.000,""
C8ED4C,XR TNT$0$Xr-TNT-Khai$0$G,XR TNT$0$Xr-TNT-Khai$0$T-HO GA,585217.108,2305088.293,0.000,""
C8ED66,XR TNT$0$Xr-TNT-Khai$0$G,XR TNT$0$Xr-TNT-Khai$0$T-HO GA,585185.547,2305067.129,0.000,""
C8ED80,XR TNT$0$Xr-TNT-Khai$0$G,XR TNT$0$Xr-TNT-Khai$0$T-HO GA,585176.410,2305061.003,0.000,""
C8ED9A,XR TNT$0$Xr-TNT-Khai$0$G,XR TNT$0$Xr-TNT-Khai$0$T-HO GA,585144.850,2305039.839,0.000,""
C8EDB4,XR TNT$0$Xr-TNT-Khai$0$G,XR TNT$0$Xr-TNT-Khai$0$T-HO GA,585135.713,2305033.713,0.000,""
C8EDCE,XR TNT$0$Xr-TNT-Khai$0$G,XR TNT$0$Xr-TNT-Khai$0$T-HO GA,585104.152,2305012.549,0.000,""
C8EDE8,XR TNT$0$Xr-TNT-Khai$0$G,XR TNT$0$Xr-TNT-Khai$0$T-HO GA,585583.531,2305586.849,0.000,""
C8EE02,XR TNT$0$Xr-TNT-Khai$0$G,XR TNT$0$Xr-TNT-Khai$0$T-HO GA,585597.454,2305566.085,0.000,""
C8EE1C,XR TNT$0$Xr-TNT-Khai$0$G,XR TNT$0$Xr-TNT-Khai$0$T-HO GA,585611.935,2305544.491,0.000,""
C8EE36,XR TNT$0$Xr-TNT-Khai$0$G,XR TNT$0$Xr-TNT-Khai$0$T-HO GA,585625.858,2305523.727,0.000,""
C8EE50,XR TNT$0$Xr-TNT-Khai$0$G,XR TNT$0$Xr-TNT-Khai$0$T-HO GA,585600.942,2305507.019,0.000,""
C8EE6A,XR TNT$0$Xr-TNT-Khai$0$G,XR TNT$0$Xr-TNT-Khai$0$T-HO GA,585587.085,2305527.827,0.000,""
C8EE84,XR TNT$0$Xr-TNT-Khai$0$G,XR TNT$0$Xr-TNT-Khai$0$T-HO GA,585572.538,2305549.377,0.000,""
C8EE9E,XR TNT$0$Xr-TNT-Khai$0$G,XR TNT$0$Xr-TNT-Khai$0$T-HO GA,585489.019,2305249.510,0.000,""
C8EEB8,XR TNT$0$Xr-TNT-Khai$0$G,XR TNT$0$Xr-TNT-Khai$0$T-HO GA,585473.669,2305232.041,0.000,""
C8EED2,XR TNT$0$Xr-TNT-Khai$0$G,XR TNT$0$Xr-TNT-Khai$0$T-HO GA,585452.456,2305218.249,0.000,""
C8EEEC,XR TNT$0$Xr-TNT-Khai$0$G,XR TNT$0$Xr-TNT-Khai$0$T-HO GA,585433.639,2305205.542,0.000,""
C8EF06,XR TNT$0$Xr-TNT-Khai$0$G,XR TNT$0$Xr-TNT-Khai$0$T-HO GA,585410.364,2305189.996,0.000,""
C8EF20,XR TNT$0$Xr-TNT-Khai$0$G,XR TNT$0$Xr-TNT-Khai$0$T-HO GA,585559.772,2305261.381,0.000,""
C8EF3A,XR TNT$0$Xr-TNT-Khai$0$G,XR TNT$0$Xr-TNT-Khai$0$T-HO GA,585536.158,2305250.367,0.000,""
C8EF54,XR TNT$0$Xr-TNT-Khai$0$G,XR TNT$0$Xr-TNT-Khai$0$T-HO GA,585513.651,2305235.291,0.000,""
C8EF6E,XR TNT$0$Xr-TNT-Khai$0$G,XR TNT$0$Xr-TNT-Khai$0$T-HO GA,585491.315,2305220.300,0.000,""
C8EF88,XR TNT$0$Xr-TNT-Khai$0$G,XR TNT$0$Xr-TNT-Khai$0$T-HO GA,585468.606,2305205.074,0.000,""
C8EFA2,XR TNT$0$Xr-TNT-Khai$0$G,XR TNT$0$Xr-TNT-Khai$0$T-HO GA,585382.659,2305407.000,0.000,""
C8EFBC,XR TNT$0$Xr-TNT-Khai$0$G,XR TNT$0$Xr-TNT-Khai$0$T-HO GA,585410.009,2305366.343,0.000,""
C8EFD6,XR TNT$0$Xr-TNT-Khai$0$G,XR TNT$0$Xr-TNT-Khai$0$T-HO GA,585437.300,2305325.647,0.000,""
C8EFF0,XR TNT$0$Xr-TNT-Khai$0$G,XR TNT$0$Xr-TNT-Khai$0$T-HO GA,585464.584,2305284.945,0.000,""
C8F072,XR TNT$0$Xr-TNT-Khai$0$G,XR TNT$0$Xr-TNT-Khai$0$T-HO GA,585484.381,2305380.094,0.000,""
C8F08C,XR TNT$0$Xr-TNT-Khai$0$G,XR TNT$0$Xr-TNT-Khai$0$T-HO GA,585505.544,2305348.533,0.000,""
C8F0A6,XR TNT$0$Xr-TNT-Khai$0$G,XR TNT$0$Xr-TNT-Khai$0$T-HO GA,585511.671,2305339.397,0.000,""
C8F0C0,XR TNT$0$Xr-TNT-Khai$0$G,XR TNT$0$Xr-TNT-Khai$0$T-HO GA,585532.834,2305307.836,0.000,""
C8F0DA,XR TNT$0$Xr-TNT-Khai$0$G,XR TNT$0$Xr-TNT-Khai$0$T-HO GA,585284.039,2305363.743,0.000,""
C8F0F4,XR TNT$0$Xr-TNT-Khai$0$G,XR TNT$0$Xr-TNT-Khai$0$T-HO GA,585305.201,2305332.185,0.000,""
C8F10E,XR TNT$0$Xr-TNT-Khai$0$G,XR TNT$0$Xr-TNT-Khai$0$T-HO GA,585311.329,2305323.046,0.000,""
C8F128,XR TNT$0$Xr-TNT-Khai$0$G,XR TNT$0$Xr-TNT-Khai$0$T-HO GA,585332.492,2305291.488,0.000,""
C8F142,XR TNT$0$Xr-TNT-Khai$0$G,XR TNT$0$Xr-TNT-Khai$0$T-HO GA,585338.620,2305282.349,0.000,""
C8F15C,XR TNT$0$Xr-TNT-Khai$0$G,XR TNT$0$Xr-TNT-Khai$0$T-HO GA,585359.782,2305250.791,0.000,""
C8F176,XR TNT$0$Xr-TNT-Khai$0$G,XR TNT$0$Xr-TNT-Khai$0$T-HO GA,585365.910,2305241.652,0.000,""
C8F190,XR TNT$0$Xr-TNT-Khai$0$G,XR TNT$0$Xr-TNT-Khai$0$T-HO GA,585387.072,2305210.094,0.000,""
C8F1AA,XR TNT$0$Xr-TNT-Khai$0$G,XR TNT$0$Xr-TNT-Khai$0$T-HO GA,585822.307,2304968.606,0.000,""
C8F1D1,XR TNT$0$Xr-TNT-Khai$0$G,XR TNT$0$Xr-TNT-Khai$0$T-HO GA,585809.492,2304987.734,0.000,""
C8F1F8,XR TNT$0$Xr-TNT-Khai$0$G,XR TNT$0$Xr-TNT-Khai$0$T-HO GA,585795.011,2305009.328,0.000,""
C8F21F,XR TNT$0$Xr-TNT-Khai$0$G,XR TNT$0$Xr-TNT-Khai$0$T-HO GA,585142.486,2304989.491,0.000,""
C8F239,XR TNT$0$Xr-TNT-Khai$0$G,XR TNT$0$Xr-TNT-Khai$0$T-HO GA,585148.986,2304945.690,0.000,""
C8F253,XR TNT$0$Xr-TNT-Khai$0$G,XR TNT$0$Xr-TNT-Khai$0$T-HO GA,585212.333,2305007.432,0.000,""
C8F26D,XR TNT$0$Xr-TNT-Khai$0$G,XR TNT$0$Xr-TNT-Khai$0$T-HO GA,585230.380,2305000.270,0.000,""
C8F287,XR TNT$0$Xr-TNT-Khai$0$G,XR TNT$0$Xr-TNT-Khai$0$T-HO GA,585221.469,2305013.559,0.000,""
C8F2A1,XR TNT$0$Xr-TNT-Khai$0$G,XR TNT$0$Xr-TNT-Khai$0$T-HO GA,585261.941,2305021.434,0.000,""
C8F2BB,XR TNT$0$Xr-TNT-Khai$0$G,XR TNT$0$Xr-TNT-Khai$0$T-HO GA,585253.030,2305034.722,0.000,""
C8F2D5,XR TNT$0$Xr-TNT-Khai$0$G,XR TNT$0$Xr-TNT-Khai$0$T-HO GA,585271.077,2305027.560,0.000,""
C8F2EF,XR TNT$0$Xr-TNT-Khai$0$G,XR TNT$0$Xr-TNT-Khai$0$T-HO GA,585262.166,2305040.849,0.000,""
C8F309,XR TNT$0$Xr-TNT-Khai$0$G,XR TNT$0$Xr-TNT-Khai$0$T-HO GA,585302.638,2305048.724,0.000,""
C8F323,XR TNT$0$Xr-TNT-Khai$0$G,XR TNT$0$Xr-TNT-Khai$0$T-HO GA,585293.727,2305062.013,0.000,""
C8F33D,XR TNT$0$Xr-TNT-Khai$0$G,XR TNT$0$Xr-TNT-Khai$0$T-HO GA,585311.774,2305054.850,0.000,""
C8F357,XR TNT$0$Xr-TNT-Khai$0$G,XR TNT$0$Xr-TNT-Khai$0$T-HO GA,585302.863,2305068.139,0.000,""
C8F371,XR TNT$0$Xr-TNT-Khai$0$G,XR TNT$0$Xr-TNT-Khai$0$T-HO GA,585343.335,2305076.014,0.000,""
C8F38B,XR TNT$0$Xr-TNT-Khai$0$G,XR TNT$0$Xr-TNT-Khai$0$T-HO GA,585334.424,2305089.303,0.000,""
C8F3A5,XR TNT$0$Xr-TNT-Khai$0$G,XR TNT$0$Xr-TNT-Khai$0$T-HO GA,585352.471,2305082.140,0.000,""
C8F3BF,XR TNT$0$Xr-TNT-Khai$0$G,XR TNT$0$Xr-TNT-Khai$0$T-HO GA,585343.560,2305095.429,0.000,""
C8F3D9,XR TNT$0$Xr-TNT-Khai$0$G,XR TNT$0$Xr-TNT-Khai$0$T-HO GA,585183.183,2305016.782,0.000,""
C8F3F3,XR TNT$0$Xr-TNT-Khai$0$G,XR TNT$0$Xr-TNT-Khai$0$T-HO GA,585223.880,2305044.072,0.000,""
C8F40D,XR TNT$0$Xr-TNT-Khai$0$G,XR TNT$0$Xr-TNT-Khai$0$T-HO GA,585264.577,2305071.362,0.000,""
C8F427,XR TNT$0$Xr-TNT-Khai$0$G,XR TNT$0$Xr-TNT-Khai$0$T-HO GA,585305.274,2305098.652,0.000,""
C8F441,XR TNT$0$Xr-TNT-Khai$0$G,XR TNT$0$Xr-TNT-Khai$0$T-HO GA,585341.946,2304657.934,0.000,""
C8F468,XR TNT$0$Xr-TNT-Khai$0$G,XR TNT$0$Xr-TNT-Khai$0$T-HO GA,585326.909,2304680.359,0.000,""
C8F48F,XR TNT$0$Xr-TNT-Khai$0$G,XR TNT$0$Xr-TNT-Khai$0$T-HO GA,585311.871,2304702.784,0.000,""
C8F4B6,XR TNT$0$Xr-TNT-Khai$0$G,XR TNT$0$Xr-TNT-Khai$0$T-HO GA,585242.179,2304840.829,0.000,""
C8F4D0,XR TNT$0$Xr-TNT-Khai$0$G,XR TNT$0$Xr-TNT-Khai$0$T-HO GA,585319.005,2304726.261,0.000,""
C8F4EA,XR TNT$0$Xr-TNT-Khai$0$G,XR TNT$0$Xr-TNT-Khai$0$T-HO GA,585373.507,2304679.098,0.000,""
C8F511,XR TNT$0$Xr-TNT-Khai$0$G,XR TNT$0$Xr-TNT-Khai$0$T-HO GA,585358.469,2304701.523,0.000,""
C8F538,XR TNT$0$Xr-TNT-Khai$0$G,XR TNT$0$Xr-TNT-Khai$0$T-HO GA,585348.445,2304716.473,0.000,""
C8F55F,XR TNT$0$Xr-TNT-Khai$0$G,XR TNT$0$Xr-TNT-Khai$0$T-HO GA,585346.933,2304738.537,0.000,""
C8F586,XR TNT$0$Xr-TNT-Khai$0$G,XR TNT$0$Xr-TNT-Khai$0$T-HO GA,585364.870,2304756.883,0.000,""
C8F59F,XR TNT$0$Xr-TNT-Khai$0$G,XR TNT$0$Xr-TNT-Khai$0$T-HO GA,585387.287,2304771.932,0.000,""
C8F5B8,XR TNT$0$Xr-TNT-Khai$0$G,XR TNT$0$Xr-TNT-Khai$0$T-HO GA,585409.704,2304786.980,0.000,""
C8F5D1,XR TNT$0$Xr-TNT-Khai$0$G,XR TNT$0$Xr-TNT-Khai$0$T-HO GA,585432.122,2304802.029,0.000,""
C8F5EA,XR TNT$0$Xr-TNT-Khai$0$G,XR TNT$0$Xr-TNT-Khai$0$T-HO GA,585454.539,2304817.078,0.000,""
C8F603,XR TNT$0$Xr-TNT-Khai$0$G,XR TNT$0$Xr-TNT-Khai$0$T-HO GA,585476.957,2304832.126,0.000,""
C8F61C,XR TNT$0$Xr-TNT-Khai$0$G,XR TNT$0$Xr-TNT-Khai$0$T-HO GA,585533.253,2304792.796,0.000,""
C8F636,XR TNT$0$Xr-TNT-Khai$0$G,XR TNT$0$Xr-TNT-Khai$0$T-HO GA,585520.721,2304811.483,0.000,""
C8F650,XR TNT$0$Xr-TNT-Khai$0$G,XR TNT$0$Xr-TNT-Khai$0$T-HO GA,585510.696,2304826.433,0.000,""
C8F66A,XR TNT$0$Xr-TNT-Khai$0$G,XR TNT$0$Xr-TNT-Khai$0$T-HO GA,585357.044,2304723.399,0.000,""
C8F691,XR TNT$0$Xr-TNT-Khai$0$G,XR TNT$0$Xr-TNT-Khai$0$T-HO GA,585429.634,2304700.436,0.000,""
C8F6B8,XR TNT$0$Xr-TNT-Khai$0$G,XR TNT$0$Xr-TNT-Khai$0$T-HO GA,585452.058,2304715.473,0.000,""
C8F6DF,XR TNT$0$Xr-TNT-Khai$0$G,XR TNT$0$Xr-TNT-Khai$0$T-HO GA,585474.483,2304730.511,0.000,""
C8F706,XR TNT$0$Xr-TNT-Khai$0$G,XR TNT$0$Xr-TNT-Khai$0$T-HO GA,585496.908,2304745.548,0.000,""
C8F72D,XR TNT$0$Xr-TNT-Khai$0$G,XR TNT$0$Xr-TNT-Khai$0$T-HO GA,585519.333,2304760.586,0.000,""
C8F754,XR TNT$0$Xr-TNT-Khai$0$G,XR TNT$0$Xr-TNT-Khai$0$T-HO GA,585435.760,2304691.300,0.000,""
C8F77B,XR TNT$0$Xr-TNT-Khai$0$G,XR TNT$0$Xr-TNT-Khai$0$T-HO GA,585458.185,2304706.337,0.000,""
C8F7A2,XR TNT$0$Xr-TNT-Khai$0$G,XR TNT$0$Xr-TNT-Khai$0$T-HO GA,585480.610,2304721.375,0.000,""
C8F7C9,XR TNT$0$Xr-TNT-Khai$0$G,XR TNT$0$Xr-TNT-Khai$0$T-HO GA,585503.035,2304736.412,0.000,""
C8F7F0,XR TNT$0$Xr-TNT-Khai$0$G,XR TNT$0$Xr-TNT-Khai$0$T-HO GA,585525.460,2304751.450,0.000,""
C8F817,XR TNT$0$Xr-TNT-Khai$0$G,XR TNT$0$Xr-TNT-Khai$0$T-HO GA,585456.924,2304659.739,0.000,""
C8F83E,XR TNT$0$Xr-TNT-Khai$0$G,XR TNT$0$Xr-TNT-Khai$0$T-HO GA,585479.349,2304674.776,0.000,""
C8F865,XR TNT$0$Xr-TNT-Khai$0$G,XR TNT$0$Xr-TNT-Khai$0$T-HO GA,585501.774,2304689.814,0.000,""
C8F88C,XR TNT$0$Xr-TNT-Khai$0$G,XR TNT$0$Xr-TNT-Khai$0$T-HO GA,585524.198,2304704.851,0.000,""
C8F8B3,XR TNT$0$Xr-TNT-Khai$0$G,XR TNT$0$Xr-TNT-Khai$0$T-HO GA,585546.623,2304719.889,0.000,""
C8F8DA,XR TNT$0$Xr-TNT-Khai$0$G,XR TNT$0$Xr-TNT-Khai$0$T-HO GA,585560.543,2304752.099,0.000,""
C8F8F4,XR TNT$0$Xr-TNT-Khai$0$G,XR TNT$0$Xr-TNT-Khai$0$T-HO GA,585180.772,2304986.269,0.000,""
C8F90E,XR TNT$0$Xr-TNT-Khai$0$G,XR TNT$0$Xr-TNT-Khai$0$T-HO GA,585180.547,2304966.853,0.000,""
C8F928,XR TNT$0$Xr-TNT-Khai$0$G,XR TNT$0$Xr-TNT-Khai$0$T-HO GA,585171.636,2304980.142,0.000,""
C8F942,XR TNT$0$Xr-TNT-Khai$0$G,XR TNT$0$Xr-TNT-Khai$0$T-HO GA,585772.933,2305185.894,0.000,""
C8FD16,XR TNT$0$Xr-TNT-Khai$0$G,XR TNT$0$Xr-TNT-Khai$0$T-HO GA,585813.109,2305303.738,0.000,""
C8FD3D,XR TNT$0$Xr-TNT-Khai$0$G,XR TNT$0$Xr-TNT-Khai$0$T-HO GA,585798.628,2305325.332,0.000,""
C8FD64,XR TNT$0$Xr-TNT-Khai$0$G,XR TNT$0$Xr-TNT-Khai$0$T-HO GA,585784.705,2305346.096,0.000,""
C8FD8B,XR TNT$0$Xr-TNT-Khai$0$G,XR TNT$0$Xr-TNT-Khai$0$T-HO GA,585770.224,2305367.690,0.000,""
C8FDB2,XR TNT$0$Xr-TNT-Khai$0$G,XR TNT$0$Xr-TNT-Khai$0$T-HO GA,585756.320,2305388.467,0.000,""
C8FDD0,XR TNT$0$Xr-TNT-Khai$0$G,XR TNT$0$Xr-TNT-Khai$0$T-HO GA,585611.078,2305605.020,0.000,""
C8FDEA,XR TNT$0$Xr-TNT-Khai$0$G,XR TNT$0$Xr-TNT-Khai$0$T-HO GA,585626.672,2305581.765,0.000,""
C8FE04,XR TNT$0$Xr-TNT-Khai$0$G,XR TNT$0$Xr-TNT-Khai$0$T-HO GA,585642.267,2305558.510,0.000,""
C8FE1E,XR TNT$0$Xr-TNT-Khai$0$G,XR TNT$0$Xr-TNT-Khai$0$T-HO GA,585661.851,2305529.304,0.000,""
C8FE38,XR TNT$0$Xr-TNT-Khai$0$xr COT$0$TN-TENGA5,XR TNT$0$Xr-TNT-Khai$0$xr COT$0$T-TEN GA,585610.405,2305604.569,0.000,"T=AR184|SH=TB41|MG=5.43|DC=4.65|TN=TN|LV=LV|X=\W0.7000;X=2305604.569|Y=\W0.7000;Y=585610.405|"
C8FE69,XR TNT$0$Xr-TNT-Khai$0$xr COT$0$TN-TENGA5,XR TNT$0$Xr-TNT-Khai$0$xr COT$0$T-TEN GA,585813.109,2305303.738,0.000,"T=AR202|SH=TB41|MG=5.37|DC=4.59|TN=TN|LV=LV|X=\W0.7000;X=2305303.738|Y=\W0.7000;Y=585813.109|"
C8FE9A,XR TNT$0$Xr-TNT-Khai$0$xr COT$0$TN-TENGA5,XR TNT$0$Xr-TNT-Khai$0$xr COT$0$T-TEN GA,585798.628,2305325.332,0.000,"T=AR202.1|SH=TB41|MG=5.38|DC=4.48|TN=TN|LV=LV|X=\W0.7000;X=2305325.332|Y=\W0.7000;Y=585798.628|"
C8FECB,XR TNT$0$Xr-TNT-Khai$0$xr COT$0$TN-TENGA5,XR TNT$0$Xr-TNT-Khai$0$xr COT$0$T-TEN GA,585755.646,2305388.015,0.000,"T=AR203|SH=TB41|MG=5.40|DC=4.29|TN=TN|LV=LV|X=\W0.7000;X=2305388.015|Y=\W0.7000;Y=585755.646|"
C8FEFC,XR TNT$0$Xr-TNT-Khai$0$xr COT$0$TN-TENGA5,XR TNT$0$Xr-TNT-Khai$0$xr COT$0$T-TEN GA,585784.705,2305346.096,0.000,"T=AR202.2|SH=TB41|MG=5.38|DC=4.50|TN=TN|LV=LV|X=\W0.7000;X=2305346.096|Y=\W0.7000;Y=585784.705|"
C8FF2D,XR TNT$0$Xr-TNT-Khai$0$xr COT$0$TN-TENGA5,XR TNT$0$Xr-TNT-Khai$0$xr COT$0$T-TEN GA,585770.224,2305367.690,0.000,"T=AR202.3|SH=TB41|MG=5.39|DC=4.37|TN=TN|LV=LV|X=\W0.7000;X=2305367.690|Y=\W0.7000;Y=585770.224|"
C8FF5E,XR TNT$0$Xr-TNT-Khai$0$xr COT$0$TN-TENGA5,XR TNT$0$Xr-TNT-Khai$0$xr COT$0$T-TEN GA,585625.999,2305581.314,0.000,"T=AR184.1|SH=TB41|MG=5.43|DC=4.56|TN=TN|LV=LV|X=\W0.7000;X=2305581.314|Y=\W0.7000;Y=585625.999|"
C8FF8F,XR TNT$0$Xr-TNT-Khai$0$xr COT$0$TN-TENGA5,XR TNT$0$Xr-TNT-Khai$0$xr COT$0$T-TEN GA,585641.594,2305558.058,0.000,"T=AR184.2|SH=TB41|MG=5.42|DC=4.47|TN=TN|LV=LV|X=\W0.7000;X=2305558.058|Y=\W0.7000;Y=585641.594|"
C8FFC0,XR TNT$0$Xr-TNT-Khai$0$xr COT$0$TN-TENGA5,XR TNT$0$Xr-TNT-Khai$0$xr COT$0$T-TEN GA,585661.851,2305529.304,0.000,"T=AR185|SH=TB41|MG=5.42|DC=4.35|TN=TN|LV=LV|X=\W0.7000;X=2305529.304|Y=\W0.7000;Y=585661.851|"
C8FFF5,XR TNT$0$Xr-TNT-Khai$0$G,XR TNT$0$Xr-TNT-Khai$0$T-HO GA,585529.936,2305726.026,0.000,""
C9000F,XR TNT$0$Xr-TNT-Khai$0$G,XR TNT$0$Xr-TNT-Khai$0$T-HO GA,585542.745,2305706.923,0.000,""
C90029,XR TNT$0$Xr-TNT-Khai$0$G,XR TNT$0$Xr-TNT-Khai$0$T-HO GA,585558.340,2305683.668,0.000,""
C90043,XR TNT$0$Xr-TNT-Khai$0$G,XR TNT$0$Xr-TNT-Khai$0$T-HO GA,585572.820,2305662.074,0.000,""
C9005D,XR TNT$0$Xr-TNT-Khai$0$G,XR TNT$0$Xr-TNT-Khai$0$T-HO GA,585588.685,2305638.415,0.000,""
C90078,XR TNT$0$Xr-TNT-Khai$0$xr COT$0$TN-TENGA5,XR TNT$0$Xr-TNT-Khai$0$xr COT$0$T-TEN GA,585529.936,2305726.026,0.000,"T=AR170|SH=TB41|MG=5.68|DC=4.85|TN=TN|LV=LV|X=\W0.7000;X=2305726.026|Y=\W0.7000;Y=585529.936|"
C900A9,XR TNT$0$Xr-TNT-Khai$0$xr COT$0$TN-TENGA5,XR TNT$0$Xr-TNT-Khai$0$xr COT$0$T-TEN GA,585542.072,2305706.472,0.000,"T=AR170.1|SH=TB41|MG=5.68|DC=4.76|TN=TN|LV=LV|X=\W0.7000;X=2305706.472|Y=\W0.7000;Y=585542.072|"
C900DA,XR TNT$0$Xr-TNT-Khai$0$xr COT$0$TN-TENGA5,XR TNT$0$Xr-TNT-Khai$0$xr COT$0$T-TEN GA,585558.340,2305683.668,0.000,"T=AR170.2|SH=TB41|MG=5.67|DC=4.68|TN=TN|LV=LV|X=\W0.7000;X=2305683.668|Y=\W0.7000;Y=585558.340|"
C9010B,XR TNT$0$Xr-TNT-Khai$0$xr COT$0$TN-TENGA5,XR TNT$0$Xr-TNT-Khai$0$xr COT$0$T-TEN GA,585572.820,2305662.074,0.000,"T=AR170.3|SH=TB41|MG=5.67|DC=4.60|TN=TN|LV=LV|X=\W0.7000;X=2305662.074|Y=\W0.7000;Y=585572.820|"
C9013C,XR TNT$0$Xr-TNT-Khai$0$xr COT$0$TN-TENGA5,XR TNT$0$Xr-TNT-Khai$0$xr COT$0$T-TEN GA,585587.901,2305638.148,0.000,"T=AR171|SH=TB41|MG=5.67|DC=4.40|TN=TN|LV=LV|X=\W0.7000;X=2305638.148|Y=\W0.7000;Y=585587.901|"
C90170,TengaK,XR TNT$0$Xr-TNT-Khai$0$xr COT$0$T-TEN GA,585966.352,2305036.338,0.000,"T=AR1.1|SH=TB41|MG=5.17|DC=4.32|TN=TN|LV=LV|X=\W0.7000;X=2305036.138|Y=\W0.7000;Y=585966.065|"
C9019B,TengaK,XR TNT$0$Xr-TNT-Khai$0$xr COT$0$T-TEN GA,585912.329,2305117.557,0.000,"T=AR2|SH=TB41|MG=5.17|DC=4|TN=TN|LV=LV|X=\W0.7000;X=2305117.884|Y=\W0.7000;Y=585911.265|"
C901C6,TengaK,XR TNT$0$Xr-TNT-Khai$0$xr COT$0$T-TEN GA,585902.015,2305110.721,0.000,"T=AR3|SH=TB41|MG=5.17|DC=4.1|TN=TN|LV=LV|X=\W0.7000;X=2305111.776|Y=\W0.7000;Y=585902.035|"
C901F1,TengaK,XR TNT$0$Xr-TNT-Khai$0$xr COT$0$T-TEN GA,585886.237,2305097.341,0.000,"T=AR4|SH=TB41|MG=5.17|DC=4.03|TN=TN|LV=LV|X=\W0.7000;X=2305099.514|Y=\W0.7000;Y=585883.871|"
C9021C,TengaK,XR TNT$0$Xr-TNT-Khai$0$xr COT$0$T-TEN GA,585874.429,2305092.296,0.000,"T=AR5|SH=TB41|MG=5.17|DC=3.99|TN=TN|LV=LV|X=\W0.7000;X=2305093.388|Y=\W0.7000;Y=585874.735|"
C90247,TengaK,XR TNT$0$Xr-TNT-Khai$0$xr COT$0$T-TEN GA,585858.741,2305078.999,0.000,"T=AR6|SH=TB41|MG=5.17|DC=3.92|TN=TN|LV=LV|X=\W0.7000;X=2305081.133|Y=\W0.7000;Y=585856.459|"
C90272,TengaK,XR TNT$0$Xr-TNT-Khai$0$xr COT$0$T-TEN GA,585847.148,2305073.997,0.000,"T=AR7|SH=TB41|MG=5.17|DC=3.89|TN=TN|LV=LV|X=\W0.7000;X=2305075.006|Y=\W0.7000;Y=585847.323|"
C9029D,TengaK,XR TNT$0$Xr-TNT-Khai$0$xr COT$0$T-TEN GA,585831.374,2305060.556,0.000,"T=AR8|SH=TB41|MG=5.17|DC=3.81|TN=TN|LV=LV|X=\W0.7000;X=2305062.739|Y=\W0.7000;Y=585829.054|"
C902C8,TengaK,XR TNT$0$Xr-TNT-Khai$0$xr COT$0$T-TEN GA,585820.576,2305054.177,0.000,"T=AR9|SH=TB41|MG=5.17|DC=3.78|TN=TN|LV=LV|X=\W0.7000;X=2305056.601|Y=\W0.7000;Y=585819.901|"
C902F3,TengaK,XR TNT$0$Xr-TNT-Khai$0$xr COT$0$T-TEN GA,585797.337,2305037.756,0.000,"T=AR10|SH=TB41|MG=5.21|DC=3.68|TN=TN|LV=LV|X=\W0.7000;X=2305038.250|Y=\W0.7000;Y=585796.107|"
C9031E,TengaK,XR TNT$0$Xr-TNT-Khai$0$xr COT$0$T-TEN GA,585781.739,2305027.648,0.000,"T=AR11|SH=TB41|MG=5.21|DC=3.62|TN=TN|LV=LV|X=\W0.7000;X=2305028.764|Y=\W0.7000;Y=585781.979|"
C90349,TengaK,XR TNT$0$Xr-TNT-Khai$0$xr COT$0$T-TEN GA,585757.227,2305004.993,0.000,"T=AR12|SH=TB41|MG=5.17|DC=3.5|TN=TN|LV=LV|X=\W0.7000;X=2305012.038|Y=\W0.7000;Y=585753.445|"
C90374,TengaK,XR TNT$0$Xr-TNT-Khai$0$xr COT$0$T-TEN GA,585737.294,2304997.900,0.000,"T=AR13|SH=TB41|MG=5.17|DC=3.41|TN=TN|LV=LV|X=\W0.7000;X=2304999.816|Y=\W0.7000;Y=585735.168|"
C9039F,TengaK,XR TNT$0$Xr-TNT-Khai$0$xr COT$0$T-TEN GA,585729.742,2304986.743,0.000,"T=AR14|SH=TB41|MG=5.17|DC=3.37|TN=TN|LV=LV|X=\W0.7000;X=2304993.690|Y=\W0.7000;Y=585726.032|"
C903CA,TengaK,XR TNT$0$Xr-TNT-Khai$0$xr COT$0$T-TEN GA,585710.083,2304979.580,0.000,"T=AR15|SH=TB41|MG=5.17|DC=3.29|TN=TN|LV=LV|X=\W0.7000;X=2304981.407|Y=\W0.7000;Y=585707.781|"
C903F5,TengaK,XR TNT$0$Xr-TNT-Khai$0$xr COT$0$T-TEN GA,585702.348,2304968.374,0.000,"T=AR16|SH=TB41|MG=5.17|DC=3.29|TN=TN|LV=LV|X=\W0.7000;X=2304975.280|Y=\W0.7000;Y=585698.645|"
C90420,TengaK,XR TNT$0$Xr-TNT-Khai$0$xr COT$0$T-TEN GA,585682.534,2304961.265,0.000,"T=AR17|SH=TB41|MG=5.17|DC=3.25|TN=TN|LV=LV|X=\W0.7000;X=2304963.035|Y=\W0.7000;Y=585680.368|"
C9044B,TengaK,XR TNT$0$Xr-TNT-Khai$0$xr COT$0$T-TEN GA,585674.937,2304949.992,0.000,"T=AR18|SH=TB41|MG=5.17|DC=3.17|TN=TN|LV=LV|X=\W0.7000;X=2304956.908|Y=\W0.7000;Y=585671.232|"
C90476,TengaK,XR TNT$0$Xr-TNT-Khai$0$xr COT$0$T-TEN GA,585655.080,2304942.683,0.000,"T=AR19|SH=TB41|MG=5.17|DC=3.08|TN=TN|LV=LV|X=\W0.7000;X=2304944.679|Y=\W0.7000;Y=585652.944|"
C904A1,TengaK,XR TNT$0$Xr-TNT-Khai$0$xr COT$0$T-TEN GA,585647.558,2304931.633,0.000,"T=AR20|SH=TB41|MG=5.17|DC=3.04|TN=TN|LV=LV|X=\W0.7000;X=2304938.552|Y=\W0.7000;Y=585643.808|"
C904CC,TengaK,XR TNT$0$Xr-TNT-Khai$0$xr COT$0$T-TEN GA,585627.692,2304924.428,0.000,"T=AR21|SH=TB41|MG=5.17|DC=2.96|TN=TN|LV=LV|X=\W0.7000;X=2304926.300|Y=\W0.7000;Y=585625.536|"
C904F7,TengaK,XR TNT$0$Xr-TNT-Khai$0$xr COT$0$T-TEN GA,585616.303,2304919.225,0.000,"T=AR22|SH=TB41|MG=5.17|DC=2.92|TN=TN|LV=LV|X=\W0.7000;X=2304920.173|Y=\W0.7000;Y=585616.400|"
C90522,TengaK,XR TNT$0$Xr-TNT-Khai$0$xr COT$0$T-TEN GA,585600.398,2304906.029,0.000,"T=AR23|SH=TB41|MG=5.17|DC=2.84|TN=TN|LV=LV|X=\W0.7000;X=2304907.926|Y=\W0.7000;Y=585598.160|"
C9054D,TengaK,XR TNT$0$Xr-TNT-Khai$0$xr COT$0$T-TEN GA,585594.044,2304892.777,0.000,"T=AR24|SH=TB41|MG=5.17|DC=2.8|TN=TN|LV=LV|X=\W0.7000;X=2304901.799|Y=\W0.7000;Y=585589.024|"
C90578,TengaK,XR TNT$0$Xr-TNT-Khai$0$xr COT$0$T-TEN GA,585512.041,2305015.283,0.000,"T=AR25|SH=TB41|MG=5.27|DC=2.34|TN=TN|LV=LV|X=\W0.7000;X=2305016.359|Y=\W0.7000;Y=585512.185|"
C905A3,TengaK,XR TNT$0$Xr-TNT-Khai$0$xr COT$0$T-TEN GA,585413.368,2305162.400,0.000,"T=AR26|SH=TB41|MG=5.27|DC=1.75|TN=TN|LV=LV|X=\W0.7000;X=2305163.348|Y=\W0.7000;Y=585413.602|"
C905CE,TengaK,XR TNT$0$Xr-TNT-Khai$0$xr COT$0$T-TEN GA,585378.596,2305181.335,0.000,"T=AR28|SH=TB41|MG=5.27|DC=1.56|TN=TN|LV=LV|X=\W0.7000;X=2305177.465|Y=\W0.7000;Y=585381.099|"
C905F9,TengaK,XR TNT$0$Xr-TNT-Khai$0$xr COT$0$T-TEN GA,585348.177,2305147.670,0.000,"T=AR29|SH=TB41|MG=5.26|DC=1.04|TN=TN|LV=LV|X=\W0.7000;X=2305157.273|Y=\W0.7000;Y=585350.573|"
C90624,TengaK,XR TNT$0$Xr-TNT-Khai$0$xr COT$0$T-TEN GA,585342.778,2305144.224,0.000,"T=AR30|SH=TB41|MG=5.26|DC=2.43|TN=TN|LV=LV|X=\W0.7000;X=2305143.767|Y=\W0.7000;Y=585342.097|"
C9064F,TengaK,XR TNT$0$Xr-TNT-Khai$0$xr COT$0$T-TEN GA,585224.746,2305393.182,0.000,"T=AR50|SH=TB41|MG=5.21|DC=1.94|TN=TN|LV=LV|X=\W0.7000;X=2305392.387|Y=\W0.7000;Y=585225.099|"
C9067A,TengaK,XR TNT$0$Xr-TNT-Khai$0$xr COT$0$T-TEN GA,585234.861,2305391.434,0.000,"T=AR51|SH=TB41|MG=5.31|DC=1.92|TN=TN|LV=LV|X=\W0.7000;X=2305396.130|Y=\W0.7000;Y=585242.558|"
C906A5,TengaK,XR TNT$0$Xr-TNT-Khai$0$xr COT$0$T-TEN GA,585252.026,2305382.011,0.000,"T=AR52|SH=TB41|MG=5.31|DC=1.89|TN=TN|LV=LV|X=X=2305382.011|Y=Y=585252.026|"
C906D6,TengaK,XR TNT$0$Xr-TNT-Khai$0$xr COT$0$T-TEN GA,585262.284,2305362.691,0.000,"T=AR53|SH=TB41|MG=5.27|DC=1.86|TN=TN|LV=LV|X=X=2305362.691|Y=Y=585262.284|"
C90707,TengaK,XR TNT$0$Xr-TNT-Khai$0$xr COT$0$T-TEN GA,585283.273,2305323.863,0.000,"T=AR54B|SH=TB41|MG=5.27|DC=1.82|TN=TN|LV=LV|X=\W0.7000;X=2305335.205|Y=\W0.7000;Y=585275.593|"
C90732,TengaK,XR TNT$0$Xr-TNT-Khai$0$xr COT$0$T-TEN GA,585289.946,2305322.130,0.000,"T=AR55|SH=TB41|MG=5.27|DC=1.79|TN=TN|LV=LV|X=X=2305322.130|Y=Y=585289.946|"
C90763,TengaK,XR TNT$0$Xr-TNT-Khai$0$xr COT$0$T-TEN GA,585311.041,2305283.521,0.000,"T=AR56B|SH=TB41|MG=5.27|DC=1.75|TN=TN|LV=LV|X=X=2305283.521|Y=Y=585311.041|"
C90794,TengaK,XR TNT$0$Xr-TNT-Khai$0$xr COT$0$T-TEN GA,585317.197,2305281.231,0.000,"T=AR57|SH=TB41|MG=5.27|DC=1.72|TN=TN|LV=LV|X=X=2305281.231|Y=Y=585317.197|"
C907C5,TengaK,XR TNT$0$Xr-TNT-Khai$0$xr COT$0$T-TEN GA,585338.413,2305242.862,0.000,"T=AR58B|SH=TB41|MG=5.27|DC=1.68|TN=TN|LV=LV|X=\W0.7000;X=2305253.760|Y=\W0.7000;Y=585330.098|"
C907F0,TengaK,XR TNT$0$Xr-TNT-Khai$0$xr COT$0$T-TEN GA,585345.014,2305241.474,0.000,"T=AR59|SH=TB41|MG=5.27|DC=1.65|TN=TN|LV=LV|X=\W0.7000;X=2305240.536|Y=\W0.7000;Y=585344.489|"
C9081B,TengaK,XR TNT$0$Xr-TNT-Khai$0$xr COT$0$T-TEN GA,585365.605,2305202.144,0.000,"T=AR60B|SH=TB41|MG=5.27|DC=1.61|TN=TN|LV=LV|X=\W0.7000;X=2305213.063|Y=\W0.7000;Y=585357.388|"
C90846,TengaK,XR TNT$0$Xr-TNT-Khai$0$xr COT$0$T-TEN GA,585372.196,2305200.532,0.000,"T=AR61|SH=TB41|MG=5.27|DC=1.59|TN=TN|LV=LV|X=\W0.7000;X=2305199.837|Y=\W0.7000;Y=585371.777|"
C90871,TengaK,XR TNT$0$Xr-TNT-Khai$0$xr COT$0$T-TEN GA,584907.596,2305306.297,0.000,"T=AR87.1|SH=TB41|MG=5.11|DC=4.26|TN=TN|LV=LV|X=\W0.7000;X=2305306.102|Y=\W0.7000;Y=584907.305|"
C9089C,TengaK,XR TNT$0$Xr-TNT-Khai$0$xr COT$0$T-TEN GA,584965.966,2305219.789,0.000,"T=AR88|SH=TB41|MG=5.11|DC=3.91|TN=TN|LV=LV|X=\W0.7000;X=2305218.941|Y=\W0.7000;Y=584965.752|"
C908C7,TengaK,XR TNT$0$Xr-TNT-Khai$0$xr COT$0$T-TEN GA,584995.551,2305242.105,0.000,"T=AR89|SH=TB41|MG=5.07|DC=3.77|TN=TN|LV=LV|X=\W0.7000;X=2305239.761|Y=\W0.7000;Y=584997.544|"
C908F2,TengaK,XR TNT$0$Xr-TNT-Khai$0$xr COT$0$T-TEN GA,585025.928,2305251.265,0.000,"T=AR90|SH=TB41|MG=5.11|DC=3.66|TN=TN|LV=LV|X=\W0.7000;X=2305250.979|Y=\W0.7000;Y=585026.099|"
C9091D,TengaK,XR TNT$0$Xr-TNT-Khai$0$xr COT$0$T-TEN GA,585036.123,2305269.581,0.000,"T=AR91|SH=TB41|MG=5.07|DC=3.59|TN=TN|LV=LV|X=\W0.7000;X=2305267.051|Y=\W0.7000;Y=585038.241|"
C90948,TengaK,XR TNT$0$Xr-TNT-Khai$0$xr COT$0$T-TEN GA,585066.625,2305278.555,0.000,"T=AR92|SH=TB41|MG=5.11|DC=3.48|TN=TN|LV=LV|X=\W0.7000;X=2305278.227|Y=\W0.7000;Y=585066.825|"
C90973,TengaK,XR TNT$0$Xr-TNT-Khai$0$xr COT$0$T-TEN GA,585077.182,2305296.331,0.000,"T=AR93|SH=TB41|MG=5.07|DC=3.41|TN=TN|LV=LV|X=\W0.7000;X=2305294.341|Y=\W0.7000;Y=585078.938|"
C9099E,TengaK,XR TNT$0$Xr-TNT-Khai$0$xr COT$0$T-TEN GA,585107.322,2305305.845,0.000,"T=AR94|SH=TB41|MG=5.11|DC=3.3|TN=TN|LV=LV|X=\W0.7000;X=2305305.579|Y=\W0.7000;Y=585107.522|"
C909C9,TengaK,XR TNT$0$Xr-TNT-Khai$0$xr COT$0$T-TEN GA,585117.880,2305323.554,0.000,"T=AR95|SH=TB41|MG=5.17|DC=3.23|TN=TN|LV=LV|X=\W0.7000;X=2305321.631|Y=\W0.7000;Y=585119.638|"
C909F4,TengaK,XR TNT$0$Xr-TNT-Khai$0$xr COT$0$T-TEN GA,585148.019,2305333.135,0.000,"T=AR96|SH=TB41|MG=5.21|DC=3.12|TN=TN|LV=LV|X=\W0.7000;X=2305332.870|Y=\W0.7000;Y=585148.217|"
C90A1F,TengaK,XR TNT$0$Xr-TNT-Khai$0$xr COT$0$T-TEN GA,585160.042,2305348.726,0.000,"T=AR97|SH=TB41|MG=5.17|DC=3.05|TN=TN|LV=LV|X=\W0.7000;X=2305348.921|Y=\W0.7000;Y=585160.332|"
C90A4A,TengaK,XR TNT$0$Xr-TNT-Khai$0$xr COT$0$T-TEN GA,585188.716,2305360.425,0.000,"T=AR98|SH=TB41|MG=5.21|DC=2.95|TN=TN|LV=LV|X=\W0.7000;X=2305360.131|Y=\W0.7000;Y=585188.936|"
C90A75,TengaK,XR TNT$0$Xr-TNT-Khai$0$xr COT$0$T-TEN GA,585201.935,2305377.877,0.000,"T=AR99|SH=TB41|MG=5.21|DC=2.87|TN=TN|LV=LV|X=\W0.7000;X=2305377.212|Y=\W0.7000;Y=585202.689|"
C90AA0,TengaK,XR TNT$0$Xr-TNT-Khai$0$xr COT$0$T-TEN GA,584992.219,2305180.100,0.000,"T=AR100|SH=TB41|MG=4.91|DC=4.06|TN=TN|LV=LV|X=\W0.7000;X=2305179.883|Y=\W0.7000;Y=584992.041|"
C90ACB,TengaK,XR TNT$0$Xr-TNT-Khai$0$xr COT$0$T-TEN GA,585072.053,2305127.201,0.000,"T=AR102|SH=TB41|MG=5.07|DC=3.62|TN=TN|LV=LV|X=\W0.7000;X=2305125.582|Y=\W0.7000;Y=585074.012|"
C90AF6,TengaK,XR TNT$0$Xr-TNT-Khai$0$xr COT$0$T-TEN GA,585101.393,2305138.725,0.000,"T=AR103|SH=TB41|MG=5.07|DC=3.52|TN=TN|LV=LV|X=\W0.7000;X=2305138.443|Y=\W0.7000;Y=585101.654|"
C90B21,TengaK,XR TNT$0$Xr-TNT-Khai$0$xr COT$0$T-TEN GA,585113.967,2305152.286,0.000,"T=AR104|SH=TB41|MG=5.07|DC=3.45|TN=TN|LV=LV|X=\W0.7000;X=2305152.860|Y=\W0.7000;Y=585114.761|"
C90B4C,TengaK,XR TNT$0$Xr-TNT-Khai$0$xr COT$0$T-TEN GA,585125.014,2305159.630,0.000,"T=AR105|SH=TB41|MG=5.07|DC=3.41|TN=TN|LV=LV|X=\W0.7000;X=2305158.987|Y=\W0.7000;Y=585123.897|"
C90B77,TengaK,XR TNT$0$Xr-TNT-Khai$0$xr COT$0$T-TEN GA,585153.533,2305181.768,0.000,"T=AR106|SH=TB41|MG=5.07|DC=3.28|TN=TN|LV=LV|X=\W0.7000;X=2305180.284|Y=\W0.7000;Y=585155.421|"
C90BA2,TengaK,XR TNT$0$Xr-TNT-Khai$0$xr COT$0$T-TEN GA,585164.730,2305187.329,0.000,"T=AR107|SH=TB41|MG=5.07|DC=3.24|TN=TN|LV=LV|X=\W0.7000;X=2305186.410|Y=\W0.7000;Y=585164.557|"
C90BCD,TengaK,XR TNT$0$Xr-TNT-Khai$0$xr COT$0$T-TEN GA,585193.827,2305201.296,0.000,"T=AR108|SH=TB41|MG=5.07|DC=3.12|TN=TN|LV=LV|X=\W0.7000;X=2305200.952|Y=\W0.7000;Y=585194.937|"
C90BF8,TengaK,XR TNT$0$Xr-TNT-Khai$0$xr COT$0$T-TEN GA,585263.120,2305106.204,0.000,"T=AR109|SH=TB41|MG=5.07|DC=2.72|TN=TN|LV=LV|X=\W0.7000;X=2305101.488|Y=\W0.7000;Y=585267.244|"
C90C23,TengaK,XR TNT$0$Xr-TNT-Khai$0$xr COT$0$T-TEN GA,585064.343,2305072.544,0.000,"T=AR110|SH=TB41|MG=4.91|DC=4.06|TN=TN|LV=LV|X=\W0.7000;X=2305072.349|Y=\W0.7000;Y=585064.053|"
C90C4E,TengaK,XR TNT$0$Xr-TNT-Khai$0$xr COT$0$T-TEN GA,585143.543,2305020.567,0.000,"T=AR112|SH=TB41|MG=5.07|DC=3.62|TN=TN|LV=LV|X=\W0.7000;X=2305019.683|Y=\W0.7000;Y=585145.122|"
C90C79,TengaK,XR TNT$0$Xr-TNT-Khai$0$xr COT$0$T-TEN GA,585173.517,2305031.169,0.000,"T=AR113|SH=TB41|MG=5.11|DC=3.52|TN=TN|LV=LV|X=\W0.7000;X=2305030.895|Y=\W0.7000;Y=585173.702|"
C90CA4,TengaK,XR TNT$0$Xr-TNT-Khai$0$xr COT$0$T-TEN GA,585183.936,2305048.275,0.000,"T=AR114|SH=TB41|MG=5.07|DC=3.44|TN=TN|LV=LV|X=\W0.7000;X=2305046.965|Y=\W0.7000;Y=585185.788|"
C90CCF,TengaK,XR TNT$0$Xr-TNT-Khai$0$xr COT$0$T-TEN GA,585214.214,2305058.459,0.000,"T=AR115|SH=TB41|MG=5.11|DC=3.34|TN=TN|LV=LV|X=\W0.7000;X=2305058.183|Y=\W0.7000;Y=585214.336|"
C90CFA,TengaK,XR TNT$0$Xr-TNT-Khai$0$xr COT$0$T-TEN GA,585224.872,2305075.409,0.000,"T=AR116|SH=TB41|MG=5.07|DC=3.26|TN=TN|LV=LV|X=\W0.7000;X=2305074.273|Y=\W0.7000;Y=585226.509|"
C90D25,TengaK,XR TNT$0$Xr-TNT-Khai$0$xr COT$0$T-TEN GA,585249.626,2305082.622,0.000,"T=AR117|SH=TB41|MG=5.11|DC=3.16|TN=TN|LV=LV|X=\W0.7000;X=2305085.481|Y=\W0.7000;Y=585255.141|"
C90D50,TengaK,XR TNT$0$Xr-TNT-Khai$0$xr COT$0$T-TEN GA,585189.377,2304886.085,0.000,"T=AR118|SH=TB41|MG=4.91|DC=4.06|TN=TN|LV=LV|X=\W0.7000;X=2304885.812|Y=\W0.7000;Y=585189.138|"
C90D7B,TengaK,XR TNT$0$Xr-TNT-Khai$0$xr COT$0$T-TEN GA,585131.501,2304972.981,0.000,"T=AR119|SH=TB41|MG=4.91|DC=3.71|TN=TN|LV=LV|X=\W0.7000;X=2304973.479|Y=\W0.7000;Y=585130.384|"
C90DA6,TengaK,XR TNT$0$Xr-TNT-Khai$0$xr COT$0$T-TEN GA,585162.973,2304991.647,0.000,"T=AR120|SH=TB41|MG=5.07|DC=3.57|TN=TN|LV=LV|X=\W0.7000;X=2304994.606|Y=\W0.7000;Y=585161.938|"
C90DD1,TengaK,XR TNT$0$Xr-TNT-Khai$0$xr COT$0$T-TEN GA,585183.378,2305016.491,0.000,"T=AR121|SH=TB41|MG=5.11|DC=3.46|TN=TN|LV=LV|X=\W0.7000;X=2305016.782|Y=\W0.7000;Y=585183.183|"
C90DFC,TengaK,XR TNT$0$Xr-TNT-Khai$0$xr COT$0$T-TEN GA,585203.805,2305018.967,0.000,"T=AR122|SH=TB41|MG=5.07|DC=3.39|TN=TN|LV=LV|X=\W0.7000;X=2305021.896|Y=\W0.7000;Y=585202.635|"
C90E27,TengaK,XR TNT$0$Xr-TNT-Khai$0$xr COT$0$T-TEN GA,585224.075,2305043.781,0.000,"T=AR123|SH=TB41|MG=5.11|DC=3.28|TN=TN|LV=LV|X=\W0.7000;X=2305044.074|Y=\W0.7000;Y=585223.883|"
C90E52,TengaK,XR TNT$0$Xr-TNT-Khai$0$xr COT$0$T-TEN GA,585244.349,2305046.193,0.000,"T=AR124|SH=TB41|MG=5.07|DC=3.21|TN=TN|LV=LV|X=\W0.7000;X=2305049.186|Y=\W0.7000;Y=585243.332|"
C90E7D,TengaK,XR TNT$0$Xr-TNT-Khai$0$xr COT$0$T-TEN GA,585264.772,2305071.071,0.000,"T=AR125|SH=TB41|MG=5.11|DC=3.1|TN=TN|LV=LV|X=\W0.7000;X=2305071.362|Y=\W0.7000;Y=585264.577|"
C90EA8,TengaK,XR TNT$0$Xr-TNT-Khai$0$xr COT$0$T-TEN GA,585285.125,2305073.493,0.000,"T=AR126|SH=TB41|MG=5.07|DC=3.03|TN=TN|LV=LV|X=\W0.7000;X=2305076.511|Y=\W0.7000;Y=585284.080|"
C90ED3,TengaK,XR TNT$0$Xr-TNT-Khai$0$xr COT$0$T-TEN GA,585305.469,2305098.361,0.000,"T=AR127|SH=TB41|MG=5.16|DC=2.92|TN=TN|LV=LV|X=\W0.7000;X=2305098.654|Y=\W0.7000;Y=585305.277|"
C90EFE,TengaK,XR TNT$0$Xr-TNT-Khai$0$xr COT$0$T-TEN GA,585325.863,2305100.820,0.000,"T=AR128|SH=TB41|MG=5.07|DC=2.85|TN=TN|LV=LV|X=\W0.7000;X=2305103.766|Y=\W0.7000;Y=585324.726|"
C90F29,TengaK,XR TNT$0$Xr-TNT-Khai$0$xr COT$0$T-TEN GA,585336.398,2305107.554,0.000,"T=AR129|SH=TB41|MG=5.07|DC=2.81|TN=TN|LV=LV|X=\W0.7000;X=2305109.893|Y=\W0.7000;Y=585333.862|"
C90F54,TengaK,XR TNT$0$Xr-TNT-Khai$0$xr COT$0$T-TEN GA,585285.140,2304743.276,0.000,"T=AR130|SH=TB41|MG=4.91|DC=4.06|TN=TN|LV=LV|X=\W0.7000;X=2304743.082|Y=\W0.7000;Y=585284.848|"
C90F7F,TengaK,XR TNT$0$Xr-TNT-Khai$0$xr COT$0$T-TEN GA,585277.414,2304842.778,0.000,"T=AR131|SH=TB41|MG=4.97|DC=4.12|TN=TN|LV=LV|X=\W0.7000;X=2304842.583|Y=\W0.7000;Y=585277.123|"
C90FAA,TengaK,XR TNT$0$Xr-TNT-Khai$0$xr COT$0$T-TEN GA,585261.339,2304845.743,0.000,"T=AR132|SH=TB41|MG=4.97|DC=3.59|TN=TN|LV=LV|X=\W0.7000;X=2304845.937|Y=\W0.7000;Y=585261.630|"
C90FD5,TengaK,XR TNT$0$Xr-TNT-Khai$0$xr COT$0$T-TEN GA,585268.503,2304856.067,0.000,"T=AR133|SH=TB41|MG=4.97|DC=3.55|TN=TN|LV=LV|X=\W0.7000;X=2304855.872|Y=\W0.7000;Y=585268.212|"
C91000,TengaK,XR TNT$0$Xr-TNT-Khai$0$xr COT$0$T-TEN GA,585419.753,2304960.798,0.000,"T=AR134|SH=TB41|MG=5.17|DC=2.89|TN=TN|LV=LV|X=\W0.7000;X=2304958.906|Y=\W0.7000;Y=585421.864|"
C9102B,TengaK,XR TNT$0$Xr-TNT-Khai$0$xr COT$0$T-TEN GA,585434.692,2304960.690,0.000,"T=AR135|SH=TB41|MG=5.17|DC=2.86|TN=TN|LV=LV|X=\W0.7000;X=2304961.224|Y=\W0.7000;Y=585433.554|"
C91056,TengaK,XR TNT$0$Xr-TNT-Khai$0$xr COT$0$T-TEN GA,585456.145,2304983.287,0.000,"T=AR136|SH=TB41|MG=5.21|DC=2.35|TN=TN|LV=LV|X=\W0.7000;X=2304985.250|Y=\W0.7000;Y=585457.558|"
C91081,TengaK,XR TNT$0$Xr-TNT-Khai$0$xr COT$0$T-TEN GA,585356.518,2305132.308,0.000,"T=AR137|SH=TB41|MG=5.26|DC=1.74|TN=TN|LV=LV|X=\W0.7000;X=2305133.937|Y=\W0.7000;Y=585357.894|"
C910AC,TengaK,XR TNT$0$Xr-TNT-Khai$0$xr COT$0$T-TEN GA,585357.272,2304635.707,0.000,"T=AR138|SH=TB41|MG=4.91|DC=4.06|TN=TN|LV=LV|X=\W0.7000;X=2304635.509|Y=\W0.7000;Y=585356.983|"
C910D7,TengaK,XR TNT$0$Xr-TNT-Khai$0$xr COT$0$T-TEN GA,585336.247,2304732.676,0.000,"T=AR139|SH=TB41|MG=5.17|DC=3.62|TN=TN|LV=LV|X=\W0.7000;X=2304733.029|Y=\W0.7000;Y=585337.342|"
C91102,TengaK,XR TNT$0$Xr-TNT-Khai$0$xr COT$0$T-TEN GA,585477.131,2304831.867,0.000,"T=AR140|SH=TB41|MG=5.17|DC=3.05|TN=TN|LV=LV|X=\W0.7000;X=2304832.126|Y=\W0.7000;Y=585476.957|"
C9112D,TengaK,XR TNT$0$Xr-TNT-Khai$0$xr COT$0$T-TEN GA,585499.553,2304841.971,0.000,"T=AR141|SH=TB41|MG=5.17|DC=2.97|TN=TN|LV=LV|X=\W0.7000;X=2304842.176|Y=\W0.7000;Y=585500.111|"
C91158,TengaK,XR TNT$0$Xr-TNT-Khai$0$xr COT$0$T-TEN GA,585532.962,2304869.068,0.000,"T=AR142|SH=TB41|MG=5.17|DC=2.81|TN=TN|LV=LV|X=\W0.7000;X=2304870.735|Y=\W0.7000;Y=585534.465|"
C91183,TengaK,XR TNT$0$Xr-TNT-Khai$0$xr COT$0$T-TEN GA,585431.759,2304643.279,0.000,"T=AR143|SH=TB41|MG=5.34|DC=4.49|TN=TN|LV=LV|X=\W0.7000;X=2304642.988|Y=\W0.7000;Y=585431.954|"
C911AE,TengaK,XR TNT$0$Xr-TNT-Khai$0$xr COT$0$T-TEN GA,585510.451,2304847.881,0.000,"T=AR144|SH=TB41|MG=5.17|DC=2.93|TN=TN|LV=LV|X=\W0.7000;X=2304848.450|Y=\W0.7000;Y=585509.293|"
C911D9,TengaK,XR TNT$0$Xr-TNT-Khai$0$xr COT$0$T-TEN GA,585545.836,2304764.274,0.000,"T=AR145|SH=TB41|MG=5.17|DC=3.79|TN=TN|LV=LV|X=\W0.7000;X=2304765.325|Y=\W0.7000;Y=585546.152|"
C91204,TengaK,XR TNT$0$Xr-TNT-Khai$0$xr COT$0$T-TEN GA,585538.848,2304774.679,0.000,"T=AR146|SH=TB41|MG=5.17|DC=3.75|TN=TN|LV=LV|X=\W0.7000;X=2304774.461|Y=\W0.7000;Y=585540.026|"
C9122F,TengaK,XR TNT$0$Xr-TNT-Khai$0$xr COT$0$T-TEN GA,585481.930,2305564.740,0.000,"T=AR173|SH=TB41|MG=5.17|DC=3.61|TN=TN|LV=LV|X=\W0.7000;X=2305565.015|Y=\W0.7000;Y=585482.586|"
C9125A,TengaK,XR TNT$0$Xr-TNT-Khai$0$xr COT$0$T-TEN GA,585472.389,2305559.311,0.000,"T=AR174|SH=TB41|MG=5.17|DC=3.57|TN=TN|LV=LV|X=\W0.7000;X=2305558.888|Y=\W0.7000;Y=585473.450|"
C91285,TengaK,XR TNT$0$Xr-TNT-Khai$0$xr COT$0$T-TEN GA,585455.444,2305546.814,0.000,"T=AR175|SH=TB41|MG=5.31|DC=3.53|TN=TN|LV=LV|X=\W0.7000;X=2305546.599|Y=\W0.7000;Y=585455.254|"
C912B0,TengaK,XR TNT$0$Xr-TNT-Khai$0$xr COT$0$T-TEN GA,585440.759,2305536.972,0.000,"T=AR176|SH=TB41|MG=5.31|DC=3.48|TN=TN|LV=LV|X=\W0.7000;X=2305537.155|Y=\W0.7000;Y=585441.014|"
C912DB,TengaK,XR TNT$0$Xr-TNT-Khai$0$xr COT$0$T-TEN GA,585422.858,2305526.148,0.000,"T=AR177|SH=TB41|MG=5.17|DC=3.4|TN=TN|LV=LV|X=\W0.7000;X=2305524.915|Y=\W0.7000;Y=585422.786|"
C91306,TengaK,XR TNT$0$Xr-TNT-Khai$0$xr COT$0$T-TEN GA,585412.806,2305519.353,0.000,"T=AR178|SH=TB41|MG=5.17|DC=3.37|TN=TN|LV=LV|X=\W0.7000;X=2305518.789|Y=\W0.7000;Y=585413.650|"
C91331,TengaK,XR TNT$0$Xr-TNT-Khai$0$xr COT$0$T-TEN GA,585308.919,2305444.021,0.000,"T=AR179|SH=TB41|MG=5.31|DC=2.92|TN=TN|LV=LV|X=\W0.7000;X=2305441.581|Y=\W0.7000;Y=585310.337|"
C9135C,TengaK,XR TNT$0$Xr-TNT-Khai$0$xr COT$0$T-TEN GA,585287.888,2305430.302,0.000,"T=AR180|SH=TB41|MG=5.17|DC=2.83|TN=TN|LV=LV|X=\W0.7000;X=2305432.996|Y=\W0.7000;Y=585285.711|"
C91387,TengaK,XR TNT$0$Xr-TNT-Khai$0$xr COT$0$T-TEN GA,585275.459,2305427.238,0.000,"T=AR181|SH=TB41|MG=5.17|DC=2.79|TN=TN|LV=LV|X=\W0.7000;X=2305426.870|Y=\W0.7000;Y=585276.575|"
C913B2,TengaK,XR TNT$0$Xr-TNT-Khai$0$xr COT$0$T-TEN GA,585258.286,2305415.885,0.000,"T=AR182|SH=TB41|MG=5.17|DC=2.7|TN=TN|LV=LV|X=\W0.7000;X=2305414.640|Y=\W0.7000;Y=585258.337|"
C913DD,TengaK,XR TNT$0$Xr-TNT-Khai$0$xr COT$0$T-TEN GA,585248.359,2305409.075,0.000,"T=AR183|SH=TB41|MG=5.17|DC=2.67|TN=TN|LV=LV|X=\W0.7000;X=2305408.514|Y=\W0.7000;Y=585249.201|"
C91408,TengaK,XR TNT$0$Xr-TNT-Khai$0$xr COT$0$T-TEN GA,585644.761,2305516.747,0.000,"T=AR185.1|SH=TB41|MG=5.27|DC=4.44|TN=TN|LV=LV|X=\W0.7000;X=2305514.559|Y=\W0.7000;Y=585645.250|"
C91433,TengaK,XR TNT$0$Xr-TNT-Khai$0$xr COT$0$T-TEN GA,585633.476,2305511.009,0.000,"T=AR186|SH=TB41|MG=5.27|DC=4.11|TN=TN|LV=LV|X=\W0.7000;X=2305508.433|Y=\W0.7000;Y=585636.114|"
C9145E,TengaK,XR TNT$0$Xr-TNT-Khai$0$xr COT$0$T-TEN GA,585609.927,2305494.833,0.000,"T=AR187|SH=TB41|MG=5.27|DC=4|TN=TN|LV=LV|X=\W0.7000;X=2305491.725|Y=\W0.7000;Y=585611.197|"
C91489,TengaK,XR TNT$0$Xr-TNT-Khai$0$xr COT$0$T-TEN GA,585672.497,2305379.277,0.000,"T=AR188|SH=TB41|MG=5.27|DC=3.52|TN=TN|LV=LV|X=\W0.7000;X=2305375.585|Y=\W0.7000;Y=585675.907|"
C914B4,TengaK,XR TNT$0$Xr-TNT-Khai$0$xr COT$0$T-TEN GA,585665.221,2305485.406,0.000,"T=AR189.1|SH=TB41|MG=5.27|DC=4.42|TN=TN|LV=LV|X=\W0.7000;X=2305485.211|Y=\W0.7000;Y=585664.930|"
C914DF,TengaK,XR TNT$0$Xr-TNT-Khai$0$xr COT$0$T-TEN GA,585393.581,2305179.383,0.000,"T=AR190|SH=TB41|MG=5.31|DC=2.35|TN=TN|LV=LV|X=\W0.7000;X=2305175.986|Y=\W0.7000;Y=585390.180|"
C9150A,TengaK,XR TNT$0$Xr-TNT-Khai$0$xr COT$0$T-TEN GA,585442.333,2305509.203,0.000,"T=AR191|SH=TB41|MG=5.31|DC=4.46|TN=TN|LV=LV|X=\W0.7000;X=2305509.489|Y=\W0.7000;Y=585442.131|"
C91535,TengaK,XR TNT$0$Xr-TNT-Khai$0$xr COT$0$T-TEN GA,585361.829,2305455.108,0.000,"T=AR192|SH=TB41|MG=5.31|DC=4.13|TN=TN|LV=LV|X=\W0.7000;X=2305453.808|Y=\W0.7000;Y=585359.158|"
C91560,TengaK,XR TNT$0$Xr-TNT-Khai$0$xr COT$0$T-TEN GA,585370.109,2305435.670,0.000,"T=AR193|SH=TB41|MG=5.27|DC=4.04|TN=TN|LV=LV|X=\W0.7000;X=2305434.471|Y=\W0.7000;Y=585369.757|"
C9158B,TengaK,XR TNT$0$Xr-TNT-Khai$0$xr COT$0$T-TEN GA,585382.949,2305407.195,0.000,"T=AR194|SH=TB41|MG=5.27|DC=3.93|TN=TN|LV=LV|X=\W0.7000;X=2305407.000|Y=\W0.7000;Y=585382.659|"
C915B6,TengaK,XR TNT$0$Xr-TNT-Khai$0$xr COT$0$T-TEN GA,585397.350,2305394.759,0.000,"T=AR195|SH=TB41|MG=5.27|DC=3.87|TN=TN|LV=LV|X=\W0.7000;X=2305393.774|Y=\W0.7000;Y=585397.048|"
C915E1,TengaK,XR TNT$0$Xr-TNT-Khai$0$xr COT$0$T-TEN GA,585410.240,2305366.498,0.000,"T=AR196|SH=TB41|MG=5.27|DC=3.76|TN=TN|LV=LV|X=\W0.7000;X=2305366.303|Y=\W0.7000;Y=585409.949|"
C9160C,TengaK,XR TNT$0$Xr-TNT-Khai$0$xr COT$0$T-TEN GA,585424.546,2305354.097,0.000,"T=AR197|SH=TB41|MG=5.27|DC=3.69|TN=TN|LV=LV|X=\W0.7000;X=2305353.077|Y=\W0.7000;Y=585424.338|"
C91637,TengaK,XR TNT$0$Xr-TNT-Khai$0$xr COT$0$T-TEN GA,585437.530,2305325.801,0.000,"T=AR198|SH=TB41|MG=5.27|DC=3.59|TN=TN|LV=LV|X=\W0.7000;X=2305325.602|Y=\W0.7000;Y=585437.233|"
C91662,TengaK,XR TNT$0$Xr-TNT-Khai$0$xr COT$0$T-TEN GA,585451.663,2305312.825,0.000,"T=AR199|SH=TB41|MG=5.27|DC=3.52|TN=TN|LV=LV|X=\W0.7000;X=2305312.534|Y=\W0.7000;Y=585451.858|"
C9168D,TengaK,XR TNT$0$Xr-TNT-Khai$0$xr COT$0$T-TEN GA,585464.820,2305285.104,0.000,"T=AR200|SH=TB41|MG=5.27|DC=3.41|TN=TN|LV=LV|X=\W0.7000;X=2305284.909|Y=\W0.7000;Y=585464.529|"
C916B8,TengaK,XR TNT$0$Xr-TNT-Khai$0$xr COT$0$T-TEN GA,585478.723,2305271.973,0.000,"T=AR201|SH=TB41|MG=5.27|DC=3.34|TN=TN|LV=LV|X=\W0.7000;X=2305271.683|Y=\W0.7000;Y=585478.918|"
C916E3,TengaK,XR TNT$0$Xr-TNT-Khai$0$xr COT$0$T-TEN GA,585781.829,2305276.140,0.000,"T=AR203|SH=TB41|MG=5.27|DC=4.42|TN=TN|LV=LV|X=\W0.7000;X=2305276.335|Y=\W0.7000;Y=585782.119|"
C9170E,TengaK,XR TNT$0$Xr-TNT-Khai$0$xr COT$0$T-TEN GA,585577.778,2305272.614,0.000,"T=AR204|SH=TB41|MG=5.27|DC=3.41|TN=TN|LV=LV|X=\W0.7000;X=2305273.633|Y=\W0.7000;Y=585578.044|"
C91739,TengaK,XR TNT$0$Xr-TNT-Khai$0$xr COT$0$T-TEN GA,585637.679,2305312.570,0.000,"T=AR205|SH=TB41|MG=5.27|DC=3.69|TN=TN|LV=LV|X=\W0.7000;X=2305313.733|Y=\W0.7000;Y=585637.844|"
C91764,TengaK,XR TNT$0$Xr-TNT-Khai$0$xr COT$0$T-TEN GA,585620.677,2305301.051,0.000,"T=AR206|SH=TB41|MG=5.31|DC=3.6|TN=TN|LV=LV|X=\W0.7000;X=2305301.481|Y=\W0.7000;Y=585619.598|"
C9178F,TengaK,XR TNT$0$Xr-TNT-Khai$0$xr COT$0$T-TEN GA,585605.275,2305291.019,0.000,"T=AR207|SH=TB41|MG=5.31|DC=3.54|TN=TN|LV=LV|X=\W0.7000;X=2305292.008|Y=\W0.7000;Y=585605.472|"
C917BA,TengaK,XR TNT$0$Xr-TNT-Khai$0$xr COT$0$T-TEN GA,585588.424,2305279.184,0.000,"T=AR208|SH=TB41|MG=5.27|DC=3.45|TN=TN|LV=LV|X=\W0.7000;X=2305279.760|Y=\W0.7000;Y=585587.180|"
C917E5,TengaK,XR TNT$0$Xr-TNT-Khai$0$xr COT$0$T-TEN GA,585452.709,2305188.059,0.000,"T=AR209|SH=TB41|MG=5.27|DC=2.87|TN=TN|LV=LV|X=\W0.7000;X=2305187.864|Y=\W0.7000;Y=585450.139|"
C91810,TengaK,XR TNT$0$Xr-TNT-Khai$0$xr COT$0$T-TEN GA,585440.898,2305180.729,0.000,"T=AR211|SH=TB41|MG=5.27|DC=2.84|TN=TN|LV=LV|X=\W0.7000;X=2305181.738|Y=\W0.7000;Y=585441.003|"
C9183B,TengaK,XR TNT$0$Xr-TNT-Khai$0$xr COT$0$T-TEN GA,585423.550,2305168.981,0.000,"T=AR212|SH=TB41|MG=5.27|DC=2.75|TN=TN|LV=LV|X=\W0.7000;X=2305169.466|Y=\W0.7000;Y=585422.727|"
C91866,TengaK,XR TNT$0$Xr-TNT-Khai$0$xr COT$0$T-TEN GA,585826.105,2305223.745,0.000,"T=AR214|SH=TB41|MG=5.27|DC=4.05|TN=TN|LV=LV|X=\W0.7000;X=2305226.318|Y=\W0.7000;Y=585825.291|"
C91891,TengaK,XR TNT$0$Xr-TNT-Khai$0$xr COT$0$T-TEN GA,585808.547,2305212.444,0.000,"T=AR215|SH=TB41|MG=5.27|DC=3.97|TN=TN|LV=LV|X=\W0.7000;X=2305214.066|Y=\W0.7000;Y=585807.019|"
C918BC,TengaK,XR TNT$0$Xr-TNT-Khai$0$xr COT$0$T-TEN GA,585800.053,2305204.075,0.000,"T=AR216|SH=TB41|MG=5.27|DC=3.93|TN=TN|LV=LV|X=\W0.7000;X=2305207.939|Y=\W0.7000;Y=585797.883|"
C918E7,TengaK,XR TNT$0$Xr-TNT-Khai$0$xr COT$0$T-TEN GA,585781.337,2305193.793,0.000,"T=AR217|SH=TB41|MG=5.27|DC=3.84|TN=TN|LV=LV|X=\W0.7000;X=2305195.687|Y=\W0.7000;Y=585779.611|"
C91912,TengaK,XR TNT$0$Xr-TNT-Khai$0$xr COT$0$T-TEN GA,585772.698,2305185.617,0.000,"T=AR218|SH=TB41|MG=5.27|DC=3.81|TN=TN|LV=LV|X=\W0.7000;X=2305189.560|Y=\W0.7000;Y=585770.475|"
C9193D,TengaK,XR TNT$0$Xr-TNT-Khai$0$xr COT$0$T-TEN GA,585754.935,2305173.825,0.000,"T=AR219|SH=TB41|MG=5.27|DC=3.73|TN=TN|LV=LV|X=\W0.7000;X=2305177.380|Y=\W0.7000;Y=585752.217|"
C91968,TengaK,XR TNT$0$Xr-TNT-Khai$0$xr COT$0$T-TEN GA,585742.856,2305170.153,0.000,"T=AR220|SH=TB41|MG=5.27|DC=3.69|TN=TN|LV=LV|X=\W0.7000;X=2305171.254|Y=\W0.7000;Y=585743.081|"
C91993,TengaK,XR TNT$0$Xr-TNT-Khai$0$xr COT$0$T-TEN GA,585720.361,2305152.328,0.000,"T=AR221|SH=TB41|MG=5.31|DC=3.58|TN=TN|LV=LV|X=\W0.7000;X=2305152.812|Y=\W0.7000;Y=585719.264|"
C919BE,TengaK,XR TNT$0$Xr-TNT-Khai$0$xr COT$0$T-TEN GA,585706.746,2305140.293,0.000,"T=AR222|SH=TB41|MG=5.31|DC=3.52|TN=TN|LV=LV|X=\W0.7000;X=2305143.545|Y=\W0.7000;Y=585705.010|"
C919E9,TengaK,XR TNT$0$Xr-TNT-Khai$0$xr COT$0$T-TEN GA,585689.055,2305128.444,0.000,"T=AR223|SH=TB41|MG=5.27|DC=3.43|TN=TN|LV=LV|X=\W0.7000;X=2305132.752|Y=\W0.7000;Y=585685.759|"
C91A14,TengaK,XR TNT$0$Xr-TNT-Khai$0$xr COT$0$T-TEN GA,585676.417,2305125.478,0.000,"T=AR224|SH=TB41|MG=5.27|DC=3.4|TN=TN|LV=LV|X=\W0.7000;X=2305126.626|Y=\W0.7000;Y=585676.623|"
C91A3F,TengaK,XR TNT$0$Xr-TNT-Khai$0$xr COT$0$T-TEN GA,585661.656,2305110.071,0.000,"T=AR225|SH=TB41|MG=5.27|DC=3.31|TN=TN|LV=LV|X=\W0.7000;X=2305114.373|Y=\W0.7000;Y=585658.350|"
C91A6A,TengaK,XR TNT$0$Xr-TNT-Khai$0$xr COT$0$T-TEN GA,585650.427,2305105.909,0.000,"T=AR226|SH=TB41|MG=5.27|DC=3.27|TN=TN|LV=LV|X=\W0.7000;X=2305108.247|Y=\W0.7000;Y=585649.214|"
C91A95,TengaK,XR TNT$0$Xr-TNT-Khai$0$xr COT$0$T-TEN GA,585632.578,2305094.171,0.000,"T=AR227|SH=TB41|MG=5.27|DC=3.19|TN=TN|LV=LV|X=\W0.7000;X=2305095.994|Y=\W0.7000;Y=585630.942|"
C91AC0,TengaK,XR TNT$0$Xr-TNT-Khai$0$xr COT$0$T-TEN GA,585623.993,2305086.029,0.000,"T=AR228|SH=TB41|MG=5.27|DC=3.15|TN=TN|LV=LV|X=\W0.7000;X=2305089.868|Y=\W0.7000;Y=585621.806|"
C91AEB,TengaK,XR TNT$0$Xr-TNT-Khai$0$xr COT$0$T-TEN GA,585605.190,2305075.818,0.000,"T=AR229|SH=TB41|MG=5.27|DC=3.07|TN=TN|LV=LV|X=\W0.7000;X=2305077.565|Y=\W0.7000;Y=585603.568|"
C91B16,TengaK,XR TNT$0$Xr-TNT-Khai$0$xr COT$0$T-TEN GA,585596.563,2305067.632,0.000,"T=AR230|SH=TB41|MG=5.27|DC=3.03|TN=TN|LV=LV|X=\W0.7000;X=2305071.439|Y=\W0.7000;Y=585594.431|"
C91B41,TengaK,XR TNT$0$Xr-TNT-Khai$0$xr COT$0$T-TEN GA,585579.249,2305056.015,0.000,"T=AR231|SH=TB41|MG=5.27|DC=2.95|TN=TN|LV=LV|X=\W0.7000;X=2305059.236|Y=\W0.7000;Y=585576.126|"
C91B6C,TengaK,XR TNT$0$Xr-TNT-Khai$0$xr COT$0$T-TEN GA,585567.707,2305050.623,0.000,"T=AR232|SH=TB41|MG=5.27|DC=2.91|TN=TN|LV=LV|X=\W0.7000;X=2305053.109|Y=\W0.7000;Y=585566.990|"
C91B97,TengaK,XR TNT$0$Xr-TNT-Khai$0$xr COT$0$T-TEN GA,585549.919,2305040.198,0.000,"T=AR233|SH=TB41|MG=5.27|DC=2.82|TN=TN|LV=LV|X=\W0.7000;X=2305040.857|Y=\W0.7000;Y=585548.718|"
C91BC2,TengaK,XR TNT$0$Xr-TNT-Khai$0$xr COT$0$T-TEN GA,585540.136,2305032.493,0.000,"T=AR234|SH=TB41|MG=5.27|DC=2.79|TN=TN|LV=LV|X=\W0.7000;X=2305034.730|Y=\W0.7000;Y=585539.582|"
C91BED,TengaK,XR TNT$0$Xr-TNT-Khai$0$xr COT$0$T-TEN GA,585524.977,2305018.265,0.000,"T=AR235|SH=TB41|MG=5.27|DC=2.7|TN=TN|LV=LV|X=\W0.7000;X=2305022.478|Y=\W0.7000;Y=585521.309|"
C91C18,TengaK,XR TNT$0$Xr-TNT-Khai$0$xr COT$0$T-TEN GA,584938.581,2305327.062,0.000,"T=AR89.1|SH=TB41|MG=5.07|DC=4.22|TN=TN|LV=LV|X=\W0.7000;X=2305327.265|Y=\W0.7000;Y=584938.866|"
C91C43,TengaK,XR TNT$0$Xr-TNT-Khai$0$xr COT$0$T-TEN GA,584948.293,2305333.587,0.000,"T=AR90.1|SH=TB41|MG=5.07|DC=4.22|TN=TN|LV=LV|X=\W0.7000;X=2305333.392|Y=\W0.7000;Y=584948.002|"
C91C6E,TengaK,XR TNT$0$Xr-TNT-Khai$0$xr COT$0$T-TEN GA,584979.272,2305354.362,0.000,"T=AR91.1|SH=TB41|MG=5.07|DC=4.22|TN=TN|LV=LV|X=\W0.7000;X=2305354.556|Y=\W0.7000;Y=584979.563|"
C91C99,TengaK,XR TNT$0$Xr-TNT-Khai$0$xr COT$0$T-TEN GA,584988.990,2305360.877,0.000,"T=AR92.1|SH=TB41|MG=5.07|DC=4.22|TN=TN|LV=LV|X=\W0.7000;X=2305360.668|Y=\W0.7000;Y=584988.770|"
C91CC4,TengaK,XR TNT$0$Xr-TNT-Khai$0$xr COT$0$T-TEN GA,585019.972,2305381.647,0.000,"T=AR93.1|SH=TB41|MG=5.07|DC=4.22|TN=TN|LV=LV|X=\W0.7000;X=2305381.846|Y=\W0.7000;Y=585020.260|"
C91CEF,TengaK,XR TNT$0$Xr-TNT-Khai$0$xr COT$0$T-TEN GA,585029.687,2305388.167,0.000,"T=AR94.1|SH=TB41|MG=5.07|DC=4.22|TN=TN|LV=LV|X=\W0.7000;X=2305387.972|Y=\W0.7000;Y=585029.396|"
C91D1A,TengaK,XR TNT$0$Xr-TNT-Khai$0$xr COT$0$T-TEN GA,585060.335,2305408.717,0.000,"T=AR95.1|SH=TB41|MG=5.17|DC=4.32|TN=TN|LV=LV|X=\W0.7000;X=2305409.136|Y=\W0.7000;Y=585060.957|"
C91D45,TengaK,XR TNT$0$Xr-TNT-Khai$0$xr COT$0$T-TEN GA,585070.384,2305415.457,0.000,"T=AR96.1|SH=TB41|MG=5.17|DC=4.32|TN=TN|LV=LV|X=\W0.7000;X=2305415.262|Y=\W0.7000;Y=585070.093|"
C91D70,TengaK,XR TNT$0$Xr-TNT-Khai$0$xr COT$0$T-TEN GA,585101.366,2305436.228,0.000,"T=AR97.1|SH=TB41|MG=5.17|DC=4.32|TN=TN|LV=LV|X=\W0.7000;X=2305436.426|Y=\W0.7000;Y=585101.654|"
C91D9B,TengaK,XR TNT$0$Xr-TNT-Khai$0$xr COT$0$T-TEN GA,585111.081,2305442.747,0.000,"T=AR98.1|SH=TB41|MG=5.17|DC=4.32|TN=TN|LV=LV|X=\W0.7000;X=2305442.552|Y=\W0.7000;Y=585110.790|"
C91DC6,TengaK,XR TNT$0$Xr-TNT-Khai$0$xr COT$0$T-TEN GA,585143.721,2305464.636,0.000,"T=AR99.1|SH=TB41|MG=5.17|DC=4.32|TN=TN|LV=LV|X=\W0.7000;X=2305464.700|Y=\W0.7000;Y=585143.987|"
C91DF1,TengaK,XR TNT$0$Xr-TNT-Khai$0$xr COT$0$T-TEN GA,585023.200,2305200.872,0.000,"T=AR102.1|SH=TB41|MG=5.07|DC=4.22|TN=TN|LV=LV|X=\W0.7000;X=2305201.076|Y=\W0.7000;Y=585023.524|"
C91E1C,TengaK,XR TNT$0$Xr-TNT-Khai$0$xr COT$0$T-TEN GA,585032.916,2305207.390,0.000,"T=AR103.1|SH=TB41|MG=5.07|DC=4.22|TN=TN|LV=LV|X=\W0.7000;X=2305207.142|Y=\W0.7000;Y=585032.967|"
C91E47,TengaK,XR TNT$0$Xr-TNT-Khai$0$xr COT$0$T-TEN GA,585063.860,2305228.142,0.000,"T=AR104.1|SH=TB41|MG=5.07|DC=4.22|TN=TN|LV=LV|X=\W0.7000;X=2305228.314|Y=\W0.7000;Y=585064.330|"
C91E72,TengaK,XR TNT$0$Xr-TNT-Khai$0$xr COT$0$T-TEN GA,585073.613,2305234.680,0.000,"T=AR105.1|SH=TB41|MG=5.07|DC=4.22|TN=TN|LV=LV|X=\W0.7000;X=2305234.464|Y=\W0.7000;Y=585073.501|"
C91E9D,TengaK,XR TNT$0$Xr-TNT-Khai$0$xr COT$0$T-TEN GA,585104.596,2305255.450,0.000,"T=AR106.1|SH=TB41|MG=5.07|DC=4.22|TN=TN|LV=LV|X=\W0.7000;X=2305255.628|Y=\W0.7000;Y=585105.062|"
C91EC8,TengaK,XR TNT$0$Xr-TNT-Khai$0$xr COT$0$T-TEN GA,585109.576,2305269.030,0.000,"T=AR107.1|SH=TB41|MG=5.07|DC=4.22|TN=TN|LV=LV|X=\W0.7000;X=2305268.814|Y=\W0.7000;Y=585109.464|"
C91EF3,TengaK,XR TNT$0$Xr-TNT-Khai$0$xr COT$0$T-TEN GA,585140.136,2305290.430,0.000,"T=AR108.1|SH=TB41|MG=5.07|DC=4.22|TN=TN|LV=LV|X=\W0.7000;X=2305290.667|Y=\W0.7000;Y=585140.399|"
C91F1E,TengaK,XR TNT$0$Xr-TNT-Khai$0$xr COT$0$T-TEN GA,585180.865,2305162.720,0.000,"T=AR117.1|SH=TB41|MG=5.07|DC=4.22|TN=TN|LV=LV|X=\W0.7000;X=2305162.525|Y=\W0.7000;Y=585180.574|"
C91F49,TengaK,XR TNT$0$Xr-TNT-Khai$0$xr COT$0$T-TEN GA,585095.219,2305093.472,0.000,"T=AR112.1|SH=TB41|MG=5.07|DC=4.22|TN=TN|LV=LV|X=\W0.7000;X=2305093.684|Y=\W0.7000;Y=585095.498|"
C91F74,TengaK,XR TNT$0$Xr-TNT-Khai$0$xr COT$0$T-TEN GA,585104.938,2305099.986,0.000,"T=AR113.1|SH=TB41|MG=5.07|DC=4.22|TN=TN|LV=LV|X=\W0.7000;X=2305099.809|Y=\W0.7000;Y=585104.636|"
C91F9F,TengaK,XR TNT$0$Xr-TNT-Khai$0$xr COT$0$T-TEN GA,585135.920,2305120.757,0.000,"T=AR114.1|SH=TB41|MG=5.07|DC=4.22|TN=TN|LV=LV|X=\W0.7000;X=2305120.966|Y=\W0.7000;Y=585136.201|"
C91FCA,TengaK,XR TNT$0$Xr-TNT-Khai$0$xr COT$0$T-TEN GA,585145.641,2305127.268,0.000,"T=AR115.1|SH=TB41|MG=5.07|DC=4.22|TN=TN|LV=LV|X=\W0.7000;X=2305127.091|Y=\W0.7000;Y=585145.338|"
C91FF5,TengaK,XR TNT$0$Xr-TNT-Khai$0$xr COT$0$T-TEN GA,585176.624,2305148.036,0.000,"T=AR116.1|SH=TB41|MG=5.07|DC=4.22|TN=TN|LV=LV|X=\W0.7000;X=2305148.248|Y=\W0.7000;Y=585176.903|"
C92020,TengaK,XR TNT$0$Xr-TNT-Khai$0$xr COT$0$T-TEN GA,585220.356,2304906.859,0.000,"T=AR120.1|SH=TB41|MG=5.07|DC=4.22|TN=TN|LV=LV|X=\W0.7000;X=2304906.976|Y=\W0.7000;Y=585220.699|"
C9204B,TengaK,XR TNT$0$Xr-TNT-Khai$0$xr COT$0$T-TEN GA,585230.074,2304913.375,0.000,"T=AR121.1|SH=TB41|MG=5.07|DC=4.22|TN=TN|LV=LV|X=\W0.7000;X=2304913.102|Y=\W0.7000;Y=585229.835|"
C92076,TengaK,XR TNT$0$Xr-TNT-Khai$0$xr COT$0$T-TEN GA,585261.053,2304934.149,0.000,"T=AR122.1|SH=TB41|MG=5.07|DC=4.22|TN=TN|LV=LV|X=\W0.7000;X=2304934.344|Y=\W0.7000;Y=585261.344|"
C920A1,TengaK,XR TNT$0$Xr-TNT-Khai$0$xr COT$0$T-TEN GA,585270.823,2304940.587,0.000,"T=AR123.1|SH=TB41|MG=5.07|DC=4.22|TN=TN|LV=LV|X=\W0.7000;X=2304940.392|Y=\W0.7000;Y=585270.532|"
C920CC,TengaK,XR TNT$0$Xr-TNT-Khai$0$xr COT$0$T-TEN GA,585301.803,2304961.361,0.000,"T=AR124.1|SH=TB41|MG=5.07|DC=4.22|TN=TN|LV=LV|X=\W0.7000;X=2304961.556|Y=\W0.7000;Y=585302.093|"
C920F7,TengaK,XR TNT$0$Xr-TNT-Khai$0$xr COT$0$T-TEN GA,585311.520,2304967.877,0.000,"T=AR125.1|SH=TB41|MG=5.07|DC=4.22|TN=TN|LV=LV|X=\W0.7000;X=2304967.682|Y=\W0.7000;Y=585311.229|"
C92122,TengaK,XR TNT$0$Xr-TNT-Khai$0$xr COT$0$T-TEN GA,585342.447,2304988.729,0.000,"T=AR126.1|SH=TB41|MG=5.07|DC=4.22|TN=TN|LV=LV|X=\W0.7000;X=2304988.916|Y=\W0.7000;Y=585342.744|"
C9214D,TengaK,XR TNT$0$Xr-TNT-Khai$0$xr COT$0$T-TEN GA,585352.217,2304995.168,0.000,"T=AR127.1|SH=TB41|MG=5.07|DC=4.22|TN=TN|LV=LV|X=\W0.7000;X=2304994.973|Y=\W0.7000;Y=585351.926|"
C92178,TengaK,XR TNT$0$Xr-TNT-Khai$0$xr COT$0$T-TEN GA,585383.144,2305016.019,0.000,"T=AR128.1|SH=TB41|MG=5.07|DC=4.22|TN=TN|LV=LV|X=\W0.7000;X=2305016.214|Y=\W0.7000;Y=585383.435|"
C921A3,TengaK,XR TNT$0$Xr-TNT-Khai$0$xr COT$0$T-TEN GA,585392.914,2305022.458,0.000,"T=AR129.1|SH=TB41|MG=5.07|DC=4.22|TN=TN|LV=LV|X=\W0.7000;X=2305022.263|Y=\W0.7000;Y=585392.623|"
C921CE,TengaK,XR TNT$0$Xr-TNT-Khai$0$xr COT$0$T-TEN GA,585454.211,2305491.523,0.000,"T=AR193.1|SH=TB41|MG=5.27|DC=4.42|TN=TN|LV=LV|X=\W0.7000;X=2305491.232|Y=\W0.7000;Y=585454.404|"
C921F9,TengaK,XR TNT$0$Xr-TNT-Khai$0$xr COT$0$T-TEN GA,585452.604,2305475.983,0.000,"T=AR194.1|SH=TB41|MG=5.27|DC=4.42|TN=TN|LV=LV|X=\W0.7000;X=2305476.692|Y=\W0.7000;Y=585452.476|"
C92224,TengaK,XR TNT$0$Xr-TNT-Khai$0$xr COT$0$T-TEN GA,585472.969,2305445.661,0.000,"T=AR195.1|SH=TB41|MG=5.27|DC=4.42|TN=TN|LV=LV|X=\W0.7000;X=2305445.133|Y=\W0.7000;Y=585473.639|"
C9224F,TengaK,XR TNT$0$Xr-TNT-Khai$0$xr COT$0$T-TEN GA,585479.948,2305435.141,0.000,"T=AR196.1|SH=TB41|MG=5.27|DC=4.42|TN=TN|LV=LV|X=\W0.7000;X=2305435.995|Y=\W0.7000;Y=585479.767|"
C9227A,TengaK,XR TNT$0$Xr-TNT-Khai$0$xr COT$0$T-TEN GA,585500.732,2305404.726,0.000,"T=AR197.1|SH=TB41|MG=5.27|DC=4.42|TN=TN|LV=LV|X=\W0.7000;X=2305404.436|Y=\W0.7000;Y=585500.929|"
C922A5,TengaK,XR TNT$0$Xr-TNT-Khai$0$xr COT$0$T-TEN GA,585507.252,2305395.008,0.000,"T=AR198.1|SH=TB41|MG=5.27|DC=4.42|TN=TN|LV=LV|X=\W0.7000;X=2305395.298|Y=\W0.7000;Y=585507.057|"
C922D0,TengaK,XR TNT$0$Xr-TNT-Khai$0$xr COT$0$T-TEN GA,585527.573,2305364.282,0.000,"T=AR199.1|SH=TB41|MG=5.27|DC=4.42|TN=TN|LV=LV|X=\W0.7000;X=2305363.739|Y=\W0.7000;Y=585528.219|"
C922FB,TengaK,XR TNT$0$Xr-TNT-Khai$0$xr COT$0$T-TEN GA,585527.042,2305349.270,0.000,"T=AR200.1|SH=TB41|MG=5.27|DC=4.42|TN=TN|LV=LV|X=\W0.7000;X=2305354.601|Y=\W0.7000;Y=585534.347|"
C92326,TengaK,XR TNT$0$Xr-TNT-Khai$0$xr COT$0$T-TEN GA,585555.080,2305323.174,0.000,"T=AR201.1|SH=TB41|MG=5.27|DC=4.42|TN=TN|LV=LV|X=\W0.7000;X=2305322.884|Y=\W0.7000;Y=585555.273|"
C92351,TengaK,XR TNT$0$Xr-TNT-Khai$0$xr COT$0$T-TEN GA,585344.082,2305403.481,0.000,"T=AR54.1|SH=TB41|MG=5.27|DC=4.42|TN=TN|LV=LV|X=\W0.7000;X=2305403.745|Y=\W0.7000;Y=585343.890|"
C9237C,TengaK,XR TNT$0$Xr-TNT-Khai$0$xr COT$0$T-TEN GA,585364.838,2305372.599,0.000,"T=AR55.1|SH=TB41|MG=5.27|DC=4.42|TN=TN|LV=LV|X=\W0.7000;X=2305372.211|Y=\W0.7000;Y=585364.891|"
C923A7,TengaK,XR TNT$0$Xr-TNT-Khai$0$xr COT$0$T-TEN GA,585371.575,2305362.521,0.000,"T=AR56.1|SH=TB41|MG=5.27|DC=4.42|TN=TN|LV=LV|X=\W0.7000;X=2305363.048|Y=\W0.7000;Y=585371.180|"
C923D2,TengaK,XR TNT$0$Xr-TNT-Khai$0$xr COT$0$T-TEN GA,585392.008,2305331.819,0.000,"T=AR57.1|SH=TB41|MG=5.27|DC=4.42|TN=TN|LV=LV|X=\W0.7000;X=2305331.489|Y=\W0.7000;Y=585392.342|"
C923FD,TengaK,XR TNT$0$Xr-TNT-Khai$0$xr COT$0$T-TEN GA,585398.519,2305322.095,0.000,"T=AR58.1|SH=TB41|MG=5.27|DC=4.42|TN=TN|LV=LV|X=\W0.7000;X=2305322.351|Y=\W0.7000;Y=585398.470|"
C92428,TengaK,XR TNT$0$Xr-TNT-Khai$0$xr COT$0$T-TEN GA,585419.288,2305291.115,0.000,"T=AR59.1|SH=TB41|MG=5.27|DC=4.42|TN=TN|LV=LV|X=\W0.7000;X=2305290.817|Y=\W0.7000;Y=585419.471|"
C92453,TengaK,XR TNT$0$Xr-TNT-Khai$0$xr COT$0$T-TEN GA,585425.809,2305281.398,0.000,"T=AR60.1|SH=TB41|MG=5.27|DC=4.42|TN=TN|LV=LV|X=\W0.7000;X=2305281.654|Y=\W0.7000;Y=585425.760|"
C9247E,TengaK,XR TNT$0$Xr-TNT-Khai$0$xr COT$0$T-TEN GA,585446.584,2305250.422,0.000,"T=AR61.1|SH=TB41|MG=5.27|DC=4.42|TN=TN|LV=LV|X=\W0.7000;X=2305250.095|Y=\W0.7000;Y=585446.922|"
C924A9,TengaK,XR TNT$0$Xr-TNT-Khai$0$xr COT$0$T-TEN GA,585344.924,2305418.385,0.000,"T=AR53.1|SH=TB41|MG=5.27|DC=4.42|TN=TN|LV=LV|X=\W0.7000;X=2305418.116|Y=\W0.7000;Y=585345.367|"
C924D4,TengaK,XR TNT$0$Xr-TNT-Khai$0$xr COT$0$T-TEN GA,585331.593,2305434.944,0.000,"T=AR52.1|SH=TB41|MG=5.31|DC=4.46|TN=TN|LV=LV|X=\W0.7000;X=2305435.236|Y=\W0.7000;Y=585331.400|"
C924FF,TengaK,XR TNT$0$Xr-TNT-Khai$0$xr COT$0$T-TEN GA,585832.593,2305176.556,0.000,"T=AR215.1|SH=TB41|MG=5.27|DC=4.42|TN=TN|LV=LV|X=\W0.7000;X=2305176.367|Y=\W0.7000;Y=585832.299|"
C9252A,TengaK,XR TNT$0$Xr-TNT-Khai$0$xr COT$0$T-TEN GA,585822.885,2305170.026,0.000,"T=AR216.1|SH=TB41|MG=5.27|DC=4.42|TN=TN|LV=LV|X=\W0.7000;X=2305170.220|Y=\W0.7000;Y=585823.176|"
C92555,TengaK,XR TNT$0$Xr-TNT-Khai$0$xr COT$0$T-TEN GA,585805.196,2305158.160,0.000,"T=AR217.1|SH=TB41|MG=5.27|DC=4.42|TN=TN|LV=LV|X=\W0.7000;X=2305157.968|Y=\W0.7000;Y=585804.904|"
C92580,TengaK,XR TNT$0$Xr-TNT-Khai$0$xr COT$0$T-TEN GA,585795.477,2305151.646,0.000,"T=AR218.1|SH=TB41|MG=5.27|DC=4.42|TN=TN|LV=LV|X=\W0.7000;X=2305151.816|Y=\W0.7000;Y=585795.785|"
C925AB,TengaK,XR TNT$0$Xr-TNT-Khai$0$xr COT$0$T-TEN GA,585812.853,2305087.490,0.000,"T=AR219.1|SH=TB41|MG=5.27|DC=4.42|TN=TN|LV=LV|X=\W0.7000;X=2305087.300|Y=\W0.7000;Y=585812.559|"
C925D6,TengaK,XR TNT$0$Xr-TNT-Khai$0$xr COT$0$T-TEN GA,585802.599,2305081.773,0.000,"T=AR220.1|SH=TB41|MG=5.27|DC=4.42|TN=TN|LV=LV|X=\W0.7000;X=2305082.119|Y=\W0.7000;Y=585802.789|"
C92601,TengaK,XR TNT$0$Xr-TNT-Khai$0$xr COT$0$T-TEN GA,585778.341,2305065.501,0.000,"T=AR221.1|SH=TB41|MG=5.31|DC=4.46|TN=TN|LV=LV|X=\W0.7000;X=2305065.411|Y=\W0.7000;Y=585777.872|"
C9262C,TengaK,XR TNT$0$Xr-TNT-Khai$0$xr COT$0$T-TEN GA,585763.563,2305055.597,0.000,"T=AR222.1|SH=TB41|MG=5.31|DC=4.46|TN=TN|LV=LV|X=\W0.7000;X=2305055.792|Y=\W0.7000;Y=585763.854|"
C92657,TengaK,XR TNT$0$Xr-TNT-Khai$0$xr COT$0$T-TEN GA,585745.873,2305043.734,0.000,"T=AR223.1|SH=TB41|MG=5.27|DC=4.42|TN=TN|LV=LV|X=\W0.7000;X=2305043.539|Y=\W0.7000;Y=585745.582|"
C92682,TengaK,XR TNT$0$Xr-TNT-Khai$0$xr COT$0$T-TEN GA,585736.155,2305037.218,0.000,"T=AR224.1|SH=TB41|MG=5.27|DC=4.42|TN=TN|LV=LV|X=\W0.7000;X=2305037.413|Y=\W0.7000;Y=585736.446|"
C926AD,TengaK,XR TNT$0$Xr-TNT-Khai$0$xr COT$0$T-TEN GA,585718.469,2305025.354,0.000,"T=AR225.1|SH=TB41|MG=5.27|DC=4.42|TN=TN|LV=LV|X=\W0.7000;X=2305025.217|Y=\W0.7000;Y=585718.259|"
C926D8,TengaK,XR TNT$0$Xr-TNT-Khai$0$xr COT$0$T-TEN GA,585674.217,2305070.333,0.000,"T=AR226.1|SH=TB41|MG=5.27|DC=4.42|TN=TN|LV=LV|X=\W0.7000;X=2305070.532|Y=\W0.7000;Y=585674.504|"
C92703,TengaK,XR TNT$0$Xr-TNT-Khai$0$xr COT$0$T-TEN GA,585656.524,2305058.473,0.000,"T=AR227.1|SH=TB41|MG=5.27|DC=4.42|TN=TN|LV=LV|X=\W0.7000;X=2305058.275|Y=\W0.7000;Y=585656.235|"
C9272E,TengaK,XR TNT$0$Xr-TNT-Khai$0$xr COT$0$T-TEN GA,585646.808,2305051.954,0.000,"T=AR228.1|SH=TB41|MG=5.27|DC=4.42|TN=TN|LV=LV|X=\W0.7000;X=2305052.149|Y=\W0.7000;Y=585647.099|"
C92759,TengaK,XR TNT$0$Xr-TNT-Khai$0$xr COT$0$T-TEN GA,585629.118,2305040.090,0.000,"T=AR229.1|SH=TB41|MG=5.27|DC=4.42|TN=TN|LV=LV|X=\W0.7000;X=2305039.893|Y=\W0.7000;Y=585628.842|"
C92784,TengaK,XR TNT$0$Xr-TNT-Khai$0$xr COT$0$T-TEN GA,585619.400,2305033.575,0.000,"T=AR230.1|SH=TB41|MG=5.27|DC=4.42|TN=TN|LV=LV|X=\W0.7000;X=2305033.755|Y=\W0.7000;Y=585619.688|"
C927AF,TengaK,XR TNT$0$Xr-TNT-Khai$0$xr COT$0$T-TEN GA,585601.713,2305021.707,0.000,"T=AR231.1|SH=TB41|MG=5.27|DC=4.42|TN=TN|LV=LV|X=\W0.7000;X=2305021.514|Y=\W0.7000;Y=585601.434|"
C927DA,TengaK,XR TNT$0$Xr-TNT-Khai$0$xr COT$0$T-TEN GA,585591.992,2305015.196,0.000,"T=AR232.1|SH=TB41|MG=5.27|DC=4.42|TN=TN|LV=LV|X=\W0.7000;X=2305015.388|Y=\W0.7000;Y=585592.298|"
C92805,TengaK,XR TNT$0$Xr-TNT-Khai$0$xr COT$0$T-TEN GA,585607.819,2304952.268,0.000,"T=AR233.1|SH=TB41|MG=5.27|DC=4.42|TN=TN|LV=LV|X=\W0.7000;X=2304950.838|Y=\W0.7000;Y=585609.082|"
C92830,TengaK,XR TNT$0$Xr-TNT-Khai$0$xr COT$0$T-TEN GA,585599.114,2304945.322,0.000,"T=AR234.1|SH=TB41|MG=5.27|DC=4.42|TN=TN|LV=LV|X=\W0.7000;X=2304945.517|Y=\W0.7000;Y=585599.405|"
C9285B,TengaK,XR TNT$0$Xr-TNT-Khai$0$xr COT$0$T-TEN GA,585581.524,2304933.527,0.000,"T=AR235.1|SH=TB41|MG=5.27|DC=4.42|TN=TN|LV=LV|X=\W0.7000;X=2304933.310|Y=\W0.7000;Y=585581.200|"
C92886,TengaK,XR TNT$0$Xr-TNT-Khai$0$xr COT$0$T-TEN GA,585622.237,2304800.775,0.000,"T=AR25.1|SH=TB41|MG=5.11|DC=4.26|TN=TN|LV=LV|X=\W0.7000;X=2304800.559|Y=\W0.7000;Y=585621.960|"
C928B1,TengaK,XR TNT$0$Xr-TNT-Khai$0$xr COT$0$T-TEN GA,585960.290,2305024.371,0.000,"T=AR3.1|SH=TB41|MG=5.17|DC=4.32|TN=TN|LV=LV|X=\W0.7000;X=2305024.566|Y=\W0.7000;Y=585960.580|"
C928DC,TengaK,XR TNT$0$Xr-TNT-Khai$0$xr COT$0$T-TEN GA,585942.981,2305012.764,0.000,"T=AR4.1|SH=TB41|MG=5.17|DC=4.32|TN=TN|LV=LV|X=\W0.7000;X=2305012.313|Y=\W0.7000;Y=585942.308|"
C92907,TengaK,XR TNT$0$Xr-TNT-Khai$0$xr COT$0$T-TEN GA,585932.881,2305005.992,0.000,"T=AR5.1|SH=TB41|MG=5.17|DC=4.32|TN=TN|LV=LV|X=\W0.7000;X=2305006.187|Y=\W0.7000;Y=585933.172|"
C92932,TengaK,XR TNT$0$Xr-TNT-Khai$0$xr COT$0$T-TEN GA,585915.190,2304994.130,0.000,"T=AR6.1|SH=TB41|MG=5.17|DC=4.32|TN=TN|LV=LV|X=\W0.7000;X=2304993.942|Y=\W0.7000;Y=585914.912|"
C9295D,TengaK,XR TNT$0$Xr-TNT-Khai$0$xr COT$0$T-TEN GA,585905.473,2304987.613,0.000,"T=AR7.1|SH=TB41|MG=5.17|DC=4.32|TN=TN|LV=LV|X=\W0.7000;X=2304987.807|Y=\W0.7000;Y=585905.764|"
C92988,TengaK,XR TNT$0$Xr-TNT-Khai$0$xr COT$0$T-TEN GA,585887.781,2304975.752,0.000,"T=AR8.1|SH=TB41|MG=5.17|DC=4.32|TN=TN|LV=LV|X=\W0.7000;X=2304975.555|Y=\W0.7000;Y=585887.492|"
C929B3,TengaK,XR TNT$0$Xr-TNT-Khai$0$xr COT$0$T-TEN GA,585876.641,2304971.357,0.000,"T=AR9.1|SH=TB41|MG=5.17|DC=4.32|TN=TN|LV=LV|X=\W0.7000;X=2304971.754|Y=\W0.7000;Y=585876.813|"
C929DE,TengaK,XR TNT$0$Xr-TNT-Khai$0$xr COT$0$T-TEN GA,585852.305,2304955.040,0.000,"T=AR10.1|SH=TB41|MG=5.21|DC=4.36|TN=TN|LV=LV|X=\W0.7000;X=2304955.046|Y=\W0.7000;Y=585851.897|"
C92A09,TengaK,XR TNT$0$Xr-TNT-Khai$0$xr COT$0$T-TEN GA,585837.608,2304945.176,0.000,"T=AR11.1|SH=TB41|MG=5.21|DC=4.36|TN=TN|LV=LV|X=\W0.7000;X=2304945.379|Y=\W0.7000;Y=585837.911|"
C92A34,TengaK,XR TNT$0$Xr-TNT-Khai$0$xr COT$0$T-TEN GA,585819.919,2304933.311,0.000,"T=AR12.1|SH=TB41|MG=5.17|DC=4.32|TN=TN|LV=LV|X=\W0.7000;X=2304933.123|Y=\W0.7000;Y=585819.624|"
C92A5F,TengaK,XR TNT$0$Xr-TNT-Khai$0$xr COT$0$T-TEN GA,585784.213,2304906.299,0.000,"T=AR14.1|SH=TB41|MG=5.17|DC=4.32|TN=TN|LV=LV|X=\W0.7000;X=2304906.502|Y=\W0.7000;Y=585784.515|"
C92A8A,TengaK,XR TNT$0$Xr-TNT-Khai$0$xr COT$0$T-TEN GA,585766.525,2304894.431,0.000,"T=AR15.1|SH=TB41|MG=5.17|DC=4.32|TN=TN|LV=LV|X=\W0.7000;X=2304894.241|Y=\W0.7000;Y=585766.231|"
C92AB5,TengaK,XR TNT$0$Xr-TNT-Khai$0$xr COT$0$T-TEN GA,585756.805,2304887.920,0.000,"T=AR16.1|SH=TB41|MG=5.17|DC=4.32|TN=TN|LV=LV|X=\W0.7000;X=2304888.115|Y=\W0.7000;Y=585757.095|"
C92AE0,TengaK,XR TNT$0$Xr-TNT-Khai$0$xr COT$0$T-TEN GA,585739.116,2304876.053,0.000,"T=AR17.1|SH=TB41|MG=5.17|DC=4.32|TN=TN|LV=LV|X=\W0.7000;X=2304875.862|Y=\W0.7000;Y=585738.823|"
C92B0B,TengaK,XR TNT$0$Xr-TNT-Khai$0$xr COT$0$T-TEN GA,585729.396,2304869.541,0.000,"T=AR18.1|SH=TB41|MG=5.17|DC=4.32|TN=TN|LV=LV|X=\W0.7000;X=2304869.736|Y=\W0.7000;Y=585729.687|"
C92B36,TengaK,XR TNT$0$Xr-TNT-Khai$0$xr COT$0$T-TEN GA,585711.707,2304857.676,0.000,"T=AR19.1|SH=TB41|MG=5.17|DC=4.32|TN=TN|LV=LV|X=\W0.7000;X=2304857.483|Y=\W0.7000;Y=585711.415|"
C92B61,TengaK,XR TNT$0$Xr-TNT-Khai$0$xr COT$0$T-TEN GA,585701.988,2304851.162,0.000,"T=AR20.1|SH=TB41|MG=5.17|DC=4.32|TN=TN|LV=LV|X=\W0.7000;X=2304851.357|Y=\W0.7000;Y=585702.279|"
C92B8C,TengaK,XR TNT$0$Xr-TNT-Khai$0$xr COT$0$T-TEN GA,585684.297,2304839.299,0.000,"T=AR21.1|SH=TB41|MG=5.17|DC=4.32|TN=TN|LV=LV|X=\W0.7000;X=2304839.104|Y=\W0.7000;Y=585684.007|"
C92BB7,TengaK,XR TNT$0$Xr-TNT-Khai$0$xr COT$0$T-TEN GA,585674.580,2304832.783,0.000,"T=AR22.1|SH=TB41|MG=5.17|DC=4.32|TN=TN|LV=LV|X=\W0.7000;X=2304832.978|Y=\W0.7000;Y=585674.871|"
C92BE2,TengaK,XR TNT$0$Xr-TNT-Khai$0$xr COT$0$T-TEN GA,585656.886,2304820.924,0.000,"T=AR23.1|SH=TB41|MG=5.17|DC=4.32|TN=TN|LV=LV|X=\W0.7000;X=2304820.733|Y=\W0.7000;Y=585656.610|"
C92C0D,TengaK,XR TNT$0$Xr-TNT-Khai$0$xr COT$0$T-TEN GA,585645.748,2304816.527,0.000,"T=AR24.1|SH=TB41|MG=5.17|DC=4.32|TN=TN|LV=LV|X=\W0.7000;X=2304816.716|Y=\W0.7000;Y=585646.059|"
C92C38,TengaK,XR TNT$0$Xr-TNT-Khai$0$xr COT$0$T-TEN GA,585793.936,2304912.806,0.000,"T=AR13.1|SH=TB41|MG=5.17|DC=4.32|TN=TN|LV=LV|X=\W0.7000;X=2304912.639|Y=\W0.7000;Y=585793.644|"
C92C63,TengaK,XR TNT$0$Xr-TNT-Khai$0$xr COT$0$T-TEN GA,585224.017,2305525.702,0.000,"T=AR180.1|SH=TB41|MG=5.17|DC=4.32|TN=TN|LV=LV|X=\W0.7000;X=2305525.508|Y=\W0.7000;Y=585223.726|"
C92C8E,TengaK,XR TNT$0$Xr-TNT-Khai$0$xr COT$0$T-TEN GA,585214.278,2305519.218,0.000,"T=AR181.1|SH=TB41|MG=5.17|DC=4.32|TN=TN|LV=LV|X=\W0.7000;X=2305519.418|Y=\W0.7000;Y=585214.565|"
C92CB9,TengaK,XR TNT$0$Xr-TNT-Khai$0$xr COT$0$T-TEN GA,585196.608,2305507.323,0.000,"T=AR182.1|SH=TB41|MG=5.17|DC=4.32|TN=TN|LV=LV|X=\W0.7000;X=2305507.128|Y=\W0.7000;Y=585196.318|"
C92CE4,TengaK,XR TNT$0$Xr-TNT-Khai$0$xr COT$0$T-TEN GA,585187.125,2305500.458,0.000,"T=AR183.1|SH=TB41|MG=5.17|DC=4.32|TN=TN|LV=LV|X=\W0.7000;X=2305500.647|Y=\W0.7000;Y=585187.420|"
C92D0F,TengaK,XR TNT$0$Xr-TNT-Khai$0$xr COT$0$T-TEN GA,585420.856,2305657.697,0.000,"T=AR173.1|SH=TB41|MG=5.17|DC=4.32|TN=TN|LV=LV|X=\W0.7000;X=2305657.502|Y=\W0.7000;Y=585420.566|"
C92D3A,TengaK,XR TNT$0$Xr-TNT-Khai$0$xr COT$0$T-TEN GA,585411.420,2305650.764,0.000,"T=AR174.1|SH=TB41|MG=5.17|DC=4.32|TN=TN|LV=LV|X=\W0.7000;X=2305650.960|Y=\W0.7000;Y=585411.708|"
C92D65,TengaK,XR TNT$0$Xr-TNT-Khai$0$xr COT$0$T-TEN GA,585393.728,2305638.903,0.000,"T=AR175.1|SH=TB41|MG=5.31|DC=4.46|TN=TN|LV=LV|X=\W0.7000;X=2305638.748|Y=\W0.7000;Y=585393.445|"
C92D90,TengaK,XR TNT$0$Xr-TNT-Khai$0$xr COT$0$T-TEN GA,585379.027,2305629.045,0.000,"T=AR176.1|SH=TB41|MG=5.31|DC=4.46|TN=TN|LV=LV|X=\W0.7000;X=2305629.244|Y=\W0.7000;Y=585379.296|"
C92DBB,TengaK,XR TNT$0$Xr-TNT-Khai$0$xr COT$0$T-TEN GA,585361.336,2305617.183,0.000,"T=AR177.1|SH=TB41|MG=5.17|DC=4.32|TN=TN|LV=LV|X=\W0.7000;X=2305616.987|Y=\W0.7000;Y=585361.044|"
C92DE6,TengaK,XR TNT$0$Xr-TNT-Khai$0$xr COT$0$T-TEN GA,585351.304,2305611.136,0.000,"T=AR178.1|SH=TB41|MG=5.17|DC=4.32|TN=TN|LV=LV|X=\W0.7000;X=2305611.323|Y=\W0.7000;Y=585351.598|"
C92E11,TengaK,XR TNT$0$Xr-TNT-Khai$0$xr COT$0$T-TEN GA,585333.618,2305599.266,0.000,"T=AR179.1|SH=TB41|MG=5.17|DC=4.32|TN=TN|LV=LV|X=\W0.7000;X=2305599.070|Y=\W0.7000;Y=585333.326|"
C92E3C,TengaK,XR TNT$0$Xr-TNT-Khai$0$xr COT$0$T-TEN GA,585699.326,2305221.418,0.000,"T=AR205.1|SH=TB41|MG=5.27|DC=4.42|TN=TN|LV=LV|X=\W0.7000;X=2305221.613|Y=\W0.7000;Y=585699.616|"
C92E67,TengaK,XR TNT$0$Xr-TNT-Khai$0$xr COT$0$T-TEN GA,585681.635,2305209.555,0.000,"T=AR206.1|SH=TB41|MG=5.31|DC=4.46|TN=TN|LV=LV|X=\W0.7000;X=2305209.356|Y=\W0.7000;Y=585681.365|"
C92E92,TengaK,XR TNT$0$Xr-TNT-Khai$0$xr COT$0$T-TEN GA,585666.927,2305199.708,0.000,"T=AR207.1|SH=TB41|MG=5.31|DC=4.46|TN=TN|LV=LV|X=\W0.7000;X=2305199.882|Y=\W0.7000;Y=585667.214|"
C92EBD,TengaK,XR TNT$0$Xr-TNT-Khai$0$xr COT$0$T-TEN GA,585649.237,2305187.844,0.000,"T=AR208.1|SH=TB41|MG=5.27|DC=4.42|TN=TN|LV=LV|X=\W0.7000;X=2305187.650|Y=\W0.7000;Y=585648.946|"
C92EE8,TengaK,XR TNT$0$Xr-TNT-Khai$0$xr COT$0$T-TEN GA,585621.836,2305169.454,0.000,"T=AR209.1|SH=TB41|MG=5.27|DC=4.42|TN=TN|LV=LV|X=\W0.7000;X=2305169.261|Y=\W0.7000;Y=585621.545|"
C92F13,TengaK,XR TNT$0$Xr-TNT-Khai$0$xr COT$0$T-TEN GA,585502.485,2305089.423,0.000,"T=AR211.1|SH=TB41|MG=5.27|DC=4.42|TN=TN|LV=LV|X=\W0.7000;X=2305089.618|Y=\W0.7000;Y=585502.776|"
C92F3E,TengaK,XR TNT$0$Xr-TNT-Khai$0$xr COT$0$T-TEN GA,585484.795,2305077.560,0.000,"T=AR212.1|SH=TB41|MG=5.27|DC=4.42|TN=TN|LV=LV|X=\W0.7000;X=2305077.365|Y=\W0.7000;Y=585484.503|"
C92F69,TengaK,XR TNT$0$Xr-TNT-Khai$0$xr COT$0$T-TEN GA,585388.254,2304656.478,0.000,"T=AR139.1|SH=TB41|MG=5.17|DC=4.32|TN=TN|LV=LV|X=\W0.7000;X=2304656.673|Y=\W0.7000;Y=585388.544|"
C92F94,TengaK,XR TNT$0$Xr-TNT-Khai$0$xr COT$0$T-TEN GA,585372.367,2304701.177,0.000,"T=AR140.1|SH=TB41|MG=5.17|DC=4.32|TN=TN|LV=LV|X=\W0.7000;X=2304700.974|Y=\W0.7000;Y=585372.082|"
C92FBF,TengaK,XR TNT$0$Xr-TNT-Khai$0$xr COT$0$T-TEN GA,585413.531,2304675.973,0.000,"T=AR145.1|SH=TB41|MG=5.17|DC=4.32|TN=TN|LV=LV|X=\W0.7000;X=2304676.262|Y=\W0.7000;Y=585413.335|"
C92FEA,TengaK,XR TNT$0$Xr-TNT-Khai$0$xr COT$0$T-TEN GA,585407.014,2304685.689,0.000,"T=AR146.1|SH=TB41|MG=5.17|DC=4.32|TN=TN|LV=LV|X=\W0.7000;X=2304685.398|Y=\W0.7000;Y=585407.209|"
C93015,TengaK,XR TNT$0$Xr-TNT-Khai$0$xr COT$0$T-TEN GA,585324.200,2304773.008,0.000,"T=AR134.1|SH=TB41|MG=5.17|DC=4.32|TN=TN|LV=LV|X=\W0.7000;X=2304772.813|Y=\W0.7000;Y=585323.905|"
C93040,TengaK,XR TNT$0$Xr-TNT-Khai$0$xr COT$0$T-TEN GA,585488.622,2304879.731,0.000,"T=AR135.1|SH=TB41|MG=5.17|DC=4.32|TN=TN|LV=LV|X=\W0.7000;X=2304879.533|Y=\W0.7000;Y=585488.334|"
C9306B,TengaK,XR TNT$0$Xr-TNT-Khai$0$xr COT$0$T-TEN GA,584920.963,2305286.363,0.000,"T=AR87.2|SH=TB41|MG=5.11|DC=4.18|TN=TN|LV=LV|X=\W0.7000;X=2305286.168|Y=\W0.7000;Y=584920.672|"
C93096,TengaK,XR TNT$0$Xr-TNT-Khai$0$xr COT$0$T-TEN GA,584934.329,2305266.430,0.000,"T=AR87.3|SH=TB41|MG=5.11|DC=4.1|TN=TN|LV=LV|X=\W0.7000;X=2305266.235|Y=\W0.7000;Y=584934.038|"
C930C1,TengaK,XR TNT$0$Xr-TNT-Khai$0$xr COT$0$T-TEN GA,584947.696,2305246.497,0.000,"T=AR87.4|SH=TB41|MG=5.11|DC=4.02|TN=TN|LV=LV|X=\W0.7000;X=2305246.318|Y=\W0.7000;Y=584947.322|"
C930EC,TengaK,XR TNT$0$Xr-TNT-Khai$0$xr COT$0$T-TEN GA,584956.607,2305233.208,0.000,"T=AR87.5|SH=TB41|MG=5.11|DC=3.97|TN=TN|LV=LV|X=\W0.7000;X=2305233.013|Y=\W0.7000;Y=584956.316|"
C93117,TengaK,XR TNT$0$Xr-TNT-Khai$0$xr COT$0$T-TEN GA,584985.231,2305223.975,0.000,"T=AR87.6|SH=TB41|MG=5.11|DC=3.84|TN=TN|LV=LV|X=\W0.7000;X=2305223.689|Y=\W0.7000;Y=584985.402|"
C93142,TengaK,XR TNT$0$Xr-TNT-Khai$0$xr COT$0$T-TEN GA,584951.942,2305307.137,0.000,"T=AR89.2|SH=TB41|MG=5.07|DC=4.14|TN=TN|LV=LV|X=\W0.7000;X=2305307.332|Y=\W0.7000;Y=584952.233|"
C9316D,TengaK,XR TNT$0$Xr-TNT-Khai$0$xr COT$0$T-TEN GA,584965.309,2305287.204,0.000,"T=AR89.3|SH=TB41|MG=5.07|DC=4.06|TN=TN|LV=LV|X=\W0.7000;X=2305287.399|Y=\W0.7000;Y=584965.599|"
C93198,TengaK,XR TNT$0$Xr-TNT-Khai$0$xr COT$0$T-TEN GA,584978.675,2305267.271,0.000,"T=AR89.4|SH=TB41|MG=5.07|DC=3.98|TN=TN|LV=LV|X=\W0.7000;X=2305267.466|Y=\W0.7000;Y=584978.966|"
C931C3,TengaK,XR TNT$0$Xr-TNT-Khai$0$xr COT$0$T-TEN GA,584987.586,2305253.982,0.000,"T=AR89.5|SH=TB41|MG=5.07|DC=3.93|TN=TN|LV=LV|X=\W0.7000;X=2305254.177|Y=\W0.7000;Y=584987.877|"
C931EE,TengaK,XR TNT$0$Xr-TNT-Khai$0$xr COT$0$T-TEN GA,584961.660,2305313.653,0.000,"T=AR90.2|SH=TB41|MG=5.07|DC=4.14|TN=TN|LV=LV|X=\W0.7000;X=2305313.458|Y=\W0.7000;Y=584961.369|"
C93219,TengaK,XR TNT$0$Xr-TNT-Khai$0$xr COT$0$T-TEN GA,584975.026,2305293.720,0.000,"T=AR90.3|SH=TB41|MG=5.07|DC=4.06|TN=TN|LV=LV|X=\W0.7000;X=2305293.525|Y=\W0.7000;Y=584974.736|"
C93244,TengaK,XR TNT$0$Xr-TNT-Khai$0$xr COT$0$T-TEN GA,584988.393,2305273.787,0.000,"T=AR90.4|SH=TB41|MG=5.07|DC=3.98|TN=TN|LV=LV|X=\W0.7000;X=2305273.592|Y=\W0.7000;Y=584988.102|"
C9326F,TengaK,XR TNT$0$Xr-TNT-Khai$0$xr COT$0$T-TEN GA,584997.304,2305260.498,0.000,"T=AR90.5|SH=TB41|MG=5.07|DC=3.93|TN=TN|LV=LV|X=\W0.7000;X=2305260.303|Y=\W0.7000;Y=584997.013|"
C9329A,TengaK,XR TNT$0$Xr-TNT-Khai$0$xr COT$0$T-TEN GA,584992.639,2305334.427,0.000,"T=AR91.2|SH=TB41|MG=5.07|DC=4.14|TN=TN|LV=LV|X=\W0.7000;X=2305334.622|Y=\W0.7000;Y=584992.930|"
C932C5,TengaK,XR TNT$0$Xr-TNT-Khai$0$xr COT$0$T-TEN GA,585006.006,2305314.494,0.000,"T=AR91.3|SH=TB41|MG=5.07|DC=4.06|TN=TN|LV=LV|X=\W0.7000;X=2305314.721|Y=\W0.7000;Y=585006.345|"
C932F0,TengaK,XR TNT$0$Xr-TNT-Khai$0$xr COT$0$T-TEN GA,585019.372,2305294.561,0.000,"T=AR91.4|SH=TB41|MG=5.07|DC=3.98|TN=TN|LV=LV|X=\W0.7000;X=2305294.788|Y=\W0.7000;Y=585019.711|"
C9331B,TengaK,XR TNT$0$Xr-TNT-Khai$0$xr COT$0$T-TEN GA,585028.218,2305281.219,0.000,"T=AR91.5|SH=TB41|MG=5.07|DC=3.93|TN=TN|LV=LV|X=\W0.7000;X=2305281.419|Y=\W0.7000;Y=585028.390|"
C93346,TengaK,XR TNT$0$Xr-TNT-Khai$0$xr COT$0$T-TEN GA,585002.357,2305340.944,0.000,"T=AR92.2|SH=TB41|MG=5.07|DC=4.14|TN=TN|LV=LV|X=\W0.7000;X=2305340.749|Y=\W0.7000;Y=585002.066|"
C93371,TengaK,XR TNT$0$Xr-TNT-Khai$0$xr COT$0$T-TEN GA,585015.723,2305321.010,0.000,"T=AR92.3|SH=TB41|MG=5.07|DC=4.06|TN=TN|LV=LV|X=\W0.7000;X=2305320.844|Y=\W0.7000;Y=585015.475|"
C9339C,TengaK,XR TNT$0$Xr-TNT-Khai$0$xr COT$0$T-TEN GA,585029.090,2305301.077,0.000,"T=AR92.4|SH=TB41|MG=5.07|DC=3.98|TN=TN|LV=LV|X=\W0.7000;X=2305300.882|Y=\W0.7000;Y=585028.799|"
C933C7,TengaK,XR TNT$0$Xr-TNT-Khai$0$xr COT$0$T-TEN GA,585038.001,2305287.788,0.000,"T=AR92.5|SH=TB41|MG=5.07|DC=3.93|TN=TN|LV=LV|X=\W0.7000;X=2305287.593|Y=\W0.7000;Y=585037.710|"
C933F2,TengaK,XR TNT$0$Xr-TNT-Khai$0$xr COT$0$T-TEN GA,585033.336,2305361.717,0.000,"T=AR93.2|SH=TB41|MG=5.07|DC=4.14|TN=TN|LV=LV|X=\W0.7000;X=2305361.899|Y=\W0.7000;Y=585033.696|"
C9341D,TengaK,XR TNT$0$Xr-TNT-Khai$0$xr COT$0$T-TEN GA,585046.703,2305341.784,0.000,"T=AR93.3|SH=TB41|MG=5.07|DC=4.06|TN=TN|LV=LV|X=\W0.7000;X=2305341.966|Y=\W0.7000;Y=585047.062|"
C93448,TengaK,XR TNT$0$Xr-TNT-Khai$0$xr COT$0$T-TEN GA,585060.069,2305321.851,0.000,"T=AR93.4|SH=TB41|MG=5.07|DC=3.98|TN=TN|LV=LV|X=\W0.7000;X=2305322.032|Y=\W0.7000;Y=585060.429|"
C93473,TengaK,XR TNT$0$Xr-TNT-Khai$0$xr COT$0$T-TEN GA,585068.980,2305308.562,0.000,"T=AR93.5|SH=TB41|MG=5.07|DC=3.93|TN=TN|LV=LV|X=\W0.7000;X=2305308.716|Y=\W0.7000;Y=585069.299|"
C9349E,TengaK,XR TNT$0$Xr-TNT-Khai$0$xr COT$0$T-TEN GA,585043.054,2305368.234,0.000,"T=AR94.2|SH=TB41|MG=5.07|DC=4.14|TN=TN|LV=LV|X=\W0.7000;X=2305368.020|Y=\W0.7000;Y=585042.776|"
C934C9,TengaK,XR TNT$0$Xr-TNT-Khai$0$xr COT$0$T-TEN GA,585056.420,2305348.300,0.000,"T=AR94.3|SH=TB41|MG=5.07|DC=4.06|TN=TN|LV=LV|X=\W0.7000;X=2305348.086|Y=\W0.7000;Y=585056.142|"
C934F4,TengaK,XR TNT$0$Xr-TNT-Khai$0$xr COT$0$T-TEN GA,585069.787,2305328.367,0.000,"T=AR94.4|SH=TB41|MG=5.07|DC=3.98|TN=TN|LV=LV|X=\W0.7000;X=2305328.124|Y=\W0.7000;Y=585069.465|"
C9351F,TengaK,XR TNT$0$Xr-TNT-Khai$0$xr COT$0$T-TEN GA,585078.698,2305315.078,0.000,"T=AR94.5|SH=TB41|MG=5.07|DC=3.93|TN=TN|LV=LV|X=\W0.7000;X=2305314.851|Y=\W0.7000;Y=585078.293|"
C9354A,TengaK,XR TNT$0$Xr-TNT-Khai$0$xr COT$0$T-TEN GA,585074.033,2305389.008,0.000,"T=AR95.2|SH=TB41|MG=5.17|DC=4.24|TN=TN|LV=LV|X=\W0.7000;X=2305389.232|Y=\W0.7000;Y=585074.305|"
C93575,TengaK,XR TNT$0$Xr-TNT-Khai$0$xr COT$0$T-TEN GA,585087.068,2305368.852,0.000,"T=AR95.3|SH=TB41|MG=5.17|DC=4.16|TN=TN|LV=LV|X=\W0.7000;X=2305369.298|Y=\W0.7000;Y=585087.671|"
C935A0,TengaK,XR TNT$0$Xr-TNT-Khai$0$xr COT$0$T-TEN GA,585100.434,2305348.918,0.000,"T=AR95.4|SH=TB41|MG=5.17|DC=4.08|TN=TN|LV=LV|X=\W0.7000;X=2305349.365|Y=\W0.7000;Y=585101.038|"
C935CB,TengaK,XR TNT$0$Xr-TNT-Khai$0$xr COT$0$T-TEN GA,585109.345,2305335.630,0.000,"T=AR95.5|SH=TB41|MG=5.17|DC=4.03|TN=TN|LV=LV|X=\W0.7000;X=2305336.076|Y=\W0.7000;Y=585109.949|"
C935F6,TengaK,XR TNT$0$Xr-TNT-Khai$0$xr COT$0$T-TEN GA,585083.751,2305395.524,0.000,"T=AR96.2|SH=TB41|MG=5.17|DC=4.24|TN=TN|LV=LV|X=\W0.7000;X=2305395.329|Y=\W0.7000;Y=585083.460|"
C93621,TengaK,XR TNT$0$Xr-TNT-Khai$0$xr COT$0$T-TEN GA,585097.117,2305375.591,0.000,"T=AR96.3|SH=TB41|MG=5.17|DC=4.16|TN=TN|LV=LV|X=\W0.7000;X=2305375.396|Y=\W0.7000;Y=585096.827|"
C9364C,TengaK,XR TNT$0$Xr-TNT-Khai$0$xr COT$0$T-TEN GA,585110.484,2305355.657,0.000,"T=AR96.4|SH=TB41|MG=5.17|DC=4.08|TN=TN|LV=LV|X=\W0.7000;X=2305355.462|Y=\W0.7000;Y=585110.193|"
C93677,TengaK,XR TNT$0$Xr-TNT-Khai$0$xr COT$0$T-TEN GA,585119.395,2305342.369,0.000,"T=AR96.5|SH=TB41|MG=5.17|DC=4.03|TN=TN|LV=LV|X=\W0.7000;X=2305342.174|Y=\W0.7000;Y=585119.104|"
C936A2,TengaK,XR TNT$0$Xr-TNT-Khai$0$xr COT$0$T-TEN GA,585114.730,2305416.298,0.000,"T=AR97.2|SH=TB41|MG=5.17|DC=4.24|TN=TN|LV=LV|X=\W0.7000;X=2305416.493|Y=\W0.7000;Y=585115.021|"
C936CD,TengaK,XR TNT$0$Xr-TNT-Khai$0$xr COT$0$T-TEN GA,585128.097,2305396.365,0.000,"T=AR97.3|SH=TB41|MG=5.17|DC=4.16|TN=TN|LV=LV|X=\W0.7000;X=2305396.559|Y=\W0.7000;Y=585128.388|"
C936F8,TengaK,XR TNT$0$Xr-TNT-Khai$0$xr COT$0$T-TEN GA,585137.000,2305383.071,0.000,"T=AR97.4|SH=TB41|MG=5.17|DC=4.08|TN=TN|LV=LV|X=\W0.7000;X=2305376.626|Y=\W0.7000;Y=585141.754|"
C93723,TengaK,XR TNT$0$Xr-TNT-Khai$0$xr COT$0$T-TEN GA,585150.375,2305363.143,0.000,"T=AR97.5|SH=TB41|MG=5.17|DC=4.03|TN=TN|LV=LV|X=\W0.7000;X=2305363.337|Y=\W0.7000;Y=585150.665|"
C9374E,TengaK,XR TNT$0$Xr-TNT-Khai$0$xr COT$0$T-TEN GA,585124.448,2305422.814,0.000,"T=AR98.2|SH=TB41|MG=5.17|DC=4.24|TN=TN|LV=LV|X=\W0.7000;X=2305422.619|Y=\W0.7000;Y=585124.157|"
C93779,TengaK,XR TNT$0$Xr-TNT-Khai$0$xr COT$0$T-TEN GA,585137.814,2305402.881,0.000,"T=AR98.3|SH=TB41|MG=5.17|DC=4.16|TN=TN|LV=LV|X=\W0.7000;X=2305402.686|Y=\W0.7000;Y=585137.524|"
C937A4,TengaK,XR TNT$0$Xr-TNT-Khai$0$xr COT$0$T-TEN GA,585151.181,2305382.948,0.000,"T=AR98.4|SH=TB41|MG=5.17|DC=4.08|TN=TN|LV=LV|X=\W0.7000;X=2305382.753|Y=\W0.7000;Y=585150.890|"
C937CF,TengaK,XR TNT$0$Xr-TNT-Khai$0$xr COT$0$T-TEN GA,585160.092,2305369.659,0.000,"T=AR98.5|SH=TB41|MG=5.17|DC=4.03|TN=TN|LV=LV|X=\W0.7000;X=2305369.464|Y=\W0.7000;Y=585159.801|"
C937FA,TengaK,XR TNT$0$Xr-TNT-Khai$0$xr COT$0$T-TEN GA,585157.088,2305444.702,0.000,"T=AR99.2|SH=TB41|MG=5.21|DC=4.24|TN=TN|LV=LV|X=\W0.7000;X=2305444.845|Y=\W0.7000;Y=585157.301|"
C93825,TengaK,XR TNT$0$Xr-TNT-Khai$0$xr COT$0$T-TEN GA,585170.455,2305424.769,0.000,"T=AR99.3|SH=TB41|MG=5.21|DC=4.16|TN=TN|LV=LV|X=\W0.7000;X=2305424.964|Y=\W0.7000;Y=585170.746|"
C93850,TengaK,XR TNT$0$Xr-TNT-Khai$0$xr COT$0$T-TEN GA,585183.822,2305404.835,0.000,"T=AR99.4|SH=TB41|MG=5.21|DC=4.08|TN=TN|LV=LV|X=\W0.7000;X=2305404.978|Y=\W0.7000;Y=585184.034|"
C9387B,TengaK,XR TNT$0$Xr-TNT-Khai$0$xr COT$0$T-TEN GA,585192.733,2305391.547,0.000,"T=AR99.5|SH=TB41|MG=5.21|DC=4.03|TN=TN|LV=LV|X=\W0.7000;X=2305391.741|Y=\W0.7000;Y=585193.023|"
C938A6,TengaK,XR TNT$0$Xr-TNT-Khai$0$xr COT$0$T-TEN GA,585155.168,2305509.770,0.000,"T=AR50.1|SH=TB41|MG=5.16|DC=2.13|TN=TN|LV=LV|X=\W0.7000;X=2305511.169|Y=\W0.7000;Y=585155.108|"
C938D1,TengaK,XR TNT$0$Xr-TNT-Khai$0$xr COT$0$T-TEN GA,585160.379,2305490.044,0.000,"T=AR50.2|SH=TB41|MG=5.21|DC=2.09|TN=TN|LV=LV|X=\W0.7000;X=2305484.456|Y=\W0.7000;Y=585163.360|"
C938FC,TengaK,XR TNT$0$Xr-TNT-Khai$0$xr COT$0$T-TEN GA,585175.124,2305468.235,0.000,"T=AR50.3|SH=TB41|MG=5.21|DC=2.05|TN=TN|LV=LV|X=\W0.7000;X=2305463.692|Y=\W0.7000;Y=585177.284|"
C93927,TengaK,XR TNT$0$Xr-TNT-Khai$0$xr COT$0$T-TEN GA,585188.993,2305446.230,0.000,"T=AR50.4|SH=TB41|MG=5.21|DC=2.03|TN=TN|LV=LV|X=\W0.7000;X=2305446.251|Y=\W0.7000;Y=585188.980|"
C93952,TengaK,XR TNT$0$Xr-TNT-Khai$0$xr COT$0$T-TEN GA,585200.465,2305429.841,0.000,"T=AR50.5|SH=TB41|MG=5.21|DC=1.99|TN=TN|LV=LV|X=\W0.7000;X=2305425.487|Y=\W0.7000;Y=585202.903|"
C9397D,TengaK,XR TNT$0$Xr-TNT-Khai$0$xr COT$0$T-TEN GA,585214.613,2305408.025,0.000,"T=AR50.6|SH=TB41|MG=5.21|DC=1.97|TN=TN|LV=LV|X=\W0.7000;X=2305408.045|Y=\W0.7000;Y=585214.599|"
C939A8,TengaK,XR TNT$0$Xr-TNT-Khai$0$xr COT$0$T-TEN GA,585202.765,2305477.108,0.000,"T=AR183.2|SH=TB41|MG=5.17|DC=4.24|TN=TN|LV=LV|X=\W0.7000;X=2305479.545|Y=\W0.7000;Y=585200.968|"
C939D3,TengaK,XR TNT$0$Xr-TNT-Khai$0$xr COT$0$T-TEN GA,585212.789,2305462.186,0.000,"T=AR183.3|SH=TB41|MG=5.17|DC=4.17|TN=TN|LV=LV|X=\W0.7000;X=2305462.381|Y=\W0.7000;Y=585213.079|"
C939FE,TengaK,XR TNT$0$Xr-TNT-Khai$0$xr COT$0$T-TEN GA,585228.376,2305438.915,0.000,"T=AR183.4|SH=TB41|MG=5.17|DC=4.09|TN=TN|LV=LV|X=\W0.7000;X=2305441.618|Y=\W0.7000;Y=585227.003|"
C93A29,TengaK,XR TNT$0$Xr-TNT-Khai$0$xr COT$0$T-TEN GA,585238.408,2305423.981,0.000,"T=AR183.5|SH=TB41|MG=5.17|DC=4.02|TN=TN|LV=LV|X=\W0.7000;X=2305424.176|Y=\W0.7000;Y=585238.699|"
C93A54,TengaK,XR TNT$0$Xr-TNT-Khai$0$xr COT$0$T-TEN GA,585209.418,2305488.221,0.000,"T=AR182.2|SH=TB41|MG=5.17|DC=4.24|TN=TN|LV=LV|X=\W0.7000;X=2305488.026|Y=\W0.7000;Y=585209.127|"
C93A7F,TengaK,XR TNT$0$Xr-TNT-Khai$0$xr COT$0$T-TEN GA,585222.228,2305469.118,0.000,"T=AR182.3|SH=TB41|MG=5.17|DC=4.17|TN=TN|LV=LV|X=\W0.7000;X=2305468.923|Y=\W0.7000;Y=585221.937|"
C93AAA,TengaK,XR TNT$0$Xr-TNT-Khai$0$xr COT$0$T-TEN GA,585236.708,2305447.524,0.000,"T=AR182.4|SH=TB41|MG=5.17|DC=4.08|TN=TN|LV=LV|X=\W0.7000;X=2305447.329|Y=\W0.7000;Y=585236.418|"
C93AD5,TengaK,XR TNT$0$Xr-TNT-Khai$0$xr COT$0$T-TEN GA,585247.847,2305430.913,0.000,"T=AR182.5|SH=TB41|MG=5.17|DC=4.02|TN=TN|LV=LV|X=\W0.7000;X=2305430.718|Y=\W0.7000;Y=585247.556|"
C93B00,TengaK,XR TNT$0$Xr-TNT-Khai$0$xr COT$0$T-TEN GA,585227.109,2305500.084,0.000,"T=AR181.2|SH=TB41|MG=5.17|DC=4.24|TN=TN|LV=LV|X=\W0.7000;X=2305500.278|Y=\W0.7000;Y=585227.399|"
C93B2B,TengaK,XR TNT$0$Xr-TNT-Khai$0$xr COT$0$T-TEN GA,585239.919,2305480.981,0.000,"T=AR181.3|SH=TB41|MG=5.17|DC=4.17|TN=TN|LV=LV|X=\W0.7000;X=2305481.176|Y=\W0.7000;Y=585240.209|"
C93B56,TengaK,XR TNT$0$Xr-TNT-Khai$0$xr COT$0$T-TEN GA,585254.399,2305459.386,0.000,"T=AR181.4|SH=TB41|MG=5.17|DC=4.08|TN=TN|LV=LV|X=\W0.7000;X=2305459.582|Y=\W0.7000;Y=585254.690|"
C93B81,TengaK,XR TNT$0$Xr-TNT-Khai$0$xr COT$0$T-TEN GA,585265.538,2305442.775,0.000,"T=AR181.5|SH=TB41|MG=5.17|DC=4.02|TN=TN|LV=LV|X=\W0.7000;X=2305442.970|Y=\W0.7000;Y=585265.828|"
C93BAC,TengaK,XR TNT$0$Xr-TNT-Khai$0$xr COT$0$T-TEN GA,585323.931,2305592.705,0.000,"T=AR180.2|SH=TB41|MG=5.17|DC=4.32|TN=TN|LV=LV|X=\W0.7000;X=2305592.897|Y=\W0.7000;Y=585324.223|"
C93BD7,TengaK,XR TNT$0$Xr-TNT-Khai$0$xr COT$0$T-TEN GA,585336.742,2305573.600,0.000,"T=AR180.3|SH=TB41|MG=5.17|DC=4.24|TN=TN|LV=LV|X=\W0.7000;X=2305573.795|Y=\W0.7000;Y=585337.032|"
C93C02,TengaK,XR TNT$0$Xr-TNT-Khai$0$xr COT$0$T-TEN GA,585351.978,2305550.878,0.000,"T=AR180.4|SH=TB41|MG=5.17|DC=4.15|TN=TN|LV=LV|X=\W0.7000;X=2305551.073|Y=\W0.7000;Y=585352.269|"
C93C2D,TengaK,XR TNT$0$Xr-TNT-Khai$0$xr COT$0$T-TEN GA,585334.171,2305539.744,0.000,"T=AR180.5|SH=TB41|MG=5.17|DC=4.07|TN=TN|LV=LV|X=\W0.7000;X=2305538.820|Y=\W0.7000;Y=585333.997|"
C93C58,TengaK,XR TNT$0$Xr-TNT-Khai$0$xr COT$0$T-TEN GA,585323.884,2305532.884,0.000,"T=AR180.6|SH=TB41|MG=5.17|DC=4.03|TN=TN|LV=LV|X=\W0.7000;X=2305532.694|Y=\W0.7000;Y=585324.861|"
C93C83,TengaK,XR TNT$0$Xr-TNT-Khai$0$xr COT$0$T-TEN GA,585306.804,2305520.748,0.000,"T=AR180.7|SH=TB41|MG=5.17|DC=3.95|TN=TN|LV=LV|X=\W0.7000;X=2305520.553|Y=\W0.7000;Y=585306.514|"
C93CAE,TengaK,XR TNT$0$Xr-TNT-Khai$0$xr COT$0$T-TEN GA,585295.584,2305515.679,0.000,"T=AR180.8|SH=TB41|MG=5.17|DC=3.91|TN=TN|LV=LV|X=\W0.7000;X=2305514.426|Y=\W0.7000;Y=585297.378|"
C93CD9,TengaK,XR TNT$0$Xr-TNT-Khai$0$xr COT$0$T-TEN GA,585279.498,2305502.394,0.000,"T=AR180.9|SH=TB41|MG=5.17|DC=3.82|TN=TN|LV=LV|X=\W0.7000;X=2305502.062|Y=\W0.7000;Y=585279.180|"
C93D04,TengaK,XR TNT$0$Xr-TNT-Khai$0$xr COT$0$T-TEN GA,585268.227,2305497.566,0.000,"T=AR180.10|SH=TB41|MG=5.17|DC=3.79|TN=TN|LV=LV|X=\W0.7000;X=2305495.936|Y=\W0.7000;Y=585270.044|"
C93D2F,TengaK,XR TNT$0$Xr-TNT-Khai$0$xr COT$0$T-TEN GA,585251.981,2305485.167,0.000,"T=AR180.11|SH=TB41|MG=5.17|DC=3.73|TN=TN|LV=LV|X=\W0.7000;X=2305482.428|Y=\W0.7000;Y=585258.135|"
C93D5A,TengaK,XR TNT$0$Xr-TNT-Khai$0$xr COT$0$T-TEN GA,585268.153,2305457.905,0.000,"T=AR180.12|SH=TB41|MG=5.17|DC=3.64|TN=TN|LV=LV|X=\W0.7000;X=2305458.159|Y=\W0.7000;Y=585268.888|"
C93D85,TengaK,XR TNT$0$Xr-TNT-Khai$0$xr COT$0$T-TEN GA,585306.241,2305580.840,0.000,"T=AR180.13|SH=TB41|MG=5.17|DC=4.32|TN=TN|LV=LV|X=\W0.7000;X=2305580.645|Y=\W0.7000;Y=585305.951|"
C93DB0,TengaK,XR TNT$0$Xr-TNT-Khai$0$xr COT$0$T-TEN GA,585319.051,2305561.737,0.000,"T=AR180.14|SH=TB41|MG=5.17|DC=4.24|TN=TN|LV=LV|X=\W0.7000;X=2305561.542|Y=\W0.7000;Y=585318.760|"
C93DDB,TengaK,XR TNT$0$Xr-TNT-Khai$0$xr COT$0$T-TEN GA,585296.525,2305574.322,0.000,"T=AR180.15|SH=TB41|MG=5.17|DC=4.32|TN=TN|LV=LV|X=\W0.7000;X=2305574.518|Y=\W0.7000;Y=585296.815|"
C93E06,TengaK,XR TNT$0$Xr-TNT-Khai$0$xr COT$0$T-TEN GA,585309.333,2305555.221,0.000,"T=AR180.16|SH=TB41|MG=5.17|DC=4.24|TN=TN|LV=LV|X=\W0.7000;X=2305555.602|Y=\W0.7000;Y=585309.903|"
C93E31,TengaK,XR TNT$0$Xr-TNT-Khai$0$xr COT$0$T-TEN GA,585278.833,2305562.461,0.000,"T=AR180.17|SH=TB41|MG=5.17|DC=4.32|TN=TN|LV=LV|X=\W0.7000;X=2305562.266|Y=\W0.7000;Y=585278.542|"
C93E5C,TengaK,XR TNT$0$Xr-TNT-Khai$0$xr COT$0$T-TEN GA,585291.643,2305543.358,0.000,"T=AR180.18|SH=TB41|MG=5.17|DC=4.24|TN=TN|LV=LV|X=\W0.7000;X=2305543.163|Y=\W0.7000;Y=585291.352|"
C93E87,TengaK,XR TNT$0$Xr-TNT-Khai$0$xr COT$0$T-TEN GA,585269.113,2305555.948,0.000,"T=AR180.19|SH=TB41|MG=5.17|DC=4.32|TN=TN|LV=LV|X=\W0.7000;X=2305556.139|Y=\W0.7000;Y=585269.406|"
C93EB2,TengaK,XR TNT$0$Xr-TNT-Khai$0$xr COT$0$T-TEN GA,585281.925,2305536.842,0.000,"T=AR180.20|SH=TB41|MG=5.17|DC=4.24|TN=TN|LV=LV|X=\W0.7000;X=2305537.037|Y=\W0.7000;Y=585282.216|"
C93EDD,TengaK,XR TNT$0$Xr-TNT-Khai$0$xr COT$0$T-TEN GA,585251.425,2305544.081,0.000,"T=AR180.21|SH=TB41|MG=5.17|DC=4.32|TN=TN|LV=LV|X=\W0.7000;X=2305543.887|Y=\W0.7000;Y=585251.134|"
C93F08,TengaK,XR TNT$0$Xr-TNT-Khai$0$xr COT$0$T-TEN GA,585264.235,2305524.979,0.000,"T=AR180.22|SH=TB41|MG=5.17|DC=4.24|TN=TN|LV=LV|X=\W0.7000;X=2305524.784|Y=\W0.7000;Y=585263.944|"
C93F33,TengaK,XR TNT$0$Xr-TNT-Khai$0$xr COT$0$T-TEN GA,585241.709,2305537.563,0.000,"T=AR180.23|SH=TB41|MG=5.17|DC=4.32|TN=TN|LV=LV|X=\W0.7000;X=2305537.684|Y=\W0.7000;Y=585241.885|"
C93F5E,TengaK,XR TNT$0$Xr-TNT-Khai$0$xr COT$0$T-TEN GA,585254.517,2305518.463,0.000,"T=AR180.24|SH=TB41|MG=5.17|DC=4.24|TN=TN|LV=LV|X=\W0.7000;X=2305518.657|Y=\W0.7000;Y=585254.808|"
C93F89,TengaK,XR TNT$0$Xr-TNT-Khai$0$xr COT$0$T-TEN GA,585236.826,2305506.600,0.000,"T=AR180.25|SH=TB41|MG=5.17|DC=4.24|TN=TN|LV=LV|X=\W0.7000;X=2305506.405|Y=\W0.7000;Y=585236.536|"
C93FB4,TengaK,XR TNT$0$Xr-TNT-Khai$0$xr COT$0$T-TEN GA,585349.212,2305576.019,0.000,"T=AR179.2|SH=TB41|MG=5.17|DC=4.23|TN=TN|LV=LV|X=\W0.7000;X=2305575.400|Y=\W0.7000;Y=585349.200|"
C93FDF,TengaK,XR TNT$0$Xr-TNT-Khai$0$xr COT$0$T-TEN GA,585364.806,2305552.755,0.000,"T=AR179.3|SH=TB41|MG=5.17|DC=4.14|TN=TN|LV=LV|X=\W0.7000;X=2305552.607|Y=\W0.7000;Y=585364.483|"
C9400A,TengaK,XR TNT$0$Xr-TNT-Khai$0$xr COT$0$T-TEN GA,585382.072,2305527.008,0.000,"T=AR179.4|SH=TB41|MG=5.17|DC=4.03|TN=TN|LV=LV|X=\W0.7000;X=2305526.860|Y=\W0.7000;Y=585381.748|"
C94035,TengaK,XR TNT$0$Xr-TNT-Khai$0$xr COT$0$T-TEN GA,585366.903,2305587.873,0.000,"T=AR178.2|SH=TB41|MG=5.17|DC=4.23|TN=TN|LV=LV|X=\W0.7000;X=2305588.069|Y=\W0.7000;Y=585367.192|"
C94060,TengaK,XR TNT$0$Xr-TNT-Khai$0$xr COT$0$T-TEN GA,585382.497,2305564.618,0.000,"T=AR178.3|SH=TB41|MG=5.17|DC=4.14|TN=TN|LV=LV|X=\W0.7000;X=2305564.812|Y=\W0.7000;Y=585382.787|"
C9408B,TengaK,XR TNT$0$Xr-TNT-Khai$0$xr COT$0$T-TEN GA,585396.659,2305542.960,0.000,"T=AR178.4|SH=TB41|MG=5.17|DC=4.03|TN=TN|LV=LV|X=\W0.7000;X=2305539.066|Y=\W0.7000;Y=585400.053|"
C940B6,TengaK,XR TNT$0$Xr-TNT-Khai$0$xr COT$0$T-TEN GA,585376.930,2305593.927,0.000,"T=AR177.2|SH=TB41|MG=5.17|DC=4.23|TN=TN|LV=LV|X=\W0.7000;X=2305593.733|Y=\W0.7000;Y=585376.641|"
C940E1,TengaK,XR TNT$0$Xr-TNT-Khai$0$xr COT$0$T-TEN GA,585389.740,2305574.824,0.000,"T=AR177.3|SH=TB41|MG=5.17|DC=4.15|TN=TN|LV=LV|X=\W0.7000;X=2305574.629|Y=\W0.7000;Y=585389.448|"
C9410C,TengaK,XR TNT$0$Xr-TNT-Khai$0$xr COT$0$T-TEN GA,585407.005,2305549.077,0.000,"T=AR177.4|SH=TB41|MG=5.17|DC=4.05|TN=TN|LV=LV|X=\W0.7000;X=2305548.883|Y=\W0.7000;Y=585406.716|"
C94137,TengaK,XR TNT$0$Xr-TNT-Khai$0$xr COT$0$T-TEN GA,585394.621,2305605.790,0.000,"T=AR176.2|SH=TB41|MG=5.31|DC=4.37|TN=TN|LV=LV|X=\W0.7000;X=2305605.955|Y=\W0.7000;Y=585394.913|"
C94162,TengaK,XR TNT$0$Xr-TNT-Khai$0$xr COT$0$T-TEN GA,585407.431,2305586.687,0.000,"T=AR176.3|SH=TB41|MG=5.31|DC=4.29|TN=TN|LV=LV|X=\W0.7000;X=2305586.853|Y=\W0.7000;Y=585407.722|"
C9418D,TengaK,XR TNT$0$Xr-TNT-Khai$0$xr COT$0$T-TEN GA,585424.696,2305560.940,0.000,"T=AR176.4|SH=TB41|MG=5.31|DC=4.19|TN=TN|LV=LV|X=\W0.7000;X=2305561.106|Y=\W0.7000;Y=585424.987|"
C941B8,TengaK,XR TNT$0$Xr-TNT-Khai$0$xr COT$0$T-TEN GA,585411.040,2305613.188,0.000,"T=AR175.2|SH=TB41|MG=5.31|DC=4.37|TN=TN|LV=LV|X=\W0.7000;X=2305617.130|Y=\W0.7000;Y=585407.941|"
C941E3,TengaK,XR TNT$0$Xr-TNT-Khai$0$xr COT$0$T-TEN GA,585422.132,2305596.545,0.000,"T=AR175.3|SH=TB41|MG=5.31|DC=4.29|TN=TN|LV=LV|X=\W0.7000;X=2305596.350|Y=\W0.7000;Y=585421.841|"
C9420E,TengaK,XR TNT$0$Xr-TNT-Khai$0$xr COT$0$T-TEN GA,585439.397,2305570.798,0.000,"T=AR175.4|SH=TB41|MG=5.31|DC=4.19|TN=TN|LV=LV|X=\W0.7000;X=2305570.603|Y=\W0.7000;Y=585439.106|"
C94239,TengaK,XR TNT$0$Xr-TNT-Khai$0$xr COT$0$T-TEN GA,585425.899,2305629.172,0.000,"T=AR174.2|SH=TB41|MG=5.17|DC=4.23|TN=TN|LV=LV|X=\W0.7000;X=2305629.359|Y=\W0.7000;Y=585426.194|"
C94264,TengaK,XR TNT$0$Xr-TNT-Khai$0$xr COT$0$T-TEN GA,585439.822,2305608.408,0.000,"T=AR174.3|SH=TB41|MG=5.17|DC=4.15|TN=TN|LV=LV|X=\W0.7000;X=2305608.595|Y=\W0.7000;Y=585440.117|"
C9428F,TengaK,XR TNT$0$Xr-TNT-Khai$0$xr COT$0$T-TEN GA,585457.088,2305582.661,0.000,"T=AR174.4|SH=TB41|MG=5.17|DC=4.05|TN=TN|LV=LV|X=\W0.7000;X=2305582.843|Y=\W0.7000;Y=585457.375|"
C942BA,TengaK,XR TNT$0$Xr-TNT-Khai$0$xr COT$0$T-TEN GA,585502.525,2305713.665,0.000,"T=AR172.1|SH=TB41|MG=5.17|DC=4.32|TN=TN|LV=LV|X=\W0.7000;X=2305713.486|Y=\W0.7000;Y=585502.224|"
C942E5,TengaK,XR TNT$0$Xr-TNT-Khai$0$xr COT$0$T-TEN GA,585519.790,2305687.918,0.000,"T=AR172.2|SH=TB41|MG=5.17|DC=4.22|TN=TN|LV=LV|X=\W0.7000;X=2305687.713|Y=\W0.7000;Y=585519.484|"
C94310,TengaK,XR TNT$0$Xr-TNT-Khai$0$xr COT$0$T-TEN GA,585533.714,2305667.155,0.000,"T=AR172.3|SH=TB41|MG=5.17|DC=4.14|TN=TN|LV=LV|X=\W0.7000;X=2305666.960|Y=\W0.7000;Y=585533.423|"
C9433B,TengaK,XR TNT$0$Xr-TNT-Khai$0$xr COT$0$T-TEN GA,585548.194,2305645.560,0.000,"T=AR172.4|SH=TB41|MG=5.17|DC=4.05|TN=TN|LV=LV|X=\W0.7000;X=2305645.365|Y=\W0.7000;Y=585547.904|"
C94366,TengaK,XR TNT$0$Xr-TNT-Khai$0$xr COT$0$T-TEN GA,585493.364,2305706.320,0.000,"T=AR171.1|SH=TB41|MG=5.17|DC=4.32|TN=TN|LV=LV|X=\W0.7000;X=2305706.473|Y=\W0.7000;Y=585493.629|"
C94391,TengaK,XR TNT$0$Xr-TNT-Khai$0$xr COT$0$T-TEN GA,585435.338,2305636.103,0.000,"T=AR173.2|SH=TB41|MG=5.17|DC=4.23|TN=TN|LV=LV|X=\W0.7000;X=2305635.906|Y=\W0.7000;Y=585435.047|"
C943BC,TengaK,XR TNT$0$Xr-TNT-Khai$0$xr COT$0$T-TEN GA,585461.863,2305595.153,0.000,"T=AR173.3|SH=TB41|MG=5.17|DC=3.85|TN=TN|LV=LV|X=\W0.7000;X=2305590.735|Y=\W0.7000;Y=585465.338|"
C943E7,TengaK,XR TNT$0$Xr-TNT-Khai$0$xr COT$0$T-TEN GA,585563.869,2305621.831,0.000,"T=AR172.5|SH=TB41|MG=5.17|DC=3.95|TN=TN|LV=LV|X=\W0.7000;X=2305620.152|Y=\W0.7000;Y=585564.811|"
C94412,TengaK,XR TNT$0$Xr-TNT-Khai$0$xr COT$0$T-TEN GA,585552.788,2305604.642,0.000,"T=AR172.6|SH=TB41|MG=5.31|DC=3.86|TN=TN|LV=LV|X=\W0.7000;X=2305600.305|Y=\W0.7000;Y=585547.038|"
C9443D,TengaK,XR TNT$0$Xr-TNT-Khai$0$xr COT$0$T-TEN GA,585524.418,2305585.558,0.000,"T=AR172.7|SH=TB41|MG=5.31|DC=3.77|TN=TN|LV=LV|X=\W0.7000;X=2305585.267|Y=\W0.7000;Y=585524.613|"
C94468,TengaK,XR TNT$0$Xr-TNT-Khai$0$xr COT$0$T-TEN GA,585512.125,2305574.835,0.000,"T=AR172.8|SH=TB41|MG=5.31|DC=3.68|TN=TN|LV=LV|X=\W0.7000;X=2305570.230|Y=\W0.7000;Y=585502.188|"
C94493,TengaK,XR TNT$0$Xr-TNT-Khai$0$xr COT$0$T-TEN GA,585155.733,2305267.172,0.000,"T=AR108.2|SH=TB41|MG=5.07|DC=4.13|TN=TN|LV=LV|X=\W0.7000;X=2305267.411|Y=\W0.7000;Y=585155.993|"
C944BE,TengaK,XR TNT$0$Xr-TNT-Khai$0$xr COT$0$T-TEN GA,585171.327,2305243.916,0.000,"T=AR108.3|SH=TB41|MG=5.07|DC=4.04|TN=TN|LV=LV|X=\W0.7000;X=2305244.156|Y=\W0.7000;Y=585171.588|"
C944E9,TengaK,XR TNT$0$Xr-TNT-Khai$0$xr COT$0$T-TEN GA,585186.921,2305220.661,0.000,"T=AR108.4|SH=TB41|MG=5.07|DC=3.95|TN=TN|LV=LV|X=\W0.7000;X=2305220.901|Y=\W0.7000;Y=585187.182|"
C94514,TengaK,XR TNT$0$Xr-TNT-Khai$0$xr COT$0$T-TEN GA,585126.285,2305244.114,0.000,"T=AR107.2|SH=TB41|MG=5.07|DC=4.12|TN=TN|LV=LV|X=\W0.7000;X=2305244.000|Y=\W0.7000;Y=585126.104|"
C9453F,TengaK,XR TNT$0$Xr-TNT-Khai$0$xr COT$0$T-TEN GA,585140.765,2305222.519,0.000,"T=AR107.3|SH=TB41|MG=5.07|DC=4.04|TN=TN|LV=LV|X=\W0.7000;X=2305222.337|Y=\W0.7000;Y=585140.482|"
C9456A,TengaK,XR TNT$0$Xr-TNT-Khai$0$xr COT$0$T-TEN GA,585151.904,2305205.908,0.000,"T=AR107.4|SH=TB41|MG=5.07|DC=3.97|TN=TN|LV=LV|X=\W0.7000;X=2305205.794|Y=\W0.7000;Y=585151.723|"
C94595,TengaK,XR TNT$0$Xr-TNT-Khai$0$xr COT$0$T-TEN GA,585119.630,2305233.029,0.000,"T=AR106.2|SH=TB41|MG=5.07|DC=4.13|TN=TN|LV=LV|X=\W0.7000;X=2305233.224|Y=\W0.7000;Y=585119.921|"
C945C0,TengaK,XR TNT$0$Xr-TNT-Khai$0$xr COT$0$T-TEN GA,585134.668,2305210.604,0.000,"T=AR106.3|SH=TB41|MG=5.07|DC=4.04|TN=TN|LV=LV|X=\W0.7000;X=2305210.799|Y=\W0.7000;Y=585134.959|"
C945EB,TengaK,XR TNT$0$Xr-TNT-Khai$0$xr COT$0$T-TEN GA,585144.693,2305195.655,0.000,"T=AR106.4|SH=TB41|MG=5.07|DC=3.98|TN=TN|LV=LV|X=\W0.7000;X=2305195.849|Y=\W0.7000;Y=585144.984|"
C94616,TengaK,XR TNT$0$Xr-TNT-Khai$0$xr COT$0$T-TEN GA,585088.648,2305212.260,0.000,"T=AR105.2|SH=TB41|MG=5.07|DC=4.13|TN=TN|LV=LV|X=\W0.7000;X=2305212.077|Y=\W0.7000;Y=585088.349|"
C94641,TengaK,XR TNT$0$Xr-TNT-Khai$0$xr COT$0$T-TEN GA,585103.685,2305189.835,0.000,"T=AR105.3|SH=TB41|MG=5.07|DC=4.04|TN=TN|LV=LV|X=\W0.7000;X=2305189.728|Y=\W0.7000;Y=585103.500|"
C9466C,TengaK,XR TNT$0$Xr-TNT-Khai$0$xr COT$0$T-TEN GA,585113.710,2305174.886,0.000,"T=AR105.4|SH=TB41|MG=5.07|DC=3.98|TN=TN|LV=LV|X=\W0.7000;X=2305174.702|Y=\W0.7000;Y=585113.412|"
C94697,TengaK,XR TNT$0$Xr-TNT-Khai$0$xr COT$0$T-TEN GA,585142.090,2305166.015,0.000,"T=AR105.5|SH=TB41|MG=5.07|DC=3.34|TN=TN|LV=LV|X=\W0.7000;X=2305165.730|Y=\W0.7000;Y=585142.262|"
C946C2,TengaK,XR TNT$0$Xr-TNT-Khai$0$xr COT$0$T-TEN GA,585078.937,2305205.734,0.000,"T=AR104.2|SH=TB41|MG=5.07|DC=4.13|TN=TN|LV=LV|X=\W0.7000;X=2305205.950|Y=\W0.7000;Y=585079.213|"
C946ED,TengaK,XR TNT$0$Xr-TNT-Khai$0$xr COT$0$T-TEN GA,585093.975,2305183.309,0.000,"T=AR104.3|SH=TB41|MG=5.07|DC=4.04|TN=TN|LV=LV|X=\W0.7000;X=2305183.502|Y=\W0.7000;Y=585094.215|"
C94718,TengaK,XR TNT$0$Xr-TNT-Khai$0$xr COT$0$T-TEN GA,585104.001,2305168.357,0.000,"T=AR104.4|SH=TB41|MG=5.07|DC=3.98|TN=TN|LV=LV|X=\W0.7000;X=2305168.575|Y=\W0.7000;Y=585104.276|"
C94743,TengaK,XR TNT$0$Xr-TNT-Khai$0$xr COT$0$T-TEN GA,585047.954,2305184.965,0.000,"T=AR103.2|SH=TB41|MG=5.07|DC=4.13|TN=TN|LV=LV|X=\W0.7000;X=2305184.781|Y=\W0.7000;Y=585047.679|"
C9476E,TengaK,XR TNT$0$Xr-TNT-Khai$0$xr COT$0$T-TEN GA,585063.125,2305162.485,0.000,"T=AR103.3|SH=TB41|MG=5.07|DC=4.04|TN=TN|LV=LV|X=\W0.7000;X=2305162.356|Y=\W0.7000;Y=585062.933|"
C94799,TengaK,XR TNT$0$Xr-TNT-Khai$0$xr COT$0$T-TEN GA,585073.016,2305147.590,0.000,"T=AR103.4|SH=TB41|MG=5.07|DC=3.98|TN=TN|LV=LV|X=\W0.7000;X=2305147.450|Y=\W0.7000;Y=585072.736|"
C947C4,TengaK,XR TNT$0$Xr-TNT-Khai$0$xr COT$0$T-TEN GA,585038.236,2305178.449,0.000,"T=AR102.2|SH=TB41|MG=5.07|DC=4.13|TN=TN|LV=LV|X=\W0.7000;X=2305178.660|Y=\W0.7000;Y=585038.516|"
C947EF,TengaK,XR TNT$0$Xr-TNT-Khai$0$xr COT$0$T-TEN GA,585053.274,2305156.024,0.000,"T=AR102.3|SH=TB41|MG=5.07|DC=4.04|TN=TN|LV=LV|X=\W0.7000;X=2305156.235|Y=\W0.7000;Y=585053.554|"
C9481A,TengaK,XR TNT$0$Xr-TNT-Khai$0$xr COT$0$T-TEN GA,585063.299,2305141.074,0.000,"T=AR102.4|SH=TB41|MG=5.07|DC=3.98|TN=TN|LV=LV|X=\W0.7000;X=2305141.285|Y=\W0.7000;Y=585063.579|"
C94845,TengaK,XR TNT$0$Xr-TNT-Khai$0$xr COT$0$T-TEN GA,585215.893,2305198.203,0.000,"T=AR109.1|SH=TB41|MG=5.07|DC=3.11|TN=TN|LV=LV|X=\W0.7000;X=2305196.477|Y=\W0.7000;Y=585216.842|"
C94870,TengaK,XR TNT$0$Xr-TNT-Khai$0$xr COT$0$T-TEN GA,585206.313,2305190.277,0.000,"T=AR109.2|SH=TB41|MG=5.07|DC=3.07|TN=TN|LV=LV|X=\W0.7000;X=2305190.250|Y=\W0.7000;Y=585207.557|"
C9489B,TengaK,XR TNT$0$Xr-TNT-Khai$0$xr COT$0$T-TEN GA,585224.515,2305164.598,0.000,"T=AR109.3|SH=TB41|MG=5.07|DC=2.97|TN=TN|LV=LV|X=\W0.7000;X=2305164.811|Y=\W0.7000;Y=585224.832|"
C948C6,TengaK,XR TNT$0$Xr-TNT-Khai$0$xr COT$0$T-TEN GA,585238.167,2305144.241,0.000,"T=AR109.4|SH=TB41|MG=5.07|DC=2.89|TN=TN|LV=LV|X=\W0.7000;X=2305144.488|Y=\W0.7000;Y=585238.515|"
C948F1,TengaK,XR TNT$0$Xr-TNT-Khai$0$xr COT$0$T-TEN GA,585251.810,2305123.895,0.000,"T=AR109.5|SH=TB41|MG=5.07|DC=2.81|TN=TN|LV=LV|X=\W0.7000;X=2305124.114|Y=\W0.7000;Y=585252.122|"
C9491C,TengaK,XR TNT$0$Xr-TNT-Khai$0$xr COT$0$T-TEN GA,585194.789,2305141.956,0.000,"T=AR117.2|SH=TB41|MG=5.07|DC=4.14|TN=TN|LV=LV|X=\W0.7000;X=2305141.761|Y=\W0.7000;Y=585194.498|"
C94947,TengaK,XR TNT$0$Xr-TNT-Khai$0$xr COT$0$T-TEN GA,585208.557,2305122.291,0.000,"T=AR117.3|SH=TB41|MG=5.07|DC=4.07|TN=TN|LV=LV|X=\W0.7000;X=2305124.037|Y=\W0.7000;Y=585206.331|"
C94972,TengaK,XR TNT$0$Xr-TNT-Khai$0$xr COT$0$T-TEN GA,585220.408,2305103.750,0.000,"T=AR117.4|SH=TB41|MG=5.07|DC=3.99|TN=TN|LV=LV|X=\W0.7000;X=2305103.555|Y=\W0.7000;Y=585220.117|"
C9499D,TengaK,XR TNT$0$Xr-TNT-Khai$0$xr COT$0$T-TEN GA,585234.783,2305082.959,0.000,"T=AR117.5|SH=TB41|MG=5.07|DC=3.23|TN=TN|LV=LV|X=\W0.7000;X=2305080.376|Y=\W0.7000;Y=585235.641|"
C949C8,TengaK,XR TNT$0$Xr-TNT-Khai$0$xr COT$0$T-TEN GA,585191.754,2305125.473,0.000,"T=AR116.2|SH=TB41|MG=5.07|DC=4.13|TN=TN|LV=LV|X=\W0.7000;X=2305125.686|Y=\W0.7000;Y=585192.033|"
C949F3,TengaK,XR TNT$0$Xr-TNT-Khai$0$xr COT$0$T-TEN GA,585206.792,2305103.048,0.000,"T=AR116.3|SH=TB41|MG=5.07|DC=4.04|TN=TN|LV=LV|X=\W0.7000;X=2305103.261|Y=\W0.7000;Y=585207.070|"
C94A1E,TengaK,XR TNT$0$Xr-TNT-Khai$0$xr COT$0$T-TEN GA,585216.817,2305088.098,0.000,"T=AR116.4|SH=TB41|MG=5.07|DC=3.98|TN=TN|LV=LV|X=\W0.7000;X=2305088.311|Y=\W0.7000;Y=585217.095|"
C94A49,TengaK,XR TNT$0$Xr-TNT-Khai$0$xr COT$0$T-TEN GA,585160.775,2305104.699,0.000,"T=AR115.2|SH=TB41|MG=5.07|DC=4.13|TN=TN|LV=LV|X=\W0.7000;X=2305104.504|Y=\W0.7000;Y=585160.484|"
C94A74,TengaK,XR TNT$0$Xr-TNT-Khai$0$xr COT$0$T-TEN GA,585175.812,2305082.274,0.000,"T=AR115.3|SH=TB41|MG=5.07|DC=4.04|TN=TN|LV=LV|X=\W0.7000;X=2305082.079|Y=\W0.7000;Y=585175.522|"
C94A9F,TengaK,XR TNT$0$Xr-TNT-Khai$0$xr COT$0$T-TEN GA,585185.837,2305067.324,0.000,"T=AR115.4|SH=TB41|MG=5.07|DC=3.98|TN=TN|LV=LV|X=\W0.7000;X=2305067.129|Y=\W0.7000;Y=585185.547|"
C94ACA,TengaK,XR TNT$0$Xr-TNT-Khai$0$xr COT$0$T-TEN GA,585194.643,2305054.983,0.000,"T=AR115.5|SH=TB41|MG=5.07|DC=3.41|TN=TN|LV=LV|X=\W0.7000;X=2305053.096|Y=\W0.7000;Y=585194.935|"
C94AF5,TengaK,XR TNT$0$Xr-TNT-Khai$0$xr COT$0$T-TEN GA,585151.057,2305098.183,0.000,"T=AR114.2|SH=TB41|MG=5.07|DC=4.13|TN=TN|LV=LV|X=\W0.7000;X=2305098.366|Y=\W0.7000;Y=585151.330|"
C94B20,TengaK,XR TNT$0$Xr-TNT-Khai$0$xr COT$0$T-TEN GA,585166.095,2305075.758,0.000,"T=AR114.3|SH=TB41|MG=5.07|DC=4.04|TN=TN|LV=LV|X=\W0.7000;X=2305075.941|Y=\W0.7000;Y=585166.367|"
C94B4B,TengaK,XR TNT$0$Xr-TNT-Khai$0$xr COT$0$T-TEN GA,585176.118,2305060.811,0.000,"T=AR114.4|SH=TB41|MG=5.07|DC=3.98|TN=TN|LV=LV|X=\W0.7000;X=2305060.991|Y=\W0.7000;Y=585176.392|"
C94B76,TengaK,XR TNT$0$Xr-TNT-Khai$0$xr COT$0$T-TEN GA,585120.078,2305077.409,0.000,"T=AR113.2|SH=TB41|MG=5.07|DC=4.13|TN=TN|LV=LV|X=\W0.7000;X=2305077.232|Y=\W0.7000;Y=585119.775|"
C94BA1,TengaK,XR TNT$0$Xr-TNT-Khai$0$xr COT$0$T-TEN GA,585135.115,2305054.984,0.000,"T=AR113.3|SH=TB41|MG=5.07|DC=4.04|TN=TN|LV=LV|X=\W0.7000;X=2305054.807|Y=\W0.7000;Y=585134.812|"
C94BCC,TengaK,XR TNT$0$Xr-TNT-Khai$0$xr COT$0$T-TEN GA,585145.140,2305040.034,0.000,"T=AR113.4|SH=TB41|MG=5.07|DC=3.98|TN=TN|LV=LV|X=\W0.7000;X=2305039.857|Y=\W0.7000;Y=585144.837|"
C94BF7,TengaK,XR TNT$0$Xr-TNT-Khai$0$xr COT$0$T-TEN GA,585154.012,2305027.684,0.000,"T=AR113.5|SH=TB41|MG=5.07|DC=3.59|TN=TN|LV=LV|X=\W0.7000;X=2305025.825|Y=\W0.7000;Y=585154.247|"
C94C22,TengaK,XR TNT$0$Xr-TNT-Khai$0$xr COT$0$T-TEN GA,585110.360,2305070.893,0.000,"T=AR112.2|SH=TB41|MG=5.07|DC=4.13|TN=TN|LV=LV|X=\W0.7000;X=2305071.059|Y=\W0.7000;Y=585110.670|"
C94C4D,TengaK,XR TNT$0$Xr-TNT-Khai$0$xr COT$0$T-TEN GA,585125.398,2305048.468,0.000,"T=AR112.3|SH=TB41|MG=5.07|DC=4.04|TN=TN|LV=LV|X=\W0.7000;X=2305048.634|Y=\W0.7000;Y=585125.707|"
C94C78,TengaK,XR TNT$0$Xr-TNT-Khai$0$xr COT$0$T-TEN GA,585135.423,2305033.518,0.000,"T=AR112.4|SH=TB41|MG=5.07|DC=3.98|TN=TN|LV=LV|X=\W0.7000;X=2305033.716|Y=\W0.7000;Y=585135.779|"
C94CA3,TengaK,XR TNT$0$Xr-TNT-Khai$0$xr COT$0$T-TEN GA,585395.165,2305508.021,0.000,"T=AR179.5|SH=TB41|MG=5.17|DC=3.28|TN=TN|LV=LV|X=\W0.7000;X=2305506.537|Y=\W0.7000;Y=585395.377|"
C94CCE,TengaK,XR TNT$0$Xr-TNT-Khai$0$xr COT$0$T-TEN GA,585378.702,2305490.886,0.000,"T=AR179.6|SH=TB41|MG=5.31|DC=3.19|TN=TN|LV=LV|X=\W0.7000;X=2305486.693|Y=\W0.7000;Y=585377.612|"
C94CF9,TengaK,XR TNT$0$Xr-TNT-Khai$0$xr COT$0$T-TEN GA,585353.789,2305474.111,0.000,"T=AR179.7|SH=TB41|MG=5.31|DC=3.1|TN=TN|LV=LV|X=\W0.7000;X=2305471.655|Y=\W0.7000;Y=585355.187|"
C94D24,TengaK,XR TNT$0$Xr-TNT-Khai$0$xr COT$0$T-TEN GA,585331.189,2305458.947,0.000,"T=AR179.8|SH=TB41|MG=5.31|DC=3.01|TN=TN|LV=LV|X=\W0.7000;X=2305456.618|Y=\W0.7000;Y=585332.762|"
C94D4F,TengaK,XR TNT$0$Xr-TNT-Khai$0$xr COT$0$T-TEN GA,585583.240,2305586.654,0.000,"T=AR186.1|SH=TB41|MG=5.27|DC=4.42|TN=TN|LV=LV|X=\W0.7000;X=2305586.849|Y=\W0.7000;Y=585583.531|"
C94D7A,TengaK,XR TNT$0$Xr-TNT-Khai$0$xr COT$0$T-TEN GA,585597.164,2305565.890,0.000,"T=AR186.2|SH=TB41|MG=5.27|DC=4.34|TN=TN|LV=LV|X=\W0.7000;X=2305566.085|Y=\W0.7000;Y=585597.454|"
C94DA5,TengaK,XR TNT$0$Xr-TNT-Khai$0$xr COT$0$T-TEN GA,585611.644,2305544.296,0.000,"T=AR186.3|SH=TB41|MG=5.27|DC=4.25|TN=TN|LV=LV|X=\W0.7000;X=2305544.491|Y=\W0.7000;Y=585611.935|"
C94DD0,TengaK,XR TNT$0$Xr-TNT-Khai$0$xr COT$0$T-TEN GA,585625.568,2305523.532,0.000,"T=AR186.4|SH=TB41|MG=5.27|DC=4.17|TN=TN|LV=LV|X=\W0.7000;X=2305523.727|Y=\W0.7000;Y=585625.858|"
C94DFB,TengaK,XR TNT$0$Xr-TNT-Khai$0$xr COT$0$T-TEN GA,585558.905,2305570.336,0.000,"T=AR187.1|SH=TB41|MG=5.27|DC=4.42|TN=TN|LV=LV|X=\W0.7000;X=2305570.141|Y=\W0.7000;Y=585558.614|"
C94E26,TengaK,XR TNT$0$Xr-TNT-Khai$0$xr COT$0$T-TEN GA,585572.828,2305549.573,0.000,"T=AR187.2|SH=TB41|MG=5.27|DC=3.96|TN=TN|LV=LV|X=\W0.7000;X=2305549.377|Y=\W0.7000;Y=585572.538|"
C94E51,TengaK,XR TNT$0$Xr-TNT-Khai$0$xr COT$0$T-TEN GA,585587.309,2305527.978,0.000,"T=AR187.3|SH=TB41|MG=5.27|DC=3.96|TN=TN|LV=LV|X=\W0.7000;X=2305527.883|Y=\W0.7000;Y=585587.168|"
C94E7C,TengaK,XR TNT$0$Xr-TNT-Khai$0$xr COT$0$T-TEN GA,585601.232,2305507.214,0.000,"T=AR187.4|SH=TB41|MG=5.27|DC=3.96|TN=TN|LV=LV|X=\W0.7000;X=2305507.019|Y=\W0.7000;Y=585600.942|"
C94EA7,TengaK,XR TNT$0$Xr-TNT-Khai$0$xr COT$0$T-TEN GA,585549.469,2305563.400,0.000,"T=AR188.1|SH=TB41|MG=5.27|DC=4.42|TN=TN|LV=LV|X=\W0.7000;X=2305563.599|Y=\W0.7000;Y=585549.757|"
C94ED2,TengaK,XR TNT$0$Xr-TNT-Khai$0$xr COT$0$T-TEN GA,585566.174,2305538.488,0.000,"T=AR188.2|SH=TB41|MG=5.27|DC=4.32|TN=TN|LV=LV|X=\W0.7000;X=2305538.683|Y=\W0.7000;Y=585566.465|"
C94EFD,TengaK,XR TNT$0$Xr-TNT-Khai$0$xr COT$0$T-TEN GA,585582.882,2305513.571,0.000,"T=AR188.3|SH=TB41|MG=5.27|DC=4.22|TN=TN|LV=LV|X=\W0.7000;X=2305513.766|Y=\W0.7000;Y=585583.173|"
C94F28,TengaK,XR TNT$0$Xr-TNT-Khai$0$xr COT$0$T-TEN GA,585601.337,2305486.098,0.000,"T=AR188.4|SH=TB41|MG=5.27|DC=3.96|TN=TN|LV=LV|X=\W0.7000;X=2305485.650|Y=\W0.7000;Y=585602.027|"
C94F53,TengaK,XR TNT$0$Xr-TNT-Khai$0$xr COT$0$T-TEN GA,585617.504,2305461.909,0.000,"T=AR188.5|SH=TB41|MG=5.27|DC=3.87|TN=TN|LV=LV|X=\W0.7000;X=2305463.174|Y=\W0.7000;Y=585617.099|"
C94F7E,TengaK,XR TNT$0$Xr-TNT-Khai$0$xr COT$0$T-TEN GA,585631.845,2305440.555,0.000,"T=AR188.6|SH=TB41|MG=5.27|DC=3.78|TN=TN|LV=LV|X=\W0.7000;X=2305440.749|Y=\W0.7000;Y=585632.136|"
C94FA9,TengaK,XR TNT$0$Xr-TNT-Khai$0$xr COT$0$T-TEN GA,585643.760,2305422.770,0.000,"T=AR188.7|SH=TB41|MG=5.27|DC=3.69|TN=TN|LV=LV|X=\W0.7000;X=2305418.324|Y=\W0.7000;Y=585647.174|"
C94FD4,TengaK,XR TNT$0$Xr-TNT-Khai$0$xr COT$0$T-TEN GA,585661.920,2305395.704,0.000,"T=AR188.8|SH=TB41|MG=5.27|DC=3.61|TN=TN|LV=LV|X=\W0.7000;X=2305395.899|Y=\W0.7000;Y=585662.211|"
C94FFF,TengaK,XR TNT$0$Xr-TNT-Khai$0$xr COT$0$T-TEN GA,585678.866,2305465.058,0.000,"T=AR189.2|SH=TB41|MG=5.27|DC=4.34|TN=TN|LV=LV|X=\W0.7000;X=2305464.863|Y=\W0.7000;Y=585678.575|"
C9502A,TengaK,XR TNT$0$Xr-TNT-Khai$0$xr COT$0$T-TEN GA,585696.409,2305438.895,0.000,"T=AR189.3|SH=TB41|MG=5.27|DC=4.24|TN=TN|LV=LV|X=\W0.7000;X=2305438.792|Y=\W0.7000;Y=585696.256|"
C95055,TengaK,XR TNT$0$Xr-TNT-Khai$0$xr COT$0$T-TEN GA,585712.004,2305415.640,0.000,"T=AR189.4|SH=TB41|MG=5.27|DC=4.14|TN=TN|LV=LV|X=\W0.7000;X=2305415.445|Y=\W0.7000;Y=585711.713|"
C95080,TengaK,XR TNT$0$Xr-TNT-Khai$0$xr COT$0$T-TEN GA,585703.869,2305406.763,0.000,"T=AR189.5|SH=TB41|MG=5.27|DC=4.11|TN=TN|LV=LV|X=\W0.7000;X=2305406.958|Y=\W0.7000;Y=585704.160|"
C950AB,TengaK,XR TNT$0$Xr-TNT-Khai$0$xr COT$0$T-TEN GA,585700.860,2305385.351,0.000,"T=AR189.6|SH=TB41|MG=5.31|DC=4.02|TN=TN|LV=LV|X=\W0.7000;X=2305385.675|Y=\W0.7000;Y=585702.779|"
C950D6,TengaK,XR TNT$0$Xr-TNT-Khai$0$xr COT$0$T-TEN GA,585681.732,2305385.758,0.000,"T=AR189.7|SH=TB41|MG=5.27|DC=3.95|TN=TN|LV=LV|X=\W0.7000;X=2305381.677|Y=\W0.7000;Y=585684.992|"
C95101,TengaK,XR TNT$0$Xr-TNT-Khai$0$xr COT$0$T-TEN GA,585652.647,2305483.150,0.000,"T=AR189.8|SH=TB41|MG=5.27|DC=4.42|TN=TN|LV=LV|X=\W0.7000;X=2305483.347|Y=\W0.7000;Y=585652.936|"
C9512C,TengaK,XR TNT$0$Xr-TNT-Khai$0$xr COT$0$T-TEN GA,585665.408,2305464.089,0.000,"T=AR189.9|SH=TB41|MG=5.27|DC=4.33|TN=TN|LV=LV|X=\W0.7000;X=2305461.802|Y=\W0.7000;Y=585667.383|"
C95157,TengaK,XR TNT$0$Xr-TNT-Khai$0$xr COT$0$T-TEN GA,585681.016,2305440.843,0.000,"T=AR189.10|SH=TB41|MG=5.27|DC=4.25|TN=TN|LV=LV|X=\W0.7000;X=2305441.038|Y=\W0.7000;Y=585681.307|"
C95182,TengaK,XR TNT$0$Xr-TNT-Khai$0$xr COT$0$T-TEN GA,585695.499,2305419.250,0.000,"T=AR189.11|SH=TB41|MG=5.27|DC=4.18|TN=TN|LV=LV|X=\W0.7000;X=2305423.597|Y=\W0.7000;Y=585693.003|"
C951AD,TengaK,XR TNT$0$Xr-TNT-Khai$0$xr COT$0$T-TEN GA,585628.310,2305466.833,0.000,"T=AR189.12|SH=TB41|MG=5.27|DC=4.42|TN=TN|LV=LV|X=\W0.7000;X=2305466.638|Y=\W0.7000;Y=585628.020|"
C951D8,TengaK,XR TNT$0$Xr-TNT-Khai$0$xr COT$0$T-TEN GA,585641.101,2305447.790,0.000,"T=AR189.13|SH=TB41|MG=5.27|DC=4.33|TN=TN|LV=LV|X=\W0.7000;X=2305445.094|Y=\W0.7000;Y=585642.467|"
C95203,TengaK,XR TNT$0$Xr-TNT-Khai$0$xr COT$0$T-TEN GA,585656.681,2305424.525,0.000,"T=AR189.14|SH=TB41|MG=5.27|DC=4.25|TN=TN|LV=LV|X=\W0.7000;X=2305424.330|Y=\W0.7000;Y=585656.390|"
C9522E,TengaK,XR TNT$0$Xr-TNT-Khai$0$xr COT$0$T-TEN GA,585671.162,2305402.930,0.000,"T=AR189.15|SH=TB41|MG=5.27|DC=4.17|TN=TN|LV=LV|X=\W0.7000;X=2305402.736|Y=\W0.7000;Y=585670.871|"
C95259,TengaK,XR TNT$0$Xr-TNT-Khai$0$xr COT$0$T-TEN GA,585657.735,2305355.891,0.000,"T=AR190.1|SH=TB41|MG=5.31|DC=3.43|TN=TN|LV=LV|X=\W0.7000;X=2305355.600|Y=\W0.7000;Y=585657.930|"
C95284,TengaK,XR TNT$0$Xr-TNT-Khai$0$xr COT$0$T-TEN GA,585636.140,2305341.410,0.000,"T=AR190.2|SH=TB41|MG=5.31|DC=3.34|TN=TN|LV=LV|X=\W0.7000;X=2305341.120|Y=\W0.7000;Y=585636.335|"
C952AF,TengaK,XR TNT$0$Xr-TNT-Khai$0$xr COT$0$T-TEN GA,585615.377,2305327.487,0.000,"T=AR190.3|SH=TB41|MG=5.31|DC=3.26|TN=TN|LV=LV|X=\W0.7000;X=2305327.196|Y=\W0.7000;Y=585615.572|"
C952DA,TengaK,XR TNT$0$Xr-TNT-Khai$0$xr COT$0$T-TEN GA,585584.231,2305306.601,0.000,"T=AR190.4|SH=TB41|MG=5.31|DC=3.16|TN=TN|LV=LV|X=\W0.7000;X=2305309.452|Y=\W0.7000;Y=585589.111|"
C95305,TengaK,XR TNT$0$Xr-TNT-Khai$0$xr COT$0$T-TEN GA,585563.467,2305292.678,0.000,"T=AR190.5|SH=TB41|MG=5.31|DC=3.06|TN=TN|LV=LV|X=\W0.7000;X=2305292.387|Y=\W0.7000;Y=585563.662|"
C95330,TengaK,XR TNT$0$Xr-TNT-Khai$0$xr COT$0$T-TEN GA,585541.873,2305278.197,0.000,"T=AR190.6|SH=TB41|MG=5.31|DC=2.97|TN=TN|LV=LV|X=\W0.7000;X=2305277.907|Y=\W0.7000;Y=585542.068|"
C9535B,TengaK,XR TNT$0$Xr-TNT-Khai$0$xr COT$0$T-TEN GA,585516.126,2305260.932,0.000,"T=AR190.7|SH=TB41|MG=5.31|DC=2.87|TN=TN|LV=LV|X=\W0.7000;X=2305260.615|Y=\W0.7000;Y=585516.457|"
C95386,TengaK,XR TNT$0$Xr-TNT-Khai$0$xr COT$0$T-TEN GA,585489.202,2305249.778,0.000,"T=AR190.8|SH=TB41|MG=5.27|DC=2.76|TN=TN|LV=LV|X=\W0.7000;X=2305249.657|Y=\W0.7000;Y=585488.274|"
C953B1,TengaK,XR TNT$0$Xr-TNT-Khai$0$xr COT$0$T-TEN GA,585473.524,2305232.365,0.000,"T=AR190.9|SH=TB41|MG=5.31|DC=2.69|TN=TN|LV=LV|X=\W0.7000;X=2305232.074|Y=\W0.7000;Y=585473.719|"
C953DC,TengaK,XR TNT$0$Xr-TNT-Khai$0$xr COT$0$T-TEN GA,585452.711,2305218.408,0.000,"T=AR190.10|SH=TB41|MG=5.31|DC=2.6|TN=TN|LV=LV|X=\W0.7000;X=2305218.117|Y=\W0.7000;Y=585452.906|"
C95407,TengaK,XR TNT$0$Xr-TNT-Khai$0$xr COT$0$T-TEN GA,585433.322,2305205.752,0.000,"T=AR190.11|SH=TB41|MG=5.31|DC=2.52|TN=TN|LV=LV|X=\W0.7000;X=2305203.632|Y=\W0.7000;Y=585431.304|"
C95432,TengaK,XR TNT$0$Xr-TNT-Khai$0$xr COT$0$T-TEN GA,585410.367,2305190.014,0.000,"T=AR190.12|SH=TB41|MG=5.31|DC=2.44|TN=TN|LV=LV|X=\W0.7000;X=2305189.728|Y=\W0.7000;Y=585410.573|"
C9545D,TengaK,XR TNT$0$Xr-TNT-Khai$0$xr COT$0$T-TEN GA,585791.269,2305283.069,0.000,"T=AR204.1|SH=TB41|MG=5.27|DC=4.42|TN=TN|LV=LV|X=\W0.7000;X=2305282.877|Y=\W0.7000;Y=585790.977|"
C95488,TengaK,XR TNT$0$Xr-TNT-Khai$0$xr COT$0$T-TEN GA,585775.673,2305306.327,0.000,"T=AR204.2|SH=TB41|MG=5.27|DC=4.33|TN=TN|LV=LV|X=\W0.7000;X=2305306.132|Y=\W0.7000;Y=585775.383|"
C954B3,TengaK,XR TNT$0$Xr-TNT-Khai$0$xr COT$0$T-TEN GA,585762.864,2305325.430,0.000,"T=AR204.3|SH=TB41|MG=5.27|DC=4.25|TN=TN|LV=LV|X=\W0.7000;X=2305325.235|Y=\W0.7000;Y=585762.573|"
C954DE,TengaK,XR TNT$0$Xr-TNT-Khai$0$xr COT$0$T-TEN GA,585745.598,2305351.177,0.000,"T=AR204.4|SH=TB41|MG=5.27|DC=4.15|TN=TN|LV=LV|X=\W0.7000;X=2305350.982|Y=\W0.7000;Y=585745.308|"
C95509,TengaK,XR TNT$0$Xr-TNT-Khai$0$xr COT$0$T-TEN GA,585767.348,2305297.735,0.000,"T=AR203.1|SH=TB41|MG=5.27|DC=4.33|TN=TN|LV=LV|X=\W0.7000;X=2305297.930|Y=\W0.7000;Y=585767.639|"
C95534,TengaK,XR TNT$0$Xr-TNT-Khai$0$xr COT$0$T-TEN GA,585755.884,2305314.128,0.000,"T=AR203.2|SH=TB41|MG=5.27|DC=4.25|TN=TN|LV=LV|X=\W0.7000;X=2305318.207|Y=\W0.7000;Y=585754.042|"
C9555F,TengaK,XR TNT$0$Xr-TNT-Khai$0$xr COT$0$T-TEN GA,585737.680,2305304.292,0.000,"T=AR203.3|SH=TB41|MG=5.27|DC=4.17|TN=TN|LV=LV|X=\W0.7000;X=2305305.926|Y=\W0.7000;Y=585735.675|"
C9558A,TengaK,XR TNT$0$Xr-TNT-Khai$0$xr COT$0$T-TEN GA,585728.301,2305295.834,0.000,"T=AR203.4|SH=TB41|MG=5.27|DC=4.13|TN=TN|LV=LV|X=\W0.7000;X=2305299.836|Y=\W0.7000;Y=585726.592|"
C955B5,TengaK,XR TNT$0$Xr-TNT-Khai$0$xr COT$0$T-TEN GA,585710.477,2305285.841,0.000,"T=AR203.5|SH=TB41|MG=5.27|DC=4.05|TN=TN|LV=LV|X=\W0.7000;X=2305287.575|Y=\W0.7000;Y=585708.361|"
C955E0,TengaK,XR TNT$0$Xr-TNT-Khai$0$xr COT$0$T-TEN GA,585700.936,2305277.461,0.000,"T=AR203.6|SH=TB41|MG=5.27|DC=4.01|TN=TN|LV=LV|X=\W0.7000;X=2305281.449|Y=\W0.7000;Y=585699.225|"
C9560B,TengaK,XR TNT$0$Xr-TNT-Khai$0$xr COT$0$T-TEN GA,585682.643,2305267.361,0.000,"T=AR203.7|SH=TB41|MG=5.27|DC=3.93|TN=TN|LV=LV|X=\W0.7000;X=2305269.196|Y=\W0.7000;Y=585680.953|"
C95636,TengaK,XR TNT$0$Xr-TNT-Khai$0$xr COT$0$T-TEN GA,585764.137,2305264.279,0.000,"T=AR203.8|SH=TB41|MG=5.27|DC=4.42|TN=TN|LV=LV|X=\W0.7000;X=2305264.218|Y=\W0.7000;Y=585763.756|"
C95661,TengaK,XR TNT$0$Xr-TNT-Khai$0$xr COT$0$T-TEN GA,585749.657,2305285.872,0.000,"T=AR203.9|SH=TB41|MG=5.27|DC=4.33|TN=TN|LV=LV|X=\W0.7000;X=2305285.677|Y=\W0.7000;Y=585749.367|"
C9568C,TengaK,XR TNT$0$Xr-TNT-Khai$0$xr COT$0$T-TEN GA,585754.420,2305257.761,0.000,"T=AR203.10|SH=TB41|MG=5.27|DC=4.42|TN=TN|LV=LV|X=\W0.7000;X=2305257.956|Y=\W0.7000;Y=585754.711|"
C956B7,TengaK,XR TNT$0$Xr-TNT-Khai$0$xr COT$0$T-TEN GA,585739.940,2305279.356,0.000,"T=AR203.11|SH=TB41|MG=5.27|DC=4.33|TN=TN|LV=LV|X=\W0.7000;X=2305279.550|Y=\W0.7000;Y=585740.231|"
C956E2,TengaK,XR TNT$0$Xr-TNT-Khai$0$xr COT$0$T-TEN GA,585736.727,2305245.902,0.000,"T=AR203.12|SH=TB41|MG=5.27|DC=4.42|TN=TN|LV=LV|X=\W0.7000;X=2305245.703|Y=\W0.7000;Y=585736.439|"
C9570D,TengaK,XR TNT$0$Xr-TNT-Khai$0$xr COT$0$T-TEN GA,585722.249,2305267.493,0.000,"T=AR203.13|SH=TB41|MG=5.27|DC=4.33|TN=TN|LV=LV|X=\W0.7000;X=2305267.298|Y=\W0.7000;Y=585721.959|"
C95738,TengaK,XR TNT$0$Xr-TNT-Khai$0$xr COT$0$T-TEN GA,585727.012,2305239.382,0.000,"T=AR203.14|SH=TB41|MG=5.27|DC=4.42|TN=TN|LV=LV|X=\W0.7000;X=2305239.577|Y=\W0.7000;Y=585727.303|"
C95763,TengaK,XR TNT$0$Xr-TNT-Khai$0$xr COT$0$T-TEN GA,585712.532,2305260.976,0.000,"T=AR203.15|SH=TB41|MG=5.27|DC=4.33|TN=TN|LV=LV|X=\W0.7000;X=2305261.171|Y=\W0.7000;Y=585712.822|"
C9578E,TengaK,XR TNT$0$Xr-TNT-Khai$0$xr COT$0$T-TEN GA,585709.322,2305227.518,0.000,"T=AR203.16|SH=TB41|MG=5.27|DC=4.42|TN=TN|LV=LV|X=\W0.7000;X=2305227.324|Y=\W0.7000;Y=585709.031|"
C957B9,TengaK,XR TNT$0$Xr-TNT-Khai$0$xr COT$0$T-TEN GA,585694.841,2305249.114,0.000,"T=AR203.17|SH=TB41|MG=5.27|DC=4.33|TN=TN|LV=LV|X=\W0.7000;X=2305248.919|Y=\W0.7000;Y=585694.550|"
C957E4,TengaK,XR TNT$0$Xr-TNT-Khai$0$xr COT$0$T-TEN GA,585685.124,2305242.597,0.000,"T=AR205.2|SH=TB41|MG=5.27|DC=4.34|TN=TN|LV=LV|X=\W0.7000;X=2305242.792|Y=\W0.7000;Y=585685.414|"
C9580F,TengaK,XR TNT$0$Xr-TNT-Khai$0$xr COT$0$T-TEN GA,585673.730,2305259.588,0.000,"T=AR205.3|SH=TB41|MG=5.27|DC=3.89|TN=TN|LV=LV|X=\W0.7000;X=2305263.935|Y=\W0.7000;Y=585671.235|"
C9583A,TengaK,XR TNT$0$Xr-TNT-Khai$0$xr COT$0$T-TEN GA,585653.656,2305289.524,0.000,"T=AR205.4|SH=TB41|MG=5.27|DC=3.8|TN=TN|LV=LV|X=\W0.7000;X=2305289.718|Y=\W0.7000;Y=585653.946|"
C95865,TengaK,XR TNT$0$Xr-TNT-Khai$0$xr COT$0$T-TEN GA,585668.838,2305228.667,0.000,"T=AR206.2|SH=TB41|MG=5.31|DC=4.37|TN=TN|LV=LV|X=\W0.7000;X=2305230.951|Y=\W0.7000;Y=585666.884|"
C95890,TengaK,XR TNT$0$Xr-TNT-Khai$0$xr COT$0$T-TEN GA,585653.254,2305251.878,0.000,"T=AR206.3|SH=TB41|MG=5.31|DC=4.29|TN=TN|LV=LV|X=\W0.7000;X=2305251.679|Y=\W0.7000;Y=585652.984|"
C958BB,TengaK,XR TNT$0$Xr-TNT-Khai$0$xr COT$0$T-TEN GA,585635.966,2305277.661,0.000,"T=AR206.4|SH=TB41|MG=5.31|DC=4.19|TN=TN|LV=LV|X=\W0.7000;X=2305277.462|Y=\W0.7000;Y=585635.695|"
C958E6,TengaK,XR TNT$0$Xr-TNT-Khai$0$xr COT$0$T-TEN GA,585651.340,2305222.953,0.000,"T=AR207.2|SH=TB41|MG=5.31|DC=4.37|TN=TN|LV=LV|X=\W0.7000;X=2305223.115|Y=\W0.7000;Y=585651.635|"
C95911,TengaK,XR TNT$0$Xr-TNT-Khai$0$xr COT$0$T-TEN GA,585638.554,2305242.021,0.000,"T=AR207.3|SH=TB41|MG=5.31|DC=4.29|TN=TN|LV=LV|X=\W0.7000;X=2305242.183|Y=\W0.7000;Y=585638.849|"
C9593C,TengaK,XR TNT$0$Xr-TNT-Khai$0$xr COT$0$T-TEN GA,585621.265,2305267.803,0.000,"T=AR207.4|SH=TB41|MG=5.31|DC=4.19|TN=TN|LV=LV|X=\W0.7000;X=2305267.965|Y=\W0.7000;Y=585621.560|"
C95967,TengaK,XR TNT$0$Xr-TNT-Khai$0$xr COT$0$T-TEN GA,585633.649,2305211.090,0.000,"T=AR208.2|SH=TB41|MG=5.27|DC=4.33|TN=TN|LV=LV|X=\W0.7000;X=2305210.895|Y=\W0.7000;Y=585633.358|"
C95992,TengaK,XR TNT$0$Xr-TNT-Khai$0$xr COT$0$T-TEN GA,585620.863,2305230.158,0.000,"T=AR208.3|SH=TB41|MG=5.27|DC=4.25|TN=TN|LV=LV|X=\W0.7000;X=2305229.963|Y=\W0.7000;Y=585620.572|"
C959BD,TengaK,XR TNT$0$Xr-TNT-Khai$0$xr COT$0$T-TEN GA,585603.574,2305255.940,0.000,"T=AR208.4|SH=TB41|MG=5.27|DC=4.15|TN=TN|LV=LV|X=\W0.7000;X=2305255.745|Y=\W0.7000;Y=585603.284|"
C959E8,TengaK,XR TNT$0$Xr-TNT-Khai$0$xr COT$0$T-TEN GA,585606.241,2305192.711,0.000,"T=AR209.2|SH=TB41|MG=5.27|DC=4.33|TN=TN|LV=LV|X=\W0.7000;X=2305192.516|Y=\W0.7000;Y=585605.950|"
C95A13,TengaK,XR TNT$0$Xr-TNT-Khai$0$xr COT$0$T-TEN GA,585593.455,2305211.779,0.000,"T=AR209.3|SH=TB41|MG=5.27|DC=4.25|TN=TN|LV=LV|X=\W0.7000;X=2305211.584|Y=\W0.7000;Y=585593.164|"
C95A3E,TengaK,XR TNT$0$Xr-TNT-Khai$0$xr COT$0$T-TEN GA,585576.166,2305237.561,0.000,"T=AR209.4|SH=TB41|MG=5.27|DC=4.15|TN=TN|LV=LV|X=\W0.7000;X=2305237.366|Y=\W0.7000;Y=585575.875|"
C95A69,TengaK,XR TNT$0$Xr-TNT-Khai$0$xr COT$0$T-TEN GA,585639.526,2305181.319,0.000,"T=AR204.1|SH=TB41|MG=5.27|DC=4.42|TN=TN|LV=LV|X=\W0.7000;X=2305181.513|Y=\W0.7000;Y=585639.817|"
C95A94,TengaK,XR TNT$0$Xr-TNT-Khai$0$xr COT$0$T-TEN GA,585623.932,2305204.574,0.000,"T=AR204.2|SH=TB41|MG=5.27|DC=4.33|TN=TN|LV=LV|X=\W0.7000;X=2305204.769|Y=\W0.7000;Y=585624.222|"
C95ABF,TengaK,XR TNT$0$Xr-TNT-Khai$0$xr COT$0$T-TEN GA,585611.145,2305223.641,0.000,"T=AR204.3|SH=TB41|MG=5.27|DC=4.25|TN=TN|LV=LV|X=\W0.7000;X=2305223.836|Y=\W0.7000;Y=585611.436|"
C95AEA,TengaK,XR TNT$0$Xr-TNT-Khai$0$xr COT$0$T-TEN GA,585593.857,2305249.424,0.000,"T=AR204.4|SH=TB41|MG=5.27|DC=4.15|TN=TN|LV=LV|X=\W0.7000;X=2305249.619|Y=\W0.7000;Y=585594.147|"
C95B15,TengaK,XR TNT$0$Xr-TNT-Khai$0$xr COT$0$T-TEN GA,585560.062,2305261.576,0.000,"T=AR209.5|SH=TB41|MG=5.27|DC=3.32|TN=TN|LV=LV|X=\W0.7000;X=2305261.244|Y=\W0.7000;Y=585559.863|"
C95B40,TengaK,XR TNT$0$Xr-TNT-Khai$0$xr COT$0$T-TEN GA,585536.228,2305250.154,0.000,"T=AR209.6|SH=TB41|MG=5.31|DC=3.23|TN=TN|LV=LV|X=\W0.7000;X=2305252.477|Y=\W0.7000;Y=585534.669|"
C95B6B,TengaK,XR TNT$0$Xr-TNT-Khai$0$xr COT$0$T-TEN GA,585513.789,2305235.103,0.000,"T=AR209.7|SH=TB41|MG=5.31|DC=3.14|TN=TN|LV=LV|X=\W0.7000;X=2305237.440|Y=\W0.7000;Y=585512.244|"
C95B96,TengaK,XR TNT$0$Xr-TNT-Khai$0$xr COT$0$T-TEN GA,585491.389,2305220.062,0.000,"T=AR209.8|SH=TB41|MG=5.31|DC=3.06|TN=TN|LV=LV|X=\W0.7000;X=2305222.402|Y=\W0.7000;Y=585489.819|"
C95BC1,TengaK,XR TNT$0$Xr-TNT-Khai$0$xr COT$0$T-TEN GA,585419.085,2305493.612,0.000,"T=AR191.1|SH=TB41|MG=5.31|DC=4.37|TN=TN|LV=LV|X=\W0.7000;X=2305493.904|Y=\W0.7000;Y=585418.885|"
C95BEC,TengaK,XR TNT$0$Xr-TNT-Khai$0$xr COT$0$T-TEN GA,585400.035,2305480.741,0.000,"T=AR191.2|SH=TB41|MG=5.31|DC=4.29|TN=TN|LV=LV|X=\W0.7000;X=2305479.979|Y=\W0.7000;Y=585398.120|"
C95C17,TengaK,XR TNT$0$Xr-TNT-Khai$0$xr COT$0$T-TEN GA,585378.391,2305466.336,0.000,"T=AR191.3|SH=TB41|MG=5.31|DC=4.21|TN=TN|LV=LV|X=\W0.7000;X=2305466.614|Y=\W0.7000;Y=585378.188|"
C95C42,TengaK,XR TNT$0$Xr-TNT-Khai$0$xr COT$0$T-TEN GA,585430.946,2305475.923,0.000,"T=AR193.2|SH=TB41|MG=5.27|DC=4.33|TN=TN|LV=LV|X=\W0.7000;X=2305475.635|Y=\W0.7000;Y=585431.143|"
C95C6D,TengaK,XR TNT$0$Xr-TNT-Khai$0$xr COT$0$T-TEN GA,585411.794,2305463.206,0.000,"T=AR193.3|SH=TB41|MG=5.27|DC=4.25|TN=TN|LV=LV|X=\W0.7000;X=2305461.710|Y=\W0.7000;Y=585410.396|"
C95C98,TengaK,XR TNT$0$Xr-TNT-Khai$0$xr COT$0$T-TEN GA,585390.264,2305448.631,0.000,"T=AR193.4|SH=TB41|MG=5.27|DC=4.17|TN=TN|LV=LV|X=\W0.7000;X=2305448.358|Y=\W0.7000;Y=585390.468|"
C95CC3,TengaK,XR TNT$0$Xr-TNT-Khai$0$xr COT$0$T-TEN GA,585430.091,2305461.020,0.000,"T=AR194.2|SH=TB41|MG=5.27|DC=4.33|TN=TN|LV=LV|X=\W0.7000;X=2305461.655|Y=\W0.7000;Y=585430.052|"
C95CEE,TengaK,XR TNT$0$Xr-TNT-Khai$0$xr COT$0$T-TEN GA,585407.567,2305446.168,0.000,"T=AR194.3|SH=TB41|MG=5.27|DC=4.24|TN=TN|LV=LV|X=\W0.7000;X=2305446.459|Y=\W0.7000;Y=585407.374|"
C95D19,TengaK,XR TNT$0$Xr-TNT-Khai$0$xr COT$0$T-TEN GA,585392.617,2305436.143,0.000,"T=AR194.4|SH=TB41|MG=5.27|DC=4.18|TN=TN|LV=LV|X=\W0.7000;X=2305436.420|Y=\W0.7000;Y=585392.421|"
C95D44,TengaK,XR TNT$0$Xr-TNT-Khai$0$xr COT$0$T-TEN GA,585378.293,2305425.923,0.000,"T=AR194.5|SH=TB41|MG=5.27|DC=4|TN=TN|LV=LV|X=\W0.7000;X=2305425.332|Y=\W0.7000;Y=585375.885|"
C95D6F,TengaK,XR TNT$0$Xr-TNT-Khai$0$xr COT$0$T-TEN GA,585450.768,2305430.219,0.000,"T=AR195.2|SH=TB41|MG=5.27|DC=4.33|TN=TN|LV=LV|X=\W0.7000;X=2305429.928|Y=\W0.7000;Y=585450.964|"
C95D9A,TengaK,XR TNT$0$Xr-TNT-Khai$0$xr COT$0$T-TEN GA,585428.351,2305415.174,0.000,"T=AR195.3|SH=TB41|MG=5.27|DC=4.24|TN=TN|LV=LV|X=\W0.7000;X=2305414.810|Y=\W0.7000;Y=585428.595|"
C95DC5,TengaK,XR TNT$0$Xr-TNT-Khai$0$xr COT$0$T-TEN GA,585413.401,2305405.149,0.000,"T=AR195.4|SH=TB41|MG=5.27|DC=4.18|TN=TN|LV=LV|X=\W0.7000;X=2305404.861|Y=\W0.7000;Y=585413.581|"
C95DF0,TengaK,XR TNT$0$Xr-TNT-Khai$0$xr COT$0$T-TEN GA,585457.286,2305420.499,0.000,"T=AR196.2|SH=TB41|MG=5.27|DC=4.33|TN=TN|LV=LV|X=\W0.7000;X=2305420.774|Y=\W0.7000;Y=585457.102|"
C95E1B,TengaK,XR TNT$0$Xr-TNT-Khai$0$xr COT$0$T-TEN GA,585434.858,2305405.471,0.000,"T=AR196.3|SH=TB41|MG=5.27|DC=4.24|TN=TN|LV=LV|X=\W0.7000;X=2305405.762|Y=\W0.7000;Y=585434.663|"
C95E46,TengaK,XR TNT$0$Xr-TNT-Khai$0$xr COT$0$T-TEN GA,585419.908,2305395.446,0.000,"T=AR196.4|SH=TB41|MG=5.27|DC=4.18|TN=TN|LV=LV|X=\W0.7000;X=2305395.735|Y=\W0.7000;Y=585419.727|"
C95E71,TengaK,XR TNT$0$Xr-TNT-Khai$0$xr COT$0$T-TEN GA,585404.151,2305384.343,0.000,"T=AR196.5|SH=TB41|MG=5.27|DC=3.83|TN=TN|LV=LV|X=\W0.7000;X=2305384.635|Y=\W0.7000;Y=585403.174|"
C95E9C,TengaK,XR TNT$0$Xr-TNT-Khai$0$xr COT$0$T-TEN GA,585478.058,2305389.522,0.000,"T=AR197.2|SH=TB41|MG=5.27|DC=4.33|TN=TN|LV=LV|X=\W0.7000;X=2305389.215|Y=\W0.7000;Y=585478.250|"
C95EC7,TengaK,XR TNT$0$Xr-TNT-Khai$0$xr COT$0$T-TEN GA,585455.641,2305374.477,0.000,"T=AR197.3|SH=TB41|MG=5.27|DC=4.24|TN=TN|LV=LV|X=\W0.7000;X=2305374.187|Y=\W0.7000;Y=585455.837|"
C95EF2,TengaK,XR TNT$0$Xr-TNT-Khai$0$xr COT$0$T-TEN GA,585440.691,2305364.452,0.000,"T=AR197.4|SH=TB41|MG=5.27|DC=4.18|TN=TN|LV=LV|X=\W0.7000;X=2305364.314|Y=\W0.7000;Y=585440.917|"
C95F1D,TengaK,XR TNT$0$Xr-TNT-Khai$0$xr COT$0$T-TEN GA,585484.576,2305379.803,0.000,"T=AR198.2|SH=TB41|MG=5.27|DC=4.33|TN=TN|LV=LV|X=\W0.7000;X=2305380.095|Y=\W0.7000;Y=585484.382|"
C95F48,TengaK,XR TNT$0$Xr-TNT-Khai$0$xr COT$0$T-TEN GA,585462.148,2305364.774,0.000,"T=AR198.3|SH=TB41|MG=5.27|DC=4.24|TN=TN|LV=LV|X=\W0.7000;X=2305365.066|Y=\W0.7000;Y=585461.952|"
C95F73,TengaK,XR TNT$0$Xr-TNT-Khai$0$xr COT$0$T-TEN GA,585447.198,2305354.749,0.000,"T=AR198.4|SH=TB41|MG=5.27|DC=4.18|TN=TN|LV=LV|X=\W0.7000;X=2305355.038|Y=\W0.7000;Y=585447.016|"
C95F9E,TengaK,XR TNT$0$Xr-TNT-Khai$0$xr COT$0$T-TEN GA,585505.350,2305348.824,0.000,"T=AR199.2|SH=TB41|MG=5.27|DC=4.33|TN=TN|LV=LV|X=\W0.7000;X=2305348.535|Y=\W0.7000;Y=585505.545|"
C95FC9,TengaK,XR TNT$0$Xr-TNT-Khai$0$xr COT$0$T-TEN GA,585482.931,2305333.780,0.000,"T=AR199.3|SH=TB41|MG=5.27|DC=4.24|TN=TN|LV=LV|X=\W0.7000;X=2305333.566|Y=\W0.7000;Y=585483.142|"
C95FF4,TengaK,XR TNT$0$Xr-TNT-Khai$0$xr COT$0$T-TEN GA,585467.981,2305323.755,0.000,"T=AR199.4|SH=TB41|MG=5.27|DC=4.18|TN=TN|LV=LV|X=\W0.7000;X=2305323.498|Y=\W0.7000;Y=585468.209|"
C9601F,TengaK,XR TNT$0$Xr-TNT-Khai$0$xr COT$0$T-TEN GA,585511.866,2305339.106,0.000,"T=AR200.2|SH=TB41|MG=5.27|DC=4.33|TN=TN|LV=LV|X=\W0.7000;X=2305339.395|Y=\W0.7000;Y=585511.670|"
C9604A,TengaK,XR TNT$0$Xr-TNT-Khai$0$xr COT$0$T-TEN GA,585489.438,2305324.077,0.000,"T=AR200.3|SH=TB41|MG=5.27|DC=4.24|TN=TN|LV=LV|X=\W0.7000;X=2305324.368|Y=\W0.7000;Y=585489.244|"
C96075,TengaK,XR TNT$0$Xr-TNT-Khai$0$xr COT$0$T-TEN GA,585474.488,2305314.052,0.000,"T=AR200.4|SH=TB41|MG=5.27|DC=4.18|TN=TN|LV=LV|X=\W0.7000;X=2305314.330|Y=\W0.7000;Y=585474.291|"
C960A0,TengaK,XR TNT$0$Xr-TNT-Khai$0$xr COT$0$T-TEN GA,585459.853,2305303.828,0.000,"T=AR200.5|SH=TB41|MG=5.27|DC=3.48|TN=TN|LV=LV|X=\W0.7000;X=2305303.248|Y=\W0.7000;Y=585457.766|"
C960CB,TengaK,XR TNT$0$Xr-TNT-Khai$0$xr COT$0$T-TEN GA,585532.640,2305308.127,0.000,"T=AR201.2|SH=TB41|MG=5.27|DC=4.33|TN=TN|LV=LV|X=\W0.7000;X=2305307.834|Y=\W0.7000;Y=585532.832|"
C960F6,TengaK,XR TNT$0$Xr-TNT-Khai$0$xr COT$0$T-TEN GA,585510.221,2305293.083,0.000,"T=AR201.3|SH=TB41|MG=5.27|DC=4.24|TN=TN|LV=LV|X=\W0.7000;X=2305292.792|Y=\W0.7000;Y=585510.415|"
C96121,TengaK,XR TNT$0$Xr-TNT-Khai$0$xr COT$0$T-TEN GA,585495.271,2305283.058,0.000,"T=AR201.4|SH=TB41|MG=5.27|DC=4.18|TN=TN|LV=LV|X=\W0.7000;X=2305282.780|Y=\W0.7000;Y=585495.468|"
C9614C,TengaK,XR TNT$0$Xr-TNT-Khai$0$xr COT$0$T-TEN GA,585310.829,2305421.021,0.000,"T=AR52.2|SH=TB41|MG=5.31|DC=4.38|TN=TN|LV=LV|X=\W0.7000;X=2305421.313|Y=\W0.7000;Y=585310.636|"
C96177,TengaK,XR TNT$0$Xr-TNT-Khai$0$xr COT$0$T-TEN GA,585289.235,2305406.540,0.000,"T=AR52.3|SH=TB41|MG=5.31|DC=4.29|TN=TN|LV=LV|X=\W0.7000;X=2305406.832|Y=\W0.7000;Y=585289.041|"
C961A2,TengaK,XR TNT$0$Xr-TNT-Khai$0$xr COT$0$T-TEN GA,585268.471,2305392.617,0.000,"T=AR52.4|SH=TB41|MG=5.31|DC=4.21|TN=TN|LV=LV|X=\W0.7000;X=2305392.908|Y=\W0.7000;Y=585268.278|"
C961CD,TengaK,XR TNT$0$Xr-TNT-Khai$0$xr COT$0$T-TEN GA,585324.160,2305404.461,0.000,"T=AR53.2|SH=TB41|MG=5.27|DC=4.34|TN=TN|LV=LV|X=\W0.7000;X=2305404.233|Y=\W0.7000;Y=585324.612|"
C961F8,TengaK,XR TNT$0$Xr-TNT-Khai$0$xr COT$0$T-TEN GA,585302.651,2305390.014,0.000,"T=AR53.3|SH=TB41|MG=5.27|DC=4.26|TN=TN|LV=LV|X=\W0.7000;X=2305390.310|Y=\W0.7000;Y=585303.848|"
C96223,TengaK,XR TNT$0$Xr-TNT-Khai$0$xr COT$0$T-TEN GA,585281.798,2305376.066,0.000,"T=AR53.4|SH=TB41|MG=5.27|DC=4.17|TN=TN|LV=LV|X=\W0.7000;X=2305375.666|Y=\W0.7000;Y=585282.064|"
C9624E,TengaK,XR TNT$0$Xr-TNT-Khai$0$xr COT$0$T-TEN GA,585321.692,2305388.392,0.000,"T=AR54.2|SH=TB41|MG=5.27|DC=4.33|TN=TN|LV=LV|X=\W0.7000;X=2305388.742|Y=\W0.7000;Y=585321.319|"
C96279,TengaK,XR TNT$0$Xr-TNT-Khai$0$xr COT$0$T-TEN GA,585299.184,2305373.478,0.000,"T=AR54.3|SH=TB41|MG=5.27|DC=4.24|TN=TN|LV=LV|X=\W0.7000;X=2305373.704|Y=\W0.7000;Y=585298.894|"
C962A4,TengaK,XR TNT$0$Xr-TNT-Khai$0$xr COT$0$T-TEN GA,585284.234,2305363.453,0.000,"T=AR54.4|SH=TB41|MG=5.27|DC=4.18|TN=TN|LV=LV|X=\W0.7000;X=2305363.718|Y=\W0.7000;Y=585284.045|"
C962CF,TengaK,XR TNT$0$Xr-TNT-Khai$0$xr COT$0$T-TEN GA,585269.593,2305353.267,0.000,"T=AR54.5|SH=TB41|MG=5.27|DC=1.85|TN=TN|LV=LV|X=\W0.7000;X=2305353.487|Y=\W0.7000;Y=585268.744|"
C962FA,TengaK,XR TNT$0$Xr-TNT-Khai$0$xr COT$0$T-TEN GA,585342.398,2305357.584,0.000,"T=AR55.2|SH=TB41|MG=5.27|DC=4.33|TN=TN|LV=LV|X=\W0.7000;X=2305357.173|Y=\W0.7000;Y=585342.466|"
C96325,TengaK,XR TNT$0$Xr-TNT-Khai$0$xr COT$0$T-TEN GA,585320.347,2305342.341,0.000,"T=AR55.3|SH=TB41|MG=5.27|DC=4.24|TN=TN|LV=LV|X=\W0.7000;X=2305342.136|Y=\W0.7000;Y=585320.041|"
C96350,TengaK,XR TNT$0$Xr-TNT-Khai$0$xr COT$0$T-TEN GA,585305.006,2305332.475,0.000,"T=AR55.4|SH=TB41|MG=5.27|DC=4.18|TN=TN|LV=LV|X=\W0.7000;X=2305332.176|Y=\W0.7000;Y=585305.186|"
C9637B,TengaK,XR TNT$0$Xr-TNT-Khai$0$xr COT$0$T-TEN GA,585349.174,2305347.448,0.000,"T=AR56.2|SH=TB41|MG=5.27|DC=4.33|TN=TN|LV=LV|X=\W0.7000;X=2305348.036|Y=\W0.7000;Y=585348.625|"
C963A6,TengaK,XR TNT$0$Xr-TNT-Khai$0$xr COT$0$T-TEN GA,585326.626,2305332.626,0.000,"T=AR56.3|SH=TB41|MG=5.27|DC=4.24|TN=TN|LV=LV|X=\W0.7000;X=2305332.998|Y=\W0.7000;Y=585326.200|"
C963D1,TengaK,XR TNT$0$Xr-TNT-Khai$0$xr COT$0$T-TEN GA,585311.524,2305322.756,0.000,"T=AR56.4|SH=TB41|MG=5.27|DC=4.18|TN=TN|LV=LV|X=\W0.7000;X=2305323.037|Y=\W0.7000;Y=585311.346|"
C963FC,TengaK,XR TNT$0$Xr-TNT-Khai$0$xr COT$0$T-TEN GA,585296.074,2305312.992,0.000,"T=AR56.5|SH=TB41|MG=5.27|DC=1.78|TN=TN|LV=LV|X=\W0.7000;X=2305312.983|Y=\W0.7000;Y=585296.091|"
C96427,TengaK,XR TNT$0$Xr-TNT-Khai$0$xr COT$0$T-TEN GA,585369.576,2305316.777,0.000,"T=AR57.2|SH=TB41|MG=5.27|DC=4.33|TN=TN|LV=LV|X=\W0.7000;X=2305316.486|Y=\W0.7000;Y=585369.771|"
C96452,TengaK,XR TNT$0$Xr-TNT-Khai$0$xr COT$0$T-TEN GA,585347.151,2305301.739,0.000,"T=AR57.3|SH=TB41|MG=5.27|DC=4.24|TN=TN|LV=LV|X=\W0.7000;X=2305301.449|Y=\W0.7000;Y=585347.346|"
C9647D,TengaK,XR TNT$0$Xr-TNT-Khai$0$xr COT$0$T-TEN GA,585332.297,2305291.778,0.000,"T=AR57.4|SH=TB41|MG=5.27|DC=4.18|TN=TN|LV=LV|X=\W0.7000;X=2305291.488|Y=\W0.7000;Y=585332.492|"
C964A8,TengaK,XR TNT$0$Xr-TNT-Khai$0$xr COT$0$T-TEN GA,585383.528,2305312.032,0.000,"T=AR58.2|SH=TB41|MG=5.27|DC=4.33|TN=TN|LV=LV|X=\W0.7000;X=2305307.348|Y=\W0.7000;Y=585375.899|"
C964D3,TengaK,XR TNT$0$Xr-TNT-Khai$0$xr COT$0$T-TEN GA,585353.669,2305292.019,0.000,"T=AR58.3|SH=TB41|MG=5.27|DC=4.24|TN=TN|LV=LV|X=\W0.7000;X=2305292.310|Y=\W0.7000;Y=585353.474|"
C964FE,TengaK,XR TNT$0$Xr-TNT-Khai$0$xr COT$0$T-TEN GA,585338.814,2305282.059,0.000,"T=AR58.4|SH=TB41|MG=5.27|DC=4.18|TN=TN|LV=LV|X=\W0.7000;X=2305282.349|Y=\W0.7000;Y=585338.620|"
C96529,TengaK,XR TNT$0$Xr-TNT-Khai$0$xr COT$0$T-TEN GA,585323.324,2305272.093,0.000,"T=AR58.5|SH=TB41|MG=5.27|DC=1.71|TN=TN|LV=LV|X=\W0.7000;X=2305272.134|Y=\W0.7000;Y=585323.386|"
C96554,TengaK,XR TNT$0$Xr-TNT-Khai$0$xr COT$0$T-TEN GA,585396.866,2305276.080,0.000,"T=AR59.2|SH=TB41|MG=5.27|DC=4.33|TN=TN|LV=LV|X=\W0.7000;X=2305275.804|Y=\W0.7000;Y=585397.051|"
C9657F,TengaK,XR TNT$0$Xr-TNT-Khai$0$xr COT$0$T-TEN GA,585374.441,2305261.042,0.000,"T=AR59.3|SH=TB41|MG=5.27|DC=4.24|TN=TN|LV=LV|X=\W0.7000;X=2305260.766|Y=\W0.7000;Y=585374.627|"
C965AA,TengaK,XR TNT$0$Xr-TNT-Khai$0$xr COT$0$T-TEN GA,585359.587,2305251.081,0.000,"T=AR59.4|SH=TB41|MG=5.27|DC=4.18|TN=TN|LV=LV|X=\W0.7000;X=2305250.792|Y=\W0.7000;Y=585359.781|"
C965D5,TengaK,XR TNT$0$Xr-TNT-Khai$0$xr COT$0$T-TEN GA,585403.384,2305266.360,0.000,"T=AR60.2|SH=TB41|MG=5.27|DC=4.33|TN=TN|LV=LV|X=\W0.7000;X=2305266.646|Y=\W0.7000;Y=585403.182|"
C96600,TengaK,XR TNT$0$Xr-TNT-Khai$0$xr COT$0$T-TEN GA,585380.959,2305251.322,0.000,"T=AR60.3|SH=TB41|MG=5.27|DC=4.24|TN=TN|LV=LV|X=\W0.7000;X=2305251.609|Y=\W0.7000;Y=585380.757|"
C9662B,TengaK,XR TNT$0$Xr-TNT-Khai$0$xr COT$0$T-TEN GA,585366.105,2305241.362,0.000,"T=AR60.4|SH=TB41|MG=5.27|DC=4.18|TN=TN|LV=LV|X=\W0.7000;X=2305241.648|Y=\W0.7000;Y=585365.903|"
C96656,TengaK,XR TNT$0$Xr-TNT-Khai$0$xr COT$0$T-TEN GA,585351.629,2305231.343,0.000,"T=AR60.5|SH=TB41|MG=5.27|DC=1.64|TN=TN|LV=LV|X=\W0.7000;X=2305231.300|Y=\W0.7000;Y=585350.669|"
C96681,TengaK,XR TNT$0$Xr-TNT-Khai$0$xr COT$0$T-TEN GA,585424.156,2305235.383,0.000,"T=AR61.2|SH=TB41|MG=5.27|DC=4.33|TN=TN|LV=LV|X=\W0.7000;X=2305235.092|Y=\W0.7000;Y=585424.351|"
C966AC,TengaK,XR TNT$0$Xr-TNT-Khai$0$xr COT$0$T-TEN GA,585401.731,2305220.345,0.000,"T=AR61.3|SH=TB41|MG=5.27|DC=4.24|TN=TN|LV=LV|X=\W0.7000;X=2305220.055|Y=\W0.7000;Y=585401.927|"
C966D7,TengaK,XR TNT$0$Xr-TNT-Khai$0$xr COT$0$T-TEN GA,585386.877,2305210.384,0.000,"T=AR61.4|SH=TB41|MG=5.27|DC=4.18|TN=TN|LV=LV|X=\W0.7000;X=2305210.094|Y=\W0.7000;Y=585387.072|"
C96702,TengaK,XR TNT$0$Xr-TNT-Khai$0$xr COT$0$T-TEN GA,585612.396,2305162.524,0.000,"T=AR213.1|SH=TB41|MG=5.27|DC=4.42|TN=TN|LV=LV|X=\W0.7000;X=2305162.719|Y=\W0.7000;Y=585612.687|"
C9672D,TengaK,XR TNT$0$Xr-TNT-Khai$0$xr COT$0$T-TEN GA,585597.916,2305184.119,0.000,"T=AR213.2|SH=TB41|MG=5.27|DC=4.33|TN=TN|LV=LV|X=\W0.7000;X=2305184.313|Y=\W0.7000;Y=585598.206|"
C96758,TengaK,XR TNT$0$Xr-TNT-Khai$0$xr COT$0$T-TEN GA,585586.821,2305200.753,0.000,"T=AR213.3|SH=TB41|MG=5.27|DC=4.25|TN=TN|LV=LV|X=\W0.7000;X=2305204.591|Y=\W0.7000;Y=585584.609|"
C96783,TengaK,XR TNT$0$Xr-TNT-Khai$0$xr COT$0$T-TEN GA,585567.458,2305191.838,0.000,"T=AR213.4|SH=TB41|MG=5.27|DC=4.17|TN=TN|LV=LV|X=\W0.7000;X=2305192.338|Y=\W0.7000;Y=585566.337|"
C967AE,TengaK,XR TNT$0$Xr-TNT-Khai$0$xr COT$0$T-TEN GA,585557.099,2305185.108,0.000,"T=AR213.5|SH=TB41|MG=5.27|DC=4.13|TN=TN|LV=LV|X=\W0.7000;X=2305186.212|Y=\W0.7000;Y=585557.201|"
C967D9,TengaK,XR TNT$0$Xr-TNT-Khai$0$xr COT$0$T-TEN GA,585540.175,2305173.553,0.000,"T=AR213.6|SH=TB41|MG=5.27|DC=4.05|TN=TN|LV=LV|X=\W0.7000;X=2305173.875|Y=\W0.7000;Y=585538.804|"
C96804,TengaK,XR TNT$0$Xr-TNT-Khai$0$xr COT$0$T-TEN GA,585529.698,2305166.887,0.000,"T=AR213.7|SH=TB41|MG=5.27|DC=4.01|TN=TN|LV=LV|X=\W0.7000;X=2305167.833|Y=\W0.7000;Y=585529.793|"
C9682F,TengaK,XR TNT$0$Xr-TNT-Khai$0$xr COT$0$T-TEN GA,585512.727,2305155.171,0.000,"T=AR213.8|SH=TB41|MG=5.27|DC=3.93|TN=TN|LV=LV|X=\W0.7000;X=2305155.580|Y=\W0.7000;Y=585511.521|"
C9685A,TengaK,XR TNT$0$Xr-TNT-Khai$0$xr COT$0$T-TEN GA,585502.188,2305148.393,0.000,"T=AR213.9|SH=TB41|MG=5.27|DC=3.89|TN=TN|LV=LV|X=\W0.7000;X=2305149.453|Y=\W0.7000;Y=585502.384|"
C96885,TengaK,XR TNT$0$Xr-TNT-Khai$0$xr COT$0$T-TEN GA,585485.560,2305143.272,0.000,"T=AR213.10|SH=TB41|MG=5.27|DC=3.83|TN=TN|LV=LV|X=\W0.7000;X=2305143.563|Y=\W0.7000;Y=585485.367|"
C968B0,TengaK,XR TNT$0$Xr-TNT-Khai$0$xr COT$0$T-TEN GA,585594.705,2305150.663,0.000,"T=AR213.11|SH=TB41|MG=5.27|DC=4.42|TN=TN|LV=LV|X=\W0.7000;X=2305150.466|Y=\W0.7000;Y=585594.415|"
C968DB,TengaK,XR TNT$0$Xr-TNT-Khai$0$xr COT$0$T-TEN GA,585580.225,2305172.256,0.000,"T=AR213.12|SH=TB41|MG=5.27|DC=4.33|TN=TN|LV=LV|X=\W0.7000;X=2305172.061|Y=\W0.7000;Y=585579.934|"
C96906,TengaK,XR TNT$0$Xr-TNT-Khai$0$xr COT$0$T-TEN GA,585584.988,2305144.145,0.000,"T=AR213.13|SH=TB41|MG=5.27|DC=4.42|TN=TN|LV=LV|X=\W0.7000;X=2305144.340|Y=\W0.7000;Y=585585.279|"
C96931,TengaK,XR TNT$0$Xr-TNT-Khai$0$xr COT$0$T-TEN GA,585570.507,2305165.739,0.000,"T=AR213.14|SH=TB41|MG=5.27|DC=4.33|TN=TN|LV=LV|X=\W0.7000;X=2305165.934|Y=\W0.7000;Y=585570.798|"
C9695C,TengaK,XR TNT$0$Xr-TNT-Khai$0$xr COT$0$T-TEN GA,585567.298,2305132.281,0.000,"T=AR213.15|SH=TB41|MG=5.27|DC=4.42|TN=TN|LV=LV|X=\W0.7000;X=2305132.087|Y=\W0.7000;Y=585567.007|"
C96987,TengaK,XR TNT$0$Xr-TNT-Khai$0$xr COT$0$T-TEN GA,585552.817,2305153.877,0.000,"T=AR213.16|SH=TB41|MG=5.27|DC=4.33|TN=TN|LV=LV|X=\W0.7000;X=2305153.682|Y=\W0.7000;Y=585552.526|"
C969B2,TengaK,XR TNT$0$Xr-TNT-Khai$0$xr COT$0$T-TEN GA,585557.580,2305125.766,0.000,"T=AR213.17|SH=TB41|MG=5.27|DC=4.42|TN=TN|LV=LV|X=\W0.7000;X=2305125.961|Y=\W0.7000;Y=585557.870|"
C969DD,TengaK,XR TNT$0$Xr-TNT-Khai$0$xr COT$0$T-TEN GA,585543.099,2305147.360,0.000,"T=AR213.18|SH=TB41|MG=5.27|DC=4.33|TN=TN|LV=LV|X=\W0.7000;X=2305147.555|Y=\W0.7000;Y=585543.390|"
C96A08,TengaK,XR TNT$0$Xr-TNT-Khai$0$xr COT$0$T-TEN GA,585539.890,2305113.902,0.000,"T=AR213.19|SH=TB41|MG=5.27|DC=4.42|TN=TN|LV=LV|X=\W0.7000;X=2305113.708|Y=\W0.7000;Y=585539.598|"
C96A33,TengaK,XR TNT$0$Xr-TNT-Khai$0$xr COT$0$T-TEN GA,585525.409,2305135.497,0.000,"T=AR213.20|SH=TB41|MG=5.27|DC=4.33|TN=TN|LV=LV|X=\W0.7000;X=2305135.303|Y=\W0.7000;Y=585525.118|"
C96A5E,TengaK,XR TNT$0$Xr-TNT-Khai$0$xr COT$0$T-TEN GA,585530.172,2305107.387,0.000,"T=AR213.21|SH=TB41|MG=5.27|DC=4.42|TN=TN|LV=LV|X=\W0.7000;X=2305107.582|Y=\W0.7000;Y=585530.462|"
C96A89,TengaK,XR TNT$0$Xr-TNT-Khai$0$xr COT$0$T-TEN GA,585515.691,2305128.981,0.000,"T=AR213.22|SH=TB41|MG=5.27|DC=4.33|TN=TN|LV=LV|X=\W0.7000;X=2305129.176|Y=\W0.7000;Y=585515.982|"
C96AB4,TengaK,XR TNT$0$Xr-TNT-Khai$0$xr COT$0$T-TEN GA,585512.480,2305095.525,0.000,"T=AR213.23|SH=TB41|MG=5.27|DC=4.42|TN=TN|LV=LV|X=\W0.7000;X=2305095.329|Y=\W0.7000;Y=585512.190|"
C96ADF,TengaK,XR TNT$0$Xr-TNT-Khai$0$xr COT$0$T-TEN GA,585498.000,2305117.118,0.000,"T=AR213.24|SH=TB41|MG=5.27|DC=4.33|TN=TN|LV=LV|X=\W0.7000;X=2305116.923|Y=\W0.7000;Y=585497.710|"
C96B0A,TengaK,XR TNT$0$Xr-TNT-Khai$0$xr COT$0$T-TEN GA,585731.643,2305371.920,0.000,"T=AR204.5|SH=TB41|MG=5.27|DC=4.05|TN=TN|LV=LV|X=\W0.7000;X=2305374.997|Y=\W0.7000;Y=585729.204|"
C96B35,TengaK,XR TNT$0$Xr-TNT-Khai$0$xr COT$0$T-TEN GA,585711.842,2305367.884,0.000,"T=AR204.6|SH=TB41|MG=5.31|DC=4|TN=TN|LV=LV|X=\W0.7000;X=2305371.251|Y=\W0.7000;Y=585711.601|"
C96B60,TengaK,XR TNT$0$Xr-TNT-Khai$0$xr COT$0$T-TEN GA,585688.029,2305351.916,0.000,"T=AR204.7|SH=TB41|MG=5.31|DC=3.9|TN=TN|LV=LV|X=\W0.7000;X=2305354.504|Y=\W0.7000;Y=585686.502|"
C96B8B,TengaK,XR TNT$0$Xr-TNT-Khai$0$xr COT$0$T-TEN GA,585663.102,2305335.221,0.000,"T=AR204.8|SH=TB41|MG=5.31|DC=3.8|TN=TN|LV=LV|X=\W0.7000;X=2305337.784|Y=\W0.7000;Y=585661.567|"
C96BB6,TengaK,XR TNT$0$Xr-TNT-Khai$0$xr COT$0$T-TEN GA,585485.220,2305115.170,0.000,"T=AR211.2|SH=TB41|MG=5.27|DC=4.32|TN=TN|LV=LV|X=\W0.7000;X=2305115.365|Y=\W0.7000;Y=585485.510|"
C96BE1,TengaK,XR TNT$0$Xr-TNT-Khai$0$xr COT$0$T-TEN GA,585469.693,2305138.325,0.000,"T=AR211.3|SH=TB41|MG=5.27|DC=4.23|TN=TN|LV=LV|X=\W0.7000;X=2305138.520|Y=\W0.7000;Y=585469.984|"
C96C0C,TengaK,XR TNT$0$Xr-TNT-Khai$0$xr COT$0$T-TEN GA,585454.031,2305161.681,0.000,"T=AR211.4|SH=TB41|MG=5.27|DC=4.13|TN=TN|LV=LV|X=\W0.7000;X=2305161.876|Y=\W0.7000;Y=585454.322|"
C96C37,TengaK,XR TNT$0$Xr-TNT-Khai$0$xr COT$0$T-TEN GA,585467.529,2305103.307,0.000,"T=AR212.1|SH=TB41|MG=5.27|DC=4.32|TN=TN|LV=LV|X=\W0.7000;X=2305103.112|Y=\W0.7000;Y=585467.238|"
C96C62,TengaK,XR TNT$0$Xr-TNT-Khai$0$xr COT$0$T-TEN GA,585452.002,2305126.462,0.000,"T=AR212.1|SH=TB41|MG=5.27|DC=4.23|TN=TN|LV=LV|X=\W0.7000;X=2305126.267|Y=\W0.7000;Y=585451.711|"
C96C8D,TengaK,XR TNT$0$Xr-TNT-Khai$0$xr COT$0$T-TEN GA,585436.340,2305149.818,0.000,"T=AR212.1|SH=TB41|MG=5.27|DC=4.13|TN=TN|LV=LV|X=\W0.7000;X=2305149.623|Y=\W0.7000;Y=585436.049|"
C96CB8,TengaK,XR TNT$0$Xr-TNT-Khai$0$xr COT$0$T-TEN GA,585548.199,2304911.186,0.000,"T=AR26.1|SH=TB41|MG=5.21|DC=4.36|TN=TN|LV=LV|X=\W0.7000;X=2304911.001|Y=\W0.7000;Y=585547.924|"
C96CE3,TengaK,XR TNT$0$Xr-TNT-Khai$0$xr COT$0$T-TEN GA,585532.581,2304934.420,0.000,"T=AR26.2|SH=TB41|MG=5.21|DC=4.28|TN=TN|LV=LV|X=\W0.7000;X=2304931.770|Y=\W0.7000;Y=585533.974|"
C96D0E,TengaK,XR TNT$0$Xr-TNT-Khai$0$xr COT$0$T-TEN GA,585519.797,2304953.541,0.000,"T=AR26.3|SH=TB41|MG=5.21|DC=4.19|TN=TN|LV=LV|X=\W0.7000;X=2304953.375|Y=\W0.7000;Y=585519.509|"
C96D39,TengaK,XR TNT$0$Xr-TNT-Khai$0$xr COT$0$T-TEN GA,585505.317,2304975.134,0.000,"T=AR26.4|SH=TB41|MG=5.21|DC=4.11|TN=TN|LV=LV|X=\W0.7000;X=2304974.969|Y=\W0.7000;Y=585505.029|"
C96D64,TengaK,XR TNT$0$Xr-TNT-Khai$0$xr COT$0$T-TEN GA,585491.484,2304996.144,0.000,"T=AR26.5|SH=TB41|MG=5.21|DC=4.01|TN=TN|LV=LV|X=\W0.7000;X=2304998.569|Y=\W0.7000;Y=585489.204|"
C96D8F,TengaK,XR TNT$0$Xr-TNT-Khai$0$xr COT$0$T-TEN GA,585501.246,2305013.704,0.000,"T=AR26.6|SH=TB41|MG=5.27|DC=2.32|TN=TN|LV=LV|X=\W0.7000;X=2305017.626|Y=\W0.7000;Y=585505.798|"
C96DBA,TengaK,XR TNT$0$Xr-TNT-Khai$0$xr COT$0$T-TEN GA,585489.007,2305048.859,0.000,"T=AR26.7|SH=TB41|MG=5.18|DC=2.2|TN=TN|LV=LV|X=\W0.7000;X=2305048.684|Y=\W0.7000;Y=585488.704|"
C96DE5,TengaK,XR TNT$0$Xr-TNT-Khai$0$xr COT$0$T-TEN GA,585475.077,2305071.044,0.000,"T=AR26.8|SH=TB41|MG=5.27|DC=2.11|TN=TN|LV=LV|X=\W0.7000;X=2305071.259|Y=\W0.7000;Y=585475.354|"
C96E10,TengaK,XR TNT$0$Xr-TNT-Khai$0$xr COT$0$T-TEN GA,585459.482,2305094.299,0.000,"T=AR26.9|SH=TB41|MG=5.27|DC=2.02|TN=TN|LV=LV|X=\W0.7000;X=2305094.514|Y=\W0.7000;Y=585459.760|"
C96E3B,TengaK,XR TNT$0$Xr-TNT-Khai$0$xr COT$0$T-TEN GA,585441.103,2305121.708,0.000,"T=AR26.10|SH=TB41|MG=5.27|DC=1.93|TN=TN|LV=LV|X=\W0.7000;X=2305117.769|Y=\W0.7000;Y=585444.166|"
C96E66,TengaK,XR TNT$0$Xr-TNT-Khai$0$xr COT$0$T-TEN GA,585423.526,2305147.244,0.000,"T=AR26.11|SH=TB41|MG=5.27|DC=1.83|TN=TN|LV=LV|X=\W0.7000;X=2305143.517|Y=\W0.7000;Y=585426.900|"
C96E91,TengaK,XR TNT$0$Xr-TNT-Khai$0$xr COT$0$T-TEN GA,585451.909,2305055.472,0.000,"T=AR26.12|SH=TB41|MG=5.21|DC=4.36|TN=TN|LV=LV|X=\W0.7000;X=2305055.308|Y=\W0.7000;Y=585451.156|"
C96EBC,TengaK,XR TNT$0$Xr-TNT-Khai$0$xr COT$0$T-TEN GA,585435.978,2305078.538,0.000,"T=AR26.13|SH=TB41|MG=5.21|DC=4.27|TN=TN|LV=LV|X=\W0.7000;X=2305078.384|Y=\W0.7000;Y=585435.565|"
C96EE7,TengaK,XR TNT$0$Xr-TNT-Khai$0$xr COT$0$T-TEN GA,585420.383,2305101.793,0.000,"T=AR26.14|SH=TB41|MG=5.21|DC=4.18|TN=TN|LV=LV|X=\W0.7000;X=2305101.629|Y=\W0.7000;Y=585420.095|"
C96F12,TengaK,XR TNT$0$Xr-TNT-Khai$0$xr COT$0$T-TEN GA,585403.118,2305127.541,0.000,"T=AR26.15|SH=TB41|MG=5.21|DC=4.07|TN=TN|LV=LV|X=\W0.7000;X=2305127.365|Y=\W0.7000;Y=585402.814|"
C96F3D,TengaK,XR TNT$0$Xr-TNT-Khai$0$xr COT$0$T-TEN GA,585392.156,2305156.418,0.000,"T=AR26.16|SH=TB41|MG=5.31|DC=1.68|TN=TN|LV=LV|X=\W0.7000;X=2305158.266|Y=\W0.7000;Y=585394.133|"
C96F68,TengaK,XR TNT$0$Xr-TNT-Khai$0$xr COT$0$T-TEN GA,585468.948,2305205.049,0.000,"T=AR209.9|SH=TB41|MG=5.31|DC=2.97|TN=TN|LV=LV|X=\W0.7000;X=2305207.365|Y=\W0.7000;Y=585467.393|"
C96F93,TengaK,XR TNT$0$Xr-TNT-Khai$0$xr COT$0$T-TEN GA,585469.072,2305163.791,0.000,"T=AR209.10|SH=TB41|MG=5.27|DC=3.74|TN=TN|LV=LV|X=\W0.7000;X=2305162.471|Y=\W0.7000;Y=585467.167|"
C96FBE,TengaK,XR TNT$0$Xr-TNT-Khai$0$xr COT$0$T-TEN GA,585606.635,2304824.012,0.000,"T=AR25.2|SH=TB41|MG=5.11|DC=4.18|TN=TN|LV=LV|X=\W0.7000;X=2304821.327|Y=\W0.7000;Y=585608.017|"
C96FE9,TengaK,XR TNT$0$Xr-TNT-Khai$0$xr COT$0$T-TEN GA,585593.839,2304843.124,0.000,"T=AR25.3|SH=TB41|MG=5.11|DC=4.09|TN=TN|LV=LV|X=\W0.7000;X=2304842.929|Y=\W0.7000;Y=585593.548|"
C97014,TengaK,XR TNT$0$Xr-TNT-Khai$0$xr COT$0$T-TEN GA,585579.358,2304864.718,0.000,"T=AR25.4|SH=TB41|MG=5.11|DC=4.01|TN=TN|LV=LV|X=\W0.7000;X=2304864.516|Y=\W0.7000;Y=585579.056|"
C9703F,TengaK,XR TNT$0$Xr-TNT-Khai$0$xr COT$0$T-TEN GA,585568.760,2304881.691,0.000,"T=AR25.5|SH=TB41|MG=5.11|DC=3.93|TN=TN|LV=LV|X=\W0.7000;X=2304883.994|Y=\W0.7000;Y=585566.012|"
C9706A,TengaK,XR TNT$0$Xr-TNT-Khai$0$xr COT$0$T-TEN GA,585582.502,2304902.074,0.000,"T=AR24.6|SH=TB41|MG=5.17|DC=2.78|TN=TN|LV=LV|X=\W0.7000;X=2304903.014|Y=\W0.7000;Y=585582.602|"
C97095,TengaK,XR TNT$0$Xr-TNT-Khai$0$xr COT$0$T-TEN GA,585568.921,2304931.096,0.000,"T=AR24.7|SH=TB41|MG=5.27|DC=2.69|TN=TN|LV=LV|X=\W0.7000;X=2304927.131|Y=\W0.7000;Y=585571.985|"
C970C0,TengaK,XR TNT$0$Xr-TNT-Khai$0$xr COT$0$T-TEN GA,585557.783,2304947.707,0.000,"T=AR24.8|SH=TB41|MG=5.27|DC=2.61|TN=TN|LV=LV|X=\W0.7000;X=2304947.894|Y=\W0.7000;Y=585558.062|"
C970EB,TengaK,XR TNT$0$Xr-TNT-Khai$0$xr COT$0$T-TEN GA,585543.302,2304969.301,0.000,"T=AR24.9|SH=TB41|MG=5.27|DC=2.52|TN=TN|LV=LV|X=\W0.7000;X=2304969.489|Y=\W0.7000;Y=585543.581|"
C97116,TengaK,XR TNT$0$Xr-TNT-Khai$0$xr COT$0$T-TEN GA,585528.822,2304990.896,0.000,"T=AR24.10|SH=TB41|MG=5.27|DC=2.44|TN=TN|LV=LV|X=\W0.7000;X=2304991.083|Y=\W0.7000;Y=585529.101|"
C97141,TengaK,XR TNT$0$Xr-TNT-Khai$0$xr COT$0$T-TEN GA,585591.982,2304975.710,0.000,"T=AR233.2|SH=TB41|MG=5.27|DC=4.32|TN=TN|LV=LV|X=\W0.7000;X=2304975.708|Y=\W0.7000;Y=585592.404|"
C9716C,TengaK,XR TNT$0$Xr-TNT-Khai$0$xr COT$0$T-TEN GA,585574.272,2305003.377,0.000,"T=AR233.3|SH=TB41|MG=5.27|DC=4.21|TN=TN|LV=LV|X=\W0.7000;X=2305003.125|Y=\W0.7000;Y=585574.020|"
C97197,TengaK,XR TNT$0$Xr-TNT-Khai$0$xr COT$0$T-TEN GA,585559.821,2305024.927,0.000,"T=AR233.4|SH=TB41|MG=5.27|DC=4.13|TN=TN|LV=LV|X=\W0.7000;X=2305024.675|Y=\W0.7000;Y=585559.569|"
C971C2,TengaK,XR TNT$0$Xr-TNT-Khai$0$xr COT$0$T-TEN GA,585567.500,2304954.223,0.000,"T=AR235.2|SH=TB41|MG=5.27|DC=4.34|TN=TN|LV=LV|X=\W0.7000;X=2304954.106|Y=\W0.7000;Y=585567.254|"
C971ED,TengaK,XR TNT$0$Xr-TNT-Khai$0$xr COT$0$T-TEN GA,585553.020,2304975.818,0.000,"T=AR235.3|SH=TB41|MG=5.27|DC=4.25|TN=TN|LV=LV|X=\W0.7000;X=2304975.656|Y=\W0.7000;Y=585552.707|"
C97218,TengaK,XR TNT$0$Xr-TNT-Khai$0$xr COT$0$T-TEN GA,585540.253,2304994.949,0.000,"T=AR235.4|SH=TB41|MG=5.27|DC=4.17|TN=TN|LV=LV|X=\W0.7000;X=2304997.250|Y=\W0.7000;Y=585538.226|"
C97243,TengaK,XR TNT$0$Xr-TNT-Khai$0$xr COT$0$T-TEN GA,585585.191,2304966.086,0.000,"T=AR234.2|SH=TB41|MG=5.27|DC=4.34|TN=TN|LV=LV|X=\W0.7000;X=2304966.281|Y=\W0.7000;Y=585585.481|"
C9726E,TengaK,XR TNT$0$Xr-TNT-Khai$0$xr COT$0$T-TEN GA,585570.710,2304987.681,0.000,"T=AR234.3|SH=TB41|MG=5.27|DC=4.25|TN=TN|LV=LV|X=\W0.7000;X=2304987.875|Y=\W0.7000;Y=585571.001|"
C97299,TengaK,XR TNT$0$Xr-TNT-Khai$0$xr COT$0$T-TEN GA,585556.230,2305009.275,0.000,"T=AR234.4|SH=TB41|MG=5.27|DC=4.17|TN=TN|LV=LV|X=\W0.7000;X=2305009.470|Y=\W0.7000;Y=585556.520|"
C972C4,TengaK,XR TNT$0$Xr-TNT-Khai$0$xr COT$0$T-TEN GA,585580.296,2305032.637,0.000,"T=AR232.2|SH=TB41|MG=5.27|DC=4.35|TN=TN|LV=LV|X=\W0.7000;X=2305032.832|Y=\W0.7000;Y=585580.587|"
C972EF,TengaK,XR TNT$0$Xr-TNT-Khai$0$xr COT$0$T-TEN GA,585590.014,2305039.154,0.000,"T=AR231.2|SH=TB41|MG=5.27|DC=4.35|TN=TN|LV=LV|X=\W0.7000;X=2305038.965|Y=\W0.7000;Y=585589.732|"
C9731A,TengaK,XR TNT$0$Xr-TNT-Khai$0$xr COT$0$T-TEN GA,585607.705,2305051.016,0.000,"T=AR230.2|SH=TB41|MG=5.27|DC=4.35|TN=TN|LV=LV|X=\W0.7000;X=2305051.211|Y=\W0.7000;Y=585607.995|"
C97345,TengaK,XR TNT$0$Xr-TNT-Khai$0$xr COT$0$T-TEN GA,585617.422,2305057.533,0.000,"T=AR229.2|SH=TB41|MG=5.27|DC=4.35|TN=TN|LV=LV|X=\W0.7000;X=2305057.338|Y=\W0.7000;Y=585617.131|"
C97370,TengaK,XR TNT$0$Xr-TNT-Khai$0$xr COT$0$T-TEN GA,585636.761,2305066.889,0.000,"T=AR228.2|SH=TB41|MG=5.27|DC=4.35|TN=TN|LV=LV|X=\W0.7000;X=2305069.590|Y=\W0.7000;Y=585635.403|"
C9739B,TengaK,XR TNT$0$Xr-TNT-Khai$0$xr COT$0$T-TEN GA,585646.491,2305073.413,0.000,"T=AR227.2|SH=TB41|MG=5.27|DC=4.35|TN=TN|LV=LV|X=\W0.7000;X=2305075.717|Y=\W0.7000;Y=585644.539|"
C973C6,TengaK,XR TNT$0$Xr-TNT-Khai$0$xr COT$0$T-TEN GA,585664.258,2305085.327,0.000,"T=AR226.2|SH=TB41|MG=5.27|DC=4.35|TN=TN|LV=LV|X=\W0.7000;X=2305087.969|Y=\W0.7000;Y=585662.812|"
C973F1,TengaK,XR TNT$0$Xr-TNT-Khai$0$xr COT$0$T-TEN GA,585704.541,2305046.119,0.000,"T=AR225.2|SH=TB41|MG=5.27|DC=4.34|TN=TN|LV=LV|X=\W0.7000;X=2305045.924|Y=\W0.7000;Y=585704.250|"
C9741C,TengaK,XR TNT$0$Xr-TNT-Khai$0$xr COT$0$T-TEN GA,585690.061,2305067.713,0.000,"T=AR225.3|SH=TB41|MG=5.27|DC=4.25|TN=TN|LV=LV|X=\W0.7000;X=2305067.518|Y=\W0.7000;Y=585689.770|"
C97447,TengaK,XR TNT$0$Xr-TNT-Khai$0$xr COT$0$T-TEN GA,585674.466,2305090.969,0.000,"T=AR225.4|SH=TB41|MG=5.27|DC=4.16|TN=TN|LV=LV|X=\W0.7000;X=2305090.774|Y=\W0.7000;Y=585674.175|"
C97472,TengaK,XR TNT$0$Xr-TNT-Khai$0$xr COT$0$T-TEN GA,585722.232,2305057.982,0.000,"T=AR224.2|SH=TB41|MG=5.27|DC=4.34|TN=TN|LV=LV|X=\W0.7000;X=2305058.177|Y=\W0.7000;Y=585722.522|"
C9749D,TengaK,XR TNT$0$Xr-TNT-Khai$0$xr COT$0$T-TEN GA,585707.751,2305079.576,0.000,"T=AR224.3|SH=TB41|MG=5.27|DC=4.25|TN=TN|LV=LV|X=\W0.7000;X=2305079.771|Y=\W0.7000;Y=585708.042|"
C974C8,TengaK,XR TNT$0$Xr-TNT-Khai$0$xr COT$0$T-TEN GA,585692.157,2305102.831,0.000,"T=AR224.4|SH=TB41|MG=5.27|DC=4.16|TN=TN|LV=LV|X=\W0.7000;X=2305103.026|Y=\W0.7000;Y=585692.448|"
C974F3,TengaK,XR TNT$0$Xr-TNT-Khai$0$xr COT$0$T-TEN GA,585730.270,2305066.984,0.000,"T=AR223.2|SH=TB41|MG=5.27|DC=4.34|TN=TN|LV=LV|X=\W0.7000;X=2305064.303|Y=\W0.7000;Y=585731.658|"
C9751E,TengaK,XR TNT$0$Xr-TNT-Khai$0$xr COT$0$T-TEN GA,585717.469,2305086.092,0.000,"T=AR223.3|SH=TB41|MG=5.27|DC=4.25|TN=TN|LV=LV|X=\W0.7000;X=2305085.897|Y=\W0.7000;Y=585717.178|"
C97549,TengaK,XR TNT$0$Xr-TNT-Khai$0$xr COT$0$T-TEN GA,585702.988,2305107.687,0.000,"T=AR223.4|SH=TB41|MG=5.27|DC=4.17|TN=TN|LV=LV|X=\W0.7000;X=2305107.492|Y=\W0.7000;Y=585702.698|"
C97574,TengaK,XR TNT$0$Xr-TNT-Khai$0$xr COT$0$T-TEN GA,585749.640,2305076.361,0.000,"T=AR222.2|SH=TB41|MG=5.31|DC=4.38|TN=TN|LV=LV|X=\W0.7000;X=2305076.556|Y=\W0.7000;Y=585749.931|"
C9759F,TengaK,XR TNT$0$Xr-TNT-Khai$0$xr COT$0$T-TEN GA,585735.159,2305097.955,0.000,"T=AR222.3|SH=TB41|MG=5.31|DC=4.29|TN=TN|LV=LV|X=\W0.7000;X=2305098.150|Y=\W0.7000;Y=585735.450|"
C975CA,TengaK,XR TNT$0$Xr-TNT-Khai$0$xr COT$0$T-TEN GA,585720.642,2305119.525,0.000,"T=AR222.4|SH=TB41|MG=5.31|DC=4.21|TN=TN|LV=LV|X=\W0.7000;X=2305119.588|Y=\W0.7000;Y=585720.737|"
C975F5,TengaK,XR TNT$0$Xr-TNT-Khai$0$xr COT$0$T-TEN GA,585764.341,2305086.219,0.000,"T=AR221.2|SH=TB41|MG=5.31|DC=4.38|TN=TN|LV=LV|X=\W0.7000;X=2305086.024|Y=\W0.7000;Y=585764.050|"
C97620,TengaK,XR TNT$0$Xr-TNT-Khai$0$xr COT$0$T-TEN GA,585749.860,2305107.813,0.000,"T=AR221.3|SH=TB41|MG=5.31|DC=4.29|TN=TN|LV=LV|X=\W0.7000;X=2305107.618|Y=\W0.7000;Y=585749.570|"
C9764B,TengaK,XR TNT$0$Xr-TNT-Khai$0$xr COT$0$T-TEN GA,585735.380,2305129.407,0.000,"T=AR221.4|SH=TB41|MG=5.31|DC=4.21|TN=TN|LV=LV|X=\W0.7000;X=2305129.212|Y=\W0.7000;Y=585735.089|"
C97676,TengaK,XR TNT$0$Xr-TNT-Khai$0$xr COT$0$T-TEN GA,585788.676,2305102.537,0.000,"T=AR220.2|SH=TB41|MG=5.27|DC=4.34|TN=TN|LV=LV|X=\W0.7000;X=2305102.732|Y=\W0.7000;Y=585788.967|"
C976A1,TengaK,XR TNT$0$Xr-TNT-Khai$0$xr COT$0$T-TEN GA,585774.195,2305124.131,0.000,"T=AR220.3|SH=TB41|MG=5.27|DC=4.25|TN=TN|LV=LV|X=\W0.7000;X=2305124.326|Y=\W0.7000;Y=585774.486|"
C976CC,TengaK,XR TNT$0$Xr-TNT-Khai$0$xr COT$0$T-TEN GA,585759.715,2305145.726,0.000,"T=AR220.4|SH=TB41|MG=5.27|DC=4.17|TN=TN|LV=LV|X=\W0.7000;X=2305145.921|Y=\W0.7000;Y=585760.006|"
C976F7,TengaK,XR TNT$0$Xr-TNT-Khai$0$xr COT$0$T-TEN GA,585796.142,2305112.411,0.000,"T=AR219.2|SH=TB41|MG=5.27|DC=4.32|TN=TN|LV=LV|X=\W0.7000;X=2305112.216|Y=\W0.7000;Y=585795.851|"
C97722,TengaK,XR TNT$0$Xr-TNT-Khai$0$xr COT$0$T-TEN GA,585780.571,2305135.631,0.000,"T=AR219.3|SH=TB41|MG=5.27|DC=4.23|TN=TN|LV=LV|X=\W0.7000;X=2305135.436|Y=\W0.7000;Y=585780.280|"
C9774D,TengaK,XR TNT$0$Xr-TNT-Khai$0$xr COT$0$T-TEN GA,585767.792,2305154.754,0.000,"T=AR219.4|SH=TB41|MG=5.27|DC=4.14|TN=TN|LV=LV|X=\W0.7000;X=2305157.030|Y=\W0.7000;Y=585765.800|"
C97778,TengaK,XR TNT$0$Xr-TNT-Khai$0$xr COT$0$T-TEN GA,585781.004,2305173.246,0.000,"T=AR218.2|SH=TB41|MG=5.27|DC=4.35|TN=TN|LV=LV|X=\W0.7000;X=2305169.295|Y=\W0.7000;Y=585784.064|"
C977A3,TengaK,XR TNT$0$Xr-TNT-Khai$0$xr COT$0$T-TEN GA,585795.204,2305173.136,0.000,"T=AR217.2|SH=TB41|MG=5.27|DC=4.35|TN=TN|LV=LV|X=\W0.7000;X=2305175.434|Y=\W0.7000;Y=585793.191|"
C977CE,TengaK,XR TNT$0$Xr-TNT-Khai$0$xr COT$0$T-TEN GA,585812.838,2305184.961,0.000,"T=AR216.2|SH=TB41|MG=5.27|DC=4.35|TN=TN|LV=LV|X=\W0.7000;X=2305187.662|Y=\W0.7000;Y=585811.480|"
C977F9,TengaK,XR TNT$0$Xr-TNT-Khai$0$xr COT$0$T-TEN GA,585822.585,2305191.497,0.000,"T=AR215.2|SH=TB41|MG=5.27|DC=4.35|TN=TN|LV=LV|X=\W0.7000;X=2305193.759|Y=\W0.7000;Y=585820.636|"
C97824,TengaK,XR TNT$0$Xr-TNT-Khai$0$xr COT$0$T-TEN GA,585890.905,2305148.849,0.000,"T=AR214.1|SH=TB41|MG=5.27|DC=4.42|TN=TN|LV=LV|X=\W0.7000;X=2305148.654|Y=\W0.7000;Y=585890.615|"
C9784F,TengaK,XR TNT$0$Xr-TNT-Khai$0$xr COT$0$T-TEN GA,585875.311,2305172.104,0.000,"T=AR214.2|SH=TB41|MG=5.27|DC=4.33|TN=TN|LV=LV|X=\W0.7000;X=2305171.909|Y=\W0.7000;Y=585875.020|"
C9787A,TengaK,XR TNT$0$Xr-TNT-Khai$0$xr COT$0$T-TEN GA,585863.615,2305189.546,0.000,"T=AR214.3|SH=TB41|MG=5.27|DC=4.26|TN=TN|LV=LV|X=\W0.7000;X=2305189.351|Y=\W0.7000;Y=585863.325|"
C978A5,TengaK,XR TNT$0$Xr-TNT-Khai$0$xr COT$0$T-TEN GA,585848.021,2305212.801,0.000,"T=AR214.4|SH=TB41|MG=5.27|DC=4.17|TN=TN|LV=LV|X=\W0.7000;X=2305212.606|Y=\W0.7000;Y=585847.730|"
C978D0,TengaK,XR TNT$0$Xr-TNT-Khai$0$xr COT$0$T-TEN GA,585836.933,2305230.346,0.000,"T=AR214.5|SH=TB41|MG=5.27|DC=4.09|TN=TN|LV=LV|X=\W0.7000;X=2305232.445|Y=\W0.7000;Y=585834.427|"
C978FB,TengaK,XR TNT$0$Xr-TNT-Khai$0$xr COT$0$T-TEN GA,585850.294,2305188.405,0.000,"T=AR214.6|SH=TB41|MG=5.27|DC=4.42|TN=TN|LV=LV|X=\W0.7000;X=2305188.514|Y=\W0.7000;Y=585850.641|"
C97926,TengaK,XR TNT$0$Xr-TNT-Khai$0$xr COT$0$T-TEN GA,585838.598,2305205.846,0.000,"T=AR214.7|SH=TB41|MG=5.27|DC=4.35|TN=TN|LV=LV|X=\W0.7000;X=2305206.041|Y=\W0.7000;Y=585838.889|"
C97951,TengaK,XR TNT$0$Xr-TNT-Khai$0$xr COT$0$T-TEN GA,585952.710,2305056.681,0.000,"T=AR1.2|SH=TB41|MG=5.17|DC=4.24|TN=TN|LV=LV|X=\W0.7000;X=2305056.486|Y=\W0.7000;Y=585952.419|"
C9797C,TengaK,XR TNT$0$Xr-TNT-Khai$0$xr COT$0$T-TEN GA,585939.065,2305077.030,0.000,"T=AR1.3|SH=TB41|MG=5.17|DC=4.16|TN=TN|LV=LV|X=\W0.7000;X=2305076.835|Y=\W0.7000;Y=585938.774|"
C979A7,TengaK,XR TNT$0$Xr-TNT-Khai$0$xr COT$0$T-TEN GA,585923.471,2305100.285,0.000,"T=AR1.4|SH=TB41|MG=5.17|DC=4.07|TN=TN|LV=LV|X=\W0.7000;X=2305100.090|Y=\W0.7000;Y=585923.180|"
C979D2,TengaK,XR TNT$0$Xr-TNT-Khai$0$xr COT$0$T-TEN GA,585946.366,2305045.134,0.000,"T=AR3.2|SH=TB41|MG=5.17|DC=4.24|TN=TN|LV=LV|X=\W0.7000;X=2305045.329|Y=\W0.7000;Y=585946.657|"
C979FD,TengaK,XR TNT$0$Xr-TNT-Khai$0$xr COT$0$T-TEN GA,585931.886,2305066.729,0.000,"T=AR3.3|SH=TB41|MG=5.17|DC=4.15|TN=TN|LV=LV|X=\W0.7000;X=2305066.924|Y=\W0.7000;Y=585932.176|"
C97A28,TengaK,XR TNT$0$Xr-TNT-Khai$0$xr COT$0$T-TEN GA,585917.405,2305088.323,0.000,"T=AR3.4|SH=TB41|MG=5.17|DC=4.07|TN=TN|LV=LV|X=\W0.7000;X=2305088.518|Y=\W0.7000;Y=585917.696|"
C97A53,TengaK,XR TNT$0$Xr-TNT-Khai$0$xr COT$0$T-TEN GA,585928.094,2305032.882,0.000,"T=AR4.2|SH=TB41|MG=5.17|DC=4.24|TN=TN|LV=LV|X=\W0.7000;X=2305033.077|Y=\W0.7000;Y=585928.385|"
C97A7E,TengaK,XR TNT$0$Xr-TNT-Khai$0$xr COT$0$T-TEN GA,585914.195,2305054.866,0.000,"T=AR4.3|SH=TB41|MG=5.17|DC=4.15|TN=TN|LV=LV|X=\W0.7000;X=2305054.671|Y=\W0.7000;Y=585913.904|"
C97AA9,TengaK,XR TNT$0$Xr-TNT-Khai$0$xr COT$0$T-TEN GA,585899.714,2305076.460,0.000,"T=AR4.4|SH=TB41|MG=5.17|DC=4.07|TN=TN|LV=LV|X=\W0.7000;X=2305076.265|Y=\W0.7000;Y=585899.424|"
C97AD4,TengaK,XR TNT$0$Xr-TNT-Khai$0$xr COT$0$T-TEN GA,585918.575,2305026.499,0.000,"T=AR5.2|SH=TB41|MG=5.17|DC=4.24|TN=TN|LV=LV|X=\W0.7000;X=2305026.950|Y=\W0.7000;Y=585919.249|"
C97AFF,TengaK,XR TNT$0$Xr-TNT-Khai$0$xr COT$0$T-TEN GA,585904.477,2305048.350,0.000,"T=AR5.3|SH=TB41|MG=5.17|DC=4.15|TN=TN|LV=LV|X=\W0.7000;X=2305048.545|Y=\W0.7000;Y=585904.768|"
C97B2A,TengaK,XR TNT$0$Xr-TNT-Khai$0$xr COT$0$T-TEN GA,585889.997,2305069.944,0.000,"T=AR5.4|SH=TB41|MG=5.17|DC=4.07|TN=TN|LV=LV|X=\W0.7000;X=2305070.139|Y=\W0.7000;Y=585890.288|"
C97B55,TengaK,XR TNT$0$Xr-TNT-Khai$0$xr COT$0$T-TEN GA,585900.039,2305017.681,0.000,"T=AR6.2|SH=TB41|MG=5.17|DC=4.24|TN=TN|LV=LV|X=\W0.7000;X=2305014.705|Y=\W0.7000;Y=585900.988|"
C97B80,TengaK,XR TNT$0$Xr-TNT-Khai$0$xr COT$0$T-TEN GA,585886.787,2305036.487,0.000,"T=AR6.3|SH=TB41|MG=5.17|DC=4.15|TN=TN|LV=LV|X=\W0.7000;X=2305036.300|Y=\W0.7000;Y=585886.508|"
C97BAB,TengaK,XR TNT$0$Xr-TNT-Khai$0$xr COT$0$T-TEN GA,585872.306,2305058.081,0.000,"T=AR6.4|SH=TB41|MG=5.17|DC=4.07|TN=TN|LV=LV|X=\W0.7000;X=2305057.894|Y=\W0.7000;Y=585872.027|"
C97BD6,TengaK,XR TNT$0$Xr-TNT-Khai$0$xr COT$0$T-TEN GA,585891.550,2305008.376,0.000,"T=AR7.2|SH=TB41|MG=5.17|DC=4.24|TN=TN|LV=LV|X=\W0.7000;X=2305008.571|Y=\W0.7000;Y=585891.840|"
C97C01,TengaK,XR TNT$0$Xr-TNT-Khai$0$xr COT$0$T-TEN GA,585877.069,2305029.971,0.000,"T=AR7.3|SH=TB41|MG=5.17|DC=4.15|TN=TN|LV=LV|X=\W0.7000;X=2305030.166|Y=\W0.7000;Y=585877.360|"
C97C2C,TengaK,XR TNT$0$Xr-TNT-Khai$0$xr COT$0$T-TEN GA,585862.589,2305051.565,0.000,"T=AR7.4|SH=TB41|MG=5.17|DC=4.07|TN=TN|LV=LV|X=\W0.7000;X=2305051.760|Y=\W0.7000;Y=585862.879|"
C97C57,TengaK,XR TNT$0$Xr-TNT-Khai$0$xr COT$0$T-TEN GA,585872.223,2304999.029,0.000,"T=AR8.2|SH=TB41|MG=5.17|DC=4.24|TN=TN|LV=LV|X=\W0.7000;X=2304996.319|Y=\W0.7000;Y=585873.568|"
C97C82,TengaK,XR TNT$0$Xr-TNT-Khai$0$xr COT$0$T-TEN GA,585859.378,2305018.108,0.000,"T=AR8.3|SH=TB41|MG=5.17|DC=4.15|TN=TN|LV=LV|X=\W0.7000;X=2305017.913|Y=\W0.7000;Y=585859.088|"
C97CAD,TengaK,XR TNT$0$Xr-TNT-Khai$0$xr COT$0$T-TEN GA,585844.898,2305039.702,0.000,"T=AR8.4|SH=TB41|MG=5.17|DC=4.07|TN=TN|LV=LV|X=\W0.7000;X=2305039.507|Y=\W0.7000;Y=585844.607|"
C97CD8,TengaK,XR TNT$0$Xr-TNT-Khai$0$xr COT$0$T-TEN GA,585862.717,2304992.121,0.000,"T=AR9.2|SH=TB41|MG=5.17|DC=4.24|TN=TN|LV=LV|X=\W0.7000;X=2304992.316|Y=\W0.7000;Y=585863.008|"
C97D03,TengaK,XR TNT$0$Xr-TNT-Khai$0$xr COT$0$T-TEN GA,585848.237,2305013.715,0.000,"T=AR9.3|SH=TB41|MG=5.17|DC=4.15|TN=TN|LV=LV|X=\W0.7000;X=2305013.918|Y=\W0.7000;Y=585848.539|"
C97D2E,TengaK,XR TNT$0$Xr-TNT-Khai$0$xr COT$0$T-TEN GA,585833.756,2305035.310,0.000,"T=AR9.4|SH=TB41|MG=5.17|DC=4.07|TN=TN|LV=LV|X=\W0.7000;X=2305035.512|Y=\W0.7000;Y=585834.059|"
C97D59,TengaK,XR TNT$0$Xr-TNT-Khai$0$xr COT$0$T-TEN GA,585837.011,2304978.495,0.000,"T=AR10.2|SH=TB41|MG=5.21|DC=4.28|TN=TN|LV=LV|X=\W0.7000;X=2304975.619|Y=\W0.7000;Y=585838.101|"
C97D84,TengaK,XR TNT$0$Xr-TNT-Khai$0$xr COT$0$T-TEN GA,585823.902,2304997.397,0.000,"T=AR10.3|SH=TB41|MG=5.21|DC=4.19|TN=TN|LV=LV|X=\W0.7000;X=2304997.213|Y=\W0.7000;Y=585823.620|"
C97DAF,TengaK,XR TNT$0$Xr-TNT-Khai$0$xr COT$0$T-TEN GA,585809.421,2305018.991,0.000,"T=AR10.4|SH=TB41|MG=5.21|DC=4.11|TN=TN|LV=LV|X=\W0.7000;X=2305018.807|Y=\W0.7000;Y=585809.140|"
C97DDA,TengaK,XR TNT$0$Xr-TNT-Khai$0$xr COT$0$T-TEN GA,585821.634,2304968.155,0.000,"T=AR11.2|SH=TB41|MG=5.21|DC=4.28|TN=TN|LV=LV|X=\W0.7000;X=2304966.159|Y=\W0.7000;Y=585823.976|"
C97E05,TengaK,XR TNT$0$Xr-TNT-Khai$0$xr COT$0$T-TEN GA,585809.201,2304987.539,0.000,"T=AR11.3|SH=TB41|MG=5.21|DC=4.19|TN=TN|LV=LV|X=\W0.7000;X=2304987.746|Y=\W0.7000;Y=585809.484|"
C97E30,TengaK,XR TNT$0$Xr-TNT-Khai$0$xr COT$0$T-TEN GA,585794.720,2305009.133,0.000,"T=AR11.4|SH=TB41|MG=5.21|DC=4.11|TN=TN|LV=LV|X=\W0.7000;X=2305009.340|Y=\W0.7000;Y=585795.004|"
C97E5B,TengaK,XR TNT$0$Xr-TNT-Khai$0$xr COT$0$T-TEN GA,585176.010,2304906.018,0.000,"T=AR118.1|SH=TB41|MG=4.91|DC=3.98|TN=TN|LV=LV|X=\W0.7000;X=2304905.823|Y=\W0.7000;Y=585175.720|"
C97E86,TengaK,XR TNT$0$Xr-TNT-Khai$0$xr COT$0$T-TEN GA,585162.644,2304925.951,0.000,"T=AR118.2|SH=TB41|MG=4.91|DC=3.9|TN=TN|LV=LV|X=\W0.7000;X=2304925.756|Y=\W0.7000;Y=585162.353|"
C97EB1,TengaK,XR TNT$0$Xr-TNT-Khai$0$xr COT$0$T-TEN GA,585149.277,2304945.884,0.000,"T=AR118.3|SH=TB41|MG=4.91|DC=3.82|TN=TN|LV=LV|X=\W0.7000;X=2304945.690|Y=\W0.7000;Y=585148.986|"
C97EDC,TengaK,XR TNT$0$Xr-TNT-Khai$0$xr COT$0$T-TEN GA,585142.681,2304989.201,0.000,"T=AR119.1|SH=TB41|MG=4.91|DC=3.64|TN=TN|LV=LV|X=\W0.7000;X=2304989.498|Y=\W0.7000;Y=585142.496|"
C97F07,TengaK,XR TNT$0$Xr-TNT-Khai$0$xr COT$0$T-TEN GA,585206.990,2304926.792,0.000,"T=AR120.2|SH=TB41|MG=5.07|DC=4.14|TN=TN|LV=LV|X=\W0.7000;X=2304926.987|Y=\W0.7000;Y=585207.280|"
C97F32,TengaK,XR TNT$0$Xr-TNT-Khai$0$xr COT$0$T-TEN GA,585193.623,2304946.725,0.000,"T=AR120.3|SH=TB41|MG=5.07|DC=4.06|TN=TN|LV=LV|X=\W0.7000;X=2304946.920|Y=\W0.7000;Y=585193.914|"
C97F5D,TengaK,XR TNT$0$Xr-TNT-Khai$0$xr COT$0$T-TEN GA,585180.257,2304966.658,0.000,"T=AR120.4|SH=TB41|MG=5.07|DC=3.98|TN=TN|LV=LV|X=\W0.7000;X=2304966.853|Y=\W0.7000;Y=585180.547|"
C97F88,TengaK,XR TNT$0$Xr-TNT-Khai$0$xr COT$0$T-TEN GA,585216.707,2304933.308,0.000,"T=AR121.2|SH=TB41|MG=5.07|DC=4.14|TN=TN|LV=LV|X=\W0.7000;X=2304933.113|Y=\W0.7000;Y=585216.417|"
C97FB3,TengaK,XR TNT$0$Xr-TNT-Khai$0$xr COT$0$T-TEN GA,585203.341,2304953.241,0.000,"T=AR121.3|SH=TB41|MG=5.07|DC=4.06|TN=TN|LV=LV|X=\W0.7000;X=2304953.046|Y=\W0.7000;Y=585203.050|"
C97FDE,TengaK,XR TNT$0$Xr-TNT-Khai$0$xr COT$0$T-TEN GA,585189.974,2304973.175,0.000,"T=AR121.4|SH=TB41|MG=5.07|DC=3.98|TN=TN|LV=LV|X=\W0.7000;X=2304972.980|Y=\W0.7000;Y=585189.683|"
C98009,TengaK,XR TNT$0$Xr-TNT-Khai$0$xr COT$0$T-TEN GA,585247.687,2304954.082,0.000,"T=AR122.2|SH=TB41|MG=5.07|DC=4.14|TN=TN|LV=LV|X=\W0.7000;X=2304954.277|Y=\W0.7000;Y=585247.978|"
C98034,TengaK,XR TNT$0$Xr-TNT-Khai$0$xr COT$0$T-TEN GA,585234.320,2304974.015,0.000,"T=AR122.3|SH=TB41|MG=5.07|DC=4.06|TN=TN|LV=LV|X=\W0.7000;X=2304974.210|Y=\W0.7000;Y=585234.611|"
C9805F,TengaK,XR TNT$0$Xr-TNT-Khai$0$xr COT$0$T-TEN GA,585220.954,2304993.949,0.000,"T=AR122.4|SH=TB41|MG=5.07|DC=3.98|TN=TN|LV=LV|X=\W0.7000;X=2304994.143|Y=\W0.7000;Y=585221.244|"
C9808A,TengaK,XR TNT$0$Xr-TNT-Khai$0$xr COT$0$T-TEN GA,585140.366,2304959.173,0.000,"T=AR118.4|SH=TB41|MG=4.91|DC=3.77|TN=TN|LV=LV|X=\W0.7000;X=2304958.978|Y=\W0.7000;Y=585140.075|"
C980B5,TengaK,XR TNT$0$Xr-TNT-Khai$0$xr COT$0$T-TEN GA,585212.043,2305007.237,0.000,"T=AR122.5|SH=TB41|MG=5.07|DC=3.93|TN=TN|LV=LV|X=\W0.7000;X=2305007.405|Y=\W0.7000;Y=585212.470|"
C980E0,TengaK,XR TNT$0$Xr-TNT-Khai$0$xr COT$0$T-TEN GA,585257.404,2304960.598,0.000,"T=AR123.2|SH=TB41|MG=5.07|DC=4.14|TN=TN|LV=LV|X=\W0.7000;X=2304960.403|Y=\W0.7000;Y=585257.114|"
C9810B,TengaK,XR TNT$0$Xr-TNT-Khai$0$xr COT$0$T-TEN GA,585244.038,2304980.532,0.000,"T=AR123.3|SH=TB41|MG=5.07|DC=4.06|TN=TN|LV=LV|X=\W0.7000;X=2304980.337|Y=\W0.7000;Y=585243.747|"
C98136,TengaK,XR TNT$0$Xr-TNT-Khai$0$xr COT$0$T-TEN GA,585230.671,2305000.465,0.000,"T=AR123.4|SH=TB41|MG=5.07|DC=3.98|TN=TN|LV=LV|X=\W0.7000;X=2305000.270|Y=\W0.7000;Y=585230.380|"
C98161,TengaK,XR TNT$0$Xr-TNT-Khai$0$xr COT$0$T-TEN GA,585221.760,2305013.754,0.000,"T=AR123.5|SH=TB41|MG=5.07|DC=3.93|TN=TN|LV=LV|X=\W0.7000;X=2305013.559|Y=\W0.7000;Y=585221.469|"
C9818C,TengaK,XR TNT$0$Xr-TNT-Khai$0$xr COT$0$T-TEN GA,585288.384,2304981.372,0.000,"T=AR124.2|SH=TB41|MG=5.07|DC=4.14|TN=TN|LV=LV|X=\W0.7000;X=2304981.567|Y=\W0.7000;Y=585288.675|"
C981B7,TengaK,XR TNT$0$Xr-TNT-Khai$0$xr COT$0$T-TEN GA,585275.017,2305001.305,0.000,"T=AR124.3|SH=TB41|MG=5.07|DC=4.06|TN=TN|LV=LV|X=\W0.7000;X=2305001.500|Y=\W0.7000;Y=585275.308|"
C981E2,TengaK,XR TNT$0$Xr-TNT-Khai$0$xr COT$0$T-TEN GA,585261.651,2305021.239,0.000,"T=AR124.4|SH=TB41|MG=5.07|DC=3.98|TN=TN|LV=LV|X=\W0.7000;X=2305021.434|Y=\W0.7000;Y=585261.941|"
C9820D,TengaK,XR TNT$0$Xr-TNT-Khai$0$xr COT$0$T-TEN GA,585252.740,2305034.528,0.000,"T=AR124.5|SH=TB41|MG=5.07|DC=3.93|TN=TN|LV=LV|X=\W0.7000;X=2305034.722|Y=\W0.7000;Y=585253.030|"
C98238,TengaK,XR TNT$0$Xr-TNT-Khai$0$xr COT$0$T-TEN GA,585181.063,2304986.463,0.000,"T=AR121.5|SH=TB41|MG=5.07|DC=3.93|TN=TN|LV=LV|X=\W0.7000;X=2304986.172|Y=\W0.7000;Y=585180.753|"
C98263,TengaK,XR TNT$0$Xr-TNT-Khai$0$xr COT$0$T-TEN GA,585214.298,2305025.672,0.000,"T=AR123.6|SH=TB41|MG=5.07|DC=3.35|TN=TN|LV=LV|X=\W0.7000;X=2305028.022|Y=\W0.7000;Y=585211.771|"
C9828E,TengaK,XR TNT$0$Xr-TNT-Khai$0$xr COT$0$T-TEN GA,585298.101,2304987.888,0.000,"T=AR125.2|SH=TB41|MG=5.07|DC=4.14|TN=TN|LV=LV|X=\W0.7000;X=2304987.694|Y=\W0.7000;Y=585297.811|"
C982B9,TengaK,XR TNT$0$Xr-TNT-Khai$0$xr COT$0$T-TEN GA,585284.735,2305007.822,0.000,"T=AR125.3|SH=TB41|MG=5.07|DC=4.06|TN=TN|LV=LV|X=\W0.7000;X=2305007.627|Y=\W0.7000;Y=585284.444|"
C982E4,TengaK,XR TNT$0$Xr-TNT-Khai$0$xr COT$0$T-TEN GA,585271.368,2305027.755,0.000,"T=AR125.4|SH=TB41|MG=5.07|DC=3.98|TN=TN|LV=LV|X=\W0.7000;X=2305027.560|Y=\W0.7000;Y=585271.077|"
C9830F,TengaK,XR TNT$0$Xr-TNT-Khai$0$xr COT$0$T-TEN GA,585261.876,2305040.654,0.000,"T=AR125.5|SH=TB41|MG=5.07|DC=3.93|TN=TN|LV=LV|X=\W0.7000;X=2305040.849|Y=\W0.7000;Y=585262.166|"
C9833A,TengaK,XR TNT$0$Xr-TNT-Khai$0$xr COT$0$T-TEN GA,585254.776,2305052.884,0.000,"T=AR125.6|SH=TB41|MG=5.07|DC=3.17|TN=TN|LV=LV|X=\W0.7000;X=2305055.312|Y=\W0.7000;Y=585252.468|"
C98365,TengaK,XR TNT$0$Xr-TNT-Khai$0$xr COT$0$T-TEN GA,585329.081,2305008.662,0.000,"T=AR126.2|SH=TB41|MG=5.07|DC=4.14|TN=TN|LV=LV|X=\W0.7000;X=2305008.857|Y=\W0.7000;Y=585329.372|"
C98390,TengaK,XR TNT$0$Xr-TNT-Khai$0$xr COT$0$T-TEN GA,585315.714,2305028.596,0.000,"T=AR126.3|SH=TB41|MG=5.07|DC=4.06|TN=TN|LV=LV|X=\W0.7000;X=2305028.791|Y=\W0.7000;Y=585316.005|"
C983BB,TengaK,XR TNT$0$Xr-TNT-Khai$0$xr COT$0$T-TEN GA,585302.348,2305048.529,0.000,"T=AR126.4|SH=TB41|MG=5.07|DC=3.98|TN=TN|LV=LV|X=\W0.7000;X=2305048.724|Y=\W0.7000;Y=585302.638|"
C983E6,TengaK,XR TNT$0$Xr-TNT-Khai$0$xr COT$0$T-TEN GA,585293.437,2305061.818,0.000,"T=AR126.5|SH=TB41|MG=5.07|DC=3.93|TN=TN|LV=LV|X=\W0.7000;X=2305062.013|Y=\W0.7000;Y=585293.727|"
C98411,TengaK,XR TNT$0$Xr-TNT-Khai$0$xr COT$0$T-TEN GA,585338.798,2305015.179,0.000,"T=AR127.2|SH=TB41|MG=5.07|DC=4.14|TN=TN|LV=LV|X=\W0.7000;X=2305014.984|Y=\W0.7000;Y=585338.508|"
C9843C,TengaK,XR TNT$0$Xr-TNT-Khai$0$xr COT$0$T-TEN GA,585325.432,2305035.112,0.000,"T=AR127.3|SH=TB41|MG=5.07|DC=4.06|TN=TN|LV=LV|X=\W0.7000;X=2305034.917|Y=\W0.7000;Y=585325.141|"
C98467,TengaK,XR TNT$0$Xr-TNT-Khai$0$xr COT$0$T-TEN GA,585312.065,2305055.045,0.000,"T=AR127.4|SH=TB41|MG=5.07|DC=3.98|TN=TN|LV=LV|X=\W0.7000;X=2305054.850|Y=\W0.7000;Y=585311.774|"
C98492,TengaK,XR TNT$0$Xr-TNT-Khai$0$xr COT$0$T-TEN GA,585303.154,2305068.334,0.000,"T=AR127.5|SH=TB41|MG=5.07|DC=3.93|TN=TN|LV=LV|X=\W0.7000;X=2305068.139|Y=\W0.7000;Y=585302.863|"
C984BD,TengaK,XR TNT$0$Xr-TNT-Khai$0$xr COT$0$T-TEN GA,585295.757,2305080.261,0.000,"T=AR127.6|SH=TB41|MG=5.07|DC=2.99|TN=TN|LV=LV|X=\W0.7000;X=2305082.550|Y=\W0.7000;Y=585293.199|"
C984E8,TengaK,XR TNT$0$Xr-TNT-Khai$0$xr COT$0$T-TEN GA,585369.778,2305035.953,0.000,"T=AR128.2|SH=TB41|MG=5.17|DC=4.14|TN=TN|LV=LV|X=\W0.7000;X=2305036.147|Y=\W0.7000;Y=585370.069|"
C98513,TengaK,XR TNT$0$Xr-TNT-Khai$0$xr COT$0$T-TEN GA,585356.411,2305055.886,0.000,"T=AR128.3|SH=TB41|MG=5.17|DC=4.06|TN=TN|LV=LV|X=\W0.7000;X=2305056.081|Y=\W0.7000;Y=585356.702|"
C9853E,TengaK,XR TNT$0$Xr-TNT-Khai$0$xr COT$0$T-TEN GA,585343.045,2305075.819,0.000,"T=AR128.4|SH=TB41|MG=5.17|DC=3.98|TN=TN|LV=LV|X=\W0.7000;X=2305076.014|Y=\W0.7000;Y=585343.335|"
C98569,TengaK,XR TNT$0$Xr-TNT-Khai$0$xr COT$0$T-TEN GA,585334.134,2305089.108,0.000,"T=AR128.5|SH=TB41|MG=5.17|DC=3.93|TN=TN|LV=LV|X=\W0.7000;X=2305089.303|Y=\W0.7000;Y=585334.424|"
C98594,TengaK,XR TNT$0$Xr-TNT-Khai$0$xr COT$0$T-TEN GA,585379.495,2305042.469,0.000,"T=AR129.2|SH=TB41|MG=5.17|DC=4.14|TN=TN|LV=LV|X=\W0.7000;X=2305042.274|Y=\W0.7000;Y=585379.205|"
C985BF,TengaK,XR TNT$0$Xr-TNT-Khai$0$xr COT$0$T-TEN GA,585366.129,2305062.402,0.000,"T=AR129.3|SH=TB41|MG=5.17|DC=4.06|TN=TN|LV=LV|X=\W0.7000;X=2305062.207|Y=\W0.7000;Y=585365.838|"
C985EA,TengaK,XR TNT$0$Xr-TNT-Khai$0$xr COT$0$T-TEN GA,585352.762,2305082.335,0.000,"T=AR129.4|SH=TB41|MG=5.17|DC=3.98|TN=TN|LV=LV|X=\W0.7000;X=2305082.140|Y=\W0.7000;Y=585352.471|"
C98615,TengaK,XR TNT$0$Xr-TNT-Khai$0$xr COT$0$T-TEN GA,585343.851,2305095.624,0.000,"T=AR129.5|SH=TB41|MG=5.17|DC=3.93|TN=TN|LV=LV|X=\W0.7000;X=2305095.429|Y=\W0.7000;Y=585343.560|"
C98640,TengaK,XR TNT$0$Xr-TNT-Khai$0$xr COT$0$T-TEN GA,585342.237,2304658.129,0.000,"T=AR138.1|SH=TB41|MG=4.91|DC=3.97|TN=TN|LV=LV|X=\W0.7000;X=2304657.934|Y=\W0.7000;Y=585341.946|"
C9866B,TengaK,XR TNT$0$Xr-TNT-Khai$0$xr COT$0$T-TEN GA,585327.199,2304680.554,0.000,"T=AR138.2|SH=TB41|MG=4.91|DC=3.88|TN=TN|LV=LV|X=\W0.7000;X=2304680.359|Y=\W0.7000;Y=585326.909|"
C98696,TengaK,XR TNT$0$Xr-TNT-Khai$0$xr COT$0$T-TEN GA,585312.162,2304702.979,0.000,"T=AR138.3|SH=TB41|MG=4.91|DC=3.79|TN=TN|LV=LV|X=\W0.7000;X=2304702.784|Y=\W0.7000;Y=585311.871|"
C986C1,TengaK,XR TNT$0$Xr-TNT-Khai$0$xr COT$0$T-TEN GA,585319.200,2304725.970,0.000,"T=AR138.4|SH=TB41|MG=4.87|DC=3.69|TN=TN|LV=LV|X=\W0.7000;X=2304726.261|Y=\W0.7000;Y=585319.005|"
C986EC,TengaK,XR TNT$0$Xr-TNT-Khai$0$xr COT$0$T-TEN GA,585373.216,2304678.903,0.000,"T=AR139.2|SH=TB41|MG=5.17|DC=4.23|TN=TN|LV=LV|X=\W0.7000;X=2304679.098|Y=\W0.7000;Y=585373.507|"
C98717,TengaK,XR TNT$0$Xr-TNT-Khai$0$xr COT$0$T-TEN GA,585358.179,2304701.328,0.000,"T=AR139.3|SH=TB41|MG=5.17|DC=4.14|TN=TN|LV=LV|X=\W0.7000;X=2304701.523|Y=\W0.7000;Y=585358.469|"
C98742,TengaK,XR TNT$0$Xr-TNT-Khai$0$xr COT$0$T-TEN GA,585348.154,2304716.278,0.000,"T=AR139.4|SH=TB41|MG=5.17|DC=4.08|TN=TN|LV=LV|X=\W0.7000;X=2304716.473|Y=\W0.7000;Y=585348.445|"
C9876D,TengaK,XR TNT$0$Xr-TNT-Khai$0$xr COT$0$T-TEN GA,585357.335,2304723.594,0.000,"T=AR140.2|SH=TB41|MG=5.17|DC=4.23|TN=TN|LV=LV|X=\W0.7000;X=2304723.399|Y=\W0.7000;Y=585357.044|"
C98798,TengaK,XR TNT$0$Xr-TNT-Khai$0$xr COT$0$T-TEN GA,585346.769,2304739.350,0.000,"T=AR140.3|SH=TB41|MG=5.17|DC=3.59|TN=TN|LV=LV|X=\W0.7000;X=2304739.272|Y=\W0.7000;Y=585346.502|"
C987C3,TengaK,XR TNT$0$Xr-TNT-Khai$0$xr COT$0$T-TEN GA,585365.006,2304756.680,0.000,"T=AR140.4|SH=TB41|MG=5.17|DC=3.5|TN=TN|LV=LV|X=\W0.7000;X=2304756.883|Y=\W0.7000;Y=585364.870|"
C987EE,TengaK,XR TNT$0$Xr-TNT-Khai$0$xr COT$0$T-TEN GA,585387.431,2304771.717,0.000,"T=AR140.5|SH=TB41|MG=5.17|DC=3.41|TN=TN|LV=LV|X=\W0.7000;X=2304771.932|Y=\W0.7000;Y=585387.287|"
C98819,TengaK,XR TNT$0$Xr-TNT-Khai$0$xr COT$0$T-TEN GA,585409.856,2304786.755,0.000,"T=AR140.6|SH=TB41|MG=5.17|DC=3.32|TN=TN|LV=LV|X=\W0.7000;X=2304786.980|Y=\W0.7000;Y=585409.704|"
C98844,TengaK,XR TNT$0$Xr-TNT-Khai$0$xr COT$0$T-TEN GA,585432.281,2304801.792,0.000,"T=AR140.7|SH=TB41|MG=5.17|DC=3.23|TN=TN|LV=LV|X=\W0.7000;X=2304802.029|Y=\W0.7000;Y=585432.122|"
C9886F,TengaK,XR TNT$0$Xr-TNT-Khai$0$xr COT$0$T-TEN GA,585454.706,2304816.829,0.000,"T=AR140.8|SH=TB41|MG=5.17|DC=3.14|TN=TN|LV=LV|X=\W0.7000;X=2304817.078|Y=\W0.7000;Y=585454.539|"
C9889A,TengaK,XR TNT$0$Xr-TNT-Khai$0$xr COT$0$T-TEN GA,585429.439,2304700.727,0.000,"T=AR146.2|SH=TB41|MG=5.17|DC=4.23|TN=TN|LV=LV|X=\W0.7000;X=2304700.471|Y=\W0.7000;Y=585429.685|"
C988C5,TengaK,XR TNT$0$Xr-TNT-Khai$0$xr COT$0$T-TEN GA,585451.864,2304715.764,0.000,"T=AR146.3|SH=TB41|MG=5.17|DC=4.14|TN=TN|LV=LV|X=\W0.7000;X=2304715.508|Y=\W0.7000;Y=585452.110|"
C988F0,TengaK,XR TNT$0$Xr-TNT-Khai$0$xr COT$0$T-TEN GA,585474.288,2304730.801,0.000,"T=AR146.4|SH=TB41|MG=5.17|DC=4.05|TN=TN|LV=LV|X=\W0.7000;X=2304730.546|Y=\W0.7000;Y=585474.535|"
C9891B,TengaK,XR TNT$0$Xr-TNT-Khai$0$xr COT$0$T-TEN GA,585496.713,2304745.839,0.000,"T=AR146.5|SH=TB41|MG=5.17|DC=3.96|TN=TN|LV=LV|X=\W0.7000;X=2304745.583|Y=\W0.7000;Y=585496.960|"
C98946,TengaK,XR TNT$0$Xr-TNT-Khai$0$xr COT$0$T-TEN GA,585519.138,2304760.876,0.000,"T=AR146.6|SH=TB41|MG=5.17|DC=3.88|TN=TN|LV=LV|X=\W0.7000;X=2304760.620|Y=\W0.7000;Y=585519.385|"
C98971,TengaK,XR TNT$0$Xr-TNT-Khai$0$xr COT$0$T-TEN GA,585435.955,2304691.009,0.000,"T=AR145.2|SH=TB41|MG=5.17|DC=4.23|TN=TN|LV=LV|X=\W0.7000;X=2304691.300|Y=\W0.7000;Y=585435.760|"
C9899C,TengaK,XR TNT$0$Xr-TNT-Khai$0$xr COT$0$T-TEN GA,585458.380,2304706.047,0.000,"T=AR145.3|SH=TB41|MG=5.17|DC=4.14|TN=TN|LV=LV|X=\W0.7000;X=2304706.337|Y=\W0.7000;Y=585458.185|"
C989C7,TengaK,XR TNT$0$Xr-TNT-Khai$0$xr COT$0$T-TEN GA,585480.805,2304721.084,0.000,"T=AR145.4|SH=TB41|MG=5.17|DC=4.05|TN=TN|LV=LV|X=\W0.7000;X=2304721.375|Y=\W0.7000;Y=585480.610|"
C989F2,TengaK,XR TNT$0$Xr-TNT-Khai$0$xr COT$0$T-TEN GA,585503.230,2304736.121,0.000,"T=AR145.5|SH=TB41|MG=5.17|DC=3.96|TN=TN|LV=LV|X=\W0.7000;X=2304736.412|Y=\W0.7000;Y=585503.035|"
C98A1D,TengaK,XR TNT$0$Xr-TNT-Khai$0$xr COT$0$T-TEN GA,585525.654,2304751.159,0.000,"T=AR145.6|SH=TB41|MG=5.17|DC=3.87|TN=TN|LV=LV|X=\W0.7000;X=2304751.450|Y=\W0.7000;Y=585525.460|"
C98A48,TengaK,XR TNT$0$Xr-TNT-Khai$0$xr COT$0$T-TEN GA,585456.729,2304660.030,0.000,"T=AR143.1|SH=TB41|MG=5.39|DC=4.39|TN=TN|LV=LV|X=\W0.7000;X=2304659.739|Y=\W0.7000;Y=585456.924|"
C98A73,TengaK,XR TNT$0$Xr-TNT-Khai$0$xr COT$0$T-TEN GA,585479.154,2304675.067,0.000,"T=AR143.2|SH=TB41|MG=5.43|DC=4.3|TN=TN|LV=LV|X=\W0.7000;X=2304674.772|Y=\W0.7000;Y=585479.358|"
C98A9E,TengaK,XR TNT$0$Xr-TNT-Khai$0$xr COT$0$T-TEN GA,585501.579,2304690.104,0.000,"T=AR143.3|SH=TB41|MG=5.47|DC=4.21|TN=TN|LV=LV|X=\W0.7000;X=2304689.803|Y=\W0.7000;Y=585501.774|"
C98AC9,TengaK,XR TNT$0$Xr-TNT-Khai$0$xr COT$0$T-TEN GA,585524.003,2304705.142,0.000,"T=AR143.4|SH=TB41|MG=5.51|DC=4.12|TN=TN|LV=LV|X=\W0.7000;X=2304704.849|Y=\W0.7000;Y=585524.200|"
C98AF4,TengaK,XR TNT$0$Xr-TNT-Khai$0$xr COT$0$T-TEN GA,585546.428,2304720.179,0.000,"T=AR143.5|SH=TB41|MG=5.53|DC=4.03|TN=TN|LV=LV|X=\W0.7000;X=2304719.889|Y=\W0.7000;Y=585546.623|"
C98B1F,TengaK,XR TNT$0$Xr-TNT-Khai$0$xr COT$0$T-TEN GA,585560.759,2304772.155,0.000,"T=AR144.1|SH=TB41|MG=5.17|DC=4.32|TN=TN|LV=LV|X=\W0.7000;X=2304771.958|Y=\W0.7000;Y=585560.460|"
C98B4A,TengaK,XR TNT$0$Xr-TNT-Khai$0$xr COT$0$T-TEN GA,585532.962,2304792.601,0.000,"T=AR141.1|SH=TB41|MG=5.17|DC=3.68|TN=TN|LV=LV|X=\W0.7000;X=2304792.783|Y=\W0.7000;Y=585533.233|"
C98B75,TengaK,XR TNT$0$Xr-TNT-Khai$0$xr COT$0$T-TEN GA,585520.431,2304811.288,0.000,"T=AR141.2|SH=TB41|MG=5.17|DC=3.61|TN=TN|LV=LV|X=\W0.7000;X=2304811.483|Y=\W0.7000;Y=585520.722|"
C98BA0,TengaK,XR TNT$0$Xr-TNT-Khai$0$xr COT$0$T-TEN GA,585510.406,2304826.238,0.000,"T=AR141.3|SH=TB41|MG=5.17|DC=3.55|TN=TN|LV=LV|X=\W0.7000;X=2304826.433|Y=\W0.7000;Y=585510.696|"
C98BCB,TengaK,XR TNT$0$Xr-TNT-Khai$0$xr COT$0$T-TEN GA,585563.889,2304732.518,0.000,"T=AR143.6|SH=TB41|MG=5.53|DC=3.96|TN=TN|LV=LV|X=\W0.7000;X=2304732.094|Y=\W0.7000;Y=585564.824|"
C98BF6,TengaK,XR TNT$0$Xr-TNT-Khai$0$xr COT$0$T-TEN GA,585560.252,2304751.904,0.000,"T=AR143.7|SH=TB41|MG=5.17|DC=3.89|TN=TN|LV=LV|X=\W0.7000;X=2304752.107|Y=\W0.7000;Y=585560.545|"
C98C21,TengaK,XR TNT$0$Xr-TNT-Khai$0$xr COT$0$T-TEN GA,585545.722,2304794.580,0.000,"T=AR144.2|SH=TB41|MG=5.17|DC=4.23|TN=TN|LV=LV|X=\W0.7000;X=2304794.390|Y=\W0.7000;Y=585545.418|"
C98C4C,TengaK,XR TNT$0$Xr-TNT-Khai$0$xr COT$0$T-TEN GA,585530.684,2304817.005,0.000,"T=AR144.3|SH=TB41|MG=5.17|DC=4.14|TN=TN|LV=LV|X=\W0.7000;X=2304816.810|Y=\W0.7000;Y=585530.374|"
C98C77,TengaK,XR TNT$0$Xr-TNT-Khai$0$xr COT$0$T-TEN GA,585520.659,2304831.955,0.000,"T=AR144.4|SH=TB41|MG=5.17|DC=4.08|TN=TN|LV=LV|X=\W0.7000;X=2304831.765|Y=\W0.7000;Y=585520.356|"
C98CA2,TengaK,XR TNT$0$Xr-TNT-Khai$0$xr COT$0$T-TEN GA,585593.400,2304794.043,0.000,"T=AR142.1|SH=TB41|MG=5.11|DC=4.26|TN=TN|LV=LV|X=\W0.7000;X=2304794.238|Y=\W0.7000;Y=585593.691|"
C98CCD,TengaK,XR TNT$0$Xr-TNT-Khai$0$xr COT$0$T-TEN GA,585578.362,2304816.468,0.000,"T=AR142.2|SH=TB41|MG=5.11|DC=4.17|TN=TN|LV=LV|X=\W0.7000;X=2304816.663|Y=\W0.7000;Y=585578.653|"
C98CF8,TengaK,XR TNT$0$Xr-TNT-Khai$0$xr COT$0$T-TEN GA,585563.325,2304838.893,0.000,"T=AR142.3|SH=TB41|MG=5.11|DC=4.08|TN=TN|LV=LV|X=\W0.7000;X=2304839.088|Y=\W0.7000;Y=585563.616|"
C98D23,TengaK,XR TNT$0$Xr-TNT-Khai$0$xr COT$0$T-TEN GA,585553.300,2304853.843,0.000,"T=AR142.4|SH=TB41|MG=5.11|DC=4.02|TN=TN|LV=LV|X=\W0.7000;X=2304854.038|Y=\W0.7000;Y=585553.591|"
C98D4E,TengaK,XR TNT$0$Xr-TNT-Khai$0$xr COT$0$T-TEN GA,585473.587,2304902.153,0.000,"T=AR135.2|SH=TB41|MG=5.17|DC=4.23|TN=TN|LV=LV|X=\W0.7000;X=2304901.987|Y=\W0.7000;Y=585473.277|"
C98D79,TengaK,XR TNT$0$Xr-TNT-Khai$0$xr COT$0$T-TEN GA,585458.549,2304924.578,0.000,"T=AR135.3|SH=TB41|MG=5.17|DC=4.14|TN=TN|LV=LV|X=\W0.7000;X=2304924.412|Y=\W0.7000;Y=585458.239|"
C98DA4,TengaK,XR TNT$0$Xr-TNT-Khai$0$xr COT$0$T-TEN GA,585443.512,2304947.003,0.000,"T=AR135.4|SH=TB41|MG=5.17|DC=4.05|TN=TN|LV=LV|X=\W0.7000;X=2304946.856|Y=\W0.7000;Y=585443.231|"
C98DCF,TengaK,XR TNT$0$Xr-TNT-Khai$0$xr COT$0$T-TEN GA,585309.160,2304795.437,0.000,"T=AR134.2|SH=TB41|MG=5.17|DC=4.23|TN=TN|LV=LV|X=\W0.7000;X=2304795.237|Y=\W0.7000;Y=585308.867|"
C98DFA,TengaK,XR TNT$0$Xr-TNT-Khai$0$xr COT$0$T-TEN GA,585293.534,2304819.325,0.000,"T=AR134.3|SH=TB41|MG=5.17|DC=4.13|TN=TN|LV=LV|X=\W0.7000;X=2304819.678|Y=\W0.7000;Y=585292.501|"
C98E25,TengaK,XR TNT$0$Xr-TNT-Khai$0$xr COT$0$T-TEN GA,585305.908,2304833.772,0.000,"T=AR134.4|SH=TB41|MG=5.17|DC=4.06|TN=TN|LV=LV|X=\W0.7000;X=2304834.069|Y=\W0.7000;Y=585305.728|"
C98E50,TengaK,XR TNT$0$Xr-TNT-Khai$0$xr COT$0$T-TEN GA,585323.806,2304839.756,0.000,"T=AR134.5|SH=TB41|MG=5.17|DC=3.99|TN=TN|LV=LV|X=\W0.7000;X=2304840.842|Y=\W0.7000;Y=585324.062|"
C98E7B,TengaK,XR TNT$0$Xr-TNT-Khai$0$xr COT$0$T-TEN GA,585333.475,2304847.157,0.000,"T=AR134.6|SH=TB41|MG=5.17|DC=3.96|TN=TN|LV=LV|X=\W0.7000;X=2304846.968|Y=\W0.7000;Y=585333.198|"
C98EA6,TengaK,XR TNT$0$Xr-TNT-Khai$0$xr COT$0$T-TEN GA,585346.605,2304861.062,0.000,"T=AR134.7|SH=TB41|MG=5.17|DC=3.89|TN=TN|LV=LV|X=\W0.7000;X=2304861.359|Y=\W0.7000;Y=585346.425|"
C98ED1,TengaK,XR TNT$0$Xr-TNT-Khai$0$xr COT$0$T-TEN GA,585364.467,2304867.099,0.000,"T=AR134.8|SH=TB41|MG=5.17|DC=3.82|TN=TN|LV=LV|X=\W0.7000;X=2304868.132|Y=\W0.7000;Y=585364.759|"
C98EFC,TengaK,XR TNT$0$Xr-TNT-Khai$0$xr COT$0$T-TEN GA,585374.172,2304874.447,0.000,"T=AR134.9|SH=TB41|MG=5.17|DC=3.78|TN=TN|LV=LV|X=\W0.7000;X=2304874.259|Y=\W0.7000;Y=585373.895|"
C98F27,TengaK,XR TNT$0$Xr-TNT-Khai$0$xr COT$0$T-TEN GA,585386.912,2304888.933,0.000,"T=AR134.10|SH=TB41|MG=5.17|DC=3.71|TN=TN|LV=LV|X=\W0.7000;X=2304888.649|Y=\W0.7000;Y=585387.122|"
C98F52,TengaK,XR TNT$0$Xr-TNT-Khai$0$xr COT$0$T-TEN GA,585405.377,2304894.344,0.000,"T=AR134.11|SH=TB41|MG=5.17|DC=3.64|TN=TN|LV=LV|X=\W0.7000;X=2304895.422|Y=\W0.7000;Y=585405.456|"
C98F7D,TengaK,XR TNT$0$Xr-TNT-Khai$0$xr COT$0$T-TEN GA,585414.869,2304901.737,0.000,"T=AR134.12|SH=TB41|MG=5.17|DC=3.61|TN=TN|LV=LV|X=\W0.7000;X=2304901.549|Y=\W0.7000;Y=585414.592|"
C98FA8,TengaK,XR TNT$0$Xr-TNT-Khai$0$xr COT$0$T-TEN GA,585441.148,2304922.814,0.000,"T=AR134.13|SH=TB41|MG=5.17|DC=3.49|TN=TN|LV=LV|X=\W0.7000;X=2304923.799|Y=\W0.7000;Y=585439.539|"
C98FD3,TengaK,XR TNT$0$Xr-TNT-Khai$0$xr COT$0$T-TEN GA,585433.145,2304940.674,0.000,"T=AR134.14|SH=TB41|MG=5.17|DC=3.44|TN=TN|LV=LV|X=\W0.7000;X=2304939.752|Y=\W0.7000;Y=585434.727|"
C98FFE,TengaK,XR TNT$0$Xr-TNT-Khai$0$xr COT$0$T-TEN GA,585477.268,2304875.656,0.000,"T=AR134.15|SH=TB41|MG=5.17|DC=4.32|TN=TN|LV=LV|X=\W0.7000;X=2304875.858|Y=\W0.7000;Y=585477.573|"
C99029,TengaK,XR TNT$0$Xr-TNT-Khai$0$xr COT$0$T-TEN GA,585462.230,2304898.081,0.000,"T=AR134.16|SH=TB41|MG=5.17|DC=4.23|TN=TN|LV=LV|X=\W0.7000;X=2304898.282|Y=\W0.7000;Y=585462.535|"
C99054,TengaK,XR TNT$0$Xr-TNT-Khai$0$xr COT$0$T-TEN GA,585446.776,2304854.982,0.000,"T=AR134.17|SH=TB41|MG=5.17|DC=4.32|TN=TN|LV=LV|X=\W0.7000;X=2304854.537|Y=\W0.7000;Y=585446.117|"
C9907F,TengaK,XR TNT$0$Xr-TNT-Khai$0$xr COT$0$T-TEN GA,585431.251,2304877.307,0.000,"T=AR134.18|SH=TB41|MG=5.17|DC=4.23|TN=TN|LV=LV|X=\W0.7000;X=2304877.119|Y=\W0.7000;Y=585430.974|"
C990AA,TengaK,XR TNT$0$Xr-TNT-Khai$0$xr COT$0$T-TEN GA,585436.571,2304848.366,0.000,"T=AR134.19|SH=TB41|MG=5.17|DC=4.32|TN=TN|LV=LV|X=\W0.7000;X=2304848.567|Y=\W0.7000;Y=585436.876|"
C990D5,TengaK,XR TNT$0$Xr-TNT-Khai$0$xr COT$0$T-TEN GA,585421.533,2304870.791,0.000,"T=AR134.20|SH=TB41|MG=5.17|DC=4.23|TN=TN|LV=LV|X=\W0.7000;X=2304870.992|Y=\W0.7000;Y=585421.838|"
C99100,TengaK,XR TNT$0$Xr-TNT-Khai$0$xr COT$0$T-TEN GA,585405.954,2304827.608,0.000,"T=AR134.21|SH=TB41|MG=5.17|DC=4.32|TN=TN|LV=LV|X=\W0.7000;X=2304827.247|Y=\W0.7000;Y=585405.420|"
C9912B,TengaK,XR TNT$0$Xr-TNT-Khai$0$xr COT$0$T-TEN GA,585390.554,2304850.017,0.000,"T=AR134.22|SH=TB41|MG=5.17|DC=4.23|TN=TN|LV=LV|X=\W0.7000;X=2304849.829|Y=\W0.7000;Y=585390.277|"
C99156,TengaK,XR TNT$0$Xr-TNT-Khai$0$xr COT$0$T-TEN GA,585395.874,2304821.076,0.000,"T=AR134.23|SH=TB41|MG=5.17|DC=4.32|TN=TN|LV=LV|X=\W0.7000;X=2304821.277|Y=\W0.7000;Y=585396.179|"
C99181,TengaK,XR TNT$0$Xr-TNT-Khai$0$xr COT$0$T-TEN GA,585380.836,2304843.501,0.000,"T=AR134.24|SH=TB41|MG=5.17|DC=4.23|TN=TN|LV=LV|X=\W0.7000;X=2304843.702|Y=\W0.7000;Y=585381.141|"
C991AC,TengaK,XR TNT$0$Xr-TNT-Khai$0$xr COT$0$T-TEN GA,585365.000,2304800.144,0.000,"T=AR134.25|SH=TB41|MG=5.17|DC=4.32|TN=TN|LV=LV|X=\W0.7000;X=2304799.957|Y=\W0.7000;Y=585364.723|"
C991D7,TengaK,XR TNT$0$Xr-TNT-Khai$0$xr COT$0$T-TEN GA,585349.857,2304822.727,0.000,"T=AR134.26|SH=TB41|MG=5.17|DC=4.23|TN=TN|LV=LV|X=\W0.7000;X=2304822.538|Y=\W0.7000;Y=585349.580|"
C99202,TengaK,XR TNT$0$Xr-TNT-Khai$0$xr COT$0$T-TEN GA,585355.177,2304793.786,0.000,"T=AR134.27|SH=TB41|MG=5.17|DC=4.32|TN=TN|LV=LV|X=\W0.7000;X=2304793.987|Y=\W0.7000;Y=585355.482|"
C9922D,TengaK,XR TNT$0$Xr-TNT-Khai$0$xr COT$0$T-TEN GA,585340.139,2304816.211,0.000,"T=AR134.28|SH=TB41|MG=5.17|DC=4.23|TN=TN|LV=LV|X=\W0.7000;X=2304816.412|Y=\W0.7000;Y=585340.444|"
C99258,TengaK,XR TNT$0$Xr-TNT-Khai$0$xr COT$0$T-TEN GA,585270.102,2304765.702,0.000,"T=AR130.1|SH=TB41|MG=4.91|DC=3.97|TN=TN|LV=LV|X=\W0.7000;X=2304765.507|Y=\W0.7000;Y=585269.811|"
C99283,TengaK,XR TNT$0$Xr-TNT-Khai$0$xr COT$0$T-TEN GA,585255.064,2304788.127,0.000,"T=AR130.2|SH=TB41|MG=4.91|DC=3.88|TN=TN|LV=LV|X=\W0.7000;X=2304787.932|Y=\W0.7000;Y=585254.774|"
C992AE,TengaK,XR TNT$0$Xr-TNT-Khai$0$xr COT$0$T-TEN GA,585240.027,2304810.552,0.000,"T=AR130.3|SH=TB41|MG=4.91|DC=3.79|TN=TN|LV=LV|X=\W0.7000;X=2304810.357|Y=\W0.7000;Y=585239.736|"
C992D9,TengaK,XR TNT$0$Xr-TNT-Khai$0$xr COT$0$T-TEN GA,585231.269,2304824.371,0.000,"T=AR130.4|SH=TB41|MG=4.91|DC=3.74|TN=TN|LV=LV|X=\W0.7000;X=2304824.773|Y=\W0.7000;Y=585230.069|"
C99304,TengaK,XR TNT$0$Xr-TNT-Khai$0$xr COT$0$T-TEN GA,585316.119,2304764.051,0.000,"T=AR132.1|SH=TB41|MG=5.17|DC=4.32|TN=TN|LV=LV|X=\W0.7000;X=2304764.296|Y=\W0.7000;Y=585316.376|"
C9932F,TengaK,XR TNT$0$Xr-TNT-Khai$0$xr COT$0$T-TEN GA,585301.081,2304786.476,0.000,"T=AR132.2|SH=TB41|MG=5.17|DC=4.23|TN=TN|LV=LV|X=\W0.7000;X=2304786.671|Y=\W0.7000;Y=585301.372|"
C9935A,TengaK,XR TNT$0$Xr-TNT-Khai$0$xr COT$0$T-TEN GA,585286.044,2304808.901,0.000,"T=AR132.3|SH=TB41|MG=5.17|DC=4.14|TN=TN|LV=LV|X=\W0.7000;X=2304809.096|Y=\W0.7000;Y=585286.334|"
C99385,TengaK,XR TNT$0$Xr-TNT-Khai$0$xr COT$0$T-TEN GA,585271.006,2304831.326,0.000,"T=AR132.4|SH=TB41|MG=4.97|DC=4.05|TN=TN|LV=LV|X=\W0.7000;X=2304831.521|Y=\W0.7000;Y=585271.297|"
C993B0,TengaK,XR TNT$0$Xr-TNT-Khai$0$xr COT$0$T-TEN GA,585242.374,2304840.539,0.000,"T=AR130.5|SH=TB41|MG=4.97|DC=3.66|TN=TN|LV=LV|X=\W0.7000;X=2304840.829|Y=\W0.7000;Y=585242.179|"
C993DB,TengaK,XR TNT$0$Xr-TNT-Khai$0$xr COT$0$T-TEN GA,585277.510,2304876.132,0.000,"T=AR133.1|SH=TB41|MG=5.21|DC=3.47|TN=TN|LV=LV|X=\W0.7000;X=2304876.423|Y=\W0.7000;Y=585277.315|"
C99406,TengaK,XR TNT$0$Xr-TNT-Khai$0$xr COT$0$T-TEN GA,585302.427,2304892.840,0.000,"T=AR133.2|SH=TB41|MG=5.21|DC=3.37|TN=TN|LV=LV|X=\W0.7000;X=2304893.131|Y=\W0.7000;Y=585302.232|"
C99431,TengaK,XR TNT$0$Xr-TNT-Khai$0$xr COT$0$T-TEN GA,585327.344,2304909.549,0.000,"T=AR133.3|SH=TB41|MG=5.21|DC=3.27|TN=TN|LV=LV|X=\W0.7000;X=2304909.839|Y=\W0.7000;Y=585327.148|"
C9945C,TengaK,XR TNT$0$Xr-TNT-Khai$0$xr COT$0$T-TEN GA,585352.260,2304926.257,0.000,"T=AR133.4|SH=TB41|MG=5.21|DC=3.17|TN=TN|LV=LV|X=\W0.7000;X=2304926.547|Y=\W0.7000;Y=585352.065|"
C99487,TengaK,XR TNT$0$Xr-TNT-Khai$0$xr COT$0$T-TEN GA,585377.177,2304942.965,0.000,"T=AR133.5|SH=TB41|MG=5.21|DC=3.07|TN=TN|LV=LV|X=\W0.7000;X=2304943.256|Y=\W0.7000;Y=585376.981|"
C994B2,TengaK,XR TNT$0$Xr-TNT-Khai$0$xr COT$0$T-TEN GA,585399.596,2304957.999,0.000,"T=AR133.6|SH=TB41|MG=5.21|DC=2.99|TN=TN|LV=LV|X=\W0.7000;X=2304958.289|Y=\W0.7000;Y=585399.401|"
C994DD,TengaK,XR TNT$0$Xr-TNT-Khai$0$xr COT$0$T-TEN GA,585521.265,2304901.616,0.000,"T=AR136.1|SH=TB41|MG=5.21|DC=2.7|TN=TN|LV=LV|X=\W0.7000;X=2304901.757|Y=\W0.7000;Y=585521.475|"
C99508,TengaK,XR TNT$0$Xr-TNT-Khai$0$xr COT$0$T-TEN GA,585506.227,2304924.041,0.000,"T=AR136.2|SH=TB41|MG=5.21|DC=2.61|TN=TN|LV=LV|X=\W0.7000;X=2304924.236|Y=\W0.7000;Y=585506.518|"
C99533,TengaK,XR TNT$0$Xr-TNT-Khai$0$xr COT$0$T-TEN GA,585491.190,2304946.466,0.000,"T=AR136.3|SH=TB41|MG=5.21|DC=2.52|TN=TN|LV=LV|X=\W0.7000;X=2304946.661|Y=\W0.7000;Y=585491.481|"
C9955E,TengaK,XR TNT$0$Xr-TNT-Khai$0$xr COT$0$T-TEN GA,585476.153,2304968.890,0.000,"T=AR136.4|SH=TB41|MG=5.21|DC=2.43|TN=TN|LV=LV|X=\W0.7000;X=2304969.085|Y=\W0.7000;Y=585476.443|"
C99589,TengaK,XR TNT$0$Xr-TNT-Khai$0$xr COT$0$T-TEN GA,585436.631,2305014.205,0.000,"T=AR137.1|SH=TB41|MG=5.21|DC=2.23|TN=TN|LV=LV|X=\W0.7000;X=2305012.900|Y=\W0.7000;Y=585436.989|"
C995B4,TengaK,XR TNT$0$Xr-TNT-Khai$0$xr COT$0$T-TEN GA,585432.242,2305033.887,0.000,"T=AR137.2|SH=TB41|MG=5.21|DC=2.14|TN=TN|LV=LV|X=\W0.7000;X=2305038.223|Y=\W0.7000;Y=585430.082|"
C995DF,TengaK,XR TNT$0$Xr-TNT-Khai$0$xr COT$0$T-TEN GA,585416.592,2305057.712,0.000,"T=AR137.3|SH=TB41|MG=5.21|DC=2.07|TN=TN|LV=LV|X=\W0.7000;X=2305057.883|Y=\W0.7000;Y=585416.899|"
C9960A,TengaK,XR TNT$0$Xr-TNT-Khai$0$xr COT$0$T-TEN GA,585403.225,2305077.645,0.000,"T=AR137.4|SH=TB41|MG=5.21|DC=1.99|TN=TN|LV=LV|X=\W0.7000;X=2305077.816|Y=\W0.7000;Y=585403.532|"
C99635,TengaK,XR TNT$0$Xr-TNT-Khai$0$xr COT$0$T-TEN GA,585389.858,2305097.579,0.000,"T=AR137.5|SH=TB41|MG=5.21|DC=1.91|TN=TN|LV=LV|X=\W0.7000;X=2305097.749|Y=\W0.7000;Y=585390.165|"
C99660,TengaK,XR TNT$0$Xr-TNT-Khai$0$xr COT$0$T-TEN GA,585376.492,2305117.511,0.000,"T=AR137.6|SH=TB41|MG=5.21|DC=1.83|TN=TN|LV=LV|X=\W0.7000;X=2305117.707|Y=\W0.7000;Y=585376.782|"
C9968B,TengaK,XR TNT$0$Xr-TNT-Khai$0$xr COT$0$T-TEN GA,585284.831,2305108.820,0.000,"T=AR30.1|SH=TB41|MG=5.16|DC=2.66|TN=TN|LV=LV|X=\W0.7000;X=2305106.068|Y=\W0.7000;Y=585285.824|"
C996B6,TengaK,XR TNT$0$Xr-TNT-Khai$0$xr COT$0$T-TEN GA,585309.170,2305125.134,0.000,"T=AR30.2|SH=TB41|MG=5.21|DC=2.56|TN=TN|LV=LV|X=\W0.7000;X=2305122.772|Y=\W0.7000;Y=585310.756|"
C996E1,TengaK,XR TNT$0$Xr-TNT-Khai$0$xr COT$0$T-TEN GA,585630.172,2304839.795,0.000,"T=AR24.2|SH=TB41|MG=5.17|DC=4.24|TN=TN|LV=LV|X=\W0.7000;X=2304837.523|Y=\W0.7000;Y=585632.126|"
C9970C,TengaK,XR TNT$0$Xr-TNT-Khai$0$xr COT$0$T-TEN GA,585617.344,2304858.885,0.000,"T=AR24.3|SH=TB41|MG=5.17|DC=4.15|TN=TN|LV=LV|X=\W0.7000;X=2304859.088|Y=\W0.7000;Y=585617.646|"
C99737,TengaK,XR TNT$0$Xr-TNT-Khai$0$xr COT$0$T-TEN GA,585602.863,2304880.480,0.000,"T=AR24.4|SH=TB41|MG=5.17|DC=4.07|TN=TN|LV=LV|X=\W0.7000;X=2304880.683|Y=\W0.7000;Y=585603.165|"
C99762,TengaK,XR TNT$0$Xr-TNT-Khai$0$xr COT$0$T-TEN GA,585641.289,2304844.171,0.000,"T=AR23.2|SH=TB41|MG=5.17|DC=4.24|TN=TN|LV=LV|X=\W0.7000;X=2304841.477|Y=\W0.7000;Y=585642.670|"
C9978D,TengaK,XR TNT$0$Xr-TNT-Khai$0$xr COT$0$T-TEN GA,585628.485,2304863.278,0.000,"T=AR23.3|SH=TB41|MG=5.17|DC=4.15|TN=TN|LV=LV|X=\W0.7000;X=2304863.071|Y=\W0.7000;Y=585628.190|"
C997B8,TengaK,XR TNT$0$Xr-TNT-Khai$0$xr COT$0$T-TEN GA,585614.005,2304884.872,0.000,"T=AR23.4|SH=TB41|MG=5.17|DC=4.07|TN=TN|LV=LV|X=\W0.7000;X=2304884.665|Y=\W0.7000;Y=585613.710|"
C997E3,TengaK,XR TNT$0$Xr-TNT-Khai$0$xr COT$0$T-TEN GA,585660.656,2304853.547,0.000,"T=AR22.2|SH=TB41|MG=5.17|DC=4.24|TN=TN|LV=LV|X=\W0.7000;X=2304853.741|Y=\W0.7000;Y=585660.947|"
C9980E,TengaK,XR TNT$0$Xr-TNT-Khai$0$xr COT$0$T-TEN GA,585646.176,2304875.141,0.000,"T=AR22.3|SH=TB41|MG=5.17|DC=4.15|TN=TN|LV=LV|X=\W0.7000;X=2304875.336|Y=\W0.7000;Y=585646.467|"
C99839,TengaK,XR TNT$0$Xr-TNT-Khai$0$xr COT$0$T-TEN GA,585631.695,2304896.735,0.000,"T=AR22.4|SH=TB41|MG=5.17|DC=4.07|TN=TN|LV=LV|X=\W0.7000;X=2304896.930|Y=\W0.7000;Y=585631.986|"
C99864,TengaK,XR TNT$0$Xr-TNT-Khai$0$xr COT$0$T-TEN GA,585668.751,2304862.586,0.000,"T=AR21.2|SH=TB41|MG=5.17|DC=4.24|TN=TN|LV=LV|X=\W0.7000;X=2304859.868|Y=\W0.7000;Y=585670.083|"
C9988F,TengaK,XR TNT$0$Xr-TNT-Khai$0$xr COT$0$T-TEN GA,585655.893,2304881.657,0.000,"T=AR21.3|SH=TB41|MG=5.17|DC=4.15|TN=TN|LV=LV|X=\W0.7000;X=2304881.462|Y=\W0.7000;Y=585655.603|"
C998BA,TengaK,XR TNT$0$Xr-TNT-Khai$0$xr COT$0$T-TEN GA,585641.413,2304903.251,0.000,"T=AR21.4|SH=TB41|MG=5.17|DC=4.07|TN=TN|LV=LV|X=\W0.7000;X=2304903.056|Y=\W0.7000;Y=585641.122|"
C998E5,TengaK,XR TNT$0$Xr-TNT-Khai$0$xr COT$0$T-TEN GA,585688.065,2304871.926,0.000,"T=AR20.2|SH=TB41|MG=5.17|DC=4.24|TN=TN|LV=LV|X=\W0.7000;X=2304872.121|Y=\W0.7000;Y=585688.355|"
C99910,TengaK,XR TNT$0$Xr-TNT-Khai$0$xr COT$0$T-TEN GA,585673.584,2304893.520,0.000,"T=AR20.3|SH=TB41|MG=5.17|DC=4.15|TN=TN|LV=LV|X=\W0.7000;X=2304893.715|Y=\W0.7000;Y=585673.875|"
C9993B,TengaK,XR TNT$0$Xr-TNT-Khai$0$xr COT$0$T-TEN GA,585659.104,2304915.114,0.000,"T=AR20.4|SH=TB41|MG=5.17|DC=4.07|TN=TN|LV=LV|X=\W0.7000;X=2304915.309|Y=\W0.7000;Y=585659.394|"
C99966,TengaK,XR TNT$0$Xr-TNT-Khai$0$xr COT$0$T-TEN GA,585696.078,2304880.911,0.000,"T=AR19.2|SH=TB41|MG=5.17|DC=4.24|TN=TN|LV=LV|X=\W0.7000;X=2304878.247|Y=\W0.7000;Y=585697.491|"
C99991,TengaK,XR TNT$0$Xr-TNT-Khai$0$xr COT$0$T-TEN GA,585683.302,2304900.036,0.000,"T=AR19.3|SH=TB41|MG=5.17|DC=4.15|TN=TN|LV=LV|X=\W0.7000;X=2304899.841|Y=\W0.7000;Y=585683.011|"
C999BC,TengaK,XR TNT$0$Xr-TNT-Khai$0$xr COT$0$T-TEN GA,585668.821,2304921.630,0.000,"T=AR19.4|SH=TB41|MG=5.17|DC=4.07|TN=TN|LV=LV|X=\W0.7000;X=2304921.436|Y=\W0.7000;Y=585668.530|"
C999E7,TengaK,XR TNT$0$Xr-TNT-Khai$0$xr COT$0$T-TEN GA,585715.473,2304890.305,0.000,"T=AR18.2|SH=TB41|MG=5.17|DC=4.24|TN=TN|LV=LV|X=\W0.7000;X=2304890.511|Y=\W0.7000;Y=585715.756|"
C99A12,TengaK,XR TNT$0$Xr-TNT-Khai$0$xr COT$0$T-TEN GA,585700.992,2304911.899,0.000,"T=AR18.3|SH=TB41|MG=5.17|DC=4.15|TN=TN|LV=LV|X=\W0.7000;X=2304912.106|Y=\W0.7000;Y=585701.275|"
C99A3D,TengaK,XR TNT$0$Xr-TNT-Khai$0$xr COT$0$T-TEN GA,585686.512,2304933.493,0.000,"T=AR18.4|SH=TB41|MG=5.17|DC=4.07|TN=TN|LV=LV|X=\W0.7000;X=2304933.700|Y=\W0.7000;Y=585686.795|"
C99A68,TengaK,XR TNT$0$Xr-TNT-Khai$0$xr COT$0$T-TEN GA,585723.555,2304899.336,0.000,"T=AR17.2|SH=TB41|MG=5.17|DC=4.24|TN=TN|LV=LV|X=\W0.7000;X=2304896.626|Y=\W0.7000;Y=585724.900|"
C99A93,TengaK,XR TNT$0$Xr-TNT-Khai$0$xr COT$0$T-TEN GA,585710.710,2304918.415,0.000,"T=AR17.3|SH=TB41|MG=5.17|DC=4.15|TN=TN|LV=LV|X=\W0.7000;X=2304918.220|Y=\W0.7000;Y=585710.419|"
C99ABE,TengaK,XR TNT$0$Xr-TNT-Khai$0$xr COT$0$T-TEN GA,585696.229,2304940.010,0.000,"T=AR17.4|SH=TB41|MG=5.17|DC=4.07|TN=TN|LV=LV|X=\W0.7000;X=2304939.815|Y=\W0.7000;Y=585695.939|"
C99AE9,TengaK,XR TNT$0$Xr-TNT-Khai$0$xr COT$0$T-TEN GA,585742.881,2304908.684,0.000,"T=AR16.2|SH=TB41|MG=5.17|DC=4.24|TN=TN|LV=LV|X=\W0.7000;X=2304908.879|Y=\W0.7000;Y=585743.172|"
C99B14,TengaK,XR TNT$0$Xr-TNT-Khai$0$xr COT$0$T-TEN GA,585728.400,2304930.278,0.000,"T=AR16.3|SH=TB41|MG=5.17|DC=4.15|TN=TN|LV=LV|X=\W0.7000;X=2304930.473|Y=\W0.7000;Y=585728.691|"
C99B3F,TengaK,XR TNT$0$Xr-TNT-Khai$0$xr COT$0$T-TEN GA,585713.920,2304951.872,0.000,"T=AR16.4|SH=TB41|MG=5.17|DC=4.07|TN=TN|LV=LV|X=\W0.7000;X=2304952.067|Y=\W0.7000;Y=585714.211|"
C99B6A,TengaK,XR TNT$0$Xr-TNT-Khai$0$xr COT$0$T-TEN GA,585750.983,2304917.729,0.000,"T=AR15.2|SH=TB41|MG=5.17|DC=4.24|TN=TN|LV=LV|X=\W0.7000;X=2304915.005|Y=\W0.7000;Y=585752.308|"
C99B95,TengaK,XR TNT$0$Xr-TNT-Khai$0$xr COT$0$T-TEN GA,585738.118,2304936.794,0.000,"T=AR15.3|SH=TB41|MG=5.17|DC=4.15|TN=TN|LV=LV|X=\W0.7000;X=2304936.599|Y=\W0.7000;Y=585737.827|"
C99BC0,TengaK,XR TNT$0$Xr-TNT-Khai$0$xr COT$0$T-TEN GA,585723.637,2304958.389,0.000,"T=AR15.4|SH=TB41|MG=5.17|DC=4.07|TN=TN|LV=LV|X=\W0.7000;X=2304958.194|Y=\W0.7000;Y=585723.347|"
C99BEB,TengaK,XR TNT$0$Xr-TNT-Khai$0$xr COT$0$T-TEN GA,585770.289,2304927.063,0.000,"T=AR14.2|SH=TB41|MG=5.17|DC=4.24|TN=TN|LV=LV|X=\W0.7000;X=2304927.266|Y=\W0.7000;Y=585770.591|"
C99C16,TengaK,XR TNT$0$Xr-TNT-Khai$0$xr COT$0$T-TEN GA,585755.809,2304948.657,0.000,"T=AR14.3|SH=TB41|MG=5.17|DC=4.15|TN=TN|LV=LV|X=\W0.7000;X=2304948.860|Y=\W0.7000;Y=585756.111|"
C99C41,TengaK,XR TNT$0$Xr-TNT-Khai$0$xr COT$0$T-TEN GA,585741.328,2304970.252,0.000,"T=AR14.4|SH=TB41|MG=5.17|DC=4.07|TN=TN|LV=LV|X=\W0.7000;X=2304970.446|Y=\W0.7000;Y=585741.619|"
C99C6C,TengaK,XR TNT$0$Xr-TNT-Khai$0$xr COT$0$T-TEN GA,585778.355,2304936.083,0.000,"T=AR13.2|SH=TB41|MG=5.17|DC=4.24|TN=TN|LV=LV|X=\W0.7000;X=2304933.392|Y=\W0.7000;Y=585779.728|"
C99C97,TengaK,XR TNT$0$Xr-TNT-Khai$0$xr COT$0$T-TEN GA,585765.526,2304955.173,0.000,"T=AR13.3|SH=TB41|MG=5.17|DC=4.15|TN=TN|LV=LV|X=\W0.7000;X=2304954.986|Y=\W0.7000;Y=585765.247|"
C99CC2,TengaK,XR TNT$0$Xr-TNT-Khai$0$xr COT$0$T-TEN GA,585751.046,2304976.768,0.000,"T=AR13.4|SH=TB41|MG=5.17|DC=4.07|TN=TN|LV=LV|X=\W0.7000;X=2304976.581|Y=\W0.7000;Y=585750.767|"
C99CED,TengaK,XR TNT$0$Xr-TNT-Khai$0$xr COT$0$T-TEN GA,585804.646,2304956.833,0.000,"T=AR12.2|SH=TB41|MG=5.17|DC=4.24|TN=TN|LV=LV|X=\W0.7000;X=2304953.887|Y=\W0.7000;Y=585805.700|"
C99D18,TengaK,XR TNT$0$Xr-TNT-Khai$0$xr COT$0$T-TEN GA,585791.510,2304975.676,0.000,"T=AR12.3|SH=TB41|MG=5.17|DC=4.15|TN=TN|LV=LV|X=\W0.7000;X=2304975.481|Y=\W0.7000;Y=585791.220|"
C99D43,TengaK,XR TNT$0$Xr-TNT-Khai$0$xr COT$0$T-TEN GA,585777.030,2304997.271,0.000,"T=AR12.4|SH=TB41|MG=5.17|DC=4.07|TN=TN|LV=LV|X=\W0.7000;X=2304997.076|Y=\W0.7000;Y=585776.739|"
C99D6E,TengaK,XR TNT$0$Xr-TNT-Khai$0$xr COT$0$T-TEN GA,585173.605,2304998.415,0.000,"T=AR121.6|SH=TB41|MG=5.07|DC=3.53|TN=TN|LV=LV|X=\W0.7000;X=2305000.624|Y=\W0.7000;Y=585171.062|"
C99D99,TengaK,XR TNT$0$Xr-TNT-Khai$0$xr COT$0$T-TEN GA,585171.346,2304979.947,0.000,"T=AR120.5|SH=TB41|MG=5.07|DC=3.93|TN=TN|LV=LV|X=\W0.7000;X=2304980.142|Y=\W0.7000;Y=585171.636|"
C99DC4,TengaK,XR TNT$0$Xr-TNT-Khai$0$xr COT$0$T-TEN GA,585507.845,2305684.724,0.000,"T=AR171.2|SH=TB41|MG=5.17|DC=4.32|TN=TN|LV=LV|X=\W0.7000;X=2305684.960|Y=\W0.7000;Y=585508.174|"
C99DEF,TengaK,XR TNT$0$Xr-TNT-Khai$0$xr COT$0$T-TEN GA,585520.454,2305665.178,0.000,"T=AR171.3|SH=TB41|MG=5.17|DC=4.23|TN=TN|LV=LV|X=\W0.7000;X=2305665.057|Y=\W0.7000;Y=585521.506|"
C99E1A,TengaK,XR TNT$0$Xr-TNT-Khai$0$xr COT$0$T-TEN GA,585502.777,2305654.217,0.000,"T=AR171.4|SH=TB41|MG=5.17|DC=4.16|TN=TN|LV=LV|X=\W0.7000;X=2305652.460|Y=\W0.7000;Y=585503.464|"
C99E45,TengaK,XR TNT$0$Xr-TNT-Khai$0$xr COT$0$T-TEN GA,585492.221,2305647.849,0.000,"T=AR171.5|SH=TB41|MG=5.17|DC=4.07|TN=TN|LV=LV|X=\W0.7000;X=2305646.354|Y=\W0.7000;Y=585494.315|"
C99E70,TengaK,XR TNT$0$Xr-TNT-Khai$0$xr COT$0$T-TEN GA,585475.477,2305636.301,0.000,"T=AR171.6|SH=TB41|MG=5.17|DC=4.03|TN=TN|LV=LV|X=\W0.7000;X=2305634.102|Y=\W0.7000;Y=585476.042|"
C99E9B,TengaK,XR TNT$0$Xr-TNT-Khai$0$xr COT$0$T-TEN GA,585465.071,2305629.355,0.000,"T=AR171.7|SH=TB41|MG=5.17|DC=3.95|TN=TN|LV=LV|X=\W0.7000;X=2305627.955|Y=\W0.7000;Y=585466.920|"
C99EC6,TengaK,XR TNT$0$Xr-TNT-Khai$0$xr COT$0$T-TEN GA,585456.397,2305616.185,0.000,"T=AR171.8|SH=TB41|MG=5.17|DC=3.91|TN=TN|LV=LV|X=\W0.7000;X=2305614.451|Y=\W0.7000;Y=585454.994|"
C99EF1,TengaK,XR TNT$0$Xr-TNT-Khai$0$xr COT$0$T-TEN GA,585475.662,2305694.473,0.000,"T=AR171.9|SH=TB41|MG=5.17|DC=4.32|TN=TN|LV=LV|X=\W0.7000;X=2305694.070|Y=\W0.7000;Y=585475.562|"
C99F1C,TengaK,XR TNT$0$Xr-TNT-Khai$0$xr COT$0$T-TEN GA,585490.154,2305672.861,0.000,"T=AR171.10|SH=TB41|MG=5.17|DC=4.24|TN=TN|LV=LV|X=\W0.7000;X=2305672.711|Y=\W0.7000;Y=585489.885|"
C99F47,TengaK,XR TNT$0$Xr-TNT-Khai$0$xr COT$0$T-TEN GA,585465.956,2305687.941,0.000,"T=AR171.11|SH=TB41|MG=5.17|DC=4.32|TN=TN|LV=LV|X=\W0.7000;X=2305688.142|Y=\W0.7000;Y=585466.293|"
C99F72,TengaK,XR TNT$0$Xr-TNT-Khai$0$xr COT$0$T-TEN GA,585480.437,2305666.345,0.000,"T=AR171.12|SH=TB41|MG=5.17|DC=4.23|TN=TN|LV=LV|X=\W0.7000;X=2305666.564|Y=\W0.7000;Y=585480.763|"
C99F9D,TengaK,XR TNT$0$Xr-TNT-Khai$0$xr COT$0$T-TEN GA,585448.266,2305676.077,0.000,"T=AR171.13|SH=TB41|MG=5.17|DC=4.32|TN=TN|LV=LV|X=\W0.7000;X=2305675.889|Y=\W0.7000;Y=585447.986|"
C99FC8,TengaK,XR TNT$0$Xr-TNT-Khai$0$xr COT$0$T-TEN GA,585462.746,2305654.482,0.000,"T=AR171.14|SH=TB41|MG=5.17|DC=4.23|TN=TN|LV=LV|X=\W0.7000;X=2305654.332|Y=\W0.7000;Y=585462.477|"
C99FF3,TengaK,XR TNT$0$Xr-TNT-Khai$0$xr COT$0$T-TEN GA,585438.548,2305669.561,0.000,"T=AR171.15|SH=TB41|MG=5.17|DC=4.32|TN=TN|LV=LV|X=\W0.7000;X=2305669.763|Y=\W0.7000;Y=585438.885|"
C9A01E,TengaK,XR TNT$0$Xr-TNT-Khai$0$xr COT$0$T-TEN GA,585453.029,2305647.966,0.000,"T=AR171.16|SH=TB41|MG=5.17|DC=4.23|TN=TN|LV=LV|X=\W0.7000;X=2305648.185|Y=\W0.7000;Y=585453.354|"
C9A049,TengaK,XR TNT$0$Xr-TNT-Khai$0$xr COT$0$T-TEN GA,585565.101,2305620.347,0.000,"T=AR172.5|SH=TB41|MG=5.17|DC=4.38|TN=TN|LV=LV|X=\W0.7000;X=2305620.052|Y=\W0.7000;Y=585565.531|"
C9A074,TengaK,XR TNT$0$Xr-TNT-Khai$0$xr COT$0$T-TEN GA,585005.473,2305248.855,0.000,"T=AR90.6|SH=TB41|MG=5.07|DC=3.73|TN=TN|LV=LV|X=\W0.7000;X=2305245.887|Y=\W0.7000;Y=585006.680|"
C9A09F,TengaK,XR TNT$0$Xr-TNT-Khai$0$xr COT$0$T-TEN GA,585046.166,2305276.151,0.000,"T=AR92.6|SH=TB41|MG=5.07|DC=3.55|TN=TN|LV=LV|X=\W0.7000;X=2305273.177|Y=\W0.7000;Y=585047.377|"
C9A0CA,TengaK,XR TNT$0$Xr-TNT-Khai$0$xr COT$0$T-TEN GA,585086.978,2305303.360,0.000,"T=AR94.6|SH=TB41|MG=5.07|DC=3.37|TN=TN|LV=LV|X=\W0.7000;X=2305300.467|Y=\W0.7000;Y=585088.074|"
C9A0F5,TengaK,XR TNT$0$Xr-TNT-Khai$0$xr COT$0$T-TEN GA,585127.877,2305330.258,0.000,"T=AR96.6|SH=TB41|MG=5.17|DC=3.19|TN=TN|LV=LV|X=\W0.7000;X=2305327.757|Y=\W0.7000;Y=585128.774|"
C9A120,TengaK,XR TNT$0$Xr-TNT-Khai$0$xr COT$0$T-TEN GA,585169.759,2305355.243,0.000,"T=AR98.6|SH=TB41|MG=5.17|DC=3.02|TN=TN|LV=LV|X=\W0.7000;X=2305355.048|Y=\W0.7000;Y=585169.468|"
C9A14B,TengaK,XR TNT$0$Xr-TNT-Khai$0$xr COT$0$T-TEN GA,585007.257,2305157.675,0.000,"T=AR100.1|SH=TB41|MG=4.91|DC=3.97|TN=TN|LV=LV|X=\W0.7000;X=2305157.525|Y=\W0.7000;Y=585007.034|"
C9A176,TengaK,XR TNT$0$Xr-TNT-Khai$0$xr COT$0$T-TEN GA,585022.274,2305135.237,0.000,"T=AR100.2|SH=TB41|MG=4.91|DC=3.88|TN=TN|LV=LV|X=\W0.7000;X=2305135.035|Y=\W0.7000;Y=585022.017|"
C9A1A1,TengaK,XR TNT$0$Xr-TNT-Khai$0$xr COT$0$T-TEN GA,585032.299,2305120.287,0.000,"T=AR100.3|SH=TB41|MG=4.91|DC=3.82|TN=TN|LV=LV|X=\W0.7000;X=2305120.112|Y=\W0.7000;Y=585032.082|"
C9A1CC,TengaK,XR TNT$0$Xr-TNT-Khai$0$xr COT$0$T-TEN GA,585041.563,2305107.007,0.000,"T=AR100.4|SH=TB41|MG=4.91|DC=3.77|TN=TN|LV=LV|X=\W0.7000;X=2305106.071|Y=\W0.7000;Y=585041.492|"
C9A1F7,TengaK,XR TNT$0$Xr-TNT-Khai$0$xr COT$0$T-TEN GA,585060.696,2305111.435,0.000,"T=AR100.5|SH=TB41|MG=4.97|DC=3.69|TN=TN|LV=LV|X=\W0.7000;X=2305111.172|Y=\W0.7000;Y=585060.933|"
C9A222,TengaK,XR TNT$0$Xr-TNT-Khai$0$xr COT$0$T-TEN GA,585082.500,2305134.353,0.000,"T=AR103.5|SH=TB41|MG=5.07|DC=3.59|TN=TN|LV=LV|X=\W0.7000;X=2305131.686|Y=\W0.7000;Y=585083.260|"
C9A24D,TengaK,XR TNT$0$Xr-TNT-Khai$0$xr COT$0$T-TEN GA,585079.381,2305050.119,0.000,"T=AR110.1|SH=TB41|MG=4.91|DC=3.97|TN=TN|LV=LV|X=\W0.7000;X=2305049.924|Y=\W0.7000;Y=585079.090|"
C9A278,TengaK,XR TNT$0$Xr-TNT-Khai$0$xr COT$0$T-TEN GA,585094.418,2305027.694,0.000,"T=AR110.2|SH=TB41|MG=4.91|DC=3.88|TN=TN|LV=LV|X=\W0.7000;X=2305027.499|Y=\W0.7000;Y=585094.128|"
C9A2A3,TengaK,XR TNT$0$Xr-TNT-Khai$0$xr COT$0$T-TEN GA,585104.443,2305012.744,0.000,"T=AR110.3|SH=TB41|MG=4.91|DC=3.82|TN=TN|LV=LV|X=\W0.7000;X=2305012.549|Y=\W0.7000;Y=585104.152|"
C9A2CE,TengaK,XR TNT$0$Xr-TNT-Khai$0$xr COT$0$T-TEN GA,585113.748,2304999.757,0.000,"T=AR110.4|SH=TB41|MG=4.91|DC=3.77|TN=TN|LV=LV|X=\W0.7000;X=2304998.501|Y=\W0.7000;Y=585113.573|"
C9A2F9,TengaK,XR TNT$0$Xr-TNT-Khai$0$xr COT$0$T-TEN GA,585132.820,2305003.878,0.000,"T=AR110.5|SH=TB41|MG=4.91|DC=3.69|TN=TN|LV=LV|X=\W0.7000;X=2305003.624|Y=\W0.7000;Y=585132.992|"
C9A324,TengaK,XR TNT$0$Xr-TNT-Khai$0$xr COT$0$T-TEN GA,585432.625,2305344.854,0.000,"T=AR198.5|SH=TB41|MG=5.27|DC=3.66|TN=TN|LV=LV|X=\W0.7000;X=2305343.939|Y=\W0.7000;Y=585430.464|"
C9A34F,TengaK,XR TNT$0$Xr-TNT-Khai$0$xr COT$0$T-TEN GA,585763.793,2305017.851,0.000,"T=AR12.5|SH=TB41|MG=5.17|DC=3.53|TN=TN|LV=LV|X=\W0.7000;X=2305018.183|Y=\W0.7000;Y=585762.585|"
C9A37A,TengaK,XR TNT$0$Xr-TNT-Khai$0$xr COT$0$T-TEN GA,585811.621,2304924.678,0.000,"T=AR12.9|SH=TB41|MG=5.17|DC=4.32|TN=TN|LV=LV|X=\W0.7000;X=2304924.873|Y=\W0.7000;Y=585811.912|"
C9A3A5,TengaK,XR TNT$0$Xr-TNT-Khai$0$xr COT$0$T-TEN GA,585797.697,2304945.442,0.000,"T=AR12.6|SH=TB41|MG=5.17|DC=4.24|TN=TN|LV=LV|X=\W0.7000;X=2304945.637|Y=\W0.7000;Y=585797.988|"
C9A3D0,TengaK,XR TNT$0$Xr-TNT-Khai$0$xr COT$0$T-TEN GA,585783.217,2304967.036,0.000,"T=AR12.7|SH=TB41|MG=5.17|DC=4.15|TN=TN|LV=LV|X=\W0.7000;X=2304967.231|Y=\W0.7000;Y=585783.508|"
C9A3FB,TengaK,XR TNT$0$Xr-TNT-Khai$0$xr COT$0$T-TEN GA,585768.724,2304988.625,0.000,"T=AR12.8|SH=TB41|MG=5.17|DC=4.07|TN=TN|LV=LV|X=\W0.7000;X=2304988.818|Y=\W0.7000;Y=585769.016|"
C9A426,TengaK,XR TNT$0$Xr-TNT-Khai$0$xr COT$0$T-TEN GA,585223.309,2305392.130,0.000,"T=AR50|SH=TB41|MG=5.21|DC=2.78|TN=TN|LV=LV|X=\W0.7000;X=2305392.221|Y=\W0.7000;Y=585225.210|"
C9A452,XR TNT$0$Xr-TNT-Khai$0$TB.7HD.1DP,0,585346.495,2305150.406,0.000,""
C9A457,GaTNM D600-D1800(1),QH07 - BAN DO QUY HOACH CBKT 17042026$0$HTKT_CBKT_Tram_Ga,585197.578,2305192.829,0.000,""
C9A464,GaTNM D600-D1800(1),QH07 - BAN DO QUY HOACH CBKT 17042026$0$HTKT_CBKT_Tram_Ga,585206.467,2305379.940,0.000,""
C9A471,GaTNM D600-D1800(1),QH07 - BAN DO QUY HOACH CBKT 17042026$0$HTKT_CBKT_Tram_Ga,585444.866,2305539.721,0.000,""
C9A47E,Check giao cat,@Giao cat,585444.866,2305539.721,0.000,"TENTUYEN-TENGA=T4-D295GC|CHECKGIAOCAT=ga giao cat T4-D295GC|"
C9A48F,Check giao cat,@Giao cat,585201.236,2305195.626,0.000,"TENTUYEN-TENGA=T4-D23GC|CHECKGIAOCAT=Ga giao cat T4-D23GC|"
C9A4A0,Check giao cat,@Giao cat,585206.513,2305379.971,0.000,"TENTUYEN-TENGA=T4-D65|CHECKGIAOCAT=Ga giao cat T4-D65|"
C9A4B1,Check giao cat,@Giao cat,585705.910,2305408.924,0.000,"TENTUYEN-TENGA=T2-B7GC|CHECKGIAOCAT=ga giao cat T2-B7GC|"
C9A4C2,GaTNM D600-D1800(1),QH07 - BAN DO QUY HOACH CBKT 17042026$0$HTKT_CBKT_Tram_Ga,585705.910,2305408.924,-4.950,""
C9A4CF,Check giao cat,@Giao cat,585392.521,2305164.056,0.000,"TENTUYEN-TENGA=T3-C172|CHECKGIAOCAT=ko giao cat, TNT nam duoi|"
C9A4E0,Check giao cat,@Giao cat,585350.128,2305137.979,0.000,"TENTUYEN-TENGA=T-C312|CHECKGIAOCAT=ko giao cat, TNT nam duoi|"
C9A4F1,Check giao cat,@Giao cat,585209.133,2305193.049,0.000,"TENTUYEN-TENGA=T4-D27|CHECKGIAOCAT=ko giao cat, TNT nam duoi|"
C9A502,Check giao cat,@Giao cat,585483.398,2305145.443,0.000,"TENTUYEN-TENGA=T3-C149|CHECKGIAOCAT=Ga giao cat T3-C149|"
C9A513,GaTNM D600-D1800(1),QH07 - BAN DO QUY HOACH CBKT 17042026$0$HTKT_CBKT_Tram_Ga,585483.398,2305145.443,-4.950,""
C9A520,Check giao cat,@Giao cat,585580.052,2304911.063,0.000,"TENTUYEN-TENGA=T3-C107GC|CHECKGIAOCAT=Ga giao cat T3-C107GC|"
C9A531,GaTNM D600-D1800(1),QH07 - BAN DO QUY HOACH CBKT 17042026$0$HTKT_CBKT_Tram_Ga,585580.052,2304911.063,-4.950,""
C9A53E,Check giao cat,@Giao cat,585583.393,2304989.146,0.000,"TENTUYEN-TENGA=T3-C96GC|CHECKGIAOCAT=Ga giao cat T3-C96GC|"
C9A54F,GaTNM D600-D1800(1),QH07 - BAN DO QUY HOACH CBKT 17042026$0$HTKT_CBKT_Tram_Ga,585583.393,2304989.146,0.000,""
C9A55C,Check giao cat,@Giao cat,585484.568,2305056.261,0.000,"TENTUYEN-TENGA=T3-C164|CHECKGIAOCAT=ko giao, TNT nam duoi|"
C9A56D,Check giao cat,@Giao cat,585499.025,2305018.460,0.000,"TENTUYEN-TENGA=T3-C115|CHECKGIAOCAT=ko giao, TNT nam duoi|"
C9A595,XR TNT$0$Xr-TNT-Khai$0$G,XR TNT$0$Xr-TNT-Khai$0$T-HO GA,585256.102,2305364.818,0.000,""
C9A5B0,XR TNT$0$Xr-TNT-Khai$0$G,XR TNT$0$Xr-TNT-Khai$0$T-HO GA,585263.149,2305363.297,0.000,""
C9A5CF,XR TNT$0$Xr-TNT-Khai$0$G,XR TNT$0$Xr-TNT-Khai$0$T-HO GA,585268.245,2305346.625,0.000,""
C9A5EC,XR TNT$0$Xr-TNT-Khai$0$G,XR TNT$0$Xr-TNT-Khai$0$T-HO GA,585283.397,2305324.127,0.000,""
C9A609,XR TNT$0$Xr-TNT-Khai$0$G,XR TNT$0$Xr-TNT-Khai$0$T-HO GA,585295.603,2305305.882,0.000,""
C9A626,XR TNT$0$Xr-TNT-Khai$0$G,XR TNT$0$Xr-TNT-Khai$0$T-HO GA,585310.737,2305283.364,0.000,""
C9A642,XR TNT$0$Xr-TNT-Khai$0$G,XR TNT$0$Xr-TNT-Khai$0$T-HO GA,585322.895,2305265.258,0.000,""
C9A65F,XR TNT$0$Xr-TNT-Khai$0$G,XR TNT$0$Xr-TNT-Khai$0$T-HO GA,585337.983,2305242.698,0.000,""
C9A67B,XR TNT$0$Xr-TNT-Khai$0$G,XR TNT$0$Xr-TNT-Khai$0$T-HO GA,585350.207,2305224.476,0.000,""
C9A698,XR TNT$0$Xr-TNT-Khai$0$G,XR TNT$0$Xr-TNT-Khai$0$T-HO GA,585365.261,2305202.060,0.000,""
C9A6B6,0. Nap ga  tham1,0. Nap thu tham,585267.726,2305457.348,0.000,""
C9A6B7,0. Nap ga  tham1,0. Nap thu tham,585287.909,2305430.050,0.000,""
C9A6B8,0. Nap ga  tham1,0. Nap thu tham,585267.772,2305457.422,0.000,""
C9A6B9,0. Nap ga  tham1,0. Nap thu tham,585287.839,2305430.055,0.000,""
C9A6BB,0. Nap ga  tham1,0. Nap thu tham,585512.563,2305574.155,0.000,""
C9A6BC,0. Nap ga  tham1,0. Nap thu tham,585481.794,2305564.400,0.000,""
C9A6BD,0. Nap ga  tham1,0. Nap thu tham,585461.247,2305594.588,0.000,""
C9A727,0. Nap ga  tham1,0. Nap thu tham,585215.418,2305197.700,0.000,""
C9A729,TengaK,XR TNT$0$Xr-TNT-Khai$0$xr COT$0$T-TEN GA,585563.663,2305619.961,0.000,"T=AR172.5|SH=TB41|MG=5.17|DC=3.92|TN=TN|LV=LV|X=\W0.7000;X=2305620.152|Y=\W0.7000;Y=585564.811|"
C9A758,0. Nap ga  tham1,0. Nap thu tham,585591.469,2304975.565,0.000,""
C9A75A,0. Nap ga  tham1,0. Nap thu tham,585607.381,2304951.994,0.000,""
C9A8FE,TDDiem,0. Toa Do Diem,585450.790,2305430.186,0.000,"Y=Y=585450.79|X=X=2305430.19|"
C9AAF0,TDDiem,0. Toa Do Diem,585473.248,2305445.245,0.000,"Y=Y=585473.25|X=X=2305445.25|"
C9AB0A,TDDiem,0. Toa Do Diem,585428.373,2305415.142,0.000,"Y=Y=585428.37|X=X=2305415.14|"
D4BED5,TDDiem,0. Toa Do Diem,585397.628,2305394.344,0.000,"Y=Y=585397.63|X=X=2305394.34|"
D4BEEF,TDDiem,0. Toa Do Diem,585413.637,2305405.068,0.000,"Y=Y=585413.64|X=X=2305405.07|"
D4BF09,TDDiem,0. Toa Do Diem,585382.867,2305406.959,0.000,"Y=Y=585382.87|X=X=2305406.96|"
D4BF23,TDDiem,0. Toa Do Diem,585377.931,2305426.463,0.000,"Y=Y=585377.93|X=X=2305426.46|"
D4BF3D,TDDiem,0. Toa Do Diem,585392.596,2305436.176,0.000,"Y=Y=585392.60|X=X=2305436.18|"
D4BF57,TDDiem,0. Toa Do Diem,585390.286,2305448.598,0.000,"Y=Y=585390.29|X=X=2305448.60|"
D4BF71,TDDiem,0. Toa Do Diem,585370.471,2305435.130,0.000,"Y=Y=585370.47|X=X=2305435.13|"
D4BF8B,TDDiem,0. Toa Do Diem,585361.768,2305455.481,0.000,"Y=Y=585361.77|X=X=2305455.48|"
D4BFA5,TDDiem,0. Toa Do Diem,585378.369,2305466.369,0.000,"Y=Y=585378.37|X=X=2305466.37|"
D4BFBF,TDDiem,0. Toa Do Diem,585399.999,2305480.775,0.000,"Y=Y=585400.00|X=X=2305480.78|"
D4BFD9,TDDiem,0. Toa Do Diem,585419.063,2305493.644,0.000,"Y=Y=585419.06|X=X=2305493.64|"
D4BFF3,TDDiem,0. Toa Do Diem,585442.310,2305509.235,0.000,"Y=Y=585442.31|X=X=2305509.24|"
D4C00D,TDDiem,0. Toa Do Diem,585454.231,2305491.489,0.000,"Y=Y=585454.23|X=X=2305491.49|"
D4C027,TDDiem,0. Toa Do Diem,585430.968,2305475.891,0.000,"Y=Y=585430.97|X=X=2305475.89|"
D4C041,TDDiem,0. Toa Do Diem,585411.860,2305463.100,0.000,"Y=Y=585411.86|X=X=2305463.10|"
D4C05B,TDDiem,0. Toa Do Diem,585407.546,2305446.201,0.000,"Y=Y=585407.55|X=X=2305446.20|"
D4C075,TDDiem,0. Toa Do Diem,585429.982,2305461.220,0.000,"Y=Y=585429.98|X=X=2305461.22|"
D4C08F,TDDiem,0. Toa Do Diem,585452.409,2305476.273,0.000,"Y=Y=585452.41|X=X=2305476.27|"
D4C13D,TDDiem,0. Toa Do Diem,585529.678,2305725.853,0.000,"Y=Y=585529.68|X=X=2305725.85|"
D4C157,TDDiem,0. Toa Do Diem,585502.492,2305713.644,0.000,"Y=Y=585502.49|X=X=2305713.64|"
D4C171,TDDiem,0. Toa Do Diem,585493.397,2305706.341,0.000,"Y=Y=585493.40|X=X=2305706.34|"
D4C18B,TDDiem,0. Toa Do Diem,585475.641,2305694.434,0.000,"Y=Y=585475.64|X=X=2305694.43|"
D4C1A5,TDDiem,0. Toa Do Diem,585465.989,2305687.962,0.000,"Y=Y=585465.99|X=X=2305687.96|"
D4C1BF,TDDiem,0. Toa Do Diem,585448.233,2305676.055,0.000,"Y=Y=585448.23|X=X=2305676.05|"
D4C1D9,TDDiem,0. Toa Do Diem,585438.581,2305669.582,0.000,"Y=Y=585438.58|X=X=2305669.58|"
D4C1F3,TDDiem,0. Toa Do Diem,585420.823,2305657.675,0.000,"Y=Y=585420.82|X=X=2305657.67|"
D4C20D,TDDiem,0. Toa Do Diem,585411.451,2305650.788,0.000,"Y=Y=585411.45|X=X=2305650.79|"
D4C227,TDDiem,0. Toa Do Diem,585393.695,2305638.881,0.000,"Y=Y=585393.69|X=X=2305638.88|"
D4C241,TDDiem,0. Toa Do Diem,585379.060,2305629.067,0.000,"Y=Y=585379.06|X=X=2305629.07|"
D4C25B,TDDiem,0. Toa Do Diem,585361.303,2305617.161,0.000,"Y=Y=585361.30|X=X=2305617.16|"
D4C275,TDDiem,0. Toa Do Diem,585351.341,2305611.151,0.000,"Y=Y=585351.34|X=X=2305611.15|"
D4C28F,TDDiem,0. Toa Do Diem,585333.585,2305599.244,0.000,"Y=Y=585333.59|X=X=2305599.24|"
D4C2A9,TDDiem,0. Toa Do Diem,585323.965,2305592.724,0.000,"Y=Y=585323.96|X=X=2305592.72|"
D4C2C3,TDDiem,0. Toa Do Diem,585306.209,2305580.818,0.000,"Y=Y=585306.21|X=X=2305580.82|"
D4C2DD,TDDiem,0. Toa Do Diem,585296.556,2305574.345,0.000,"Y=Y=585296.56|X=X=2305574.35|"
D4C2F7,TDDiem,0. Toa Do Diem,585278.800,2305562.439,0.000,"Y=Y=585278.80|X=X=2305562.44|"
D4C311,TDDiem,0. Toa Do Diem,585269.148,2305555.966,0.000,"Y=Y=585269.15|X=X=2305555.97|"
D4C32B,TDDiem,0. Toa Do Diem,585251.392,2305544.060,0.000,"Y=Y=585251.39|X=X=2305544.06|"
D4C345,TDDiem,0. Toa Do Diem,585241.740,2305537.587,0.000,"Y=Y=585241.74|X=X=2305537.59|"
D4C35F,TDDiem,0. Toa Do Diem,585223.984,2305525.680,0.000,"Y=Y=585223.98|X=X=2305525.68|"
D4C379,TDDiem,0. Toa Do Diem,585214.307,2305519.245,0.000,"Y=Y=585214.31|X=X=2305519.25|"
D4C393,TDDiem,0. Toa Do Diem,585196.576,2305507.301,0.000,"Y=Y=585196.58|X=X=2305507.30|"
D4C3AD,TDDiem,0. Toa Do Diem,585187.162,2305500.474,0.000,"Y=Y=585187.16|X=X=2305500.47|"
D4C3C7,TDDiem,0. Toa Do Diem,585209.385,2305488.199,0.000,"Y=Y=585209.39|X=X=2305488.20|"
D4C3E1,TDDiem,0. Toa Do Diem,585202.797,2305477.130,0.000,"Y=Y=585202.80|X=X=2305477.13|"
D4C3FB,TDDiem,0. Toa Do Diem,585227.142,2305500.105,0.000,"Y=Y=585227.14|X=X=2305500.11|"
D4C415,TDDiem,0. Toa Do Diem,585236.794,2305506.578,0.000,"Y=Y=585236.79|X=X=2305506.58|"
D4C42F,TDDiem,0. Toa Do Diem,585254.550,2305518.485,0.000,"Y=Y=585254.55|X=X=2305518.48|"
D4C449,TDDiem,0. Toa Do Diem,585264.202,2305524.957,0.000,"Y=Y=585264.20|X=X=2305524.96|"
D4C463,TDDiem,0. Toa Do Diem,585281.958,2305536.864,0.000,"Y=Y=585281.96|X=X=2305536.86|"
D4C47D,TDDiem,0. Toa Do Diem,585291.610,2305543.336,0.000,"Y=Y=585291.61|X=X=2305543.34|"
D4C497,TDDiem,0. Toa Do Diem,585309.366,2305555.243,0.000,"Y=Y=585309.37|X=X=2305555.24|"
D4C4B1,TDDiem,0. Toa Do Diem,585319.018,2305561.715,0.000,"Y=Y=585319.02|X=X=2305561.72|"
D4C4CB,TDDiem,0. Toa Do Diem,585336.774,2305573.622,0.000,"Y=Y=585336.77|X=X=2305573.62|"
D4C4E5,TDDiem,0. Toa Do Diem,585349.179,2305575.997,0.000,"Y=Y=585349.18|X=X=2305576.00|"
D4C4FF,TDDiem,0. Toa Do Diem,585366.936,2305587.895,0.000,"Y=Y=585366.94|X=X=2305587.90|"
D4C519,TDDiem,0. Toa Do Diem,585376.898,2305593.905,0.000,"Y=Y=585376.90|X=X=2305593.91|"
D4C533,TDDiem,0. Toa Do Diem,585394.654,2305605.812,0.000,"Y=Y=585394.65|X=X=2305605.81|"
D4C54D,TDDiem,0. Toa Do Diem,585411.008,2305613.166,0.000,"Y=Y=585411.01|X=X=2305613.17|"
D4C567,TDDiem,0. Toa Do Diem,585425.932,2305629.194,0.000,"Y=Y=585425.93|X=X=2305629.19|"
D4C581,TDDiem,0. Toa Do Diem,585435.305,2305636.081,0.000,"Y=Y=585435.31|X=X=2305636.08|"
D4C59B,TDDiem,0. Toa Do Diem,585453.061,2305647.988,0.000,"Y=Y=585453.06|X=X=2305647.99|"
D4C5B5,TDDiem,0. Toa Do Diem,585462.713,2305654.460,0.000,"Y=Y=585462.71|X=X=2305654.46|"
D4C5CF,TDDiem,0. Toa Do Diem,585480.469,2305666.367,0.000,"Y=Y=585480.47|X=X=2305666.37|"
D4C5E9,TDDiem,0. Toa Do Diem,585490.122,2305672.840,0.000,"Y=Y=585490.12|X=X=2305672.84|"
D4C603,TDDiem,0. Toa Do Diem,585507.878,2305684.746,0.000,"Y=Y=585507.88|X=X=2305684.75|"
D4C61D,TDDiem,0. Toa Do Diem,585519.758,2305687.896,0.000,"Y=Y=585519.76|X=X=2305687.90|"
D4C637,TDDiem,0. Toa Do Diem,585542.487,2305706.750,0.000,"Y=Y=585542.49|X=X=2305706.75|"
D4C651,TDDiem,0. Toa Do Diem,585558.082,2305683.495,0.000,"Y=Y=585558.08|X=X=2305683.49|"
D4C66B,TDDiem,0. Toa Do Diem,585572.562,2305661.901,0.000,"Y=Y=585572.56|X=X=2305661.90|"
D4C69F,TDDiem,0. Toa Do Diem,585642.009,2305558.337,0.000,"Y=Y=585642.01|X=X=2305558.34|"
D4C6B9,TDDiem,0. Toa Do Diem,585626.414,2305581.592,0.000,"Y=Y=585626.41|X=X=2305581.59|"
D4C6D3,TDDiem,0. Toa Do Diem,585610.820,2305604.847,0.000,"Y=Y=585610.82|X=X=2305604.85|"
D4C6ED,TDDiem,0. Toa Do Diem,585583.273,2305586.676,0.000,"Y=Y=585583.27|X=X=2305586.68|"
D4C707,TDDiem,0. Toa Do Diem,585558.872,2305570.314,0.000,"Y=Y=585558.87|X=X=2305570.31|"
D4C721,TDDiem,0. Toa Do Diem,585549.499,2305563.426,0.000,"Y=Y=585549.50|X=X=2305563.43|"
D4C73B,TDDiem,0. Toa Do Diem,585597.196,2305565.912,0.000,"Y=Y=585597.20|X=X=2305565.91|"
D4C755,TDDiem,0. Toa Do Diem,585611.677,2305544.318,0.000,"Y=Y=585611.68|X=X=2305544.32|"
D4C76F,TDDiem,0. Toa Do Diem,585572.796,2305549.550,0.000,"Y=Y=585572.80|X=X=2305549.55|"
D4C789,TDDiem,0. Toa Do Diem,585566.207,2305538.510,0.000,"Y=Y=585566.21|X=X=2305538.51|"
D4C7A3,TDDiem,0. Toa Do Diem,585587.343,2305528.000,0.000,"Y=Y=585587.34|X=X=2305528.00|"
D4C7BD,TDDiem,0. Toa Do Diem,585582.915,2305513.593,0.000,"Y=Y=585582.92|X=X=2305513.59|"
D4CCF2,TDDiem,0. Toa Do Diem,585533.681,2305667.133,0.000,"Y=Y=585533.68|X=X=2305667.13|"
D4CD0C,TDDiem,0. Toa Do Diem,585548.162,2305645.538,0.000,"Y=Y=585548.16|X=X=2305645.54|"
D4CD26,TDDiem,0. Toa Do Diem,585564.511,2305620.879,0.000,"Y=Y=585564.51|X=X=2305620.88|"
D4CD40,TDDiem,0. Toa Do Diem,585552.948,2305604.448,0.000,"Y=Y=585552.95|X=X=2305604.45|"
D4CD5A,TDDiem,0. Toa Do Diem,585588.477,2305638.456,0.000,"Y=Y=585588.48|X=X=2305638.46|"
DA934A,TDDiem,0. Toa Do Diem,585212.821,2305462.208,0.000,"Y=Y=585212.82|X=X=2305462.21|"
DA9381,TDDiem,0. Toa Do Diem,585228.409,2305438.937,0.000,"Y=Y=585228.41|X=X=2305438.94|"
DA939B,TDDiem,0. Toa Do Diem,585238.658,2305423.968,0.000,"Y=Y=585238.66|X=X=2305423.97|"
DA93B5,TDDiem,0. Toa Do Diem,585248.542,2305409.227,0.000,"Y=Y=585248.54|X=X=2305409.23|"
DA93CF,TDDiem,0. Toa Do Diem,585258.037,2305415.357,0.000,"Y=Y=585258.04|X=X=2305415.36|"
DA93E9,TDDiem,0. Toa Do Diem,585222.195,2305469.096,0.000,"Y=Y=585222.20|X=X=2305469.10|"
DA9403,TDDiem,0. Toa Do Diem,585236.676,2305447.502,0.000,"Y=Y=585236.68|X=X=2305447.50|"
DA941D,TDDiem,0. Toa Do Diem,585247.765,2305430.677,0.000,"Y=Y=585247.76|X=X=2305430.68|"
DA948E,TDDiem,0. Toa Do Diem,585239.951,2305481.003,0.000,"Y=Y=585239.95|X=X=2305481.00|"
DA94C5,TDDiem,0. Toa Do Diem,585254.432,2305459.408,0.000,"Y=Y=585254.43|X=X=2305459.41|"
DA94DF,TDDiem,0. Toa Do Diem,585265.788,2305442.762,0.000,"Y=Y=585265.79|X=X=2305442.76|"
DA94F9,TDDiem,0. Toa Do Diem,585275.897,2305427.563,0.000,"Y=Y=585275.90|X=X=2305427.56|"
DA9513,TDDiem,0. Toa Do Diem,585287.769,2305430.254,0.000,"Y=Y=585287.77|X=X=2305430.25|"
DA95BA,TDDiem,0. Toa Do Diem,585309.185,2305443.660,0.000,"Y=Y=585309.18|X=X=2305443.66|"
DA95D4,TDDiem,0. Toa Do Diem,585331.535,2305458.698,0.000,"Y=Y=585331.54|X=X=2305458.70|"
DA95EE,TDDiem,0. Toa Do Diem,585354.067,2305473.966,0.000,"Y=Y=585354.07|X=X=2305473.97|"
DA9608,TDDiem,0. Toa Do Diem,585379.334,2305490.706,0.000,"Y=Y=585379.33|X=X=2305490.71|"
DA9622,TDDiem,0. Toa Do Diem,585394.741,2305507.736,0.000,"Y=Y=585394.74|X=X=2305507.74|"
DA963C,TDDiem,0. Toa Do Diem,585412.989,2305519.506,0.000,"Y=Y=585412.99|X=X=2305519.51|"
DA9656,TDDiem,0. Toa Do Diem,585422.526,2305525.574,0.000,"Y=Y=585422.53|X=X=2305525.57|"
DA9670,TDDiem,0. Toa Do Diem,585461.323,2305594.791,0.000,"Y=Y=585461.32|X=X=2305594.79|"
DA968A,TDDiem,0. Toa Do Diem,585482.378,2305565.056,0.000,"Y=Y=585482.38|X=X=2305565.06|"
DA96A4,TDDiem,0. Toa Do Diem,585472.753,2305559.585,0.000,"Y=Y=585472.75|X=X=2305559.58|"
DA96C0,TDDiem,0. Toa Do Diem,585422.099,2305596.523,0.000,"Y=Y=585422.10|X=X=2305596.52|"
DA96DA,TDDiem,0. Toa Do Diem,585439.364,2305570.776,0.000,"Y=Y=585439.36|X=X=2305570.78|"
DA96F4,TDDiem,0. Toa Do Diem,585455.006,2305547.130,0.000,"Y=Y=585455.01|X=X=2305547.13|"
DA970E,TDDiem,0. Toa Do Diem,585440.826,2305537.192,0.000,"Y=Y=585440.83|X=X=2305537.19|"
DA9728,TDDiem,0. Toa Do Diem,585424.729,2305560.962,0.000,"Y=Y=585424.73|X=X=2305560.96|"
DA975F,TDDiem,0. Toa Do Diem,585407.464,2305586.709,0.000,"Y=Y=585407.46|X=X=2305586.71|"
DA9779,TDDiem,0. Toa Do Diem,585439.855,2305608.430,0.000,"Y=Y=585439.86|X=X=2305608.43|"
DA9793,TDDiem,0. Toa Do Diem,585457.120,2305582.683,0.000,"Y=Y=585457.12|X=X=2305582.68|"
DA97CA,TDDiem,0. Toa Do Diem,585524.654,2305585.475,0.000,"Y=Y=585524.65|X=X=2305585.48|"
DA97E4,TDDiem,0. Toa Do Diem,585512.362,2305574.211,0.000,"Y=Y=585512.36|X=X=2305574.21|"
DA97FE,TDDiem,0. Toa Do Diem,585520.811,2305665.363,0.000,"Y=Y=585520.81|X=X=2305665.36|"
DA9818,TDDiem,0. Toa Do Diem,585502.606,2305654.317,0.000,"Y=Y=585502.61|X=X=2305654.32|"
DA9832,TDDiem,0. Toa Do Diem,585492.673,2305648.073,0.000,"Y=Y=585492.67|X=X=2305648.07|"
DA9886,TDDiem,0. Toa Do Diem,585625.600,2305523.554,0.000,"Y=Y=585625.60|X=X=2305523.55|"
DA98BD,TDDiem,0. Toa Do Diem,585634.044,2305511.329,0.000,"Y=Y=585634.04|X=X=2305511.33|"
DA98D7,TDDiem,0. Toa Do Diem,585644.233,2305516.388,0.000,"Y=Y=585644.23|X=X=2305516.39|"
DA98F1,TDDiem,0. Toa Do Diem,585661.593,2305529.131,0.000,"Y=Y=585661.59|X=X=2305529.13|"
DA990B,TDDiem,0. Toa Do Diem,585601.408,2305486.304,0.000,"Y=Y=585601.41|X=X=2305486.30|"
DA9942,TDDiem,0. Toa Do Diem,585617.586,2305462.145,0.000,"Y=Y=585617.59|X=X=2305462.15|"
DA995C,TDDiem,0. Toa Do Diem,585631.928,2305440.790,0.000,"Y=Y=585631.93|X=X=2305440.79|"
DA9976,TDDiem,0. Toa Do Diem,585643.842,2305423.006,0.000,"Y=Y=585643.84|X=X=2305423.01|"
DA9990,TDDiem,0. Toa Do Diem,585662.003,2305395.940,0.000,"Y=Y=585662.00|X=X=2305395.94|"
DA99AA,TDDiem,0. Toa Do Diem,585673.038,2305379.638,0.000,"Y=Y=585673.04|X=X=2305379.64|"
DA99C4,TDDiem,0. Toa Do Diem,585682.226,2305386.089,0.000,"Y=Y=585682.23|X=X=2305386.09|"
DA99DE,TDDiem,0. Toa Do Diem,585701.159,2305384.769,0.000,"Y=Y=585701.16|X=X=2305384.77|"
DA9A2E,TDDiem,0. Toa Do Diem,585652.678,2305483.174,0.000,"Y=Y=585652.68|X=X=2305483.17|"
DA9A48,TDDiem,0. Toa Do Diem,585665.440,2305464.111,0.000,"Y=Y=585665.44|X=X=2305464.11|"
DA9A62,TDDiem,0. Toa Do Diem,585681.049,2305440.865,0.000,"Y=Y=585681.05|X=X=2305440.87|"
DA9A7C,TDDiem,0. Toa Do Diem,585695.531,2305419.272,0.000,"Y=Y=585695.53|X=X=2305419.27|"
DA9A96,TDDiem,0. Toa Do Diem,585703.933,2305407.027,0.000,"Y=Y=585703.93|X=X=2305407.03|"
DA9AB0,TDDiem,0. Toa Do Diem,585711.980,2305415.443,0.000,"Y=Y=585711.98|X=X=2305415.44|"
DA9ACA,TDDiem,0. Toa Do Diem,585696.377,2305438.873,0.000,"Y=Y=585696.38|X=X=2305438.87|"
DA9AE4,TDDiem,0. Toa Do Diem,585678.833,2305465.036,0.000,"Y=Y=585678.83|X=X=2305465.04|"
DA9AFE,TDDiem,0. Toa Do Diem,585665.188,2305485.384,0.000,"Y=Y=585665.19|X=X=2305485.38|"
DA9B1F,TDDiem,0. Toa Do Diem,585657.971,2305355.808,0.000,"Y=Y=585657.97|X=X=2305355.81|"
DA9B39,TDDiem,0. Toa Do Diem,585636.376,2305341.328,0.000,"Y=Y=585636.38|X=X=2305341.33|"
DA9B53,TDDiem,0. Toa Do Diem,585615.613,2305327.404,0.000,"Y=Y=585615.61|X=X=2305327.40|"
DA9B6D,TDDiem,0. Toa Do Diem,585584.467,2305306.519,0.000,"Y=Y=585584.47|X=X=2305306.52|"
DA9B87,TDDiem,0. Toa Do Diem,585563.703,2305292.595,0.000,"Y=Y=585563.70|X=X=2305292.60|"
DA9BA1,TDDiem,0. Toa Do Diem,585542.109,2305278.115,0.000,"Y=Y=585542.11|X=X=2305278.11|"
DA9BBB,TDDiem,0. Toa Do Diem,585516.362,2305260.850,0.000,"Y=Y=585516.36|X=X=2305260.85|"
DA9BD5,TDDiem,0. Toa Do Diem,585489.196,2305249.626,0.000,"Y=Y=585489.20|X=X=2305249.63|"
DA9BEF,TDDiem,0. Toa Do Diem,585473.710,2305232.249,0.000,"Y=Y=585473.71|X=X=2305232.25|"
DA9C09,TDDiem,0. Toa Do Diem,585452.665,2305218.208,0.000,"Y=Y=585452.66|X=X=2305218.21|"
DA9C23,TDDiem,0. Toa Do Diem,585433.658,2305205.335,0.000,"Y=Y=585433.66|X=X=2305205.33|"
DA9C3D,TDDiem,0. Toa Do Diem,585410.328,2305189.787,0.000,"Y=Y=585410.33|X=X=2305189.79|"
DA9C57,TDDiem,0. Toa Do Diem,585393.943,2305178.843,0.000,"Y=Y=585393.94|X=X=2305178.84|"
DA9CC8,TDDiem,0. Toa Do Diem,585479.717,2305435.588,0.000,"Y=Y=585479.72|X=X=2305435.59|"
DA9CE2,TDDiem,0. Toa Do Diem,585457.264,2305420.532,0.000,"Y=Y=585457.26|X=X=2305420.53|"
DA9CFC,TDDiem,0. Toa Do Diem,585434.836,2305405.504,0.000,"Y=Y=585434.84|X=X=2305405.50|"
DA9D16,TDDiem,0. Toa Do Diem,585419.886,2305395.479,0.000,"Y=Y=585419.89|X=X=2305395.48|"
DA9D30,TDDiem,0. Toa Do Diem,585403.948,2305384.862,0.000,"Y=Y=585403.95|X=X=2305384.86|"
DA9D4A,TDDiem,0. Toa Do Diem,585507.230,2305395.040,0.000,"Y=Y=585507.23|X=X=2305395.04|"
DA9D64,TDDiem,0. Toa Do Diem,585484.554,2305379.836,0.000,"Y=Y=585484.55|X=X=2305379.84|"
DA9D7E,TDDiem,0. Toa Do Diem,585462.126,2305364.807,0.000,"Y=Y=585462.13|X=X=2305364.81|"
DA9D98,TDDiem,0. Toa Do Diem,585447.176,2305354.782,0.000,"Y=Y=585447.18|X=X=2305354.78|"
DA9DB2,TDDiem,0. Toa Do Diem,585432.388,2305344.936,0.000,"Y=Y=585432.39|X=X=2305344.94|"
DA9DCC,TDDiem,0. Toa Do Diem,585437.508,2305325.606,0.000,"Y=Y=585437.51|X=X=2305325.61|"
DA9DE6,TDDiem,0. Toa Do Diem,585451.899,2305312.742,0.000,"Y=Y=585451.90|X=X=2305312.74|"
DA9E00,TDDiem,0. Toa Do Diem,585459.554,2305304.229,0.000,"Y=Y=585459.55|X=X=2305304.23|"
DA9E1A,TDDiem,0. Toa Do Diem,585474.466,2305314.085,0.000,"Y=Y=585474.47|X=X=2305314.08|"
DA9E34,TDDiem,0. Toa Do Diem,585489.416,2305324.110,0.000,"Y=Y=585489.42|X=X=2305324.11|"
DA9E4E,TDDiem,0. Toa Do Diem,585511.844,2305339.139,0.000,"Y=Y=585511.84|X=X=2305339.14|"
DA9E68,TDDiem,0. Toa Do Diem,585526.781,2305349.142,0.000,"Y=Y=585526.78|X=X=2305349.14|"
DA9E82,TDDiem,0. Toa Do Diem,585620.261,2305300.772,0.000,"Y=Y=585620.26|X=X=2305300.77|"
DA9E9C,TDDiem,0. Toa Do Diem,585635.933,2305277.639,0.000,"Y=Y=585635.93|X=X=2305277.64|"
DA9EB6,TDDiem,0. Toa Do Diem,585653.222,2305251.856,0.000,"Y=Y=585653.22|X=X=2305251.86|"
DA9ED0,TDDiem,0. Toa Do Diem,585668.805,2305228.645,0.000,"Y=Y=585668.81|X=X=2305228.64|"
DA9EEA,TDDiem,0. Toa Do Diem,585681.602,2305209.534,0.000,"Y=Y=585681.60|X=X=2305209.53|"
DA9F04,TDDiem,0. Toa Do Diem,585736.697,2305245.876,0.000,"Y=Y=585736.70|X=X=2305245.88|"
DA9F1E,TDDiem,0. Toa Do Diem,585722.217,2305267.471,0.000,"Y=Y=585722.22|X=X=2305267.47|"
DA9F38,TDDiem,0. Toa Do Diem,585709.937,2305285.479,0.000,"Y=Y=585709.94|X=X=2305285.48|"
DA9F52,TDDiem,0. Toa Do Diem,585762.831,2305325.408,0.000,"Y=Y=585762.83|X=X=2305325.41|"
DA9F9C,TDDiem,0. Toa Do Diem,585775.641,2305306.305,0.000,"Y=Y=585775.64|X=X=2305306.31|"
DA9FB6,TDDiem,0. Toa Do Diem,585791.235,2305283.050,0.000,"Y=Y=585791.23|X=X=2305283.05|"
DA9FD0,TDDiem,0. Toa Do Diem,585745.566,2305351.155,0.000,"Y=Y=585745.57|X=X=2305351.16|"
DA9FEA,TDDiem,0. Toa Do Diem,585731.592,2305371.705,0.000,"Y=Y=585731.59|X=X=2305371.70|"
DAA004,TDDiem,0. Toa Do Diem,585331.571,2305434.977,0.000,"Y=Y=585331.57|X=X=2305434.98|"
DAA01E,TDDiem,0. Toa Do Diem,585310.807,2305421.054,0.000,"Y=Y=585310.81|X=X=2305421.05|"
DAA038,TDDiem,0. Toa Do Diem,585289.213,2305406.573,0.000,"Y=Y=585289.21|X=X=2305406.57|"
DAA052,TDDiem,0. Toa Do Diem,585268.234,2305392.701,0.000,"Y=Y=585268.23|X=X=2305392.70|"
DAA06C,TDDiem,0. Toa Do Diem,585252.581,2305382.274,0.000,"Y=Y=585252.58|X=X=2305382.27|"
DAA0DD,TDDiem,0. Toa Do Diem,585143.754,2305464.657,0.000,"Y=Y=585143.75|X=X=2305464.66|"
DAA0F7,TDDiem,0. Toa Do Diem,585157.121,2305444.724,0.000,"Y=Y=585157.12|X=X=2305444.72|"
DAA111,TDDiem,0. Toa Do Diem,585155.310,2305511.183,0.000,"Y=Y=585155.31|X=X=2305511.18|"
DAA12B,TDDiem,0. Toa Do Diem,585159.756,2305489.987,0.000,"Y=Y=585159.76|X=X=2305489.99|"
DAA145,TDDiem,0. Toa Do Diem,585174.545,2305468.027,0.000,"Y=Y=585174.54|X=X=2305468.03|"
DAA15F,TDDiem,0. Toa Do Diem,585189.016,2305446.426,0.000,"Y=Y=585189.02|X=X=2305446.43|"
DAA179,TDDiem,0. Toa Do Diem,585200.174,2305429.827,0.000,"Y=Y=585200.17|X=X=2305429.83|"
DAA193,TDDiem,0. Toa Do Diem,585214.648,2305408.229,0.000,"Y=Y=585214.65|X=X=2305408.23|"
DAA1AD,TDDiem,0. Toa Do Diem,585224.442,2305392.918,0.000,"Y=Y=585224.44|X=X=2305392.92|"
DAA1C7,TDDiem,0. Toa Do Diem,585235.346,2305391.247,0.000,"Y=Y=585235.35|X=X=2305391.25|"
DAA1E1,TDDiem,0. Toa Do Diem,585202.087,2305378.009,0.000,"Y=Y=585202.09|X=X=2305378.01|"
DAA1FB,TDDiem,0. Toa Do Diem,585192.765,2305391.568,0.000,"Y=Y=585192.77|X=X=2305391.57|"
DAA215,TDDiem,0. Toa Do Diem,585170.488,2305424.791,0.000,"Y=Y=585170.49|X=X=2305424.79|"
DAA22F,TDDiem,0. Toa Do Diem,585183.854,2305404.857,0.000,"Y=Y=585183.85|X=X=2305404.86|"
DAA249,TDDiem,0. Toa Do Diem,585188.951,2305360.344,0.000,"Y=Y=585188.95|X=X=2305360.34|"
DAA263,TDDiem,0. Toa Do Diem,585169.677,2305355.008,0.000,"Y=Y=585169.68|X=X=2305355.01|"
DAA27D,TDDiem,0. Toa Do Diem,585160.124,2305348.962,0.000,"Y=Y=585160.12|X=X=2305348.96|"
DAA297,TDDiem,0. Toa Do Diem,585150.624,2305363.129,0.000,"Y=Y=585150.62|X=X=2305363.13|"
DAA2B1,TDDiem,0. Toa Do Diem,585137.033,2305383.092,0.000,"Y=Y=585137.03|X=X=2305383.09|"
DAA2CB,TDDiem,0. Toa Do Diem,585128.130,2305396.386,0.000,"Y=Y=585128.13|X=X=2305396.39|"
DAA2E5,TDDiem,0. Toa Do Diem,585114.763,2305416.320,0.000,"Y=Y=585114.76|X=X=2305416.32|"
DAA2FF,TDDiem,0. Toa Do Diem,585101.396,2305436.253,0.000,"Y=Y=585101.40|X=X=2305436.25|"
DAA319,TDDiem,0. Toa Do Diem,585060.616,2305408.906,0.000,"Y=Y=585060.62|X=X=2305408.91|"
DAA333,TDDiem,0. Toa Do Diem,585074.066,2305389.030,0.000,"Y=Y=585074.07|X=X=2305389.03|"
DAA34D,TDDiem,0. Toa Do Diem,585087.382,2305369.063,0.000,"Y=Y=585087.38|X=X=2305369.06|"
DAA367,TDDiem,0. Toa Do Diem,585100.758,2305349.136,0.000,"Y=Y=585100.76|X=X=2305349.14|"
DAA381,TDDiem,0. Toa Do Diem,585109.682,2305335.855,0.000,"Y=Y=585109.68|X=X=2305335.86|"
DAA39B,TDDiem,0. Toa Do Diem,585117.836,2305324.060,0.000,"Y=Y=585117.84|X=X=2305324.06|"
DAA3B5,TDDiem,0. Toa Do Diem,585127.253,2305330.311,0.000,"Y=Y=585127.25|X=X=2305330.31|"
DAA3CF,TDDiem,0. Toa Do Diem,585148.255,2305333.053,0.000,"Y=Y=585148.26|X=X=2305333.05|"
DAA465,TDDiem,0. Toa Do Diem,585070.351,2305415.435,0.000,"Y=Y=585070.35|X=X=2305415.44|"
DAA49C,TDDiem,0. Toa Do Diem,585083.718,2305395.502,0.000,"Y=Y=585083.72|X=X=2305395.50|"
DAA4B6,TDDiem,0. Toa Do Diem,585097.085,2305375.569,0.000,"Y=Y=585097.08|X=X=2305375.57|"
DAA4D0,TDDiem,0. Toa Do Diem,585110.451,2305355.635,0.000,"Y=Y=585110.45|X=X=2305355.64|"
DAA4EA,TDDiem,0. Toa Do Diem,585119.362,2305342.347,0.000,"Y=Y=585119.36|X=X=2305342.35|"
DAA545,TDDiem,0. Toa Do Diem,585060.102,2305321.873,0.000,"Y=Y=585060.10|X=X=2305321.87|"
DAA55F,TDDiem,0. Toa Do Diem,585046.735,2305341.806,0.000,"Y=Y=585046.74|X=X=2305341.81|"
DAA579,TDDiem,0. Toa Do Diem,585033.369,2305361.739,0.000,"Y=Y=585033.37|X=X=2305361.74|"
DAA593,TDDiem,0. Toa Do Diem,585020.002,2305381.673,0.000,"Y=Y=585020.00|X=X=2305381.67|"
DAA5AD,TDDiem,0. Toa Do Diem,585029.654,2305388.145,0.000,"Y=Y=585029.65|X=X=2305388.15|"
DAA5C7,TDDiem,0. Toa Do Diem,585043.021,2305368.212,0.000,"Y=Y=585043.02|X=X=2305368.21|"
DAA5E1,TDDiem,0. Toa Do Diem,585056.388,2305348.279,0.000,"Y=Y=585056.39|X=X=2305348.28|"
DAA5FB,TDDiem,0. Toa Do Diem,585069.754,2305328.345,0.000,"Y=Y=585069.75|X=X=2305328.35|"
DAA615,TDDiem,0. Toa Do Diem,585078.666,2305315.055,0.000,"Y=Y=585078.67|X=X=2305315.05|"
DAA62F,TDDiem,0. Toa Do Diem,585086.542,2305303.031,0.000,"Y=Y=585086.54|X=X=2305303.03|"
DAA649,TDDiem,0. Toa Do Diem,585077.209,2305296.650,0.000,"Y=Y=585077.21|X=X=2305296.65|"
DAA7B3,TDDiem,0. Toa Do Diem,584979.305,2305354.383,0.000,"Y=Y=584979.31|X=X=2305354.38|"
DAA7CD,TDDiem,0. Toa Do Diem,584992.672,2305334.449,0.000,"Y=Y=584992.67|X=X=2305334.45|"
DAA7E7,TDDiem,0. Toa Do Diem,585006.038,2305314.516,0.000,"Y=Y=585006.04|X=X=2305314.52|"
DAA801,TDDiem,0. Toa Do Diem,585019.405,2305294.583,0.000,"Y=Y=585019.41|X=X=2305294.58|"
DAA81B,TDDiem,0. Toa Do Diem,585028.251,2305281.241,0.000,"Y=Y=585028.25|X=X=2305281.24|"
DAA835,TDDiem,0. Toa Do Diem,585036.275,2305269.713,0.000,"Y=Y=585036.28|X=X=2305269.71|"
DAA84F,TDDiem,0. Toa Do Diem,585026.162,2305251.183,0.000,"Y=Y=585026.16|X=X=2305251.18|"
DAA869,TDDiem,0. Toa Do Diem,585005.224,2305248.326,0.000,"Y=Y=585005.22|X=X=2305248.33|"
DAA883,TDDiem,0. Toa Do Diem,584995.663,2305242.309,0.000,"Y=Y=584995.66|X=X=2305242.31|"
DAA91B,TDDiem,0. Toa Do Diem,584907.563,2305306.275,0.000,"Y=Y=584907.56|X=X=2305306.27|"
DAA935,TDDiem,0. Toa Do Diem,584920.930,2305286.341,0.000,"Y=Y=584920.93|X=X=2305286.34|"
DAA94F,TDDiem,0. Toa Do Diem,584934.297,2305266.408,0.000,"Y=Y=584934.30|X=X=2305266.41|"
DAA969,TDDiem,0. Toa Do Diem,584947.663,2305246.475,0.000,"Y=Y=584947.66|X=X=2305246.47|"
DAA983,TDDiem,0. Toa Do Diem,584956.525,2305232.974,0.000,"Y=Y=584956.52|X=X=2305232.97|"
DAA99D,TDDiem,0. Toa Do Diem,584965.697,2305219.293,0.000,"Y=Y=584965.70|X=X=2305219.29|"
DAA9B7,TDDiem,0. Toa Do Diem,584985.468,2305223.893,0.000,"Y=Y=584985.47|X=X=2305223.89|"
DAA9D1,TDDiem,0. Toa Do Diem,584938.508,2305327.032,0.000,"Y=Y=584938.51|X=X=2305327.03|"
DAA9EB,TDDiem,0. Toa Do Diem,584951.975,2305307.159,0.000,"Y=Y=584951.97|X=X=2305307.16|"
DAAA05,TDDiem,0. Toa Do Diem,584965.341,2305287.226,0.000,"Y=Y=584965.34|X=X=2305287.23|"
DAAA1F,TDDiem,0. Toa Do Diem,584978.708,2305267.293,0.000,"Y=Y=584978.71|X=X=2305267.29|"
DAAA39,TDDiem,0. Toa Do Diem,584987.669,2305254.218,0.000,"Y=Y=584987.67|X=X=2305254.22|"
DAAA8D,TDDiem,0. Toa Do Diem,584948.260,2305333.565,0.000,"Y=Y=584948.26|X=X=2305333.56|"
DAAAC4,TDDiem,0. Toa Do Diem,584961.627,2305313.631,0.000,"Y=Y=584961.63|X=X=2305313.63|"
DAAADE,TDDiem,0. Toa Do Diem,584974.994,2305293.698,0.000,"Y=Y=584974.99|X=X=2305293.70|"
DAAAF8,TDDiem,0. Toa Do Diem,584988.360,2305273.765,0.000,"Y=Y=584988.36|X=X=2305273.77|"
DAAB12,TDDiem,0. Toa Do Diem,584997.363,2305260.538,0.000,"Y=Y=584997.36|X=X=2305260.54|"
DAAB98,TDDiem,0. Toa Do Diem,584988.957,2305360.855,0.000,"Y=Y=584988.96|X=X=2305360.85|"
DAABCF,TDDiem,0. Toa Do Diem,585002.324,2305340.922,0.000,"Y=Y=585002.32|X=X=2305340.92|"
DAABE9,TDDiem,0. Toa Do Diem,585015.691,2305320.988,0.000,"Y=Y=585015.69|X=X=2305320.99|"
DAAC03,TDDiem,0. Toa Do Diem,585029.057,2305301.055,0.000,"Y=Y=585029.06|X=X=2305301.06|"
DAAC1D,TDDiem,0. Toa Do Diem,585037.968,2305287.766,0.000,"Y=Y=585037.97|X=X=2305287.77|"
DAAC37,TDDiem,0. Toa Do Diem,585045.834,2305275.750,0.000,"Y=Y=585045.83|X=X=2305275.75|"
DAAC51,TDDiem,0. Toa Do Diem,585066.859,2305278.473,0.000,"Y=Y=585066.86|X=X=2305278.47|"
DAAD78,TDDiem,0. Toa Do Diem,585111.048,2305442.725,0.000,"Y=Y=585111.05|X=X=2305442.73|"
DAAD92,TDDiem,0. Toa Do Diem,585124.415,2305422.792,0.000,"Y=Y=585124.42|X=X=2305422.79|"
DAADAC,TDDiem,0. Toa Do Diem,585137.782,2305402.859,0.000,"Y=Y=585137.78|X=X=2305402.86|"
DAADC6,TDDiem,0. Toa Do Diem,585151.148,2305382.926,0.000,"Y=Y=585151.15|X=X=2305382.93|"
DAADE0,TDDiem,0. Toa Do Diem,585160.058,2305369.455,0.000,"Y=Y=585160.06|X=X=2305369.46|"
DAAED0,TDDiem,0. Toa Do Diem,585251.446,2305484.440,0.000,"Y=Y=585251.45|X=X=2305484.44|"
DAAEEA,TDDiem,0. Toa Do Diem,585268.628,2305497.866,0.000,"Y=Y=585268.63|X=X=2305497.87|"
DAAF04,TDDiem,0. Toa Do Diem,585279.415,2305502.158,0.000,"Y=Y=585279.42|X=X=2305502.16|"
DAAF1E,TDDiem,0. Toa Do Diem,585296.124,2305516.041,0.000,"Y=Y=585296.12|X=X=2305516.04|"
DAAF38,TDDiem,0. Toa Do Diem,585306.722,2305520.512,0.000,"Y=Y=585306.72|X=X=2305520.51|"
DAAF52,TDDiem,0. Toa Do Diem,585324.205,2305533.100,0.000,"Y=Y=585324.21|X=X=2305533.10|"
DAAF6C,TDDiem,0. Toa Do Diem,585333.881,2305539.549,0.000,"Y=Y=585333.88|X=X=2305539.55|"
DAAF86,TDDiem,0. Toa Do Diem,585352.011,2305550.900,0.000,"Y=Y=585352.01|X=X=2305550.90|"
DAAFA0,TDDiem,0. Toa Do Diem,585364.774,2305552.733,0.000,"Y=Y=585364.77|X=X=2305552.73|"
DAAFBA,TDDiem,0. Toa Do Diem,585381.822,2305527.021,0.000,"Y=Y=585381.82|X=X=2305527.02|"
DAAFD4,TDDiem,0. Toa Do Diem,585389.707,2305574.803,0.000,"Y=Y=585389.71|X=X=2305574.80|"
DAAFEE,TDDiem,0. Toa Do Diem,585406.973,2305549.055,0.000,"Y=Y=585406.97|X=X=2305549.06|"
DAB008,TDDiem,0. Toa Do Diem,585397.060,2305543.260,0.000,"Y=Y=585397.06|X=X=2305543.26|"
DAB03F,TDDiem,0. Toa Do Diem,585382.530,2305564.640,0.000,"Y=Y=585382.53|X=X=2305564.64|"
E05530,TDDiem,0. Toa Do Diem,584992.187,2305180.078,0.000,"Y=Y=584992.19|X=X=2305180.08|"
E0554A,TDDiem,0. Toa Do Diem,585007.224,2305157.653,0.000,"Y=Y=585007.22|X=X=2305157.65|"
E05564,TDDiem,0. Toa Do Diem,585022.241,2305135.215,0.000,"Y=Y=585022.24|X=X=2305135.21|"
E0557E,TDDiem,0. Toa Do Diem,585032.266,2305120.265,0.000,"Y=Y=585032.27|X=X=2305120.26|"
E05598,TDDiem,0. Toa Do Diem,585041.210,2305106.746,0.000,"Y=Y=585041.21|X=X=2305106.75|"
E055B2,TDDiem,0. Toa Do Diem,585064.311,2305072.522,0.000,"Y=Y=585064.31|X=X=2305072.52|"
E055CC,TDDiem,0. Toa Do Diem,585079.348,2305050.097,0.000,"Y=Y=585079.35|X=X=2305050.10|"
E055E6,TDDiem,0. Toa Do Diem,585094.386,2305027.672,0.000,"Y=Y=585094.39|X=X=2305027.67|"
E05600,TDDiem,0. Toa Do Diem,585104.411,2305012.722,0.000,"Y=Y=585104.41|X=X=2305012.72|"
E0561A,TDDiem,0. Toa Do Diem,585113.333,2304999.479,0.000,"Y=Y=585113.33|X=X=2304999.48|"
E05634,TDDiem,0. Toa Do Diem,585133.057,2305003.797,0.000,"Y=Y=585133.06|X=X=2305003.80|"
E0564E,TDDiem,0. Toa Do Diem,585131.099,2304972.681,0.000,"Y=Y=585131.10|X=X=2304972.68|"
E05668,TDDiem,0. Toa Do Diem,585140.283,2304958.937,0.000,"Y=Y=585140.28|X=X=2304958.94|"
E05682,TDDiem,0. Toa Do Diem,585149.244,2304945.863,0.000,"Y=Y=585149.24|X=X=2304945.86|"
E0569C,TDDiem,0. Toa Do Diem,585162.611,2304925.929,0.000,"Y=Y=585162.61|X=X=2304925.93|"
E056B6,TDDiem,0. Toa Do Diem,585175.978,2304905.996,0.000,"Y=Y=585175.98|X=X=2304906.00|"
E056D0,TDDiem,0. Toa Do Diem,585189.344,2304886.063,0.000,"Y=Y=585189.34|X=X=2304886.06|"
E056EA,TDDiem,0. Toa Do Diem,585230.743,2304824.049,0.000,"Y=Y=585230.74|X=X=2304824.05|"
E05704,TDDiem,0. Toa Do Diem,585239.994,2304810.530,0.000,"Y=Y=585239.99|X=X=2304810.53|"
E0571E,TDDiem,0. Toa Do Diem,585255.032,2304788.105,0.000,"Y=Y=585255.03|X=X=2304788.11|"
E05738,TDDiem,0. Toa Do Diem,585270.069,2304765.680,0.000,"Y=Y=585270.07|X=X=2304765.68|"
E05752,TDDiem,0. Toa Do Diem,585285.106,2304743.255,0.000,"Y=Y=585285.11|X=X=2304743.26|"
E0576C,TDDiem,0. Toa Do Diem,585357.241,2304635.682,0.000,"Y=Y=585357.24|X=X=2304635.68|"
E05786,TDDiem,0. Toa Do Diem,585342.204,2304658.107,0.000,"Y=Y=585342.20|X=X=2304658.11|"
E057A0,TDDiem,0. Toa Do Diem,585327.167,2304680.532,0.000,"Y=Y=585327.17|X=X=2304680.53|"
E057BA,TDDiem,0. Toa Do Diem,585312.129,2304702.957,0.000,"Y=Y=585312.13|X=X=2304702.96|"
E057D4,TDDiem,0. Toa Do Diem,585318.964,2304726.053,0.000,"Y=Y=585318.96|X=X=2304726.05|"
E057EE,TDDiem,0. Toa Do Diem,585355.209,2304793.808,0.000,"Y=Y=585355.21|X=X=2304793.81|"
E05808,TDDiem,0. Toa Do Diem,585340.172,2304816.232,0.000,"Y=Y=585340.17|X=X=2304816.23|"
E05822,TDDiem,0. Toa Do Diem,585429.461,2304700.694,0.000,"Y=Y=585429.46|X=X=2304700.69|"
E0583C,TDDiem,0. Toa Do Diem,585407.036,2304685.656,0.000,"Y=Y=585407.04|X=X=2304685.66|"
E05856,TDDiem,0. Toa Do Diem,585431.781,2304643.246,0.000,"Y=Y=585431.78|X=X=2304643.25|"
E05870,TDDiem,0. Toa Do Diem,585456.751,2304659.997,0.000,"Y=Y=585456.75|X=X=2304660.00|"
E0588A,TDDiem,0. Toa Do Diem,585479.175,2304675.034,0.000,"Y=Y=585479.18|X=X=2304675.03|"
E058A4,TDDiem,0. Toa Do Diem,585501.815,2304690.022,0.000,"Y=Y=585501.81|X=X=2304690.02|"
E058BE,TDDiem,0. Toa Do Diem,585524.239,2304705.059,0.000,"Y=Y=585524.24|X=X=2304705.06|"
E058D8,TDDiem,0. Toa Do Diem,585546.664,2304720.097,0.000,"Y=Y=585546.66|X=X=2304720.10|"
E058F2,TDDiem,0. Toa Do Diem,585564.244,2304731.900,0.000,"Y=Y=585564.24|X=X=2304731.90|"
E0590C,TDDiem,0. Toa Do Diem,585560.335,2304752.140,0.000,"Y=Y=585560.33|X=X=2304752.14|"
E05926,TDDiem,0. Toa Do Diem,585539.335,2304774.223,0.000,"Y=Y=585539.33|X=X=2304774.22|"
E05940,TDDiem,0. Toa Do Diem,585519.374,2304760.794,0.000,"Y=Y=585519.37|X=X=2304760.79|"
E0595A,TDDiem,0. Toa Do Diem,585496.949,2304745.756,0.000,"Y=Y=585496.95|X=X=2304745.76|"
E05974,TDDiem,0. Toa Do Diem,585474.311,2304730.769,0.000,"Y=Y=585474.31|X=X=2304730.77|"
E0598E,TDDiem,0. Toa Do Diem,585451.885,2304715.731,0.000,"Y=Y=585451.89|X=X=2304715.73|"
E059A8,TDDiem,0. Toa Do Diem,585277.274,2304876.215,0.000,"Y=Y=585277.27|X=X=2304876.21|"
E059C2,TDDiem,0. Toa Do Diem,585302.191,2304892.923,0.000,"Y=Y=585302.19|X=X=2304892.92|"
E059DC,TDDiem,0. Toa Do Diem,585327.108,2304909.631,0.000,"Y=Y=585327.11|X=X=2304909.63|"
E059F6,TDDiem,0. Toa Do Diem,585352.024,2304926.339,0.000,"Y=Y=585352.02|X=X=2304926.34|"
E05A10,TDDiem,0. Toa Do Diem,585376.941,2304943.048,0.000,"Y=Y=585376.94|X=X=2304943.05|"
E05A2A,TDDiem,0. Toa Do Diem,585399.360,2304958.081,0.000,"Y=Y=585399.36|X=X=2304958.08|"
E05A44,TDDiem,0. Toa Do Diem,585421.566,2304870.813,0.000,"Y=Y=585421.57|X=X=2304870.81|"
E05A5E,TDDiem,0. Toa Do Diem,585387.066,2304888.435,0.000,"Y=Y=585387.07|X=X=2304888.43|"
E05A78,TDDiem,0. Toa Do Diem,585476.916,2304831.918,0.000,"Y=Y=585476.92|X=X=2304831.92|"
E05A92,TDDiem,0. Toa Do Diem,585454.498,2304816.869,0.000,"Y=Y=585454.50|X=X=2304816.87|"
E05AAC,TDDiem,0. Toa Do Diem,585432.081,2304801.821,0.000,"Y=Y=585432.08|X=X=2304801.82|"
E05AC6,TDDiem,0. Toa Do Diem,585409.663,2304786.772,0.000,"Y=Y=585409.66|X=X=2304786.77|"
E05AE0,TDDiem,0. Toa Do Diem,585387.246,2304771.724,0.000,"Y=Y=585387.25|X=X=2304771.72|"
E05AFA,TDDiem,0. Toa Do Diem,585364.829,2304756.675,0.000,"Y=Y=585364.83|X=X=2304756.68|"
E05B14,TDDiem,0. Toa Do Diem,585567.984,2304881.352,0.000,"Y=Y=585567.98|X=X=2304881.35|"
E05B2E,TDDiem,0. Toa Do Diem,585579.326,2304864.696,0.000,"Y=Y=585579.33|X=X=2304864.70|"
E05B48,TDDiem,0. Toa Do Diem,585593.806,2304843.102,0.000,"Y=Y=585593.81|X=X=2304843.10|"
E05B62,TDDiem,0. Toa Do Diem,585606.602,2304823.990,0.000,"Y=Y=585606.60|X=X=2304823.99|"
E05B7C,TDDiem,0. Toa Do Diem,585622.210,2304800.744,0.000,"Y=Y=585622.21|X=X=2304800.74|"
E05B96,TDDiem,0. Toa Do Diem,585645.780,2304816.549,0.000,"Y=Y=585645.78|X=X=2304816.55|"
E05BB0,TDDiem,0. Toa Do Diem,585630.205,2304839.817,0.000,"Y=Y=585630.20|X=X=2304839.82|"
E05BCA,TDDiem,0. Toa Do Diem,585617.376,2304858.907,0.000,"Y=Y=585617.38|X=X=2304858.91|"
E05BE4,TDDiem,0. Toa Do Diem,585602.896,2304880.502,0.000,"Y=Y=585602.90|X=X=2304880.50|"
E05BFE,TDDiem,0. Toa Do Diem,585594.570,2304893.159,0.000,"Y=Y=585594.57|X=X=2304893.16|"
E05C18,TDDiem,0. Toa Do Diem,585631.728,2304896.757,0.000,"Y=Y=585631.73|X=X=2304896.76|"
E05C32,TDDiem,0. Toa Do Diem,585646.209,2304875.163,0.000,"Y=Y=585646.21|X=X=2304875.16|"
E05C4C,TDDiem,0. Toa Do Diem,585660.689,2304853.568,0.000,"Y=Y=585660.69|X=X=2304853.57|"
E05C66,TDDiem,0. Toa Do Diem,585674.613,2304832.805,0.000,"Y=Y=585674.61|X=X=2304832.80|"
E05C80,TDDiem,0. Toa Do Diem,585656.856,2304820.898,0.000,"Y=Y=585656.86|X=X=2304820.90|"
E05CBD,TDDiem,0. Toa Do Diem,585641.256,2304844.149,0.000,"Y=Y=585641.26|X=X=2304844.15|"
E05CD7,TDDiem,0. Toa Do Diem,585628.452,2304863.256,0.000,"Y=Y=585628.45|X=X=2304863.26|"
E05CF1,TDDiem,0. Toa Do Diem,585613.972,2304884.850,0.000,"Y=Y=585613.97|X=X=2304884.85|"
E05D0B,TDDiem,0. Toa Do Diem,585599.858,2304905.667,0.000,"Y=Y=585599.86|X=X=2304905.67|"
E05D25,TDDiem,0. Toa Do Diem,585582.203,2304902.520,0.000,"Y=Y=585582.20|X=X=2304902.52|"
E05D3F,TDDiem,0. Toa Do Diem,585388.286,2304656.500,0.000,"Y=Y=585388.29|X=X=2304656.50|"
E05D59,TDDiem,0. Toa Do Diem,585373.249,2304678.925,0.000,"Y=Y=585373.25|X=X=2304678.93|"
E05D73,TDDiem,0. Toa Do Diem,585358.211,2304701.350,0.000,"Y=Y=585358.21|X=X=2304701.35|"
E05D8D,TDDiem,0. Toa Do Diem,585348.187,2304716.300,0.000,"Y=Y=585348.19|X=X=2304716.30|"
E05DA7,TDDiem,0. Toa Do Diem,585336.361,2304733.163,0.000,"Y=Y=585336.36|X=X=2304733.16|"
E05DC1,TDDiem,0. Toa Do Diem,585347.141,2304738.496,0.000,"Y=Y=585347.14|X=X=2304738.50|"
E05DDB,TDDiem,0. Toa Do Diem,585357.302,2304723.572,0.000,"Y=Y=585357.30|X=X=2304723.57|"
E05DF5,TDDiem,0. Toa Do Diem,585372.340,2304701.147,0.000,"Y=Y=585372.34|X=X=2304701.15|"
E05E0F,TDDiem,0. Toa Do Diem,585413.508,2304676.004,0.000,"Y=Y=585413.51|X=X=2304676.00|"
E05EC3,TDDiem,0. Toa Do Diem,585560.727,2304772.133,0.000,"Y=Y=585560.73|X=X=2304772.13|"
E05EFA,TDDiem,0. Toa Do Diem,585545.689,2304794.558,0.000,"Y=Y=585545.69|X=X=2304794.56|"
E05F14,TDDiem,0. Toa Do Diem,585533.044,2304792.837,0.000,"Y=Y=585533.04|X=X=2304792.84|"
E05F2E,TDDiem,0. Toa Do Diem,585545.534,2304764.724,0.000,"Y=Y=585545.53|X=X=2304764.72|"
E05F48,TDDiem,0. Toa Do Diem,585520.513,2304811.524,0.000,"Y=Y=585520.51|X=X=2304811.52|"
E05F62,TDDiem,0. Toa Do Diem,585510.488,2304826.474,0.000,"Y=Y=585510.49|X=X=2304826.47|"
E05F7C,TDDiem,0. Toa Do Diem,585520.627,2304831.933,0.000,"Y=Y=585520.63|X=X=2304831.93|"
E05F96,TDDiem,0. Toa Do Diem,585509.911,2304847.519,0.000,"Y=Y=585509.91|X=X=2304847.52|"
E05FB0,TDDiem,0. Toa Do Diem,585499.190,2304842.192,0.000,"Y=Y=585499.19|X=X=2304842.19|"
E05FCA,TDDiem,0. Toa Do Diem,585530.652,2304816.983,0.000,"Y=Y=585530.65|X=X=2304816.98|"
E05FE4,TDDiem,0. Toa Do Diem,585593.433,2304794.065,0.000,"Y=Y=585593.43|X=X=2304794.06|"
E05FFE,TDDiem,0. Toa Do Diem,585578.395,2304816.490,0.000,"Y=Y=585578.40|X=X=2304816.49|"
E06018,TDDiem,0. Toa Do Diem,585563.358,2304838.915,0.000,"Y=Y=585563.36|X=X=2304838.91|"
E06032,TDDiem,0. Toa Do Diem,585553.333,2304853.865,0.000,"Y=Y=585553.33|X=X=2304853.86|"
E0604C,TDDiem,0. Toa Do Diem,585532.684,2304869.483,0.000,"Y=Y=585532.68|X=X=2304869.48|"
E06066,TDDiem,0. Toa Do Diem,585477.300,2304875.678,0.000,"Y=Y=585477.30|X=X=2304875.68|"
E06080,TDDiem,0. Toa Do Diem,585462.263,2304898.103,0.000,"Y=Y=585462.26|X=X=2304898.10|"
E0609A,TDDiem,0. Toa Do Diem,585441.120,2304923.481,0.000,"Y=Y=585441.12|X=X=2304923.48|"
E060B4,TDDiem,0. Toa Do Diem,585458.517,2304924.556,0.000,"Y=Y=585458.52|X=X=2304924.56|"
E060CE,TDDiem,0. Toa Do Diem,585473.554,2304902.131,0.000,"Y=Y=585473.55|X=X=2304902.13|"
E060E8,TDDiem,0. Toa Do Diem,585488.592,2304879.706,0.000,"Y=Y=585488.59|X=X=2304879.71|"
E06102,TDDiem,0. Toa Do Diem,585414.786,2304901.501,0.000,"Y=Y=585414.79|X=X=2304901.50|"
E0611C,TDDiem,0. Toa Do Diem,585405.778,2304894.643,0.000,"Y=Y=585405.78|X=X=2304894.64|"
E06136,TDDiem,0. Toa Do Diem,585431.218,2304877.285,0.000,"Y=Y=585431.22|X=X=2304877.29|"
E06150,TDDiem,0. Toa Do Diem,585446.361,2304854.703,0.000,"Y=Y=585446.36|X=X=2304854.70|"
E0616A,TDDiem,0. Toa Do Diem,585436.603,2304848.388,0.000,"Y=Y=585436.60|X=X=2304848.39|"
E06184,TDDiem,0. Toa Do Diem,585405.664,2304827.413,0.000,"Y=Y=585405.66|X=X=2304827.41|"
E0619E,TDDiem,0. Toa Do Diem,585395.906,2304821.098,0.000,"Y=Y=585395.91|X=X=2304821.10|"
E061B8,TDDiem,0. Toa Do Diem,585380.869,2304843.523,0.000,"Y=Y=585380.87|X=X=2304843.52|"
E061D2,TDDiem,0. Toa Do Diem,585390.521,2304849.995,0.000,"Y=Y=585390.52|X=X=2304849.99|"
E061EC,TDDiem,0. Toa Do Diem,585374.089,2304874.211,0.000,"Y=Y=585374.09|X=X=2304874.21|"
E06206,TDDiem,0. Toa Do Diem,585365.007,2304867.461,0.000,"Y=Y=585365.01|X=X=2304867.46|"
E06220,TDDiem,0. Toa Do Diem,585346.369,2304861.144,0.000,"Y=Y=585346.37|X=X=2304861.14|"
E0623A,TDDiem,0. Toa Do Diem,585333.392,2304846.921,0.000,"Y=Y=585333.39|X=X=2304846.92|"
E06254,TDDiem,0. Toa Do Diem,585324.346,2304840.118,0.000,"Y=Y=585324.35|X=X=2304840.12|"
E0626E,TDDiem,0. Toa Do Diem,585349.824,2304822.705,0.000,"Y=Y=585349.82|X=X=2304822.70|"
E06288,TDDiem,0. Toa Do Diem,585364.966,2304800.123,0.000,"Y=Y=585364.97|X=X=2304800.12|"
E062A2,TDDiem,0. Toa Do Diem,585305.886,2304833.804,0.000,"Y=Y=585305.89|X=X=2304833.80|"
E062BC,TDDiem,0. Toa Do Diem,585293.243,2304819.130,0.000,"Y=Y=585293.24|X=X=2304819.13|"
E062D6,TDDiem,0. Toa Do Diem,585309.127,2304795.415,0.000,"Y=Y=585309.13|X=X=2304795.41|"
E062F0,TDDiem,0. Toa Do Diem,585324.164,2304772.990,0.000,"Y=Y=585324.16|X=X=2304772.99|"
E0630A,TDDiem,0. Toa Do Diem,585316.151,2304764.073,0.000,"Y=Y=585316.15|X=X=2304764.07|"
E06324,TDDiem,0. Toa Do Diem,585301.114,2304786.498,0.000,"Y=Y=585301.11|X=X=2304786.50|"
E0633E,TDDiem,0. Toa Do Diem,585286.076,2304808.923,0.000,"Y=Y=585286.08|X=X=2304808.92|"
E06358,TDDiem,0. Toa Do Diem,585271.039,2304831.348,0.000,"Y=Y=585271.04|X=X=2304831.35|"
E06372,TDDiem,0. Toa Do Diem,585261.892,2304845.277,0.000,"Y=Y=585261.89|X=X=2304845.28|"
E0638C,TDDiem,0. Toa Do Diem,585268.420,2304855.831,0.000,"Y=Y=585268.42|X=X=2304855.83|"
E063A6,TDDiem,0. Toa Do Diem,585277.381,2304842.756,0.000,"Y=Y=585277.38|X=X=2304842.76|"
E063C0,TDDiem,0. Toa Do Diem,585242.137,2304840.621,0.000,"Y=Y=585242.14|X=X=2304840.62|"
E06428,TDDiem,0. Toa Do Diem,585345.013,2305418.252,0.000,"Y=Y=585345.01|X=X=2305418.25|"
E06442,TDDiem,0. Toa Do Diem,585324.249,2305404.329,0.000,"Y=Y=585324.25|X=X=2305404.33|"
E0645C,TDDiem,0. Toa Do Diem,585302.602,2305389.913,0.000,"Y=Y=585302.60|X=X=2305389.91|"
E06476,TDDiem,0. Toa Do Diem,585281.891,2305375.924,0.000,"Y=Y=585281.89|X=X=2305375.92|"
E06490,TDDiem,0. Toa Do Diem,585263.074,2305362.880,0.000,"Y=Y=585263.07|X=X=2305362.88|"
E06514,TDDiem,0. Toa Do Diem,585269.250,2305353.705,0.000,"Y=Y=585269.25|X=X=2305353.71|"
E0652E,TDDiem,0. Toa Do Diem,585284.212,2305363.485,0.000,"Y=Y=585284.21|X=X=2305363.49|"
E06548,TDDiem,0. Toa Do Diem,585299.162,2305373.510,0.000,"Y=Y=585299.16|X=X=2305373.51|"
E06562,TDDiem,0. Toa Do Diem,585321.587,2305388.548,0.000,"Y=Y=585321.59|X=X=2305388.55|"
E0657C,TDDiem,0. Toa Do Diem,585344.012,2305403.585,0.000,"Y=Y=585344.01|X=X=2305403.59|"
E065B0,TDDiem,0. Toa Do Diem,585268.121,2305346.362,0.000,"Y=Y=585268.12|X=X=2305346.36|"
E065CA,TDDiem,0. Toa Do Diem,585283.273,2305323.863,0.000,"Y=Y=585283.27|X=X=2305323.86|"
E065E4,TDDiem,0. Toa Do Diem,585290.341,2305322.361,0.000,"Y=Y=585290.34|X=X=2305322.36|"
E06655,TDDiem,0. Toa Do Diem,585305.028,2305332.443,0.000,"Y=Y=585305.03|X=X=2305332.44|"
E0668C,TDDiem,0. Toa Do Diem,585319.986,2305342.473,0.000,"Y=Y=585319.99|X=X=2305342.47|"
E066A6,TDDiem,0. Toa Do Diem,585342.365,2305357.562,0.000,"Y=Y=585342.37|X=X=2305357.56|"
E066C0,TDDiem,0. Toa Do Diem,585364.805,2305372.577,0.000,"Y=Y=585364.81|X=X=2305372.58|"
E066DA,TDDiem,0. Toa Do Diem,585371.310,2305362.893,0.000,"Y=Y=585371.31|X=X=2305362.89|"
E066F4,TDDiem,0. Toa Do Diem,585348.896,2305347.863,0.000,"Y=Y=585348.90|X=X=2305347.86|"
E0670E,TDDiem,0. Toa Do Diem,585326.472,2305332.826,0.000,"Y=Y=585326.47|X=X=2305332.83|"
E06728,TDDiem,0. Toa Do Diem,585311.502,2305322.788,0.000,"Y=Y=585311.50|X=X=2305322.79|"
E06742,TDDiem,0. Toa Do Diem,585296.612,2305313.040,0.000,"Y=Y=585296.61|X=X=2305313.04|"
E06776,TDDiem,0. Toa Do Diem,585310.613,2305283.100,0.000,"Y=Y=585310.61|X=X=2305283.10|"
E06790,TDDiem,0. Toa Do Diem,585317.620,2305281.563,0.000,"Y=Y=585317.62|X=X=2305281.56|"
E067AA,TDDiem,0. Toa Do Diem,585323.835,2305272.328,0.000,"Y=Y=585323.83|X=X=2305272.33|"
E067EB,TDDiem,0. Toa Do Diem,585295.479,2305305.618,0.000,"Y=Y=585295.48|X=X=2305305.62|"
E06853,TDDiem,0. Toa Do Diem,585322.770,2305264.994,0.000,"Y=Y=585322.77|X=X=2305264.99|"
E068AE,TDDiem,0. Toa Do Diem,585337.859,2305242.434,0.000,"Y=Y=585337.86|X=X=2305242.43|"
E068C8,TDDiem,0. Toa Do Diem,585350.083,2305224.212,0.000,"Y=Y=585350.08|X=X=2305224.21|"
E068FC,TDDiem,0. Toa Do Diem,585365.137,2305201.796,0.000,"Y=Y=585365.14|X=X=2305201.80|"
E06916,TDDiem,0. Toa Do Diem,585378.609,2305181.405,0.000,"Y=Y=585378.61|X=X=2305181.40|"
E06930,TDDiem,0. Toa Do Diem,585347.896,2305147.623,0.000,"Y=Y=585347.90|X=X=2305147.62|"
E0694A,TDDiem,0. Toa Do Diem,585342.790,2305144.305,0.000,"Y=Y=585342.79|X=X=2305144.30|"
E069DF,TDDiem,0. Toa Do Diem,585398.635,2305322.127,0.000,"Y=Y=585398.63|X=X=2305322.13|"
E069F9,TDDiem,0. Toa Do Diem,585383.654,2305312.162,0.000,"Y=Y=585383.65|X=X=2305312.16|"
E06A13,TDDiem,0. Toa Do Diem,585353.768,2305292.133,0.000,"Y=Y=585353.77|X=X=2305292.13|"
E06A2D,TDDiem,0. Toa Do Diem,585338.793,2305282.091,0.000,"Y=Y=585338.79|X=X=2305282.09|"
E06A47,TDDiem,0. Toa Do Diem,585332.319,2305291.746,0.000,"Y=Y=585332.32|X=X=2305291.75|"
E06A61,TDDiem,0. Toa Do Diem,585347.285,2305301.772,0.000,"Y=Y=585347.28|X=X=2305301.77|"
E06A7B,TDDiem,0. Toa Do Diem,585369.681,2305316.800,0.000,"Y=Y=585369.68|X=X=2305316.80|"
E06A95,TDDiem,0. Toa Do Diem,585392.104,2305331.836,0.000,"Y=Y=585392.10|X=X=2305331.84|"
E06AAF,TDDiem,0. Toa Do Diem,585419.371,2305291.171,0.000,"Y=Y=585419.37|X=X=2305291.17|"
E06AC9,TDDiem,0. Toa Do Diem,585396.979,2305276.110,0.000,"Y=Y=585396.98|X=X=2305276.11|"
E06AE3,TDDiem,0. Toa Do Diem,585374.537,2305261.059,0.000,"Y=Y=585374.54|X=X=2305261.06|"
E06AFD,TDDiem,0. Toa Do Diem,585359.609,2305251.049,0.000,"Y=Y=585359.61|X=X=2305251.05|"
E06B17,TDDiem,0. Toa Do Diem,585345.324,2305241.216,0.000,"Y=Y=585345.32|X=X=2305241.22|"
E06B31,TDDiem,0. Toa Do Diem,585351.191,2305231.661,0.000,"Y=Y=585351.19|X=X=2305231.66|"
E06BA0,TDDiem,0. Toa Do Diem,585425.872,2305281.861,0.000,"Y=Y=585425.87|X=X=2305281.86|"
E06BBA,TDDiem,0. Toa Do Diem,585403.447,2305266.824,0.000,"Y=Y=585403.45|X=X=2305266.82|"
E06BD4,TDDiem,0. Toa Do Diem,585381.048,2305251.430,0.000,"Y=Y=585381.05|X=X=2305251.43|"
E06BEE,TDDiem,0. Toa Do Diem,585366.083,2305241.394,0.000,"Y=Y=585366.08|X=X=2305241.39|"
E06C42,TDDiem,0. Toa Do Diem,585446.695,2305250.449,0.000,"Y=Y=585446.70|X=X=2305250.45|"
E06C5C,TDDiem,0. Toa Do Diem,585424.280,2305235.419,0.000,"Y=Y=585424.28|X=X=2305235.42|"
E06C76,TDDiem,0. Toa Do Diem,585401.809,2305220.413,0.000,"Y=Y=585401.81|X=X=2305220.41|"
E06C90,TDDiem,0. Toa Do Diem,585386.899,2305210.352,0.000,"Y=Y=585386.90|X=X=2305210.35|"
E06CAA,TDDiem,0. Toa Do Diem,585372.218,2305200.186,0.000,"Y=Y=585372.22|X=X=2305200.19|"
E06D17,TDDiem,0. Toa Do Diem,585410.217,2305366.302,0.000,"Y=Y=585410.22|X=X=2305366.30|"
E06D31,TDDiem,0. Toa Do Diem,585424.845,2305353.695,0.000,"Y=Y=585424.85|X=X=2305353.70|"
E06D4B,TDDiem,0. Toa Do Diem,585440.713,2305364.420,0.000,"Y=Y=585440.71|X=X=2305364.42|"
E06D65,TDDiem,0. Toa Do Diem,585455.663,2305374.445,0.000,"Y=Y=585455.66|X=X=2305374.44|"
E06D7F,TDDiem,0. Toa Do Diem,585478.080,2305389.489,0.000,"Y=Y=585478.08|X=X=2305389.49|"
E06D99,TDDiem,0. Toa Do Diem,585500.511,2305404.530,0.000,"Y=Y=585500.51|X=X=2305404.53|"
E06DB3,TDDiem,0. Toa Do Diem,585527.812,2305363.841,0.000,"Y=Y=585527.81|X=X=2305363.84|"
E06DCD,TDDiem,0. Toa Do Diem,585505.371,2305348.791,0.000,"Y=Y=585505.37|X=X=2305348.79|"
E06DE7,TDDiem,0. Toa Do Diem,585482.953,2305333.748,0.000,"Y=Y=585482.95|X=X=2305333.75|"
E06E01,TDDiem,0. Toa Do Diem,585468.003,2305323.723,0.000,"Y=Y=585468.00|X=X=2305323.72|"
E06E1B,TDDiem,0. Toa Do Diem,585555.097,2305323.139,0.000,"Y=Y=585555.10|X=X=2305323.14|"
E06E35,TDDiem,0. Toa Do Diem,585532.661,2305308.094,0.000,"Y=Y=585532.66|X=X=2305308.09|"
E06E4F,TDDiem,0. Toa Do Diem,585510.243,2305293.051,0.000,"Y=Y=585510.24|X=X=2305293.05|"
E06E69,TDDiem,0. Toa Do Diem,585495.293,2305283.026,0.000,"Y=Y=585495.29|X=X=2305283.03|"
E06E83,TDDiem,0. Toa Do Diem,585478.959,2305271.891,0.000,"Y=Y=585478.96|X=X=2305271.89|"
E06EBA,TDDiem,0. Toa Do Diem,585023.232,2305200.896,0.000,"Y=Y=585023.23|X=X=2305200.90|"
E06EEE,TDDiem,0. Toa Do Diem,585038.269,2305178.471,0.000,"Y=Y=585038.27|X=X=2305178.47|"
E06F22,TDDiem,0. Toa Do Diem,585053.307,2305156.046,0.000,"Y=Y=585053.31|X=X=2305156.05|"
E06F56,TDDiem,0. Toa Do Diem,585063.331,2305141.096,0.000,"Y=Y=585063.33|X=X=2305141.10|"
E06F8A,TDDiem,0. Toa Do Diem,585060.910,2305111.390,0.000,"Y=Y=585060.91|X=X=2305111.39|"
E06FBE,TDDiem,0. Toa Do Diem,585072.592,2305127.563,0.000,"Y=Y=585072.59|X=X=2305127.56|"
E06FF2,TDDiem,0. Toa Do Diem,585082.044,2305133.866,0.000,"Y=Y=585082.04|X=X=2305133.87|"
E07026,TDDiem,0. Toa Do Diem,585072.984,2305147.569,0.000,"Y=Y=585072.98|X=X=2305147.57|"
E07077,TDDiem,0. Toa Do Diem,585063.057,2305162.585,0.000,"Y=Y=585063.06|X=X=2305162.58|"
E07091,TDDiem,0. Toa Do Diem,585047.921,2305184.943,0.000,"Y=Y=585047.92|X=X=2305184.94|"
E070AB,TDDiem,0. Toa Do Diem,585032.884,2305207.368,0.000,"Y=Y=585032.88|X=X=2305207.37|"
E07179,TDDiem,0. Toa Do Diem,585063.893,2305228.162,0.000,"Y=Y=585063.89|X=X=2305228.16|"
E07193,TDDiem,0. Toa Do Diem,585078.966,2305205.761,0.000,"Y=Y=585078.97|X=X=2305205.76|"
E071AD,TDDiem,0. Toa Do Diem,585094.004,2305183.336,0.000,"Y=Y=585094.00|X=X=2305183.34|"
E071C7,TDDiem,0. Toa Do Diem,585104.029,2305168.386,0.000,"Y=Y=585104.03|X=X=2305168.39|"
E071E1,TDDiem,0. Toa Do Diem,585101.630,2305138.643,0.000,"Y=Y=585101.63|X=X=2305138.64|"
E071FB,TDDiem,0. Toa Do Diem,585114.514,2305152.224,0.000,"Y=Y=585114.51|X=X=2305152.22|"
E07215,TDDiem,0. Toa Do Diem,585124.893,2305158.991,0.000,"Y=Y=585124.89|X=X=2305158.99|"
E0722F,TDDiem,0. Toa Do Diem,585073.581,2305234.658,0.000,"Y=Y=585073.58|X=X=2305234.66|"
E07266,TDDiem,0. Toa Do Diem,585088.618,2305212.233,0.000,"Y=Y=585088.62|X=X=2305212.23|"
E07280,TDDiem,0. Toa Do Diem,585103.656,2305189.809,0.000,"Y=Y=585103.66|X=X=2305189.81|"
E0729A,TDDiem,0. Toa Do Diem,585113.681,2305174.859,0.000,"Y=Y=585113.68|X=X=2305174.86|"
E072B4,TDDiem,0. Toa Do Diem,585109.544,2305269.008,0.000,"Y=Y=585109.54|X=X=2305269.01|"
E072CE,TDDiem,0. Toa Do Diem,585126.252,2305244.092,0.000,"Y=Y=585126.25|X=X=2305244.09|"
E072E8,TDDiem,0. Toa Do Diem,585140.733,2305222.497,0.000,"Y=Y=585140.73|X=X=2305222.50|"
E07302,TDDiem,0. Toa Do Diem,585151.871,2305205.886,0.000,"Y=Y=585151.87|X=X=2305205.89|"
E0731C,TDDiem,0. Toa Do Diem,585164.328,2305187.029,0.000,"Y=Y=585164.33|X=X=2305187.03|"
E0738B,TDDiem,0. Toa Do Diem,585153.976,2305182.095,0.000,"Y=Y=585153.98|X=X=2305182.10|"
E073A5,TDDiem,0. Toa Do Diem,585144.726,2305195.676,0.000,"Y=Y=585144.73|X=X=2305195.68|"
E073BF,TDDiem,0. Toa Do Diem,585134.701,2305210.626,0.000,"Y=Y=585134.70|X=X=2305210.63|"
E073D9,TDDiem,0. Toa Do Diem,585119.663,2305233.051,0.000,"Y=Y=585119.66|X=X=2305233.05|"
E073F3,TDDiem,0. Toa Do Diem,585104.626,2305255.476,0.000,"Y=Y=585104.63|X=X=2305255.48|"
E0740D,TDDiem,0. Toa Do Diem,585140.171,2305290.449,0.000,"Y=Y=585140.17|X=X=2305290.45|"
E07427,TDDiem,0. Toa Do Diem,585155.765,2305267.193,0.000,"Y=Y=585155.77|X=X=2305267.19|"
E07441,TDDiem,0. Toa Do Diem,585171.360,2305243.938,0.000,"Y=Y=585171.36|X=X=2305243.94|"
E0745B,TDDiem,0. Toa Do Diem,585186.954,2305220.683,0.000,"Y=Y=585186.95|X=X=2305220.68|"
E07475,TDDiem,0. Toa Do Diem,585194.004,2305200.762,0.000,"Y=Y=585194.00|X=X=2305200.76|"
E07587,TDDiem,0. Toa Do Diem,585095.341,2305093.361,0.000,"Y=Y=585095.34|X=X=2305093.36|"
E075A1,TDDiem,0. Toa Do Diem,585104.997,2305099.828,0.000,"Y=Y=585105.00|X=X=2305099.83|"
E075BB,TDDiem,0. Toa Do Diem,585110.393,2305070.915,0.000,"Y=Y=585110.39|X=X=2305070.91|"
E075D5,TDDiem,0. Toa Do Diem,585125.430,2305048.490,0.000,"Y=Y=585125.43|X=X=2305048.49|"
E075EF,TDDiem,0. Toa Do Diem,585135.455,2305033.540,0.000,"Y=Y=585135.46|X=X=2305033.54|"
E07609,TDDiem,0. Toa Do Diem,585144.026,2305021.012,0.000,"Y=Y=585144.03|X=X=2305021.01|"
E07623,TDDiem,0. Toa Do Diem,585153.472,2305027.322,0.000,"Y=Y=585153.47|X=X=2305027.32|"
E0763D,TDDiem,0. Toa Do Diem,585173.756,2305031.086,0.000,"Y=Y=585173.76|X=X=2305031.09|"
E07657,TDDiem,0. Toa Do Diem,585214.451,2305058.377,0.000,"Y=Y=585214.45|X=X=2305058.38|"
E07671,TDDiem,0. Toa Do Diem,585249.906,2305082.208,0.000,"Y=Y=585249.91|X=X=2305082.21|"
E0768B,TDDiem,0. Toa Do Diem,585285.182,2305108.841,0.000,"Y=Y=585285.18|X=X=2305108.84|"
E076A5,TDDiem,0. Toa Do Diem,585309.420,2305125.056,0.000,"Y=Y=585309.42|X=X=2305125.06|"
E076BF,TDDiem,0. Toa Do Diem,585251.888,2305124.137,0.000,"Y=Y=585251.89|X=X=2305124.14|"
E076D9,TDDiem,0. Toa Do Diem,585238.243,2305144.486,0.000,"Y=Y=585238.24|X=X=2305144.49|"
E076F3,TDDiem,0. Toa Do Diem,585224.598,2305164.834,0.000,"Y=Y=585224.60|X=X=2305164.83|"
E0770D,TDDiem,0. Toa Do Diem,585206.414,2305190.767,0.000,"Y=Y=585206.41|X=X=2305190.77|"
E07727,TDDiem,0. Toa Do Diem,585215.478,2305197.925,0.000,"Y=Y=585215.48|X=X=2305197.92|"
E07741,TDDiem,0. Toa Do Diem,585180.832,2305162.698,0.000,"Y=Y=585180.83|X=X=2305162.70|"
E0775B,TDDiem,0. Toa Do Diem,585176.657,2305148.057,0.000,"Y=Y=585176.66|X=X=2305148.06|"
E07775,TDDiem,0. Toa Do Diem,585191.787,2305125.495,0.000,"Y=Y=585191.79|X=X=2305125.49|"
E0778F,TDDiem,0. Toa Do Diem,585206.825,2305103.070,0.000,"Y=Y=585206.82|X=X=2305103.07|"
E077A9,TDDiem,0. Toa Do Diem,585216.849,2305088.120,0.000,"Y=Y=585216.85|X=X=2305088.12|"
E077C3,TDDiem,0. Toa Do Diem,585234.257,2305082.756,0.000,"Y=Y=585234.26|X=X=2305082.76|"
E077DD,TDDiem,0. Toa Do Diem,585225.412,2305075.771,0.000,"Y=Y=585225.41|X=X=2305075.77|"
E07814,TDDiem,0. Toa Do Diem,585120.045,2305077.387,0.000,"Y=Y=585120.05|X=X=2305077.39|"
E0782E,TDDiem,0. Toa Do Diem,585135.083,2305054.962,0.000,"Y=Y=585135.08|X=X=2305054.96|"
E07848,TDDiem,0. Toa Do Diem,585145.108,2305040.012,0.000,"Y=Y=585145.11|X=X=2305040.01|"
E078EF,TDDiem,0. Toa Do Diem,585194.065,2305054.653,0.000,"Y=Y=585194.06|X=X=2305054.65|"
E07909,TDDiem,0. Toa Do Diem,585185.805,2305067.302,0.000,"Y=Y=585185.80|X=X=2305067.30|"
E07923,TDDiem,0. Toa Do Diem,585175.780,2305082.252,0.000,"Y=Y=585175.78|X=X=2305082.25|"
E0793D,TDDiem,0. Toa Do Diem,585160.742,2305104.677,0.000,"Y=Y=585160.74|X=X=2305104.68|"
E07957,TDDiem,0. Toa Do Diem,585145.697,2305127.114,0.000,"Y=Y=585145.70|X=X=2305127.11|"
E07971,TDDiem,0. Toa Do Diem,585136.038,2305120.651,0.000,"Y=Y=585136.04|X=X=2305120.65|"
E079A8,TDDiem,0. Toa Do Diem,585151.090,2305098.205,0.000,"Y=Y=585151.09|X=X=2305098.20|"
E079C2,TDDiem,0. Toa Do Diem,585166.128,2305075.780,0.000,"Y=Y=585166.13|X=X=2305075.78|"
E079DC,TDDiem,0. Toa Do Diem,585176.152,2305060.830,0.000,"Y=Y=585176.15|X=X=2305060.83|"
E079F6,TDDiem,0. Toa Do Diem,585184.511,2305048.610,0.000,"Y=Y=585184.51|X=X=2305048.61|"
E07ACB,TDDiem,0. Toa Do Diem,585194.756,2305141.934,0.000,"Y=Y=585194.76|X=X=2305141.93|"
E07AE5,TDDiem,0. Toa Do Diem,585208.142,2305122.013,0.000,"Y=Y=585208.14|X=X=2305122.01|"
E07AFF,TDDiem,0. Toa Do Diem,585220.375,2305103.728,0.000,"Y=Y=585220.38|X=X=2305103.73|"
E07B19,TDDiem,0. Toa Do Diem,585263.576,2305106.691,0.000,"Y=Y=585263.58|X=X=2305106.69|"
E07BD5,TDDiem,0. Toa Do Diem,585142.446,2304989.283,0.000,"Y=Y=585142.45|X=X=2304989.28|"
E07BEF,TDDiem,0. Toa Do Diem,585163.513,2304992.009,0.000,"Y=Y=585163.51|X=X=2304992.01|"
E07C09,TDDiem,0. Toa Do Diem,585171.428,2304980.183,0.000,"Y=Y=585171.43|X=X=2304980.18|"
E07C23,TDDiem,0. Toa Do Diem,585180.289,2304966.680,0.000,"Y=Y=585180.29|X=X=2304966.68|"
E07C3D,TDDiem,0. Toa Do Diem,585193.656,2304946.747,0.000,"Y=Y=585193.66|X=X=2304946.75|"
E07C57,TDDiem,0. Toa Do Diem,585207.022,2304926.814,0.000,"Y=Y=585207.02|X=X=2304926.81|"
E07C71,TDDiem,0. Toa Do Diem,585220.389,2304906.881,0.000,"Y=Y=585220.39|X=X=2304906.88|"
E07D43,TDDiem,0. Toa Do Diem,585180.813,2304986.477,0.000,"Y=Y=585180.81|X=X=2304986.48|"
E07E35,TDDiem,0. Toa Do Diem,585189.941,2304973.153,0.000,"Y=Y=585189.94|X=X=2304973.15|"
E07E4F,TDDiem,0. Toa Do Diem,585203.308,2304953.219,0.000,"Y=Y=585203.31|X=X=2304953.22|"
E07E69,TDDiem,0. Toa Do Diem,585216.675,2304933.286,0.000,"Y=Y=585216.67|X=X=2304933.29|"
E07E83,TDDiem,0. Toa Do Diem,585230.041,2304913.353,0.000,"Y=Y=585230.04|X=X=2304913.35|"
E07E9D,TDDiem,0. Toa Do Diem,585270.790,2304940.565,0.000,"Y=Y=585270.79|X=X=2304940.57|"
E07EB7,TDDiem,0. Toa Do Diem,585257.372,2304960.576,0.000,"Y=Y=585257.37|X=X=2304960.58|"
E07ED1,TDDiem,0. Toa Do Diem,585244.007,2304980.506,0.000,"Y=Y=585244.01|X=X=2304980.51|"
E07EEB,TDDiem,0. Toa Do Diem,585230.638,2305000.443,0.000,"Y=Y=585230.64|X=X=2305000.44|"
E07F05,TDDiem,0. Toa Do Diem,585221.510,2305013.767,0.000,"Y=Y=585221.51|X=X=2305013.77|"
E07F1F,TDDiem,0. Toa Do Diem,585213.759,2305025.310,0.000,"Y=Y=585213.76|X=X=2305025.31|"
E07F71,TDDiem,0. Toa Do Diem,585204.206,2305019.266,0.000,"Y=Y=585204.21|X=X=2305019.27|"
E07F8B,TDDiem,0. Toa Do Diem,585212.125,2305007.473,0.000,"Y=Y=585212.13|X=X=2305007.47|"
E07FA5,TDDiem,0. Toa Do Diem,585220.986,2304993.970,0.000,"Y=Y=585220.99|X=X=2304993.97|"
E07FBF,TDDiem,0. Toa Do Diem,585234.353,2304974.037,0.000,"Y=Y=585234.35|X=X=2304974.04|"
E07FD9,TDDiem,0. Toa Do Diem,585247.720,2304954.104,0.000,"Y=Y=585247.72|X=X=2304954.10|"
E07FF3,TDDiem,0. Toa Do Diem,585261.086,2304934.171,0.000,"Y=Y=585261.09|X=X=2304934.17|"
E0800D,TDDiem,0. Toa Do Diem,585183.143,2305016.573,0.000,"Y=Y=585183.14|X=X=2305016.57|"
E08044,TDDiem,0. Toa Do Diem,585223.840,2305043.863,0.000,"Y=Y=585223.84|X=X=2305043.86|"
E0805E,TDDiem,0. Toa Do Diem,585264.537,2305071.154,0.000,"Y=Y=585264.54|X=X=2305071.15|"
E08078,TDDiem,0. Toa Do Diem,585305.234,2305098.444,0.000,"Y=Y=585305.23|X=X=2305098.44|"
E08092,TDDiem,0. Toa Do Diem,585356.239,2305132.723,0.000,"Y=Y=585356.24|X=X=2305132.72|"
E080AC,TDDiem,0. Toa Do Diem,585468.564,2305204.866,0.000,"Y=Y=585468.56|X=X=2305204.87|"
E080C6,TDDiem,0. Toa Do Diem,585491.274,2305220.092,0.000,"Y=Y=585491.27|X=X=2305220.09|"
E080E0,TDDiem,0. Toa Do Diem,585513.610,2305235.083,0.000,"Y=Y=585513.61|X=X=2305235.08|"
E080FA,TDDiem,0. Toa Do Diem,585536.117,2305250.159,0.000,"Y=Y=585536.12|X=X=2305250.16|"
E0819C,TDDiem,0. Toa Do Diem,585262.207,2305041.057,0.000,"Y=Y=585262.21|X=X=2305041.06|"
E081B6,TDDiem,0. Toa Do Diem,585271.335,2305027.733,0.000,"Y=Y=585271.34|X=X=2305027.73|"
E081D0,TDDiem,0. Toa Do Diem,585284.702,2305007.800,0.000,"Y=Y=585284.70|X=X=2305007.80|"
E081EA,TDDiem,0. Toa Do Diem,585298.069,2304987.867,0.000,"Y=Y=585298.07|X=X=2304987.87|"
E08204,TDDiem,0. Toa Do Diem,585311.487,2304967.855,0.000,"Y=Y=585311.49|X=X=2304967.86|"
E0821E,TDDiem,0. Toa Do Diem,585301.835,2304961.383,0.000,"Y=Y=585301.84|X=X=2304961.38|"
E08238,TDDiem,0. Toa Do Diem,585288.417,2304981.394,0.000,"Y=Y=585288.42|X=X=2304981.39|"
E08252,TDDiem,0. Toa Do Diem,585275.050,2305001.327,0.000,"Y=Y=585275.05|X=X=2305001.33|"
E0826C,TDDiem,0. Toa Do Diem,585261.683,2305021.261,0.000,"Y=Y=585261.68|X=X=2305021.26|"
E08286,TDDiem,0. Toa Do Diem,585252.822,2305034.764,0.000,"Y=Y=585252.82|X=X=2305034.76|"
E082A0,TDDiem,0. Toa Do Diem,585244.859,2305046.565,0.000,"Y=Y=585244.86|X=X=2305046.56|"
E082E1,TDDiem,0. Toa Do Diem,585254.333,2305052.557,0.000,"Y=Y=585254.33|X=X=2305052.56|"
E083CE,TDDiem,0. Toa Do Diem,585285.665,2305073.855,0.000,"Y=Y=585285.66|X=X=2305073.86|"
E083E8,TDDiem,0. Toa Do Diem,585293.469,2305061.840,0.000,"Y=Y=585293.47|X=X=2305061.84|"
E08402,TDDiem,0. Toa Do Diem,585302.380,2305048.551,0.000,"Y=Y=585302.38|X=X=2305048.55|"
E0841C,TDDiem,0. Toa Do Diem,585315.747,2305028.618,0.000,"Y=Y=585315.75|X=X=2305028.62|"
E08436,TDDiem,0. Toa Do Diem,585329.114,2305008.684,0.000,"Y=Y=585329.11|X=X=2305008.68|"
E08450,TDDiem,0. Toa Do Diem,585342.480,2304988.751,0.000,"Y=Y=585342.48|X=X=2304988.75|"
E0846A,TDDiem,0. Toa Do Diem,585383.177,2305016.041,0.000,"Y=Y=585383.18|X=X=2305016.04|"
E08484,TDDiem,0. Toa Do Diem,585369.811,2305035.974,0.000,"Y=Y=585369.81|X=X=2305035.97|"
E0849E,TDDiem,0. Toa Do Diem,585356.444,2305055.908,0.000,"Y=Y=585356.44|X=X=2305055.91|"
E084B8,TDDiem,0. Toa Do Diem,585343.077,2305075.841,0.000,"Y=Y=585343.08|X=X=2305075.84|"
E084D2,TDDiem,0. Toa Do Diem,585334.216,2305089.344,0.000,"Y=Y=585334.22|X=X=2305089.34|"
E084EC,TDDiem,0. Toa Do Diem,585326.306,2305101.147,0.000,"Y=Y=585326.31|X=X=2305101.15|"
E08506,TDDiem,0. Toa Do Diem,585295.217,2305079.899,0.000,"Y=Y=585295.22|X=X=2305079.90|"
E0853D,TDDiem,0. Toa Do Diem,585302.904,2305068.347,0.000,"Y=Y=585302.90|X=X=2305068.35|"
E085B6,TDDiem,0. Toa Do Diem,585312.032,2305055.023,0.000,"Y=Y=585312.03|X=X=2305055.02|"
E085D0,TDDiem,0. Toa Do Diem,585325.399,2305035.090,0.000,"Y=Y=585325.40|X=X=2305035.09|"
E085EA,TDDiem,0. Toa Do Diem,585338.766,2305015.157,0.000,"Y=Y=585338.77|X=X=2305015.16|"
E08604,TDDiem,0. Toa Do Diem,585352.184,2304995.146,0.000,"Y=Y=585352.18|X=X=2304995.15|"
E0861E,TDDiem,0. Toa Do Diem,585392.881,2305022.436,0.000,"Y=Y=585392.88|X=X=2305022.44|"
E08638,TDDiem,0. Toa Do Diem,585379.463,2305042.447,0.000,"Y=Y=585379.46|X=X=2305042.45|"
E08652,TDDiem,0. Toa Do Diem,585366.096,2305062.380,0.000,"Y=Y=585366.10|X=X=2305062.38|"
E0866C,TDDiem,0. Toa Do Diem,585352.729,2305082.313,0.000,"Y=Y=585352.73|X=X=2305082.31|"
E08686,TDDiem,0. Toa Do Diem,585343.601,2305095.637,0.000,"Y=Y=585343.60|X=X=2305095.64|"
E086A0,TDDiem,0. Toa Do Diem,585335.859,2305107.192,0.000,"Y=Y=585335.86|X=X=2305107.19|"
E0870F,TDDiem,0. Toa Do Diem,585432.644,2305034.186,0.000,"Y=Y=585432.64|X=X=2305034.19|"
E08729,TDDiem,0. Toa Do Diem,585416.674,2305057.948,0.000,"Y=Y=585416.67|X=X=2305057.95|"
E08743,TDDiem,0. Toa Do Diem,585403.308,2305077.881,0.000,"Y=Y=585403.31|X=X=2305077.88|"
E0875D,TDDiem,0. Toa Do Diem,585389.941,2305097.815,0.000,"Y=Y=585389.94|X=X=2305097.81|"
E08777,TDDiem,0. Toa Do Diem,585376.574,2305117.748,0.000,"Y=Y=585376.57|X=X=2305117.75|"
E08791,TDDiem,0. Toa Do Diem,585436.816,2305013.000,0.000,"Y=Y=585436.82|X=X=2305013.00|"
E087AB,TDDiem,0. Toa Do Diem,585455.783,2304983.827,0.000,"Y=Y=585455.78|X=X=2304983.83|"
E087C5,TDDiem,0. Toa Do Diem,585420.196,2304961.125,0.000,"Y=Y=585420.20|X=X=2304961.12|"
E087DF,TDDiem,0. Toa Do Diem,585433.685,2304941.036,0.000,"Y=Y=585433.68|X=X=2304941.04|"
E087F9,TDDiem,0. Toa Do Diem,585434.277,2304960.412,0.000,"Y=Y=585434.28|X=X=2304960.41|"
E08813,TDDiem,0. Toa Do Diem,585443.479,2304946.981,0.000,"Y=Y=585443.48|X=X=2304946.98|"
E0888E,TDDiem,0. Toa Do Diem,585476.235,2304969.126,0.000,"Y=Y=585476.24|X=X=2304969.13|"
E088A8,TDDiem,0. Toa Do Diem,585491.273,2304946.702,0.000,"Y=Y=585491.27|X=X=2304946.70|"
E088C2,TDDiem,0. Toa Do Diem,585506.310,2304924.277,0.000,"Y=Y=585506.31|X=X=2304924.28|"
E088DC,TDDiem,0. Toa Do Diem,585521.347,2304901.852,0.000,"Y=Y=585521.35|X=X=2304901.85|"
E0891A,TDDiem,0. Toa Do Diem,585525.668,2304751.409,0.000,"Y=Y=585525.67|X=X=2304751.41|"
E08951,TDDiem,0. Toa Do Diem,585503.243,2304736.371,0.000,"Y=Y=585503.24|X=X=2304736.37|"
E0896B,TDDiem,0. Toa Do Diem,585480.783,2304721.117,0.000,"Y=Y=585480.78|X=X=2304721.12|"
E08985,TDDiem,0. Toa Do Diem,585458.358,2304706.079,0.000,"Y=Y=585458.36|X=X=2304706.08|"
E0899F,TDDiem,0. Toa Do Diem,585435.933,2304691.042,0.000,"Y=Y=585435.93|X=X=2304691.04|"
E089B9,TDDiem,0. Toa Do Diem,585756.062,2305388.294,0.000,"Y=Y=585756.06|X=X=2305388.29|"
E089F0,TDDiem,0. Toa Do Diem,585769.966,2305367.517,0.000,"Y=Y=585769.97|X=X=2305367.52|"
E08A0A,TDDiem,0. Toa Do Diem,585784.447,2305345.923,0.000,"Y=Y=585784.45|X=X=2305345.92|"
E08A24,TDDiem,0. Toa Do Diem,585798.370,2305325.159,0.000,"Y=Y=585798.37|X=X=2305325.16|"
E08A3E,TDDiem,0. Toa Do Diem,585812.851,2305303.565,0.000,"Y=Y=585812.85|X=X=2305303.56|"
E08A58,TDDiem,0. Toa Do Diem,585756.206,2305314.343,0.000,"Y=Y=585756.21|X=X=2305314.34|"
E08A99,TDDiem,0. Toa Do Diem,585767.381,2305297.757,0.000,"Y=Y=585767.38|X=X=2305297.76|"
E08AB3,TDDiem,0. Toa Do Diem,585781.861,2305276.162,0.000,"Y=Y=585781.86|X=X=2305276.16|"
E08ACD,TDDiem,0. Toa Do Diem,585728.896,2305296.211,0.000,"Y=Y=585728.90|X=X=2305296.21|"
E08AE7,TDDiem,0. Toa Do Diem,585739.973,2305279.377,0.000,"Y=Y=585739.97|X=X=2305279.38|"
E08B01,TDDiem,0. Toa Do Diem,585754.453,2305257.783,0.000,"Y=Y=585754.45|X=X=2305257.78|"
E08B1B,TDDiem,0. Toa Do Diem,585682.559,2305267.120,0.000,"Y=Y=585682.56|X=X=2305267.12|"
E08B35,TDDiem,0. Toa Do Diem,585694.808,2305249.092,0.000,"Y=Y=585694.81|X=X=2305249.09|"
E08B4F,TDDiem,0. Toa Do Diem,585709.289,2305227.497,0.000,"Y=Y=585709.29|X=X=2305227.50|"
E08B69,TDDiem,0. Toa Do Diem,585737.279,2305303.993,0.000,"Y=Y=585737.28|X=X=2305303.99|"
E08B83,TDDiem,0. Toa Do Diem,585749.625,2305285.850,0.000,"Y=Y=585749.62|X=X=2305285.85|"
E08B9D,TDDiem,0. Toa Do Diem,585764.105,2305264.256,0.000,"Y=Y=585764.11|X=X=2305264.26|"
E08C18,TDDiem,0. Toa Do Diem,585701.475,2305277.823,0.000,"Y=Y=585701.48|X=X=2305277.82|"
E08C32,TDDiem,0. Toa Do Diem,585728.817,2305296.337,0.000,"Y=Y=585728.82|X=X=2305296.34|"
E08C69,TDDiem,0. Toa Do Diem,585712.564,2305260.998,0.000,"Y=Y=585712.56|X=X=2305261.00|"
E08C83,TDDiem,0. Toa Do Diem,585727.045,2305239.404,0.000,"Y=Y=585727.04|X=X=2305239.40|"
E08C9D,TDDiem,0. Toa Do Diem,585638.135,2305313.056,0.000,"Y=Y=585638.14|X=X=2305313.06|"
E08CB7,TDDiem,0. Toa Do Diem,585653.739,2305289.760,0.000,"Y=Y=585653.74|X=X=2305289.76|"
E08CD1,TDDiem,0. Toa Do Diem,585673.789,2305259.860,0.000,"Y=Y=585673.79|X=X=2305259.86|"
E08CEB,TDDiem,0. Toa Do Diem,585685.156,2305242.619,0.000,"Y=Y=585685.16|X=X=2305242.62|"
E08D05,TDDiem,0. Toa Do Diem,585699.358,2305221.440,0.000,"Y=Y=585699.36|X=X=2305221.44|"
E08D9D,TDDiem,0. Toa Do Diem,585391.996,2305156.611,0.000,"Y=Y=585392.00|X=X=2305156.61|"
E08DD1,TDDiem,0. Toa Do Diem,585403.036,2305127.305,0.000,"Y=Y=585403.04|X=X=2305127.30|"
E08E05,TDDiem,0. Toa Do Diem,585420.351,2305101.772,0.000,"Y=Y=585420.35|X=X=2305101.77|"
E08E39,TDDiem,0. Toa Do Diem,585435.945,2305078.516,0.000,"Y=Y=585435.95|X=X=2305078.52|"
E08E6D,TDDiem,0. Toa Do Diem,585451.550,2305055.245,0.000,"Y=Y=585451.55|X=X=2305055.24|"
E08EA1,TDDiem,0. Toa Do Diem,585475.159,2305071.280,0.000,"Y=Y=585475.16|X=X=2305071.28|"
E08ED5,TDDiem,0. Toa Do Diem,585459.565,2305094.535,0.000,"Y=Y=585459.56|X=X=2305094.54|"
E08F09,TDDiem,0. Toa Do Diem,585441.186,2305121.944,0.000,"Y=Y=585441.19|X=X=2305121.94|"
E08F3D,TDDiem,0. Toa Do Diem,585423.954,2305147.712,0.000,"Y=Y=585423.95|X=X=2305147.71|"
E08F71,TDDiem,0. Toa Do Diem,585413.811,2305162.727,0.000,"Y=Y=585413.81|X=X=2305162.73|"
E08FA5,TDDiem,0. Toa Do Diem,585423.342,2305168.811,0.000,"Y=Y=585423.34|X=X=2305168.81|"
E08FD9,TDDiem,0. Toa Do Diem,585436.308,2305149.796,0.000,"Y=Y=585436.31|X=X=2305149.80|"
E0900D,TDDiem,0. Toa Do Diem,585451.969,2305126.440,0.000,"Y=Y=585451.97|X=X=2305126.44|"
E09041,TDDiem,0. Toa Do Diem,585467.496,2305103.285,0.000,"Y=Y=585467.50|X=X=2305103.29|"
E09075,TDDiem,0. Toa Do Diem,585484.761,2305077.538,0.000,"Y=Y=585484.76|X=X=2305077.54|"
E091B5,TDDiem,0. Toa Do Diem,585454.064,2305161.703,0.000,"Y=Y=585454.06|X=X=2305161.70|"
E091CF,TDDiem,0. Toa Do Diem,585441.300,2305181.028,0.000,"Y=Y=585441.30|X=X=2305181.03|"
E091E9,TDDiem,0. Toa Do Diem,585452.990,2305187.586,0.000,"Y=Y=585452.99|X=X=2305187.59|"
E09203,TDDiem,0. Toa Do Diem,585469.223,2305163.506,0.000,"Y=Y=585469.22|X=X=2305163.51|"
E0921D,TDDiem,0. Toa Do Diem,585469.726,2305138.347,0.000,"Y=Y=585469.73|X=X=2305138.35|"
E09237,TDDiem,0. Toa Do Diem,585485.252,2305115.192,0.000,"Y=Y=585485.25|X=X=2305115.19|"
E09251,TDDiem,0. Toa Do Diem,585512.448,2305095.502,0.000,"Y=Y=585512.45|X=X=2305095.50|"
E0926B,TDDiem,0. Toa Do Diem,585502.518,2305089.445,0.000,"Y=Y=585502.52|X=X=2305089.45|"
E092BF,TDDiem,0. Toa Do Diem,585497.968,2305117.096,0.000,"Y=Y=585497.97|X=X=2305117.10|"
E092D9,TDDiem,0. Toa Do Diem,585485.326,2305143.355,0.000,"Y=Y=585485.33|X=X=2305143.36|"
E092F3,TDDiem,0. Toa Do Diem,585502.728,2305148.755,0.000,"Y=Y=585502.73|X=X=2305148.76|"
E0930D,TDDiem,0. Toa Do Diem,585512.187,2305154.809,0.000,"Y=Y=585512.19|X=X=2305154.81|"
E09327,TDDiem,0. Toa Do Diem,585525.376,2305135.476,0.000,"Y=Y=585525.38|X=X=2305135.48|"
E09341,TDDiem,0. Toa Do Diem,585515.724,2305129.003,0.000,"Y=Y=585515.72|X=X=2305129.00|"
E0935B,TDDiem,0. Toa Do Diem,585539.856,2305113.881,0.000,"Y=Y=585539.86|X=X=2305113.88|"
E09375,TDDiem,0. Toa Do Diem,585530.204,2305107.409,0.000,"Y=Y=585530.20|X=X=2305107.41|"
E093E6,TDDiem,0. Toa Do Diem,585567.265,2305132.260,0.000,"Y=Y=585567.26|X=X=2305132.26|"
E09400,TDDiem,0. Toa Do Diem,585552.784,2305153.855,0.000,"Y=Y=585552.78|X=X=2305153.85|"
E0941A,TDDiem,0. Toa Do Diem,585539.636,2305173.191,0.000,"Y=Y=585539.64|X=X=2305173.19|"
E09434,TDDiem,0. Toa Do Diem,585530.114,2305167.165,0.000,"Y=Y=585530.11|X=X=2305167.17|"
E0944E,TDDiem,0. Toa Do Diem,585543.132,2305147.382,0.000,"Y=Y=585543.13|X=X=2305147.38|"
E09468,TDDiem,0. Toa Do Diem,585557.612,2305125.788,0.000,"Y=Y=585557.61|X=X=2305125.79|"
E0951A,TDDiem,0. Toa Do Diem,585594.673,2305150.639,0.000,"Y=Y=585594.67|X=X=2305150.64|"
E09534,TDDiem,0. Toa Do Diem,585580.192,2305172.234,0.000,"Y=Y=585580.19|X=X=2305172.23|"
E0954E,TDDiem,0. Toa Do Diem,585567.043,2305191.560,0.000,"Y=Y=585567.04|X=X=2305191.56|"
E09568,TDDiem,0. Toa Do Diem,585557.542,2305185.435,0.000,"Y=Y=585557.54|X=X=2305185.44|"
E09582,TDDiem,0. Toa Do Diem,585570.540,2305165.761,0.000,"Y=Y=585570.54|X=X=2305165.76|"
E0959C,TDDiem,0. Toa Do Diem,585585.021,2305144.167,0.000,"Y=Y=585585.02|X=X=2305144.17|"
E09664,TDDiem,0. Toa Do Diem,585662.973,2305335.452,0.000,"Y=Y=585662.97|X=X=2305335.45|"
E0967E,TDDiem,0. Toa Do Diem,585687.957,2305352.049,0.000,"Y=Y=585687.96|X=X=2305352.05|"
E09698,TDDiem,0. Toa Do Diem,585711.712,2305367.933,0.000,"Y=Y=585711.71|X=X=2305367.93|"
E096CF,TDDiem,0. Toa Do Diem,585559.980,2305261.340,0.000,"Y=Y=585559.98|X=X=2305261.34|"
E096E9,TDDiem,0. Toa Do Diem,585576.133,2305237.539,0.000,"Y=Y=585576.13|X=X=2305237.54|"
E09703,TDDiem,0. Toa Do Diem,585593.422,2305211.757,0.000,"Y=Y=585593.42|X=X=2305211.76|"
E0971D,TDDiem,0. Toa Do Diem,585606.208,2305192.689,0.000,"Y=Y=585606.21|X=X=2305192.69|"
E09737,TDDiem,0. Toa Do Diem,585621.802,2305169.434,0.000,"Y=Y=585621.80|X=X=2305169.43|"
E09751,TDDiem,0. Toa Do Diem,585639.559,2305181.340,0.000,"Y=Y=585639.56|X=X=2305181.34|"
E0976B,TDDiem,0. Toa Do Diem,585623.964,2305204.596,0.000,"Y=Y=585623.96|X=X=2305204.60|"
E09785,TDDiem,0. Toa Do Diem,585611.178,2305223.663,0.000,"Y=Y=585611.18|X=X=2305223.66|"
E0979F,TDDiem,0. Toa Do Diem,585593.889,2305249.446,0.000,"Y=Y=585593.89|X=X=2305249.45|"
E097B9,TDDiem,0. Toa Do Diem,585587.898,2305278.981,0.000,"Y=Y=585587.90|X=X=2305278.98|"
E097D3,TDDiem,0. Toa Do Diem,585578.318,2305272.976,0.000,"Y=Y=585578.32|X=X=2305272.98|"
E0980A,TDDiem,0. Toa Do Diem,585586.851,2305200.779,0.000,"Y=Y=585586.85|X=X=2305200.78|"
E09841,TDDiem,0. Toa Do Diem,585597.948,2305184.140,0.000,"Y=Y=585597.95|X=X=2305184.14|"
E0985B,TDDiem,0. Toa Do Diem,585612.429,2305162.546,0.000,"Y=Y=585612.43|X=X=2305162.55|"
E09875,TDDiem,0. Toa Do Diem,585603.541,2305255.918,0.000,"Y=Y=585603.54|X=X=2305255.92|"
E0988F,TDDiem,0. Toa Do Diem,585620.830,2305230.136,0.000,"Y=Y=585620.83|X=X=2305230.14|"
E098A9,TDDiem,0. Toa Do Diem,585633.616,2305211.068,0.000,"Y=Y=585633.62|X=X=2305211.07|"
E098C3,TDDiem,0. Toa Do Diem,585649.204,2305187.823,0.000,"Y=Y=585649.20|X=X=2305187.82|"
E098DD,TDDiem,0. Toa Do Diem,585666.960,2305199.729,0.000,"Y=Y=585666.96|X=X=2305199.73|"
E098F7,TDDiem,0. Toa Do Diem,585651.372,2305222.975,0.000,"Y=Y=585651.37|X=X=2305222.97|"
E09911,TDDiem,0. Toa Do Diem,585638.586,2305242.042,0.000,"Y=Y=585638.59|X=X=2305242.04|"
E0992B,TDDiem,0. Toa Do Diem,585621.298,2305267.825,0.000,"Y=Y=585621.30|X=X=2305267.82|"
E09945,TDDiem,0. Toa Do Diem,585605.708,2305291.339,0.000,"Y=Y=585605.71|X=X=2305291.34|"
E0995F,TDDiem,0. Toa Do Diem,585836.393,2305229.984,0.000,"Y=Y=585836.39|X=X=2305229.98|"
E09996,TDDiem,0. Toa Do Diem,585847.988,2305212.779,0.000,"Y=Y=585847.99|X=X=2305212.78|"
E099E0,TDDiem,0. Toa Do Diem,585863.583,2305189.524,0.000,"Y=Y=585863.58|X=X=2305189.52|"
E099FA,TDDiem,0. Toa Do Diem,585875.278,2305172.082,0.000,"Y=Y=585875.28|X=X=2305172.08|"
E09A14,TDDiem,0. Toa Do Diem,585890.873,2305148.827,0.000,"Y=Y=585890.87|X=X=2305148.83|"
E09A2E,TDDiem,0. Toa Do Diem,585923.438,2305100.263,0.000,"Y=Y=585923.44|X=X=2305100.26|"
E09A48,TDDiem,0. Toa Do Diem,585966.323,2305036.311,0.000,"Y=Y=585966.32|X=X=2305036.31|"
E09A92,TDDiem,0. Toa Do Diem,585952.677,2305056.659,0.000,"Y=Y=585952.68|X=X=2305056.66|"
E09AAC,TDDiem,0. Toa Do Diem,585939.032,2305077.008,0.000,"Y=Y=585939.03|X=X=2305077.01|"
E09AC6,TDDiem,0. Toa Do Diem,585902.416,2305111.020,0.000,"Y=Y=585902.42|X=X=2305111.02|"
E09AE0,TDDiem,0. Toa Do Diem,585911.887,2305117.230,0.000,"Y=Y=585911.89|X=X=2305117.23|"
E09AFA,TDDiem,0. Toa Do Diem,585917.438,2305088.345,0.000,"Y=Y=585917.44|X=X=2305088.35|"
E09B14,TDDiem,0. Toa Do Diem,585931.918,2305066.751,0.000,"Y=Y=585931.92|X=X=2305066.75|"
E09B2E,TDDiem,0. Toa Do Diem,585946.399,2305045.156,0.000,"Y=Y=585946.40|X=X=2305045.16|"
E09B48,TDDiem,0. Toa Do Diem,585960.322,2305024.393,0.000,"Y=Y=585960.32|X=X=2305024.39|"
E09BC3,TDDiem,0. Toa Do Diem,585885.697,2305096.979,0.000,"Y=Y=585885.70|X=X=2305096.98|"
E09BDD,TDDiem,0. Toa Do Diem,585899.682,2305076.438,0.000,"Y=Y=585899.68|X=X=2305076.44|"
E09BF7,TDDiem,0. Toa Do Diem,585914.162,2305054.844,0.000,"Y=Y=585914.16|X=X=2305054.84|"
E09C11,TDDiem,0. Toa Do Diem,585928.643,2305033.250,0.000,"Y=Y=585928.64|X=X=2305033.25|"
E09C2B,TDDiem,0. Toa Do Diem,585942.566,2305012.486,0.000,"Y=Y=585942.57|X=X=2305012.49|"
E09C45,TDDiem,0. Toa Do Diem,585932.914,2305006.014,0.000,"Y=Y=585932.91|X=X=2305006.01|"
E09C5F,TDDiem,0. Toa Do Diem,585918.991,2305026.777,0.000,"Y=Y=585918.99|X=X=2305026.78|"
E09C79,TDDiem,0. Toa Do Diem,585904.510,2305048.372,0.000,"Y=Y=585904.51|X=X=2305048.37|"
E09C93,TDDiem,0. Toa Do Diem,585890.030,2305069.966,0.000,"Y=Y=585890.03|X=X=2305069.97|"
E09CAD,TDDiem,0. Toa Do Diem,585858.328,2305078.628,0.000,"Y=Y=585858.33|X=X=2305078.63|"
E09CC7,TDDiem,0. Toa Do Diem,585872.273,2305058.059,0.000,"Y=Y=585872.27|X=X=2305058.06|"
E09CE1,TDDiem,0. Toa Do Diem,585886.754,2305036.465,0.000,"Y=Y=585886.75|X=X=2305036.46|"
E09CFB,TDDiem,0. Toa Do Diem,585899.624,2305017.403,0.000,"Y=Y=585899.62|X=X=2305017.40|"
E09D15,TDDiem,0. Toa Do Diem,585915.158,2304994.107,0.000,"Y=Y=585915.16|X=X=2304994.11|"
E09D2F,TDDiem,0. Toa Do Diem,585874.969,2305092.658,0.000,"Y=Y=585874.97|X=X=2305092.66|"
E09D49,TDDiem,0. Toa Do Diem,585847.591,2305074.324,0.000,"Y=Y=585847.59|X=X=2305074.32|"
E09D63,TDDiem,0. Toa Do Diem,585862.621,2305051.587,0.000,"Y=Y=585862.62|X=X=2305051.59|"
E09D7D,TDDiem,0. Toa Do Diem,585877.102,2305029.993,0.000,"Y=Y=585877.10|X=X=2305029.99|"
E09D97,TDDiem,0. Toa Do Diem,585891.582,2305008.398,0.000,"Y=Y=585891.58|X=X=2305008.40|"
E09DB1,TDDiem,0. Toa Do Diem,585905.506,2304987.634,0.000,"Y=Y=585905.51|X=X=2304987.63|"
E09DCB,TDDiem,0. Toa Do Diem,585887.750,2304975.728,0.000,"Y=Y=585887.75|X=X=2304975.73|"
E09DE5,TDDiem,0. Toa Do Diem,585872.191,2304999.007,0.000,"Y=Y=585872.19|X=X=2304999.01|"
E09DFF,TDDiem,0. Toa Do Diem,585859.346,2305018.086,0.000,"Y=Y=585859.35|X=X=2305018.09|"
E09E19,TDDiem,0. Toa Do Diem,585844.865,2305039.680,0.000,"Y=Y=585844.87|X=X=2305039.68|"
E09E33,TDDiem,0. Toa Do Diem,585830.834,2305060.194,0.000,"Y=Y=585830.83|X=X=2305060.19|"
E09E4D,TDDiem,0. Toa Do Diem,585821.116,2305054.539,0.000,"Y=Y=585821.12|X=X=2305054.54|"
E09E67,TDDiem,0. Toa Do Diem,585833.789,2305035.332,0.000,"Y=Y=585833.79|X=X=2305035.33|"
E09E81,TDDiem,0. Toa Do Diem,585848.270,2305013.737,0.000,"Y=Y=585848.27|X=X=2305013.74|"
E09E9B,TDDiem,0. Toa Do Diem,585862.750,2304992.143,0.000,"Y=Y=585862.75|X=X=2304992.14|"
E09EB5,TDDiem,0. Toa Do Diem,585876.674,2304971.379,0.000,"Y=Y=585876.67|X=X=2304971.38|"
E09FD4,TDDiem,0. Toa Do Diem,585782.279,2305028.010,0.000,"Y=Y=585782.28|X=X=2305028.01|"
E0A008,TDDiem,0. Toa Do Diem,585763.253,2305017.489,0.000,"Y=Y=585763.25|X=X=2305017.49|"
E0A022,TDDiem,0. Toa Do Diem,585757.683,2305005.479,0.000,"Y=Y=585757.68|X=X=2305005.48|"
E0A076,TDDiem,0. Toa Do Diem,585796.797,2305037.394,0.000,"Y=Y=585796.80|X=X=2305037.39|"
E0A090,TDDiem,0. Toa Do Diem,585809.389,2305018.969,0.000,"Y=Y=585809.39|X=X=2305018.97|"
E0A0AA,TDDiem,0. Toa Do Diem,585823.869,2304997.375,0.000,"Y=Y=585823.87|X=X=2304997.37|"
E0A0C4,TDDiem,0. Toa Do Diem,585836.720,2304978.300,0.000,"Y=Y=585836.72|X=X=2304978.30|"
E0A0DE,TDDiem,0. Toa Do Diem,585852.273,2304955.017,0.000,"Y=Y=585852.27|X=X=2304955.02|"
E0A0F8,TDDiem,0. Toa Do Diem,585837.641,2304945.198,0.000,"Y=Y=585837.64|X=X=2304945.20|"
E0A112,TDDiem,0. Toa Do Diem,585822.049,2304968.433,0.000,"Y=Y=585822.05|X=X=2304968.43|"
E0A12C,TDDiem,0. Toa Do Diem,585809.234,2304987.561,0.000,"Y=Y=585809.23|X=X=2304987.56|"
E0A146,TDDiem,0. Toa Do Diem,585794.753,2305009.155,0.000,"Y=Y=585794.75|X=X=2305009.16|"
E0A160,TDDiem,0. Toa Do Diem,585776.997,2304997.249,0.000,"Y=Y=585777.00|X=X=2304997.25|"
E0A17A,TDDiem,0. Toa Do Diem,585768.769,2304988.653,0.000,"Y=Y=585768.77|X=X=2304988.65|"
E0A194,TDDiem,0. Toa Do Diem,585783.250,2304967.058,0.000,"Y=Y=585783.25|X=X=2304967.06|"
E0A1AE,TDDiem,0. Toa Do Diem,585797.730,2304945.464,0.000,"Y=Y=585797.73|X=X=2304945.46|"
E0A1C8,TDDiem,0. Toa Do Diem,585811.654,2304924.700,0.000,"Y=Y=585811.65|X=X=2304924.70|"
E0A1E2,TDDiem,0. Toa Do Diem,585819.882,2304933.296,0.000,"Y=Y=585819.88|X=X=2304933.30|"
E0A1FC,TDDiem,0. Toa Do Diem,585804.300,2304956.560,0.000,"Y=Y=585804.30|X=X=2304956.56|"
E0A216,TDDiem,0. Toa Do Diem,585791.478,2304975.654,0.000,"Y=Y=585791.48|X=X=2304975.65|"
E0A230,TDDiem,0. Toa Do Diem,585736.862,2304997.538,0.000,"Y=Y=585736.86|X=X=2304997.54|"
E0A24A,TDDiem,0. Toa Do Diem,585751.013,2304976.746,0.000,"Y=Y=585751.01|X=X=2304976.75|"
E0A264,TDDiem,0. Toa Do Diem,585765.493,2304955.151,0.000,"Y=Y=585765.49|X=X=2304955.15|"
E0A27E,TDDiem,0. Toa Do Diem,585778.322,2304936.062,0.000,"Y=Y=585778.32|X=X=2304936.06|"
E0A298,TDDiem,0. Toa Do Diem,585793.897,2304912.793,0.000,"Y=Y=585793.90|X=X=2304912.79|"
E0A2B2,TDDiem,0. Toa Do Diem,585784.245,2304906.321,0.000,"Y=Y=585784.25|X=X=2304906.32|"
E0A2CC,TDDiem,0. Toa Do Diem,585770.322,2304927.085,0.000,"Y=Y=585770.32|X=X=2304927.08|"
E0A2E6,TDDiem,0. Toa Do Diem,585755.841,2304948.679,0.000,"Y=Y=585755.84|X=X=2304948.68|"
E0A300,TDDiem,0. Toa Do Diem,585741.361,2304970.273,0.000,"Y=Y=585741.36|X=X=2304970.27|"
E0A31A,TDDiem,0. Toa Do Diem,585730.282,2304987.105,0.000,"Y=Y=585730.28|X=X=2304987.11|"
E0A389,TDDiem,0. Toa Do Diem,585709.543,2304979.218,0.000,"Y=Y=585709.54|X=X=2304979.22|"
E0A3A3,TDDiem,0. Toa Do Diem,585723.605,2304958.367,0.000,"Y=Y=585723.60|X=X=2304958.37|"
E0A3BD,TDDiem,0. Toa Do Diem,585738.085,2304936.772,0.000,"Y=Y=585738.09|X=X=2304936.77|"
E0A3D7,TDDiem,0. Toa Do Diem,585750.950,2304917.707,0.000,"Y=Y=585750.95|X=X=2304917.71|"
E0A3F1,TDDiem,0. Toa Do Diem,585766.489,2304894.414,0.000,"Y=Y=585766.49|X=X=2304894.41|"
E0A40B,TDDiem,0. Toa Do Diem,585756.837,2304887.942,0.000,"Y=Y=585756.84|X=X=2304887.94|"
E0A425,TDDiem,0. Toa Do Diem,585739.081,2304876.035,0.000,"Y=Y=585739.08|X=X=2304876.04|"
E0A43F,TDDiem,0. Toa Do Diem,585729.429,2304869.563,0.000,"Y=Y=585729.43|X=X=2304869.56|"
E0A459,TDDiem,0. Toa Do Diem,585711.673,2304857.656,0.000,"Y=Y=585711.67|X=X=2304857.66|"
E0A473,TDDiem,0. Toa Do Diem,585702.021,2304851.184,0.000,"Y=Y=585702.02|X=X=2304851.18|"
E0A48D,TDDiem,0. Toa Do Diem,585684.265,2304839.277,0.000,"Y=Y=585684.26|X=X=2304839.28|"
E0A4A7,TDDiem,0. Toa Do Diem,585668.718,2304862.564,0.000,"Y=Y=585668.72|X=X=2304862.56|"
E0A4C1,TDDiem,0. Toa Do Diem,585655.861,2304881.635,0.000,"Y=Y=585655.86|X=X=2304881.64|"
E0A4DB,TDDiem,0. Toa Do Diem,585641.380,2304903.229,0.000,"Y=Y=585641.38|X=X=2304903.23|"
E0A4F5,TDDiem,0. Toa Do Diem,585627.197,2304924.000,0.000,"Y=Y=585627.20|X=X=2304924.00|"
E0A50F,TDDiem,0. Toa Do Diem,585616.740,2304919.547,0.000,"Y=Y=585616.74|X=X=2304919.55|"
E0A529,TDDiem,0. Toa Do Diem,585648.098,2304931.995,0.000,"Y=Y=585648.10|X=X=2304932.00|"
E0A543,TDDiem,0. Toa Do Diem,585654.649,2304942.408,0.000,"Y=Y=585654.65|X=X=2304942.41|"
E0A55D,TDDiem,0. Toa Do Diem,585659.136,2304915.136,0.000,"Y=Y=585659.14|X=X=2304915.14|"
E0A577,TDDiem,0. Toa Do Diem,585668.788,2304921.609,0.000,"Y=Y=585668.79|X=X=2304921.61|"
E0A591,TDDiem,0. Toa Do Diem,585673.617,2304893.542,0.000,"Y=Y=585673.62|X=X=2304893.54|"
E0A5AB,TDDiem,0. Toa Do Diem,585683.269,2304900.014,0.000,"Y=Y=585683.27|X=X=2304900.01|"
E0A5C5,TDDiem,0. Toa Do Diem,585688.097,2304871.948,0.000,"Y=Y=585688.10|X=X=2304871.95|"
E0A5DF,TDDiem,0. Toa Do Diem,585696.046,2304880.890,0.000,"Y=Y=585696.05|X=X=2304880.89|"
E0A5F9,TDDiem,0. Toa Do Diem,585715.505,2304890.327,0.000,"Y=Y=585715.51|X=X=2304890.33|"
E0A613,TDDiem,0. Toa Do Diem,585701.025,2304911.921,0.000,"Y=Y=585701.02|X=X=2304911.92|"
E0A62D,TDDiem,0. Toa Do Diem,585686.544,2304933.515,0.000,"Y=Y=585686.54|X=X=2304933.52|"
E0A647,TDDiem,0. Toa Do Diem,585675.476,2304950.354,0.000,"Y=Y=585675.48|X=X=2304950.35|"
E0A661,TDDiem,0. Toa Do Diem,585682.067,2304960.794,0.000,"Y=Y=585682.07|X=X=2304960.79|"
E0A67B,TDDiem,0. Toa Do Diem,585696.197,2304939.988,0.000,"Y=Y=585696.20|X=X=2304939.99|"
E0A695,TDDiem,0. Toa Do Diem,585710.677,2304918.393,0.000,"Y=Y=585710.68|X=X=2304918.39|"
E0A6AF,TDDiem,0. Toa Do Diem,585723.522,2304899.315,0.000,"Y=Y=585723.52|X=X=2304899.31|"
E0A6C9,TDDiem,0. Toa Do Diem,585742.914,2304908.706,0.000,"Y=Y=585742.91|X=X=2304908.71|"
E0A6E3,TDDiem,0. Toa Do Diem,585728.433,2304930.300,0.000,"Y=Y=585728.43|X=X=2304930.30|"
E0A6FD,TDDiem,0. Toa Do Diem,585713.953,2304951.894,0.000,"Y=Y=585713.95|X=X=2304951.89|"
E0A717,TDDiem,0. Toa Do Diem,585702.888,2304968.736,0.000,"Y=Y=585702.89|X=X=2304968.74|"
E0A7FF,TDDiem,0. Toa Do Diem,585491.068,2304995.866,0.000,"Y=Y=585491.07|X=X=2304995.87|"
E0A836,TDDiem,0. Toa Do Diem,585505.284,2304975.112,0.000,"Y=Y=585505.28|X=X=2304975.11|"
E0A850,TDDiem,0. Toa Do Diem,585519.765,2304953.518,0.000,"Y=Y=585519.76|X=X=2304953.52|"
E0A86A,TDDiem,0. Toa Do Diem,585532.548,2304934.398,0.000,"Y=Y=585532.55|X=X=2304934.40|"
E0A884,TDDiem,0. Toa Do Diem,585548.169,2304911.160,0.000,"Y=Y=585548.17|X=X=2304911.16|"
E0A89E,TDDiem,0. Toa Do Diem,585569.004,2304931.332,0.000,"Y=Y=585569.00|X=X=2304931.33|"
E0A8B8,TDDiem,0. Toa Do Diem,585557.865,2304947.943,0.000,"Y=Y=585557.87|X=X=2304947.94|"
E0A8D2,TDDiem,0. Toa Do Diem,585543.385,2304969.537,0.000,"Y=Y=585543.38|X=X=2304969.54|"
E0A8EC,TDDiem,0. Toa Do Diem,585528.854,2304990.918,0.000,"Y=Y=585528.85|X=X=2304990.92|"
E0A906,TDDiem,0. Toa Do Diem,585500.718,2305013.952,0.000,"Y=Y=585500.72|X=X=2305013.95|"
E0A920,TDDiem,0. Toa Do Diem,585512.484,2305015.610,0.000,"Y=Y=585512.48|X=X=2305015.61|"
E0A93A,TDDiem,0. Toa Do Diem,585524.576,2305017.965,0.000,"Y=Y=585524.58|X=X=2305017.97|"
E0A998,TDDiem,0. Toa Do Diem,585540.220,2304994.927,0.000,"Y=Y=585540.22|X=X=2304994.93|"
E0A9B2,TDDiem,0. Toa Do Diem,585552.987,2304975.796,0.000,"Y=Y=585552.99|X=X=2304975.80|"
E0A9CC,TDDiem,0. Toa Do Diem,585567.467,2304954.201,0.000,"Y=Y=585567.47|X=X=2304954.20|"
E0A9E6,TDDiem,0. Toa Do Diem,585581.491,2304933.505,0.000,"Y=Y=585581.49|X=X=2304933.50|"
E0AA00,TDDiem,0. Toa Do Diem,585607.404,2304951.990,0.000,"Y=Y=585607.40|X=X=2304951.99|"
E0AA1A,TDDiem,0. Toa Do Diem,585591.492,2304975.562,0.000,"Y=Y=585591.49|X=X=2304975.56|"
E0AA34,TDDiem,0. Toa Do Diem,585574.239,2305003.355,0.000,"Y=Y=585574.24|X=X=2305003.36|"
E0AA4E,TDDiem,0. Toa Do Diem,585559.788,2305024.905,0.000,"Y=Y=585559.79|X=X=2305024.91|"
E0AA68,TDDiem,0. Toa Do Diem,585549.518,2305039.899,0.000,"Y=Y=585549.52|X=X=2305039.90|"
E0AA82,TDDiem,0. Toa Do Diem,585556.262,2305009.297,0.000,"Y=Y=585556.26|X=X=2305009.30|"
E0AA9C,TDDiem,0. Toa Do Diem,585570.743,2304987.702,0.000,"Y=Y=585570.74|X=X=2304987.70|"
E0AAB6,TDDiem,0. Toa Do Diem,585585.223,2304966.108,0.000,"Y=Y=585585.22|X=X=2304966.11|"
E0AAD0,TDDiem,0. Toa Do Diem,585599.147,2304945.344,0.000,"Y=Y=585599.15|X=X=2304945.34|"
E0AB5E,TDDiem,0. Toa Do Diem,585540.700,2305032.820,0.000,"Y=Y=585540.70|X=X=2305032.82|"
E0AB78,TDDiem,0. Toa Do Diem,585583.584,2304968.867,0.000,"Y=Y=585583.58|X=X=2304968.87|"
E0ABAF,TDDiem,0. Toa Do Diem,585592.025,2305015.218,0.000,"Y=Y=585592.02|X=X=2305015.22|"
E0ABC9,TDDiem,0. Toa Do Diem,585580.329,2305032.659,0.000,"Y=Y=585580.33|X=X=2305032.66|"
E0ABE3,TDDiem,0. Toa Do Diem,585568.164,2305051.110,0.000,"Y=Y=585568.16|X=X=2305051.11|"
E0ABFD,TDDiem,0. Toa Do Diem,585578.792,2305055.529,0.000,"Y=Y=585578.79|X=X=2305055.53|"
E0AC17,TDDiem,0. Toa Do Diem,585589.981,2305039.132,0.000,"Y=Y=585589.98|X=X=2305039.13|"
E0AC31,TDDiem,0. Toa Do Diem,585601.677,2305021.690,0.000,"Y=Y=585601.68|X=X=2305021.69|"
E0AC4B,TDDiem,0. Toa Do Diem,585619.433,2305033.597,0.000,"Y=Y=585619.43|X=X=2305033.60|"
E0AC65,TDDiem,0. Toa Do Diem,585607.737,2305051.038,0.000,"Y=Y=585607.74|X=X=2305051.04|"
E0AC7F,TDDiem,0. Toa Do Diem,585596.648,2305067.863,0.000,"Y=Y=585596.65|X=X=2305067.86|"
E0AC99,TDDiem,0. Toa Do Diem,585624.080,2305086.258,0.000,"Y=Y=585624.08|X=X=2305086.26|"
E0ACB3,TDDiem,0. Toa Do Diem,585636.794,2305066.911,0.000,"Y=Y=585636.79|X=X=2305066.91|"
E0ACCD,TDDiem,0. Toa Do Diem,585646.841,2305051.976,0.000,"Y=Y=585646.84|X=X=2305051.98|"
E0ACE7,TDDiem,0. Toa Do Diem,585674.249,2305070.355,0.000,"Y=Y=585674.25|X=X=2305070.35|"
E0AD01,TDDiem,0. Toa Do Diem,585664.291,2305085.349,0.000,"Y=Y=585664.29|X=X=2305085.35|"
E0AD1B,TDDiem,0. Toa Do Diem,585650.512,2305106.142,0.000,"Y=Y=585650.51|X=X=2305106.14|"
E0AD35,TDDiem,0. Toa Do Diem,585605.108,2305075.582,0.000,"Y=Y=585605.11|X=X=2305075.58|"
E0AD4F,TDDiem,0. Toa Do Diem,585617.389,2305057.511,0.000,"Y=Y=585617.39|X=X=2305057.51|"
E0AD69,TDDiem,0. Toa Do Diem,585629.085,2305040.069,0.000,"Y=Y=585629.09|X=X=2305040.07|"
E0ADE4,TDDiem,0. Toa Do Diem,585656.493,2305058.448,0.000,"Y=Y=585656.49|X=X=2305058.45|"
E0ADFE,TDDiem,0. Toa Do Diem,585646.458,2305073.391,0.000,"Y=Y=585646.46|X=X=2305073.39|"
E0AE18,TDDiem,0. Toa Do Diem,585632.496,2305093.935,0.000,"Y=Y=585632.50|X=X=2305093.93|"
E0AE32,TDDiem,0. Toa Do Diem,585674.433,2305090.947,0.000,"Y=Y=585674.43|X=X=2305090.95|"
E0AE4C,TDDiem,0. Toa Do Diem,585690.028,2305067.691,0.000,"Y=Y=585690.03|X=X=2305067.69|"
E0AE66,TDDiem,0. Toa Do Diem,585704.508,2305046.097,0.000,"Y=Y=585704.51|X=X=2305046.10|"
E0AE80,TDDiem,0. Toa Do Diem,585718.435,2305025.335,0.000,"Y=Y=585718.43|X=X=2305025.34|"
E0AE9A,TDDiem,0. Toa Do Diem,585736.188,2305037.240,0.000,"Y=Y=585736.19|X=X=2305037.24|"
E0AEB4,TDDiem,0. Toa Do Diem,585722.264,2305058.004,0.000,"Y=Y=585722.26|X=X=2305058.00|"
E0AECE,TDDiem,0. Toa Do Diem,585707.784,2305079.598,0.000,"Y=Y=585707.78|X=X=2305079.60|"
E0AEE8,TDDiem,0. Toa Do Diem,585692.190,2305102.853,0.000,"Y=Y=585692.19|X=X=2305102.85|"
E0AF02,TDDiem,0. Toa Do Diem,585676.957,2305125.840,0.000,"Y=Y=585676.96|X=X=2305125.84|"
E0AF1C,TDDiem,0. Toa Do Diem,585702.956,2305107.665,0.000,"Y=Y=585702.96|X=X=2305107.66|"
E0AF36,TDDiem,0. Toa Do Diem,585717.436,2305086.070,0.000,"Y=Y=585717.44|X=X=2305086.07|"
E0AF50,TDDiem,0. Toa Do Diem,585730.237,2305066.962,0.000,"Y=Y=585730.24|X=X=2305066.96|"
E0AF6A,TDDiem,0. Toa Do Diem,585745.840,2305043.712,0.000,"Y=Y=585745.84|X=X=2305043.71|"
E0AF84,TDDiem,0. Toa Do Diem,585763.596,2305055.619,0.000,"Y=Y=585763.60|X=X=2305055.62|"
E0AF9E,TDDiem,0. Toa Do Diem,585749.673,2305076.383,0.000,"Y=Y=585749.67|X=X=2305076.38|"
E0AFB8,TDDiem,0. Toa Do Diem,585735.192,2305097.977,0.000,"Y=Y=585735.19|X=X=2305097.98|"
E0AFD2,TDDiem,0. Toa Do Diem,585720.670,2305119.541,0.000,"Y=Y=585720.67|X=X=2305119.54|"
E0AFEC,TDDiem,0. Toa Do Diem,585735.347,2305129.385,0.000,"Y=Y=585735.35|X=X=2305129.39|"
E0B006,TDDiem,0. Toa Do Diem,585749.828,2305107.791,0.000,"Y=Y=585749.83|X=X=2305107.79|"
E0B020,TDDiem,0. Toa Do Diem,585764.308,2305086.197,0.000,"Y=Y=585764.31|X=X=2305086.20|"
E0B03A,TDDiem,0. Toa Do Diem,585778.306,2305065.483,0.000,"Y=Y=585778.31|X=X=2305065.48|"
E0B054,TDDiem,0. Toa Do Diem,585802.632,2305081.795,0.000,"Y=Y=585802.63|X=X=2305081.80|"
E0B06E,TDDiem,0. Toa Do Diem,585788.709,2305102.559,0.000,"Y=Y=585788.71|X=X=2305102.56|"
E0B088,TDDiem,0. Toa Do Diem,585774.228,2305124.153,0.000,"Y=Y=585774.23|X=X=2305124.15|"
E0B0A2,TDDiem,0. Toa Do Diem,585759.748,2305145.748,0.000,"Y=Y=585759.75|X=X=2305145.75|"
E0B0BC,TDDiem,0. Toa Do Diem,585743.431,2305170.461,0.000,"Y=Y=585743.43|X=X=2305170.46|"
E0B0D6,TDDiem,0. Toa Do Diem,585767.759,2305154.732,0.000,"Y=Y=585767.76|X=X=2305154.73|"
E0B0F0,TDDiem,0. Toa Do Diem,585780.538,2305135.609,0.000,"Y=Y=585780.54|X=X=2305135.61|"
E0B10A,TDDiem,0. Toa Do Diem,585796.109,2305112.389,0.000,"Y=Y=585796.11|X=X=2305112.39|"
E0B124,TDDiem,0. Toa Do Diem,585812.817,2305087.473,0.000,"Y=Y=585812.82|X=X=2305087.47|"
E0B13E,TDDiem,0. Toa Do Diem,585795.510,2305151.668,0.000,"Y=Y=585795.51|X=X=2305151.67|"
E0B158,TDDiem,0. Toa Do Diem,585781.037,2305173.268,0.000,"Y=Y=585781.04|X=X=2305173.27|"
E0B172,TDDiem,0. Toa Do Diem,585772.725,2305185.935,0.000,"Y=Y=585772.73|X=X=2305185.94|"
E0B18C,TDDiem,0. Toa Do Diem,585795.172,2305173.114,0.000,"Y=Y=585795.17|X=X=2305173.11|"
E0B1A6,TDDiem,0. Toa Do Diem,585822.918,2305170.047,0.000,"Y=Y=585822.92|X=X=2305170.05|"
E0B1C0,TDDiem,0. Toa Do Diem,585812.871,2305184.982,0.000,"Y=Y=585812.87|X=X=2305184.98|"
E0B1DA,TDDiem,0. Toa Do Diem,585800.133,2305204.314,0.000,"Y=Y=585800.13|X=X=2305204.31|"
E0B1F4,TDDiem,0. Toa Do Diem,585822.553,2305191.475,0.000,"Y=Y=585822.55|X=X=2305191.47|"
E0B20E,TDDiem,0. Toa Do Diem,585832.557,2305176.540,0.000,"Y=Y=585832.56|X=X=2305176.54|"
E0B228,TDDiem,0. Toa Do Diem,585850.326,2305188.427,0.000,"Y=Y=585850.33|X=X=2305188.43|"
E0B242,TDDiem,0. Toa Do Diem,585838.631,2305205.868,0.000,"Y=Y=585838.63|X=X=2305205.87|"
E0B25C,TDDiem,0. Toa Do Diem,585826.645,2305224.107,0.000,"Y=Y=585826.64|X=X=2305224.11|"
E0B2B0,TDDiem,0. Toa Do Diem,585805.162,2305158.141,0.000,"Y=Y=585805.16|X=X=2305158.14|"
E0B36F,TDDiem,0. Toa Do Diem,585661.574,2305109.835,0.000,"Y=Y=585661.57|X=X=2305109.84|"
E0B389,TDDiem,0. Toa Do Diem,585688.972,2305128.208,0.000,"Y=Y=585688.97|X=X=2305128.21|"
E0B3A3,TDDiem,0. Toa Do Diem,585706.822,2305140.538,0.000,"Y=Y=585706.82|X=X=2305140.54|"
E0B3BD,TDDiem,0. Toa Do Diem,585719.946,2305152.049,0.000,"Y=Y=585719.95|X=X=2305152.05|"
E0B3D7,TDDiem,0. Toa Do Diem,585754.852,2305173.589,0.000,"Y=Y=585754.85|X=X=2305173.59|"
E0B3F1,TDDiem,0. Toa Do Diem,585781.255,2305193.557,0.000,"Y=Y=585781.25|X=X=2305193.56|"
E0B40B,TDDiem,0. Toa Do Diem,585808.465,2305212.208,0.000,"Y=Y=585808.46|X=X=2305212.21|"
E0B56A,TengaK,XR TNT$0$Xr-TNT-Khai$0$xr COT$0$T-TEN GA,585251.210,2305372.819,0.000,"T=AR52A|SH=TB41|MG=5.31|DC=1.88|TN=TN|LV=LV|X=X=2305372.819|Y=Y=585251.210|"
E0B59B,TengaK,XR TNT$0$Xr-TNT-Khai$0$xr COT$0$T-TEN GA,585256.470,2305364.943,0.000,"T=AR53A|SH=TB41|MG=5.31|DC=1.87|TN=TN|LV=LV|X=X=2305364.943|Y=Y=585256.470|"
E0B657,TengaK,XR TNT$0$Xr-TNT-Khai$0$xr COT$0$T-TEN GA,585268.766,2305346.666,0.000,"T=AR54A|SH=TB41|MG=5.27|DC=1.84|TN=TN|LV=LV|X=\W0.7000;X=2305353.487|Y=\W0.7000;Y=585268.744|"
E0B7BE,TengaK,XR TNT$0$Xr-TNT-Khai$0$xr COT$0$T-TEN GA,585323.324,2305265.493,0.000,"T=AR58A|SH=TB41|MG=5.27|DC=1.70|TN=TN|LV=LV|X=\W0.7000;X=2305272.134|Y=\W0.7000;Y=585323.386|"
E0B83C,TDDiem,0. Toa Do Diem,585250.678,2305372.337,0.000,"Y=Y=585250.68|X=X=2305372.34|"
E0B856,TDDiem,0. Toa Do Diem,585255.978,2305364.554,0.000,"Y=Y=585255.98|X=X=2305364.55|"
E0B8AA,TengaK,XR TNT$0$Xr-TNT-Khai$0$xr COT$0$T-TEN GA,585296.074,2305305.968,0.000,"T=AR56A|SH=TB41|MG=5.27|DC=1.77|TN=TN|LV=LV|X=\W0.7000;X=2305312.983|Y=\W0.7000;Y=585296.091|"
E0B8D5,TengaK,XR TNT$0$Xr-TNT-Khai$0$xr COT$0$T-TEN GA,585350.733,2305224.454,0.000,"T=AR60A|SH=TB41|MG=5.27|DC=1.63|TN=TN|LV=LV|X=\W0.7000;X=2305231.300|Y=\W0.7000;Y=585350.669|"
E32BDA,cq b9 b13,KTV-KT-DIM KICH THUOC,0.000,0.000,0.000,""
E33245,XR.TNT,dim 800 ngang duong,0.000,0.000,0.000,""
EA5132,mb,dim 300 ngang duong,605380.907,2306018.294,0.000,""
