Mã cây,Đường kính Ø (mm),Thanh cắt (Mark),Chiều dài cắt (m),Thừa cuối cây (m),Mã cây gốc (11.7m)
C1,20,"Trụ T1, T2 (Xà mũ trụ):x6",6.9,0.063,11.7
C1,20,"Trụ T1, T2 (Xà mũ trụ):x6a",3.2,0.063,11.7
C1,20,Mố M1:G7A,1.182,0.063,11.7
C1,20,Dầm chủ Super-T (15 phiến L=38.2m):Thanh neo,0.11,0.063,11.7
C1,20,Dầm chủ Super-T (15 phiến L=38.2m):Thanh neo,0.11,0.063,11.7
C1,20,Dầm chủ Super-T (15 phiến L=38.2m):Thanh neo,0.11,0.063,11.7
C2,20,"Trụ T1, T2 (Xà mũ trụ):x6",6.9,0.063,11.7
C2,20,"Trụ T1, T2 (Xà mũ trụ):x6a",3.2,0.063,11.7
C2,20,Mố M1:G7A,1.182,0.063,11.7
C2,20,Dầm chủ Super-T (15 phiến L=38.2m):Thanh neo,0.11,0.063,11.7
C2,20,Dầm chủ Super-T (15 phiến L=38.2m):Thanh neo,0.11,0.063,11.7
C2,20,Dầm chủ Super-T (15 phiến L=38.2m):Thanh neo,0.11,0.063,11.7
C3,20,"Trụ T1, T2 (Xà mũ trụ):x6",6.9,0.063,11.7
C3,20,"Trụ T1, T2 (Xà mũ trụ):x6a",3.2,0.063,11.7
C3,20,Mố M1:G7A,1.182,0.063,11.7
C3,20,Dầm chủ Super-T (15 phiến L=38.2m):Thanh neo,0.11,0.063,11.7
C3,20,Dầm chủ Super-T (15 phiến L=38.2m):Thanh neo,0.11,0.063,11.7
C3,20,Dầm chủ Super-T (15 phiến L=38.2m):Thanh neo,0.11,0.063,11.7
C4,20,"Trụ T1, T2 (Xà mũ trụ):x6",6.9,0.063,11.7
C4,20,"Trụ T1, T2 (Xà mũ trụ):x6a",3.2,0.063,11.7
C4,20,Mố M1:G7A,1.182,0.063,11.7
C4,20,Dầm chủ Super-T (15 phiến L=38.2m):Thanh neo,0.11,0.063,11.7
C4,20,Dầm chủ Super-T (15 phiến L=38.2m):Thanh neo,0.11,0.063,11.7
C4,20,Dầm chủ Super-T (15 phiến L=38.2m):Thanh neo,0.11,0.063,11.7
C5,20,"Trụ T1, T2 (Xà mũ trụ):x6",6.9,0.063,11.7
C5,20,"Trụ T1, T2 (Xà mũ trụ):x6a",3.2,0.063,11.7
C5,20,Mố M1:G7A,1.182,0.063,11.7
C5,20,Dầm chủ Super-T (15 phiến L=38.2m):Thanh neo,0.11,0.063,11.7
C5,20,Dầm chủ Super-T (15 phiến L=38.2m):Thanh neo,0.11,0.063,11.7
C5,20,Dầm chủ Super-T (15 phiến L=38.2m):Thanh neo,0.11,0.063,11.7
C6,20,"Trụ T1, T2 (Xà mũ trụ):x6",6.9,0.063,11.7
C6,20,"Trụ T1, T2 (Xà mũ trụ):x6a",3.2,0.063,11.7
C6,20,Mố M1:G7A,1.182,0.063,11.7
C6,20,Dầm chủ Super-T (15 phiến L=38.2m):Thanh neo,0.11,0.063,11.7
C6,20,Dầm chủ Super-T (15 phiến L=38.2m):Thanh neo,0.11,0.063,11.7
C6,20,Dầm chủ Super-T (15 phiến L=38.2m):Thanh neo,0.11,0.063,11.7
C7,20,"Trụ T1, T2 (Xà mũ trụ):x6",6.9,0.063,11.7
C7,20,"Trụ T1, T2 (Xà mũ trụ):x6a",3.2,0.063,11.7
C7,20,Mố M1:G7A,1.182,0.063,11.7
C7,20,Dầm chủ Super-T (15 phiến L=38.2m):Thanh neo,0.11,0.063,11.7
C7,20,Dầm chủ Super-T (15 phiến L=38.2m):Thanh neo,0.11,0.063,11.7
C7,20,Dầm chủ Super-T (15 phiến L=38.2m):Thanh neo,0.11,0.063,11.7
C8,20,"Trụ T1, T2 (Xà mũ trụ):x6",6.9,0.063,11.7
C8,20,"Trụ T1, T2 (Xà mũ trụ):x6a",3.2,0.063,11.7
C8,20,Mố M1:G7A,1.182,0.063,11.7
C8,20,Dầm chủ Super-T (15 phiến L=38.2m):Thanh neo,0.11,0.063,11.7
C8,20,Dầm chủ Super-T (15 phiến L=38.2m):Thanh neo,0.11,0.063,11.7
C8,20,Dầm chủ Super-T (15 phiến L=38.2m):Thanh neo,0.11,0.063,11.7
C9,20,"Trụ T1, T2 (Xà mũ trụ):x6",6.9,0.063,11.7
C9,20,"Trụ T1, T2 (Xà mũ trụ):x6a",3.2,0.063,11.7
C9,20,Mố M1:G7A,1.182,0.063,11.7
C9,20,Dầm chủ Super-T (15 phiến L=38.2m):Thanh neo,0.11,0.063,11.7
C9,20,Dầm chủ Super-T (15 phiến L=38.2m):Thanh neo,0.11,0.063,11.7
C9,20,Dầm chủ Super-T (15 phiến L=38.2m):Thanh neo,0.11,0.063,11.7
C10,20,"Trụ T1, T2 (Xà mũ trụ):x6",6.9,0.063,11.7
C10,20,"Trụ T1, T2 (Xà mũ trụ):x6a",3.2,0.063,11.7
C10,20,Mố M1:G7A,1.182,0.063,11.7
C10,20,Dầm chủ Super-T (15 phiến L=38.2m):Thanh neo,0.11,0.063,11.7
C10,20,Dầm chủ Super-T (15 phiến L=38.2m):Thanh neo,0.11,0.063,11.7
C10,20,Dầm chủ Super-T (15 phiến L=38.2m):Thanh neo,0.11,0.063,11.7
C11,20,"Trụ T1, T2 (Xà mũ trụ):x6",6.9,0.063,11.7
C11,20,"Trụ T1, T2 (Xà mũ trụ):x6a",3.2,0.063,11.7
C11,20,Mố M1:G7A,1.182,0.063,11.7
C11,20,Dầm chủ Super-T (15 phiến L=38.2m):Thanh neo,0.11,0.063,11.7
C11,20,Dầm chủ Super-T (15 phiến L=38.2m):Thanh neo,0.11,0.063,11.7
C11,20,Dầm chủ Super-T (15 phiến L=38.2m):Thanh neo,0.11,0.063,11.7
C12,20,"Trụ T1, T2 (Xà mũ trụ):x6",6.9,0.063,11.7
C12,20,"Trụ T1, T2 (Xà mũ trụ):x6a",3.2,0.063,11.7
C12,20,Mố M1:G7A,1.182,0.063,11.7
C12,20,Dầm chủ Super-T (15 phiến L=38.2m):Thanh neo,0.11,0.063,11.7
C12,20,Dầm chủ Super-T (15 phiến L=38.2m):Thanh neo,0.11,0.063,11.7
C12,20,Dầm chủ Super-T (15 phiến L=38.2m):Thanh neo,0.11,0.063,11.7
C13,20,"Trụ T1, T2 (Xà mũ trụ):x6",6.9,0.063,11.7
C13,20,"Trụ T1, T2 (Xà mũ trụ):x6a",3.2,0.063,11.7
C13,20,Mố M1:G7A,1.182,0.063,11.7
C13,20,Dầm chủ Super-T (15 phiến L=38.2m):Thanh neo,0.11,0.063,11.7
C13,20,Dầm chủ Super-T (15 phiến L=38.2m):Thanh neo,0.11,0.063,11.7
C13,20,Dầm chủ Super-T (15 phiến L=38.2m):Thanh neo,0.11,0.063,11.7
C14,20,"Trụ T1, T2 (Xà mũ trụ):x6",6.9,0.063,11.7
C14,20,"Trụ T1, T2 (Xà mũ trụ):x6a",3.2,0.063,11.7
C14,20,Mố M1:G7A,1.182,0.063,11.7
C14,20,Dầm chủ Super-T (15 phiến L=38.2m):Thanh neo,0.11,0.063,11.7
C14,20,Dầm chủ Super-T (15 phiến L=38.2m):Thanh neo,0.11,0.063,11.7
C14,20,Dầm chủ Super-T (15 phiến L=38.2m):Thanh neo,0.11,0.063,11.7
C15,20,"Trụ T1, T2 (Xà mũ trụ):x6",6.9,0.063,11.7
C15,20,"Trụ T1, T2 (Xà mũ trụ):x6a",3.2,0.063,11.7
C15,20,Mố M1:G7A,1.182,0.063,11.7
C15,20,Dầm chủ Super-T (15 phiến L=38.2m):Thanh neo,0.11,0.063,11.7
C15,20,Dầm chủ Super-T (15 phiến L=38.2m):Thanh neo,0.11,0.063,11.7
C15,20,Dầm chủ Super-T (15 phiến L=38.2m):Thanh neo,0.11,0.063,11.7
C16,20,"Trụ T1, T2 (Xà mũ trụ):x6",6.9,0.063,11.7
C16,20,"Trụ T1, T2 (Xà mũ trụ):x6a",3.2,0.063,11.7
C16,20,Mố M1:G7A,1.182,0.063,11.7
C16,20,Dầm chủ Super-T (15 phiến L=38.2m):Thanh neo,0.11,0.063,11.7
C16,20,Dầm chủ Super-T (15 phiến L=38.2m):Thanh neo,0.11,0.063,11.7
C16,20,Dầm chủ Super-T (15 phiến L=38.2m):Thanh neo,0.11,0.063,11.7
C17,20,"Trụ T1, T2 (Xà mũ trụ):x6",6.9,0.063,11.7
C17,20,"Trụ T1, T2 (Xà mũ trụ):x6a",3.2,0.063,11.7
C17,20,Mố M1:G7A,1.182,0.063,11.7
C17,20,Dầm chủ Super-T (15 phiến L=38.2m):Thanh neo,0.11,0.063,11.7
C17,20,Dầm chủ Super-T (15 phiến L=38.2m):Thanh neo,0.11,0.063,11.7
C17,20,Dầm chủ Super-T (15 phiến L=38.2m):Thanh neo,0.11,0.063,11.7
C18,20,"Trụ T1, T2 (Xà mũ trụ):x6",6.9,0.063,11.7
C18,20,"Trụ T1, T2 (Xà mũ trụ):x6a",3.2,0.063,11.7
C18,20,Mố M1:G7A,1.182,0.063,11.7
C18,20,Dầm chủ Super-T (15 phiến L=38.2m):Thanh neo,0.11,0.063,11.7
C18,20,Dầm chủ Super-T (15 phiến L=38.2m):Thanh neo,0.11,0.063,11.7
C18,20,Dầm chủ Super-T (15 phiến L=38.2m):Thanh neo,0.11,0.063,11.7
C19,20,"Trụ T1, T2 (Xà mũ trụ):x6",6.9,0.063,11.7
C19,20,"Trụ T1, T2 (Xà mũ trụ):x6a",3.2,0.063,11.7
C19,20,Mố M1:G7A,1.182,0.063,11.7
C19,20,Dầm chủ Super-T (15 phiến L=38.2m):Thanh neo,0.11,0.063,11.7
C19,20,Dầm chủ Super-T (15 phiến L=38.2m):Thanh neo,0.11,0.063,11.7
C19,20,Dầm chủ Super-T (15 phiến L=38.2m):Thanh neo,0.11,0.063,11.7
C20,20,"Trụ T1, T2 (Xà mũ trụ):x6",6.9,0.063,11.7
C20,20,"Trụ T1, T2 (Xà mũ trụ):x6a",3.2,0.063,11.7
C20,20,Mố M1:G7A,1.182,0.063,11.7
C20,20,Dầm chủ Super-T (15 phiến L=38.2m):Thanh neo,0.11,0.063,11.7
C20,20,Dầm chủ Super-T (15 phiến L=38.2m):Thanh neo,0.11,0.063,11.7
C20,20,Dầm chủ Super-T (15 phiến L=38.2m):Thanh neo,0.11,0.063,11.7
C21,20,"Trụ T1, T2 (Xà mũ trụ):x6",6.9,0.063,11.7
C21,20,"Trụ T1, T2 (Xà mũ trụ):x6a",3.2,0.063,11.7
C21,20,Mố M1:G7A,1.182,0.063,11.7
C21,20,Dầm chủ Super-T (15 phiến L=38.2m):Thanh neo,0.11,0.063,11.7
C21,20,Dầm chủ Super-T (15 phiến L=38.2m):Thanh neo,0.11,0.063,11.7
C21,20,Dầm chủ Super-T (15 phiến L=38.2m):Thanh neo,0.11,0.063,11.7
C22,20,"Trụ T1, T2 (Xà mũ trụ):x6",6.9,0.063,11.7
C22,20,"Trụ T1, T2 (Xà mũ trụ):x6a",3.2,0.063,11.7
C22,20,Mố M1:G7A,1.182,0.063,11.7
C22,20,Dầm chủ Super-T (15 phiến L=38.2m):Thanh neo,0.11,0.063,11.7
C22,20,Dầm chủ Super-T (15 phiến L=38.2m):Thanh neo,0.11,0.063,11.7
C22,20,Dầm chủ Super-T (15 phiến L=38.2m):Thanh neo,0.11,0.063,11.7
C23,20,"Trụ T1, T2 (Xà mũ trụ):x6",6.9,0.063,11.7
C23,20,"Trụ T1, T2 (Xà mũ trụ):x6a",3.2,0.063,11.7
C23,20,Mố M1:G7A,1.182,0.063,11.7
C23,20,Dầm chủ Super-T (15 phiến L=38.2m):Thanh neo,0.11,0.063,11.7
C23,20,Dầm chủ Super-T (15 phiến L=38.2m):Thanh neo,0.11,0.063,11.7
C23,20,Dầm chủ Super-T (15 phiến L=38.2m):Thanh neo,0.11,0.063,11.7
C24,20,"Trụ T1, T2 (Xà mũ trụ):x6",6.9,0.063,11.7
C24,20,"Trụ T1, T2 (Xà mũ trụ):x6a",3.2,0.063,11.7
C24,20,Mố M1:G7A,1.182,0.063,11.7
C24,20,Dầm chủ Super-T (15 phiến L=38.2m):Thanh neo,0.11,0.063,11.7
C24,20,Dầm chủ Super-T (15 phiến L=38.2m):Thanh neo,0.11,0.063,11.7
C24,20,Dầm chủ Super-T (15 phiến L=38.2m):Thanh neo,0.11,0.063,11.7
C25,20,"Trụ T1, T2 (Xà mũ trụ):x6",6.9,0.063,11.7
C25,20,"Trụ T1, T2 (Xà mũ trụ):x6a",3.2,0.063,11.7
C25,20,Mố M1:G7A,1.182,0.063,11.7
C25,20,Dầm chủ Super-T (15 phiến L=38.2m):Thanh neo,0.11,0.063,11.7
C25,20,Dầm chủ Super-T (15 phiến L=38.2m):Thanh neo,0.11,0.063,11.7
C25,20,Dầm chủ Super-T (15 phiến L=38.2m):Thanh neo,0.11,0.063,11.7
C26,20,"Trụ T1, T2 (Xà mũ trụ):x6",6.9,0.063,11.7
C26,20,"Trụ T1, T2 (Xà mũ trụ):x6a",3.2,0.063,11.7
C26,20,Mố M1:G7A,1.182,0.063,11.7
C26,20,Dầm chủ Super-T (15 phiến L=38.2m):Thanh neo,0.11,0.063,11.7
C26,20,Dầm chủ Super-T (15 phiến L=38.2m):Thanh neo,0.11,0.063,11.7
C26,20,Dầm chủ Super-T (15 phiến L=38.2m):Thanh neo,0.11,0.063,11.7
C27,20,"Trụ T1, T2 (Xà mũ trụ):x6",6.9,0.063,11.7
C27,20,"Trụ T1, T2 (Xà mũ trụ):x6a",3.2,0.063,11.7
C27,20,Mố M1:G7A,1.182,0.063,11.7
C27,20,Dầm chủ Super-T (15 phiến L=38.2m):Thanh neo,0.11,0.063,11.7
C27,20,Dầm chủ Super-T (15 phiến L=38.2m):Thanh neo,0.11,0.063,11.7
C27,20,Dầm chủ Super-T (15 phiến L=38.2m):Thanh neo,0.11,0.063,11.7
C28,20,"Trụ T1, T2 (Xà mũ trụ):x6",6.9,0.063,11.7
C28,20,"Trụ T1, T2 (Xà mũ trụ):x6a",3.2,0.063,11.7
C28,20,Mố M1:G7A,1.182,0.063,11.7
C28,20,Dầm chủ Super-T (15 phiến L=38.2m):Thanh neo,0.11,0.063,11.7
C28,20,Dầm chủ Super-T (15 phiến L=38.2m):Thanh neo,0.11,0.063,11.7
C28,20,Dầm chủ Super-T (15 phiến L=38.2m):Thanh neo,0.11,0.063,11.7
C29,20,"Trụ T1, T2 (Xà mũ trụ):x6",6.9,0.063,11.7
C29,20,"Trụ T1, T2 (Xà mũ trụ):x6a",3.2,0.063,11.7
C29,20,Mố M1:G7A,1.182,0.063,11.7
C29,20,Dầm chủ Super-T (15 phiến L=38.2m):Thanh neo,0.11,0.063,11.7
C29,20,Dầm chủ Super-T (15 phiến L=38.2m):Thanh neo,0.11,0.063,11.7
C29,20,Dầm chủ Super-T (15 phiến L=38.2m):Thanh neo,0.11,0.063,11.7
C30,20,"Trụ T1, T2 (Xà mũ trụ):x6",6.9,0.063,11.7
C30,20,"Trụ T1, T2 (Xà mũ trụ):x6a",3.2,0.063,11.7
C30,20,Mố M1:G7A,1.182,0.063,11.7
C30,20,Dầm chủ Super-T (15 phiến L=38.2m):Thanh neo,0.11,0.063,11.7
C30,20,Dầm chủ Super-T (15 phiến L=38.2m):Thanh neo,0.11,0.063,11.7
C30,20,Dầm chủ Super-T (15 phiến L=38.2m):Thanh neo,0.11,0.063,11.7
C31,20,"Trụ T1, T2 (Xà mũ trụ):x6",6.9,0.063,11.7
C31,20,"Trụ T1, T2 (Xà mũ trụ):x6a",3.2,0.063,11.7
C31,20,Mố M1:G7A,1.182,0.063,11.7
C31,20,Dầm chủ Super-T (15 phiến L=38.2m):Thanh neo,0.11,0.063,11.7
C31,20,Dầm chủ Super-T (15 phiến L=38.2m):Thanh neo,0.11,0.063,11.7
C31,20,Dầm chủ Super-T (15 phiến L=38.2m):Thanh neo,0.11,0.063,11.7
C32,20,"Trụ T1, T2 (Xà mũ trụ):x6",6.9,0.063,11.7
C32,20,"Trụ T1, T2 (Xà mũ trụ):x6a",3.2,0.063,11.7
C32,20,Mố M1:G7A,1.182,0.063,11.7
C32,20,Dầm chủ Super-T (15 phiến L=38.2m):Thanh neo,0.11,0.063,11.7
C32,20,Dầm chủ Super-T (15 phiến L=38.2m):Thanh neo,0.11,0.063,11.7
C32,20,Dầm chủ Super-T (15 phiến L=38.2m):Thanh neo,0.11,0.063,11.7
C33,20,"Trụ T1, T2 (Xà mũ trụ):x6",6.9,0.063,11.7
C33,20,"Trụ T1, T2 (Xà mũ trụ):x6a",3.2,0.063,11.7
C33,20,Mố M1:G7A,1.182,0.063,11.7
C33,20,Dầm chủ Super-T (15 phiến L=38.2m):Thanh neo,0.11,0.063,11.7
C33,20,Dầm chủ Super-T (15 phiến L=38.2m):Thanh neo,0.11,0.063,11.7
C33,20,Dầm chủ Super-T (15 phiến L=38.2m):Thanh neo,0.11,0.063,11.7
C34,20,"Trụ T1, T2 (Xà mũ trụ):x6",6.9,0.063,11.7
C34,20,"Trụ T1, T2 (Xà mũ trụ):x6a",3.2,0.063,11.7
C34,20,Mố M1:G7A,1.182,0.063,11.7
C34,20,Dầm chủ Super-T (15 phiến L=38.2m):Thanh neo,0.11,0.063,11.7
C34,20,Dầm chủ Super-T (15 phiến L=38.2m):Thanh neo,0.11,0.063,11.7
C34,20,Dầm chủ Super-T (15 phiến L=38.2m):Thanh neo,0.11,0.063,11.7
C35,20,"Trụ T1, T2 (Xà mũ trụ):x6",6.9,0.063,11.7
C35,20,"Trụ T1, T2 (Xà mũ trụ):x6a",3.2,0.063,11.7
C35,20,Mố M1:G7A,1.182,0.063,11.7
C35,20,Dầm chủ Super-T (15 phiến L=38.2m):Thanh neo,0.11,0.063,11.7
C35,20,Dầm chủ Super-T (15 phiến L=38.2m):Thanh neo,0.11,0.063,11.7
C35,20,Dầm chủ Super-T (15 phiến L=38.2m):Thanh neo,0.11,0.063,11.7
C36,20,"Trụ T1, T2 (Xà mũ trụ):x6",6.9,0.063,11.7
C36,20,"Trụ T1, T2 (Xà mũ trụ):x6a",3.2,0.063,11.7
C36,20,Mố M1:G7A,1.182,0.063,11.7
C36,20,Dầm chủ Super-T (15 phiến L=38.2m):Thanh neo,0.11,0.063,11.7
C36,20,Dầm chủ Super-T (15 phiến L=38.2m):Thanh neo,0.11,0.063,11.7
C36,20,Dầm chủ Super-T (15 phiến L=38.2m):Thanh neo,0.11,0.063,11.7
C37,20,"Trụ T1, T2 (Xà mũ trụ):x6",6.9,0.063,11.7
C37,20,"Trụ T1, T2 (Xà mũ trụ):x6a",3.2,0.063,11.7
C37,20,Mố M1:G7A,1.182,0.063,11.7
C37,20,Dầm chủ Super-T (15 phiến L=38.2m):Thanh neo,0.11,0.063,11.7
C37,20,Dầm chủ Super-T (15 phiến L=38.2m):Thanh neo,0.11,0.063,11.7
C37,20,Dầm chủ Super-T (15 phiến L=38.2m):Thanh neo,0.11,0.063,11.7
C38,20,"Trụ T1, T2 (Xà mũ trụ):x6",6.9,0.063,11.7
C38,20,"Trụ T1, T2 (Xà mũ trụ):x6a",3.2,0.063,11.7
C38,20,Mố M1:G7A,1.182,0.063,11.7
C38,20,Dầm chủ Super-T (15 phiến L=38.2m):Thanh neo,0.11,0.063,11.7
C38,20,Dầm chủ Super-T (15 phiến L=38.2m):Thanh neo,0.11,0.063,11.7
C38,20,Dầm chủ Super-T (15 phiến L=38.2m):Thanh neo,0.11,0.063,11.7
C39,20,"Trụ T1, T2 (Xà mũ trụ):x6",6.9,0.063,11.7
C39,20,"Trụ T1, T2 (Xà mũ trụ):x6a",3.2,0.063,11.7
C39,20,Mố M1:G7A,1.182,0.063,11.7
C39,20,Dầm chủ Super-T (15 phiến L=38.2m):Thanh neo,0.11,0.063,11.7
C39,20,Dầm chủ Super-T (15 phiến L=38.2m):Thanh neo,0.11,0.063,11.7
C39,20,Dầm chủ Super-T (15 phiến L=38.2m):Thanh neo,0.11,0.063,11.7
C40,20,"Trụ T1, T2 (Xà mũ trụ):x6",6.9,0.063,11.7
C40,20,"Trụ T1, T2 (Xà mũ trụ):x6a",3.2,0.063,11.7
C40,20,Mố M1:G7A,1.182,0.063,11.7
C40,20,Dầm chủ Super-T (15 phiến L=38.2m):Thanh neo,0.11,0.063,11.7
C40,20,Dầm chủ Super-T (15 phiến L=38.2m):Thanh neo,0.11,0.063,11.7
C40,20,Dầm chủ Super-T (15 phiến L=38.2m):Thanh neo,0.11,0.063,11.7
C41,20,"Trụ T1, T2 (Xà mũ trụ):x6",6.9,0.063,11.7
C41,20,"Trụ T1, T2 (Xà mũ trụ):x6a",3.2,0.063,11.7
C41,20,Mố M2:G7A,1.182,0.063,11.7
C41,20,Dầm chủ Super-T (15 phiến L=38.2m):Thanh neo,0.11,0.063,11.7
C41,20,Dầm chủ Super-T (15 phiến L=38.2m):Thanh neo,0.11,0.063,11.7
C41,20,Dầm chủ Super-T (15 phiến L=38.2m):Thanh neo,0.11,0.063,11.7
C42,20,"Trụ T1, T2 (Xà mũ trụ):x6",6.9,0.063,11.7
C42,20,"Trụ T1, T2 (Xà mũ trụ):x6a",3.2,0.063,11.7
C42,20,Mố M2:G7A,1.182,0.063,11.7
C42,20,Dầm chủ Super-T (15 phiến L=38.2m):Thanh neo,0.11,0.063,11.7
C42,20,Dầm chủ Super-T (15 phiến L=38.2m):Thanh neo,0.11,0.063,11.7
C42,20,Dầm chủ Super-T (15 phiến L=38.2m):Thanh neo,0.11,0.063,11.7
C43,20,"Trụ T1, T2 (Xà mũ trụ):x6",6.9,0.063,11.7
C43,20,"Trụ T1, T2 (Xà mũ trụ):x6a",3.2,0.063,11.7
C43,20,Mố M2:G7A,1.182,0.063,11.7
C43,20,Dầm chủ Super-T (15 phiến L=38.2m):Thanh neo,0.11,0.063,11.7
C43,20,Dầm chủ Super-T (15 phiến L=38.2m):Thanh neo,0.11,0.063,11.7
C43,20,Dầm chủ Super-T (15 phiến L=38.2m):Thanh neo,0.11,0.063,11.7
C44,20,"Trụ T1, T2 (Xà mũ trụ):x6",6.9,0.063,11.7
C44,20,"Trụ T1, T2 (Xà mũ trụ):x6a",3.2,0.063,11.7
C44,20,Mố M2:G7A,1.182,0.063,11.7
C44,20,Dầm chủ Super-T (15 phiến L=38.2m):Thanh neo,0.11,0.063,11.7
C44,20,Dầm chủ Super-T (15 phiến L=38.2m):Thanh neo,0.11,0.063,11.7
C44,20,Dầm chủ Super-T (15 phiến L=38.2m):Thanh neo,0.11,0.063,11.7
C45,20,"Trụ T1, T2 (Xà mũ trụ):x6",6.9,0.063,11.7
C45,20,"Trụ T1, T2 (Xà mũ trụ):x6a",3.2,0.063,11.7
C45,20,Mố M2:G7A,1.182,0.063,11.7
C45,20,Dầm chủ Super-T (15 phiến L=38.2m):Thanh neo,0.11,0.063,11.7
C45,20,Dầm chủ Super-T (15 phiến L=38.2m):Thanh neo,0.11,0.063,11.7
C45,20,Dầm chủ Super-T (15 phiến L=38.2m):Thanh neo,0.11,0.063,11.7
C46,20,"Trụ T1, T2 (Xà mũ trụ):x6",6.9,0.063,11.7
C46,20,"Trụ T1, T2 (Xà mũ trụ):x6a",3.2,0.063,11.7
C46,20,Mố M2:G7A,1.182,0.063,11.7
C46,20,Dầm chủ Super-T (15 phiến L=38.2m):Thanh neo,0.11,0.063,11.7
C46,20,Dầm chủ Super-T (15 phiến L=38.2m):Thanh neo,0.11,0.063,11.7
C46,20,Dầm chủ Super-T (15 phiến L=38.2m):Thanh neo,0.11,0.063,11.7
C47,20,"Trụ T1, T2 (Xà mũ trụ):x6",6.9,0.063,11.7
C47,20,"Trụ T1, T2 (Xà mũ trụ):x6a",3.2,0.063,11.7
C47,20,Mố M2:G7A,1.182,0.063,11.7
C47,20,Dầm chủ Super-T (15 phiến L=38.2m):Thanh neo,0.11,0.063,11.7
C47,20,Dầm chủ Super-T (15 phiến L=38.2m):Thanh neo,0.11,0.063,11.7
C47,20,Dầm chủ Super-T (15 phiến L=38.2m):Thanh neo,0.11,0.063,11.7
C48,20,"Trụ T1, T2 (Xà mũ trụ):x6",6.9,0.063,11.7
C48,20,"Trụ T1, T2 (Xà mũ trụ):x6a",3.2,0.063,11.7
C48,20,Mố M2:G7A,1.182,0.063,11.7
C48,20,Dầm chủ Super-T (15 phiến L=38.2m):Thanh neo,0.11,0.063,11.7
C48,20,Dầm chủ Super-T (15 phiến L=38.2m):Thanh neo,0.11,0.063,11.7
C48,20,Dầm chủ Super-T (15 phiến L=38.2m):Thanh neo,0.11,0.063,11.7
C49,20,"Trụ T1, T2 (Xà mũ trụ):x6",6.9,0.063,11.7
C49,20,"Trụ T1, T2 (Xà mũ trụ):x6a",3.2,0.063,11.7
C49,20,Mố M2:G7A,1.182,0.063,11.7
C49,20,Dầm chủ Super-T (15 phiến L=38.2m):Thanh neo,0.11,0.063,11.7
C49,20,Dầm chủ Super-T (15 phiến L=38.2m):Thanh neo,0.11,0.063,11.7
C49,20,Dầm chủ Super-T (15 phiến L=38.2m):Thanh neo,0.11,0.063,11.7
C50,20,"Trụ T1, T2 (Xà mũ trụ):x6",6.9,0.063,11.7
C50,20,"Trụ T1, T2 (Xà mũ trụ):x6a",3.2,0.063,11.7
C50,20,Mố M2:G7A,1.182,0.063,11.7
C50,20,Dầm chủ Super-T (15 phiến L=38.2m):Thanh neo,0.11,0.063,11.7
C50,20,Dầm chủ Super-T (15 phiến L=38.2m):Thanh neo,0.11,0.063,11.7
C50,20,Dầm chủ Super-T (15 phiến L=38.2m):Thanh neo,0.11,0.063,11.7
C51,20,"Trụ T1, T2 (Xà mũ trụ):x6",6.9,0.063,11.7
C51,20,"Trụ T1, T2 (Xà mũ trụ):x6a",3.2,0.063,11.7
C51,20,Mố M2:G7A,1.182,0.063,11.7
C51,20,Dầm chủ Super-T (15 phiến L=38.2m):Thanh neo,0.11,0.063,11.7
C51,20,Dầm chủ Super-T (15 phiến L=38.2m):Thanh neo,0.11,0.063,11.7
C51,20,Dầm chủ Super-T (15 phiến L=38.2m):Thanh neo,0.11,0.063,11.7
C52,20,"Trụ T1, T2 (Xà mũ trụ):x6",6.9,0.063,11.7
C52,20,"Trụ T1, T2 (Xà mũ trụ):x6a",3.2,0.063,11.7
C52,20,Mố M2:G7A,1.182,0.063,11.7
C52,20,Dầm chủ Super-T (15 phiến L=38.2m):Thanh neo,0.11,0.063,11.7
C52,20,Dầm chủ Super-T (15 phiến L=38.2m):Thanh neo,0.11,0.063,11.7
C52,20,Dầm chủ Super-T (15 phiến L=38.2m):Thanh neo,0.11,0.063,11.7
C53,20,"Trụ T1, T2 (Xà mũ trụ):x6",6.9,0.063,11.7
C53,20,"Trụ T1, T2 (Xà mũ trụ):x6a",3.2,0.063,11.7
C53,20,Mố M2:G7A,1.182,0.063,11.7
C53,20,Dầm chủ Super-T (15 phiến L=38.2m):Thanh neo,0.11,0.063,11.7
C53,20,Dầm chủ Super-T (15 phiến L=38.2m):Thanh neo,0.11,0.063,11.7
C53,20,Dầm chủ Super-T (15 phiến L=38.2m):Thanh neo,0.11,0.063,11.7
C54,20,"Trụ T1, T2 (Xà mũ trụ):x6",6.9,0.063,11.7
C54,20,"Trụ T1, T2 (Xà mũ trụ):x6a",3.2,0.063,11.7
C54,20,Mố M2:G7A,1.182,0.063,11.7
C54,20,Dầm chủ Super-T (15 phiến L=38.2m):Thanh neo,0.11,0.063,11.7
C54,20,Dầm chủ Super-T (15 phiến L=38.2m):Thanh neo,0.11,0.063,11.7
C54,20,Dầm chủ Super-T (15 phiến L=38.2m):Thanh neo,0.11,0.063,11.7
C55,20,"Trụ T1, T2 (Xà mũ trụ):x6",6.9,0.063,11.7
C55,20,"Trụ T1, T2 (Xà mũ trụ):x6a",3.2,0.063,11.7
C55,20,Mố M2:G7A,1.182,0.063,11.7
C55,20,Dầm chủ Super-T (15 phiến L=38.2m):Thanh neo,0.11,0.063,11.7
C55,20,Dầm chủ Super-T (15 phiến L=38.2m):Thanh neo,0.11,0.063,11.7
C55,20,Dầm chủ Super-T (15 phiến L=38.2m):Thanh neo,0.11,0.063,11.7
C56,20,"Trụ T1, T2 (Xà mũ trụ):x6",6.9,0.063,11.7
C56,20,"Trụ T1, T2 (Xà mũ trụ):x6a",3.2,0.063,11.7
C56,20,Mố M2:G7A,1.182,0.063,11.7
C56,20,Dầm chủ Super-T (15 phiến L=38.2m):Thanh neo,0.11,0.063,11.7
C56,20,Dầm chủ Super-T (15 phiến L=38.2m):Thanh neo,0.11,0.063,11.7
C56,20,Dầm chủ Super-T (15 phiến L=38.2m):Thanh neo,0.11,0.063,11.7
C57,20,"Trụ T1, T2 (Xà mũ trụ):x6",6.9,0.063,11.7
C57,20,"Trụ T1, T2 (Xà mũ trụ):x6a",3.2,0.063,11.7
C57,20,Mố M2:G7A,1.182,0.063,11.7
C57,20,Dầm chủ Super-T (15 phiến L=38.2m):Thanh neo,0.11,0.063,11.7
C57,20,Dầm chủ Super-T (15 phiến L=38.2m):Thanh neo,0.11,0.063,11.7
C57,20,Dầm chủ Super-T (15 phiến L=38.2m):Thanh neo,0.11,0.063,11.7
C58,20,"Trụ T1, T2 (Xà mũ trụ):x6",6.9,0.063,11.7
C58,20,"Trụ T1, T2 (Xà mũ trụ):x6a",3.2,0.063,11.7
C58,20,Mố M2:G7A,1.182,0.063,11.7
C58,20,Dầm chủ Super-T (15 phiến L=38.2m):Thanh neo,0.11,0.063,11.7
C58,20,Dầm chủ Super-T (15 phiến L=38.2m):Thanh neo,0.11,0.063,11.7
C58,20,Dầm chủ Super-T (15 phiến L=38.2m):Thanh neo,0.11,0.063,11.7
C59,20,"Trụ T1, T2 (Xà mũ trụ):x6",6.9,0.063,11.7
C59,20,"Trụ T1, T2 (Xà mũ trụ):x6a",3.2,0.063,11.7
C59,20,Mố M2:G7A,1.182,0.063,11.7
C59,20,Dầm chủ Super-T (15 phiến L=38.2m):Thanh neo,0.11,0.063,11.7
C59,20,Dầm chủ Super-T (15 phiến L=38.2m):Thanh neo,0.11,0.063,11.7
C59,20,Dầm chủ Super-T (15 phiến L=38.2m):Thanh neo,0.11,0.063,11.7
C60,20,"Trụ T1, T2 (Xà mũ trụ):x6",6.9,0.063,11.7
C60,20,"Trụ T1, T2 (Xà mũ trụ):x6a",3.2,0.063,11.7
C60,20,Mố M2:G7A,1.182,0.063,11.7
C60,20,Dầm chủ Super-T (15 phiến L=38.2m):Thanh neo,0.11,0.063,11.7
C60,20,Dầm chủ Super-T (15 phiến L=38.2m):Thanh neo,0.11,0.063,11.7
C60,20,Dầm chủ Super-T (15 phiến L=38.2m):Thanh neo,0.11,0.063,11.7
C61,20,"Trụ T1, T2 (Xà mũ trụ):x6",6.9,0.063,11.7
C61,20,"Trụ T1, T2 (Xà mũ trụ):x6a",3.2,0.063,11.7
C61,20,Mố M2:G7A,1.182,0.063,11.7
C61,20,Dầm chủ Super-T (15 phiến L=38.2m):Thanh neo,0.11,0.063,11.7
C61,20,Dầm chủ Super-T (15 phiến L=38.2m):Thanh neo,0.11,0.063,11.7
C61,20,Dầm chủ Super-T (15 phiến L=38.2m):Thanh neo,0.11,0.063,11.7
C62,20,"Trụ T1, T2 (Xà mũ trụ):x6",6.9,0.063,11.7
C62,20,"Trụ T1, T2 (Xà mũ trụ):x6a",3.2,0.063,11.7
C62,20,Mố M2:G7A,1.182,0.063,11.7
C62,20,Dầm chủ Super-T (15 phiến L=38.2m):Thanh neo,0.11,0.063,11.7
C62,20,Dầm chủ Super-T (15 phiến L=38.2m):Thanh neo,0.11,0.063,11.7
C62,20,Dầm chủ Super-T (15 phiến L=38.2m):Thanh neo,0.11,0.063,11.7
C63,20,"Trụ T1, T2 (Xà mũ trụ):x6",6.9,0.063,11.7
C63,20,"Trụ T1, T2 (Xà mũ trụ):x6a",3.2,0.063,11.7
C63,20,Mố M2:G7A,1.182,0.063,11.7
C63,20,Dầm chủ Super-T (15 phiến L=38.2m):Thanh neo,0.11,0.063,11.7
C63,20,Dầm chủ Super-T (15 phiến L=38.2m):Thanh neo,0.11,0.063,11.7
C63,20,Dầm chủ Super-T (15 phiến L=38.2m):Thanh neo,0.11,0.063,11.7
C64,20,"Trụ T1, T2 (Xà mũ trụ):x6",6.9,0.063,11.7
C64,20,"Trụ T1, T2 (Xà mũ trụ):x6a",3.2,0.063,11.7
C64,20,Mố M2:G7A,1.182,0.063,11.7
C64,20,Dầm chủ Super-T (15 phiến L=38.2m):Thanh neo,0.11,0.063,11.7
C64,20,Dầm chủ Super-T (15 phiến L=38.2m):Thanh neo,0.11,0.063,11.7
C64,20,Dầm chủ Super-T (15 phiến L=38.2m):Thanh neo,0.11,0.063,11.7
C65,20,"Trụ T1, T2 (Xà mũ trụ):x6",6.9,0.063,11.7
C65,20,"Trụ T1, T2 (Xà mũ trụ):x6a",3.2,0.063,11.7
C65,20,Mố M2:G7A,1.182,0.063,11.7
C65,20,Dầm chủ Super-T (15 phiến L=38.2m):Thanh neo,0.11,0.063,11.7
C65,20,Dầm chủ Super-T (15 phiến L=38.2m):Thanh neo,0.11,0.063,11.7
C65,20,Dầm chủ Super-T (15 phiến L=38.2m):Thanh neo,0.11,0.063,11.7
C66,20,"Trụ T1, T2 (Xà mũ trụ):x6",6.9,0.063,11.7
C66,20,"Trụ T1, T2 (Xà mũ trụ):x6a",3.2,0.063,11.7
C66,20,Mố M2:G7A,1.182,0.063,11.7
C66,20,Dầm chủ Super-T (15 phiến L=38.2m):Thanh neo,0.11,0.063,11.7
C66,20,Dầm chủ Super-T (15 phiến L=38.2m):Thanh neo,0.11,0.063,11.7
C66,20,Dầm chủ Super-T (15 phiến L=38.2m):Thanh neo,0.11,0.063,11.7
C67,20,"Trụ T1, T2 (Xà mũ trụ):x6",6.9,0.063,11.7
C67,20,"Trụ T1, T2 (Xà mũ trụ):x6a",3.2,0.063,11.7
C67,20,Mố M2:G7A,1.182,0.063,11.7
C67,20,Dầm chủ Super-T (15 phiến L=38.2m):Thanh neo,0.11,0.063,11.7
C67,20,Dầm chủ Super-T (15 phiến L=38.2m):Thanh neo,0.11,0.063,11.7
C67,20,Dầm chủ Super-T (15 phiến L=38.2m):Thanh neo,0.11,0.063,11.7
C68,20,"Trụ T1, T2 (Xà mũ trụ):x6",6.9,0.063,11.7
C68,20,"Trụ T1, T2 (Xà mũ trụ):x6a",3.2,0.063,11.7
C68,20,Mố M2:G7A,1.182,0.063,11.7
C68,20,Dầm chủ Super-T (15 phiến L=38.2m):Thanh neo,0.11,0.063,11.7
C68,20,Dầm chủ Super-T (15 phiến L=38.2m):Thanh neo,0.11,0.063,11.7
C68,20,Dầm chủ Super-T (15 phiến L=38.2m):Thanh neo,0.11,0.063,11.7
C69,20,"Trụ T1, T2 (Xà mũ trụ):x6",6.9,0.063,11.7
C69,20,"Trụ T1, T2 (Xà mũ trụ):x6a",3.2,0.063,11.7
C69,20,Mố M2:G7A,1.182,0.063,11.7
C69,20,Dầm chủ Super-T (15 phiến L=38.2m):Thanh neo,0.11,0.063,11.7
C69,20,Dầm chủ Super-T (15 phiến L=38.2m):Thanh neo,0.11,0.063,11.7
C69,20,Dầm chủ Super-T (15 phiến L=38.2m):Thanh neo,0.11,0.063,11.7
C70,20,"Trụ T1, T2 (Xà mũ trụ):x6",6.9,0.063,11.7
C70,20,"Trụ T1, T2 (Xà mũ trụ):x6a",3.2,0.063,11.7
C70,20,Mố M2:G7A,1.182,0.063,11.7
C70,20,Dầm chủ Super-T (15 phiến L=38.2m):Thanh neo,0.11,0.063,11.7
C70,20,Dầm chủ Super-T (15 phiến L=38.2m):Thanh neo,0.11,0.063,11.7
C70,20,Dầm chủ Super-T (15 phiến L=38.2m):Thanh neo,0.11,0.063,11.7
C71,20,"Trụ T1, T2 (Xà mũ trụ):x6",6.9,0.063,11.7
C71,20,"Trụ T1, T2 (Xà mũ trụ):x6a",3.2,0.063,11.7
C71,20,Mố M2:G7A,1.182,0.063,11.7
C71,20,Dầm chủ Super-T (15 phiến L=38.2m):Thanh neo,0.11,0.063,11.7
C71,20,Dầm chủ Super-T (15 phiến L=38.2m):Thanh neo,0.11,0.063,11.7
C71,20,Dầm chủ Super-T (15 phiến L=38.2m):Thanh neo,0.11,0.063,11.7
C72,20,"Trụ T1, T2 (Xà mũ trụ):x6",6.9,0.063,11.7
C72,20,"Trụ T1, T2 (Xà mũ trụ):x6a",3.2,0.063,11.7
C72,20,Mố M2:G7A,1.182,0.063,11.7
C72,20,Dầm chủ Super-T (15 phiến L=38.2m):Thanh neo,0.11,0.063,11.7
C72,20,Dầm chủ Super-T (15 phiến L=38.2m):Thanh neo,0.11,0.063,11.7
C72,20,Dầm chủ Super-T (15 phiến L=38.2m):Thanh neo,0.11,0.063,11.7
C73,20,"Trụ T1, T2 (Xà mũ trụ):x6",6.9,0.063,11.7
C73,20,"Trụ T1, T2 (Xà mũ trụ):x6a",3.2,0.063,11.7
C73,20,Mố M2:G7A,1.182,0.063,11.7
C73,20,Dầm chủ Super-T (15 phiến L=38.2m):Thanh neo,0.11,0.063,11.7
C73,20,Dầm chủ Super-T (15 phiến L=38.2m):Thanh neo,0.11,0.063,11.7
C73,20,Dầm chủ Super-T (15 phiến L=38.2m):Thanh neo,0.11,0.063,11.7
C74,20,"Trụ T1, T2 (Xà mũ trụ):x6",6.9,0.063,11.7
C74,20,"Trụ T1, T2 (Xà mũ trụ):x6a",3.2,0.063,11.7
C74,20,Mố M2:G7A,1.182,0.063,11.7
C74,20,Dầm chủ Super-T (15 phiến L=38.2m):Thanh neo,0.11,0.063,11.7
C74,20,Dầm chủ Super-T (15 phiến L=38.2m):Thanh neo,0.11,0.063,11.7
C74,20,Dầm chủ Super-T (15 phiến L=38.2m):Thanh neo,0.11,0.063,11.7
C75,20,"Trụ T1, T2 (Xà mũ trụ):x6",6.9,0.063,11.7
C75,20,"Trụ T1, T2 (Xà mũ trụ):x6a",3.2,0.063,11.7
C75,20,Mố M2:G7A,1.182,0.063,11.7
C75,20,Dầm chủ Super-T (15 phiến L=38.2m):Thanh neo,0.11,0.063,11.7
C75,20,Dầm chủ Super-T (15 phiến L=38.2m):Thanh neo,0.11,0.063,11.7
C75,20,Dầm chủ Super-T (15 phiến L=38.2m):Thanh neo,0.11,0.063,11.7
C76,20,"Trụ T1, T2 (Xà mũ trụ):x6",6.9,0.063,11.7
C76,20,"Trụ T1, T2 (Xà mũ trụ):x6a",3.2,0.063,11.7
C76,20,Mố M2:G7A,1.182,0.063,11.7
C76,20,Dầm chủ Super-T (15 phiến L=38.2m):Thanh neo,0.11,0.063,11.7
C76,20,Dầm chủ Super-T (15 phiến L=38.2m):Thanh neo,0.11,0.063,11.7
C76,20,Dầm chủ Super-T (15 phiến L=38.2m):Thanh neo,0.11,0.063,11.7
C77,20,"Trụ T1, T2 (Xà mũ trụ):x6",6.9,0.063,11.7
C77,20,"Trụ T1, T2 (Xà mũ trụ):x6a",3.2,0.063,11.7
C77,20,Mố M2:G7A,1.182,0.063,11.7
C77,20,Dầm chủ Super-T (15 phiến L=38.2m):Thanh neo,0.11,0.063,11.7
C77,20,Dầm chủ Super-T (15 phiến L=38.2m):Thanh neo,0.11,0.063,11.7
C77,20,Dầm chủ Super-T (15 phiến L=38.2m):Thanh neo,0.11,0.063,11.7
C78,20,"Trụ T1, T2 (Xà mũ trụ):x6",6.9,0.063,11.7
C78,20,"Trụ T1, T2 (Xà mũ trụ):x6a",3.2,0.063,11.7
C78,20,Mố M2:G7A,1.182,0.063,11.7
C78,20,Dầm chủ Super-T (15 phiến L=38.2m):Thanh neo,0.11,0.063,11.7
C78,20,Dầm chủ Super-T (15 phiến L=38.2m):Thanh neo,0.11,0.063,11.7
C78,20,Dầm chủ Super-T (15 phiến L=38.2m):Thanh neo,0.11,0.063,11.7
C79,20,"Trụ T1, T2 (Xà mũ trụ):x6",6.9,0.063,11.7
C79,20,"Trụ T1, T2 (Xà mũ trụ):x6a",3.2,0.063,11.7
C79,20,Mố M2:G7A,1.182,0.063,11.7
C79,20,Dầm chủ Super-T (15 phiến L=38.2m):Thanh neo,0.11,0.063,11.7
C79,20,Dầm chủ Super-T (15 phiến L=38.2m):Thanh neo,0.11,0.063,11.7
C79,20,Dầm chủ Super-T (15 phiến L=38.2m):Thanh neo,0.11,0.063,11.7
C80,20,"Trụ T1, T2 (Xà mũ trụ):x6",6.9,0.063,11.7
C80,20,"Trụ T1, T2 (Xà mũ trụ):x6a",3.2,0.063,11.7
C80,20,Gờ lan can BTCT:G7A,1.182,0.063,11.7
C80,20,Dầm chủ Super-T (15 phiến L=38.2m):Thanh neo,0.11,0.063,11.7
C80,20,Dầm chủ Super-T (15 phiến L=38.2m):Thanh neo,0.11,0.063,11.7
C80,20,Dầm chủ Super-T (15 phiến L=38.2m):Thanh neo,0.11,0.063,11.7
C81,20,"Trụ T1, T2 (Xà mũ trụ):x6",6.9,0.063,11.7
C81,20,"Trụ T1, T2 (Xà mũ trụ):x6a",3.2,0.063,11.7
C81,20,Gờ lan can BTCT:G7A,1.182,0.063,11.7
C81,20,Dầm chủ Super-T (15 phiến L=38.2m):Thanh neo,0.11,0.063,11.7
C81,20,Dầm chủ Super-T (15 phiến L=38.2m):Thanh neo,0.11,0.063,11.7
C81,20,Dầm chủ Super-T (15 phiến L=38.2m):Thanh neo,0.11,0.063,11.7
C82,20,"Trụ T1, T2 (Xà mũ trụ):x6",6.9,0.063,11.7
C82,20,"Trụ T1, T2 (Xà mũ trụ):x6a",3.2,0.063,11.7
C82,20,Gờ lan can BTCT:G7A,1.182,0.063,11.7
C82,20,Dầm chủ Super-T (15 phiến L=38.2m):Thanh neo,0.11,0.063,11.7
C82,20,Dầm chủ Super-T (15 phiến L=38.2m):Thanh neo,0.11,0.063,11.7
C82,20,Dầm chủ Super-T (15 phiến L=38.2m):Thanh neo,0.11,0.063,11.7
C83,20,"Trụ T1, T2 (Xà mũ trụ):x6",6.9,0.063,11.7
C83,20,"Trụ T1, T2 (Xà mũ trụ):x6a",3.2,0.063,11.7
C83,20,Gờ lan can BTCT:G7A,1.182,0.063,11.7
C83,20,Dầm chủ Super-T (15 phiến L=38.2m):Thanh neo,0.11,0.063,11.7
C83,20,Dầm chủ Super-T (15 phiến L=38.2m):Thanh neo,0.11,0.063,11.7
C83,20,Dầm chủ Super-T (15 phiến L=38.2m):Thanh neo,0.11,0.063,11.7
C84,20,"Trụ T1, T2 (Xà mũ trụ):x6",6.9,0.063,11.7
C84,20,"Trụ T1, T2 (Xà mũ trụ):x6a",3.2,0.063,11.7
C84,20,Gờ lan can BTCT:G7A,1.182,0.063,11.7
C84,20,Dầm chủ Super-T (15 phiến L=38.2m):Thanh neo,0.11,0.063,11.7
C84,20,Dầm chủ Super-T (15 phiến L=38.2m):Thanh neo,0.11,0.063,11.7
C84,20,Dầm chủ Super-T (15 phiến L=38.2m):Thanh neo,0.11,0.063,11.7
C85,20,"Trụ T1, T2 (Xà mũ trụ):x6",6.9,0.063,11.7
C85,20,"Trụ T1, T2 (Xà mũ trụ):x6a",3.2,0.063,11.7
C85,20,Gờ lan can BTCT:G7A,1.182,0.063,11.7
C85,20,Dầm chủ Super-T (15 phiến L=38.2m):Thanh neo,0.11,0.063,11.7
C85,20,Dầm chủ Super-T (15 phiến L=38.2m):Thanh neo,0.11,0.063,11.7
C85,20,Dầm chủ Super-T (15 phiến L=38.2m):Thanh neo,0.11,0.063,11.7
C86,20,"Trụ T1, T2 (Xà mũ trụ):x6",6.9,0.063,11.7
C86,20,"Trụ T1, T2 (Xà mũ trụ):x6a",3.2,0.063,11.7
C86,20,Gờ lan can BTCT:G7A,1.182,0.063,11.7
C86,20,Dầm chủ Super-T (15 phiến L=38.2m):Thanh neo,0.11,0.063,11.7
C86,20,Dầm chủ Super-T (15 phiến L=38.2m):Thanh neo,0.11,0.063,11.7
C86,20,Dầm chủ Super-T (15 phiến L=38.2m):Thanh neo,0.11,0.063,11.7
C87,20,"Trụ T1, T2 (Xà mũ trụ):x6",6.9,0.063,11.7
C87,20,"Trụ T1, T2 (Xà mũ trụ):x6a",3.2,0.063,11.7
C87,20,Gờ lan can BTCT:G7A,1.182,0.063,11.7
C87,20,Dầm chủ Super-T (15 phiến L=38.2m):Thanh neo,0.11,0.063,11.7
C87,20,Dầm chủ Super-T (15 phiến L=38.2m):Thanh neo,0.11,0.063,11.7
C87,20,Dầm chủ Super-T (15 phiến L=38.2m):Thanh neo,0.11,0.063,11.7
C88,20,"Trụ T1, T2 (Xà mũ trụ):x6",6.9,0.063,11.7
C88,20,"Trụ T1, T2 (Xà mũ trụ):x6a",3.2,0.063,11.7
C88,20,Gờ lan can BTCT:G7A,1.182,0.063,11.7
C88,20,Dầm chủ Super-T (15 phiến L=38.2m):Thanh neo,0.11,0.063,11.7
C88,20,Dầm chủ Super-T (15 phiến L=38.2m):Thanh neo,0.11,0.063,11.7
C88,20,Dầm chủ Super-T (15 phiến L=38.2m):Thanh neo,0.11,0.063,11.7
C89,20,"Trụ T1, T2 (Xà mũ trụ):x6",6.9,0.063,11.7
C89,20,"Trụ T1, T2 (Xà mũ trụ):x6a",3.2,0.063,11.7
C89,20,Gờ lan can BTCT:G7A,1.182,0.063,11.7
C89,20,Dầm chủ Super-T (15 phiến L=38.2m):Thanh neo,0.11,0.063,11.7
C89,20,Dầm chủ Super-T (15 phiến L=38.2m):Thanh neo,0.11,0.063,11.7
C89,20,Dầm chủ Super-T (15 phiến L=38.2m):Thanh neo,0.11,0.063,11.7
C90,20,"Trụ T1, T2 (Xà mũ trụ):x6",6.9,0.063,11.7
C90,20,"Trụ T1, T2 (Xà mũ trụ):x6a",3.2,0.063,11.7
C90,20,Gờ lan can BTCT:G7A,1.182,0.063,11.7
C90,20,Dầm chủ Super-T (15 phiến L=38.2m):Thanh neo,0.11,0.063,11.7
C90,20,Dầm chủ Super-T (15 phiến L=38.2m):Thanh neo,0.11,0.063,11.7
C90,20,Dầm chủ Super-T (15 phiến L=38.2m):Thanh neo,0.11,0.063,11.7
C91,20,"Trụ T1, T2 (Xà mũ trụ):x6",6.9,0.063,11.7
C91,20,"Trụ T1, T2 (Xà mũ trụ):x6a",3.2,0.063,11.7
C91,20,Gờ lan can BTCT:G7A,1.182,0.063,11.7
C91,20,Dầm chủ Super-T (15 phiến L=38.2m):Thanh neo,0.11,0.063,11.7
C91,20,Dầm chủ Super-T (15 phiến L=38.2m):Thanh neo,0.11,0.063,11.7
C91,20,Dầm chủ Super-T (15 phiến L=38.2m):Thanh neo,0.11,0.063,11.7
C92,20,"Trụ T1, T2 (Xà mũ trụ):x6",6.9,0.063,11.7
C92,20,"Trụ T1, T2 (Xà mũ trụ):x6a",3.2,0.063,11.7
C92,20,Gờ lan can BTCT:G7A,1.182,0.063,11.7
C92,20,Dầm chủ Super-T (15 phiến L=38.2m):Thanh neo,0.11,0.063,11.7
C92,20,Dầm chủ Super-T (15 phiến L=38.2m):Thanh neo,0.11,0.063,11.7
C92,20,Dầm chủ Super-T (15 phiến L=38.2m):Thanh neo,0.11,0.063,11.7
C93,20,"Trụ T1, T2 (Xà mũ trụ):x6",6.9,0.063,11.7
C93,20,"Trụ T1, T2 (Xà mũ trụ):x6a",3.2,0.063,11.7
C93,20,Gờ lan can BTCT:G7A,1.182,0.063,11.7
C93,20,Dầm chủ Super-T (15 phiến L=38.2m):Thanh neo,0.11,0.063,11.7
C93,20,Dầm chủ Super-T (15 phiến L=38.2m):Thanh neo,0.11,0.063,11.7
C93,20,Dầm chủ Super-T (15 phiến L=38.2m):Thanh neo,0.11,0.063,11.7
C94,20,"Trụ T1, T2 (Xà mũ trụ):x6",6.9,0.063,11.7
C94,20,"Trụ T1, T2 (Xà mũ trụ):x6a",3.2,0.063,11.7
C94,20,Gờ lan can BTCT:G7A,1.182,0.063,11.7
C94,20,Dầm chủ Super-T (15 phiến L=38.2m):Thanh neo,0.11,0.063,11.7
C94,20,Dầm chủ Super-T (15 phiến L=38.2m):Thanh neo,0.11,0.063,11.7
C94,20,Dầm chủ Super-T (15 phiến L=38.2m):Thanh neo,0.11,0.063,11.7
C95,20,"Trụ T1, T2 (Xà mũ trụ):x6",6.9,0.063,11.7
C95,20,"Trụ T1, T2 (Xà mũ trụ):x6a",3.2,0.063,11.7
C95,20,Gờ lan can BTCT:G7A,1.182,0.063,11.7
C95,20,Dầm chủ Super-T (15 phiến L=38.2m):Thanh neo,0.11,0.063,11.7
C95,20,Dầm chủ Super-T (15 phiến L=38.2m):Thanh neo,0.11,0.063,11.7
C95,20,Dầm chủ Super-T (15 phiến L=38.2m):Thanh neo,0.11,0.063,11.7
C96,20,"Trụ T1, T2 (Xà mũ trụ):x6",6.9,0.063,11.7
C96,20,"Trụ T1, T2 (Xà mũ trụ):x6a",3.2,0.063,11.7
C96,20,Gờ lan can BTCT:G7A,1.182,0.063,11.7
C96,20,Dầm chủ Super-T (15 phiến L=38.2m):Thanh neo,0.11,0.063,11.7
C96,20,Dầm chủ Super-T (15 phiến L=38.2m):Thanh neo,0.11,0.063,11.7
C96,20,Dầm chủ Super-T (15 phiến L=38.2m):Thanh neo,0.11,0.063,11.7
C97,20,"Trụ T1, T2 (Xà mũ trụ):x6",6.9,0.063,11.7
C97,20,"Trụ T1, T2 (Xà mũ trụ):x6a",3.2,0.063,11.7
C97,20,Gờ lan can BTCT:G7A,1.182,0.063,11.7
C97,20,Dầm chủ Super-T (15 phiến L=38.2m):Thanh neo,0.11,0.063,11.7
C97,20,Dầm chủ Super-T (15 phiến L=38.2m):Thanh neo,0.11,0.063,11.7
C97,20,Dầm chủ Super-T (15 phiến L=38.2m):Thanh neo,0.11,0.063,11.7
C98,20,"Trụ T1, T2 (Xà mũ trụ):x6",6.9,0.063,11.7
C98,20,"Trụ T1, T2 (Xà mũ trụ):x6a",3.2,0.063,11.7
C98,20,Gờ lan can BTCT:G7A,1.182,0.063,11.7
C98,20,Dầm chủ Super-T (15 phiến L=38.2m):Thanh neo,0.11,0.063,11.7
C98,20,Dầm chủ Super-T (15 phiến L=38.2m):Thanh neo,0.11,0.063,11.7
C98,20,Dầm chủ Super-T (15 phiến L=38.2m):Thanh neo,0.11,0.063,11.7
C99,20,"Trụ T1, T2 (Xà mũ trụ):x6",6.9,0.063,11.7
C99,20,"Trụ T1, T2 (Xà mũ trụ):x6a",3.2,0.063,11.7
C99,20,Gờ lan can BTCT:G7A,1.182,0.063,11.7
C99,20,Dầm chủ Super-T (15 phiến L=38.2m):Thanh neo,0.11,0.063,11.7
C99,20,Dầm chủ Super-T (15 phiến L=38.2m):Thanh neo,0.11,0.063,11.7
C99,20,Dầm chủ Super-T (15 phiến L=38.2m):Thanh neo,0.11,0.063,11.7
C100,20,"Trụ T1, T2 (Xà mũ trụ):x6",6.9,0.063,11.7
C100,20,"Trụ T1, T2 (Xà mũ trụ):x6a",3.2,0.063,11.7
C100,20,Gờ lan can BTCT:G7A,1.182,0.063,11.7
C100,20,Dầm chủ Super-T (15 phiến L=38.2m):Thanh neo,0.11,0.063,11.7
C100,20,Dầm chủ Super-T (15 phiến L=38.2m):Thanh neo,0.11,0.063,11.7
C100,20,Dầm chủ Super-T (15 phiến L=38.2m):Thanh neo,0.11,0.063,11.7
C101,20,"Trụ T1, T2 (Xà mũ trụ):x6",6.9,0.063,11.7
C101,20,"Trụ T1, T2 (Xà mũ trụ):x6a",3.2,0.063,11.7
C101,20,Gờ lan can BTCT:G7A,1.182,0.063,11.7
C101,20,Dầm chủ Super-T (15 phiến L=38.2m):Thanh neo,0.11,0.063,11.7
C101,20,Dầm chủ Super-T (15 phiến L=38.2m):Thanh neo,0.11,0.063,11.7
C101,20,Dầm chủ Super-T (15 phiến L=38.2m):Thanh neo,0.11,0.063,11.7
C102,20,"Trụ T1, T2 (Xà mũ trụ):x6",6.9,0.063,11.7
C102,20,"Trụ T1, T2 (Xà mũ trụ):x6a",3.2,0.063,11.7
C102,20,Gờ lan can BTCT:G7A,1.182,0.063,11.7
C102,20,Dầm chủ Super-T (15 phiến L=38.2m):Thanh neo,0.11,0.063,11.7
C102,20,Dầm chủ Super-T (15 phiến L=38.2m):Thanh neo,0.11,0.063,11.7
C102,20,Dầm chủ Super-T (15 phiến L=38.2m):Thanh neo,0.11,0.063,11.7
C103,20,"Trụ T1, T2 (Xà mũ trụ):x6",6.9,0.063,11.7
C103,20,"Trụ T1, T2 (Xà mũ trụ):x6a",3.2,0.063,11.7
C103,20,Gờ lan can BTCT:G7A,1.182,0.063,11.7
C103,20,Dầm chủ Super-T (15 phiến L=38.2m):Thanh neo,0.11,0.063,11.7
C103,20,Dầm chủ Super-T (15 phiến L=38.2m):Thanh neo,0.11,0.063,11.7
C103,20,Dầm chủ Super-T (15 phiến L=38.2m):Thanh neo,0.11,0.063,11.7
C104,20,"Trụ T1, T2 (Xà mũ trụ):x6",6.9,0.063,11.7
C104,20,"Trụ T1, T2 (Xà mũ trụ):x6a",3.2,0.063,11.7
C104,20,Gờ lan can BTCT:G7A,1.182,0.063,11.7
C104,20,Dầm chủ Super-T (15 phiến L=38.2m):Thanh neo,0.11,0.063,11.7
C104,20,Dầm chủ Super-T (15 phiến L=38.2m):Thanh neo,0.11,0.063,11.7
C104,20,Dầm chủ Super-T (15 phiến L=38.2m):Thanh neo,0.11,0.063,11.7
C105,20,"Trụ T1, T2 (Xà mũ trụ):x6",6.9,0.063,11.7
C105,20,"Trụ T1, T2 (Xà mũ trụ):x6a",3.2,0.063,11.7
C105,20,Gờ lan can BTCT:G7A,1.182,0.063,11.7
C105,20,Dầm chủ Super-T (15 phiến L=38.2m):Thanh neo,0.11,0.063,11.7
C105,20,Dầm chủ Super-T (15 phiến L=38.2m):Thanh neo,0.11,0.063,11.7
C105,20,Dầm chủ Super-T (15 phiến L=38.2m):Thanh neo,0.11,0.063,11.7
C106,20,"Trụ T1, T2 (Xà mũ trụ):x6",6.9,0.063,11.7
C106,20,"Trụ T1, T2 (Xà mũ trụ):x6a",3.2,0.063,11.7
C106,20,Gờ lan can BTCT:G7A,1.182,0.063,11.7
C106,20,Dầm chủ Super-T (15 phiến L=38.2m):Thanh neo,0.11,0.063,11.7
C106,20,Dầm chủ Super-T (15 phiến L=38.2m):Thanh neo,0.11,0.063,11.7
C106,20,Dầm chủ Super-T (15 phiến L=38.2m):Thanh neo,0.11,0.063,11.7
C107,20,"Trụ T1, T2 (Xà mũ trụ):x6",6.9,0.063,11.7
C107,20,"Trụ T1, T2 (Xà mũ trụ):x6a",3.2,0.063,11.7
C107,20,Gờ lan can BTCT:G7A,1.182,0.063,11.7
C107,20,Dầm chủ Super-T (15 phiến L=38.2m):Thanh neo,0.11,0.063,11.7
C107,20,Dầm chủ Super-T (15 phiến L=38.2m):Thanh neo,0.11,0.063,11.7
C107,20,Dầm chủ Super-T (15 phiến L=38.2m):Thanh neo,0.11,0.063,11.7
C108,20,"Trụ T1, T2 (Xà mũ trụ):x6",6.9,0.063,11.7
C108,20,"Trụ T1, T2 (Xà mũ trụ):x6a",3.2,0.063,11.7
C108,20,Gờ lan can BTCT:G7A,1.182,0.063,11.7
C108,20,Dầm chủ Super-T (15 phiến L=38.2m):Thanh neo,0.11,0.063,11.7
C108,20,Dầm chủ Super-T (15 phiến L=38.2m):Thanh neo,0.11,0.063,11.7
C108,20,Dầm chủ Super-T (15 phiến L=38.2m):Thanh neo,0.11,0.063,11.7
C109,20,"Trụ T1, T2 (Xà mũ trụ):x6",6.9,0.063,11.7
C109,20,"Trụ T1, T2 (Xà mũ trụ):x6a",3.2,0.063,11.7
C109,20,Gờ lan can BTCT:G7A,1.182,0.063,11.7
C109,20,Dầm chủ Super-T (15 phiến L=38.2m):Thanh neo,0.11,0.063,11.7
C109,20,Dầm chủ Super-T (15 phiến L=38.2m):Thanh neo,0.11,0.063,11.7
C109,20,Dầm chủ Super-T (15 phiến L=38.2m):Thanh neo,0.11,0.063,11.7
C110,20,"Trụ T1, T2 (Xà mũ trụ):x6",6.9,0.063,11.7
C110,20,"Trụ T1, T2 (Xà mũ trụ):x6a",3.2,0.063,11.7
C110,20,Gờ lan can BTCT:G7A,1.182,0.063,11.7
C110,20,Dầm chủ Super-T (15 phiến L=38.2m):Thanh neo,0.11,0.063,11.7
C110,20,Dầm chủ Super-T (15 phiến L=38.2m):Thanh neo,0.11,0.063,11.7
C110,20,Dầm chủ Super-T (15 phiến L=38.2m):Thanh neo,0.11,0.063,11.7
C111,20,"Trụ T1, T2 (Xà mũ trụ):x6",6.9,0.063,11.7
C111,20,"Trụ T1, T2 (Xà mũ trụ):x6a",3.2,0.063,11.7
C111,20,Gờ lan can BTCT:G7A,1.182,0.063,11.7
C111,20,Dầm chủ Super-T (15 phiến L=38.2m):Thanh neo,0.11,0.063,11.7
C111,20,Dầm chủ Super-T (15 phiến L=38.2m):Thanh neo,0.11,0.063,11.7
C111,20,Dầm chủ Super-T (15 phiến L=38.2m):Thanh neo,0.11,0.063,11.7
C112,20,"Trụ T1, T2 (Xà mũ trụ):x6",6.9,0.063,11.7
C112,20,"Trụ T1, T2 (Xà mũ trụ):x6a",3.2,0.063,11.7
C112,20,Gờ lan can BTCT:G7A,1.182,0.063,11.7
C112,20,Dầm chủ Super-T (15 phiến L=38.2m):Thanh neo,0.11,0.063,11.7
C112,20,Dầm chủ Super-T (15 phiến L=38.2m):Thanh neo,0.11,0.063,11.7
C112,20,Dầm chủ Super-T (15 phiến L=38.2m):Thanh neo,0.11,0.063,11.7
C113,20,"Trụ T1, T2 (Xà mũ trụ):x6",6.9,0.063,11.7
C113,20,"Trụ T1, T2 (Xà mũ trụ):x6a",3.2,0.063,11.7
C113,20,Gờ lan can BTCT:G7A,1.182,0.063,11.7
C113,20,Dầm chủ Super-T (15 phiến L=38.2m):Thanh neo,0.11,0.063,11.7
C113,20,Dầm chủ Super-T (15 phiến L=38.2m):Thanh neo,0.11,0.063,11.7
C113,20,Dầm chủ Super-T (15 phiến L=38.2m):Thanh neo,0.11,0.063,11.7
C114,20,"Trụ T1, T2 (Xà mũ trụ):x6",6.9,0.063,11.7
C114,20,"Trụ T1, T2 (Xà mũ trụ):x6a",3.2,0.063,11.7
C114,20,Gờ lan can BTCT:G7A,1.182,0.063,11.7
C114,20,Dầm chủ Super-T (15 phiến L=38.2m):Thanh neo,0.11,0.063,11.7
C114,20,Dầm chủ Super-T (15 phiến L=38.2m):Thanh neo,0.11,0.063,11.7
C114,20,Dầm chủ Super-T (15 phiến L=38.2m):Thanh neo,0.11,0.063,11.7
C115,20,"Trụ T1, T2 (Xà mũ trụ):x6",6.9,0.063,11.7
C115,20,"Trụ T1, T2 (Xà mũ trụ):x6a",3.2,0.063,11.7
C115,20,Gờ lan can BTCT:G7A,1.182,0.063,11.7
C115,20,Dầm chủ Super-T (15 phiến L=38.2m):Thanh neo,0.11,0.063,11.7
C115,20,Dầm chủ Super-T (15 phiến L=38.2m):Thanh neo,0.11,0.063,11.7
C115,20,Dầm chủ Super-T (15 phiến L=38.2m):Thanh neo,0.11,0.063,11.7
C116,20,"Trụ T1, T2 (Xà mũ trụ):x6",6.9,0.063,11.7
C116,20,"Trụ T1, T2 (Xà mũ trụ):x6a",3.2,0.063,11.7
C116,20,Gờ lan can BTCT:G7A,1.182,0.063,11.7
C116,20,Dầm chủ Super-T (15 phiến L=38.2m):Thanh neo,0.11,0.063,11.7
C116,20,Dầm chủ Super-T (15 phiến L=38.2m):Thanh neo,0.11,0.063,11.7
C116,20,Dầm chủ Super-T (15 phiến L=38.2m):Thanh neo,0.11,0.063,11.7
C117,20,"Trụ T1, T2 (Xà mũ trụ):x6",6.9,0.063,11.7
C117,20,"Trụ T1, T2 (Xà mũ trụ):x6a",3.2,0.063,11.7
C117,20,Gờ lan can BTCT:G7A,1.182,0.063,11.7
C117,20,Dầm chủ Super-T (15 phiến L=38.2m):Thanh neo,0.11,0.063,11.7
C117,20,Dầm chủ Super-T (15 phiến L=38.2m):Thanh neo,0.11,0.063,11.7
C117,20,Dầm chủ Super-T (15 phiến L=38.2m):Thanh neo,0.11,0.063,11.7
C118,20,"Trụ T1, T2 (Xà mũ trụ):x6",6.9,0.063,11.7
C118,20,"Trụ T1, T2 (Xà mũ trụ):x6a",3.2,0.063,11.7
C118,20,Gờ lan can BTCT:G7A,1.182,0.063,11.7
C118,20,Dầm chủ Super-T (15 phiến L=38.2m):Thanh neo,0.11,0.063,11.7
C118,20,Dầm chủ Super-T (15 phiến L=38.2m):Thanh neo,0.11,0.063,11.7
C118,20,Dầm chủ Super-T (15 phiến L=38.2m):Thanh neo,0.11,0.063,11.7
C119,20,"Trụ T1, T2 (Xà mũ trụ):x6",6.9,0.063,11.7
C119,20,"Trụ T1, T2 (Xà mũ trụ):x6a",3.2,0.063,11.7
C119,20,Gờ lan can BTCT:G7A,1.182,0.063,11.7
C119,20,Dầm chủ Super-T (15 phiến L=38.2m):Thanh neo,0.11,0.063,11.7
C119,20,Dầm chủ Super-T (15 phiến L=38.2m):Thanh neo,0.11,0.063,11.7
C119,20,Dầm chủ Super-T (15 phiến L=38.2m):Thanh neo,0.11,0.063,11.7
C120,20,"Trụ T1, T2 (Xà mũ trụ):x6",6.9,0.063,11.7
C120,20,"Trụ T1, T2 (Xà mũ trụ):x6a",3.2,0.063,11.7
C120,20,Gờ lan can BTCT:G7A,1.182,0.063,11.7
C120,20,Dầm chủ Super-T (15 phiến L=38.2m):Thanh neo,0.11,0.063,11.7
C120,20,Dầm chủ Super-T (15 phiến L=38.2m):Thanh neo,0.11,0.063,11.7
C120,20,Dầm chủ Super-T (15 phiến L=38.2m):Thanh neo,0.11,0.063,11.7
C121,20,"Trụ T1, T2 (Xà mũ trụ):x6",6.9,0.063,11.7
C121,20,"Trụ T1, T2 (Xà mũ trụ):x6a",3.2,0.063,11.7
C121,20,Gờ lan can BTCT:G7A,1.182,0.063,11.7
C121,20,Dầm chủ Super-T (15 phiến L=38.2m):Thanh neo,0.11,0.063,11.7
C121,20,Dầm chủ Super-T (15 phiến L=38.2m):Thanh neo,0.11,0.063,11.7
C121,20,Dầm chủ Super-T (15 phiến L=38.2m):Thanh neo,0.11,0.063,11.7
C122,20,"Trụ T1, T2 (Xà mũ trụ):x6",6.9,0.063,11.7
C122,20,"Trụ T1, T2 (Xà mũ trụ):x6a",3.2,0.063,11.7
C122,20,Gờ lan can BTCT:G7A,1.182,0.063,11.7
C122,20,Dầm chủ Super-T (15 phiến L=38.2m):Thanh neo,0.11,0.063,11.7
C122,20,Dầm chủ Super-T (15 phiến L=38.2m):Thanh neo,0.11,0.063,11.7
C122,20,Dầm chủ Super-T (15 phiến L=38.2m):Thanh neo,0.11,0.063,11.7
C123,20,"Trụ T1, T2 (Xà mũ trụ):x6",6.9,0.063,11.7
C123,20,"Trụ T1, T2 (Xà mũ trụ):x6a",3.2,0.063,11.7
C123,20,Gờ lan can BTCT:G7A,1.182,0.063,11.7
C123,20,Dầm chủ Super-T (15 phiến L=38.2m):Thanh neo,0.11,0.063,11.7
C123,20,Dầm chủ Super-T (15 phiến L=38.2m):Thanh neo,0.11,0.063,11.7
C123,20,Dầm chủ Super-T (15 phiến L=38.2m):Thanh neo,0.11,0.063,11.7
C124,20,"Trụ T1, T2 (Xà mũ trụ):x6",6.9,0.063,11.7
C124,20,"Trụ T1, T2 (Xà mũ trụ):x6a",3.2,0.063,11.7
C124,20,Gờ lan can BTCT:G7A,1.182,0.063,11.7
C124,20,Dầm chủ Super-T (15 phiến L=38.2m):Thanh neo,0.11,0.063,11.7
C124,20,Dầm chủ Super-T (15 phiến L=38.2m):Thanh neo,0.11,0.063,11.7
C124,20,Dầm chủ Super-T (15 phiến L=38.2m):Thanh neo,0.11,0.063,11.7
C125,20,"Trụ T1, T2 (Xà mũ trụ):x6",6.9,0.063,11.7
C125,20,"Trụ T1, T2 (Xà mũ trụ):x6a",3.2,0.063,11.7
C125,20,Gờ lan can BTCT:G7A,1.182,0.063,11.7
C125,20,Dầm chủ Super-T (15 phiến L=38.2m):Thanh neo,0.11,0.063,11.7
C125,20,Dầm chủ Super-T (15 phiến L=38.2m):Thanh neo,0.11,0.063,11.7
C125,20,Dầm chủ Super-T (15 phiến L=38.2m):Thanh neo,0.11,0.063,11.7
C126,20,"Trụ T1, T2 (Xà mũ trụ):x6",6.9,0.063,11.7
C126,20,"Trụ T1, T2 (Xà mũ trụ):x6a",3.2,0.063,11.7
C126,20,Gờ lan can BTCT:G7A,1.182,0.063,11.7
C126,20,Dầm chủ Super-T (15 phiến L=38.2m):Thanh neo,0.11,0.063,11.7
C126,20,Dầm chủ Super-T (15 phiến L=38.2m):Thanh neo,0.11,0.063,11.7
C126,20,Dầm chủ Super-T (15 phiến L=38.2m):Thanh neo,0.11,0.063,11.7
C127,20,"Trụ T1, T2 (Xà mũ trụ):x6",6.9,0.063,11.7
C127,20,"Trụ T1, T2 (Xà mũ trụ):x6a",3.2,0.063,11.7
C127,20,Gờ lan can BTCT:G7A,1.182,0.063,11.7
C127,20,Dầm chủ Super-T (15 phiến L=38.2m):Thanh neo,0.11,0.063,11.7
C127,20,Dầm chủ Super-T (15 phiến L=38.2m):Thanh neo,0.11,0.063,11.7
C127,20,Dầm chủ Super-T (15 phiến L=38.2m):Thanh neo,0.11,0.063,11.7
C128,20,"Trụ T1, T2 (Xà mũ trụ):x6",6.9,0.063,11.7
C128,20,"Trụ T1, T2 (Xà mũ trụ):x6a",3.2,0.063,11.7
C128,20,Gờ lan can BTCT:G7A,1.182,0.063,11.7
C128,20,Dầm chủ Super-T (15 phiến L=38.2m):Thanh neo,0.11,0.063,11.7
C128,20,Dầm chủ Super-T (15 phiến L=38.2m):Thanh neo,0.11,0.063,11.7
C128,20,Dầm chủ Super-T (15 phiến L=38.2m):Thanh neo,0.11,0.063,11.7
C129,20,"Trụ T1, T2 (Xà mũ trụ):x6",6.9,0.063,11.7
C129,20,"Trụ T1, T2 (Xà mũ trụ):x6a",3.2,0.063,11.7
C129,20,Gờ lan can BTCT:G7A,1.182,0.063,11.7
C129,20,Dầm chủ Super-T (15 phiến L=38.2m):Thanh neo,0.11,0.063,11.7
C129,20,Dầm chủ Super-T (15 phiến L=38.2m):Thanh neo,0.11,0.063,11.7
C129,20,Dầm chủ Super-T (15 phiến L=38.2m):Thanh neo,0.11,0.063,11.7
C130,20,"Trụ T1, T2 (Xà mũ trụ):x6",6.9,0.063,11.7
C130,20,"Trụ T1, T2 (Xà mũ trụ):x6a",3.2,0.063,11.7
C130,20,Gờ lan can BTCT:G7A,1.182,0.063,11.7
C130,20,Dầm chủ Super-T (15 phiến L=38.2m):Thanh neo,0.11,0.063,11.7
C130,20,Dầm chủ Super-T (15 phiến L=38.2m):Thanh neo,0.11,0.063,11.7
C130,20,Dầm chủ Super-T (15 phiến L=38.2m):Thanh neo,0.11,0.063,11.7
C131,20,"Trụ T1, T2 (Xà mũ trụ):x6",6.9,0.063,11.7
C131,20,"Trụ T1, T2 (Xà mũ trụ):x6a",3.2,0.063,11.7
C131,20,Gờ lan can BTCT:G7A,1.182,0.063,11.7
C131,20,Dầm chủ Super-T (15 phiến L=38.2m):Thanh neo,0.11,0.063,11.7
C131,20,Dầm chủ Super-T (15 phiến L=38.2m):Thanh neo,0.11,0.063,11.7
C131,20,Dầm chủ Super-T (15 phiến L=38.2m):Thanh neo,0.11,0.063,11.7
C132,20,"Trụ T1, T2 (Xà mũ trụ):x6",6.9,0.063,11.7
C132,20,"Trụ T1, T2 (Xà mũ trụ):x6a",3.2,0.063,11.7
C132,20,Gờ lan can BTCT:G7A,1.182,0.063,11.7
C132,20,Dầm chủ Super-T (15 phiến L=38.2m):Thanh neo,0.11,0.063,11.7
C132,20,Dầm chủ Super-T (15 phiến L=38.2m):Thanh neo,0.11,0.063,11.7
C132,20,Dầm chủ Super-T (15 phiến L=38.2m):Thanh neo,0.11,0.063,11.7
C133,20,"Trụ T1, T2 (Xà mũ trụ):x6",6.9,0.063,11.7
C133,20,"Trụ T1, T2 (Xà mũ trụ):x6a",3.2,0.063,11.7
C133,20,Gờ lan can BTCT:G7A,1.182,0.063,11.7
C133,20,Dầm chủ Super-T (15 phiến L=38.2m):Thanh neo,0.11,0.063,11.7
C133,20,Dầm chủ Super-T (15 phiến L=38.2m):Thanh neo,0.11,0.063,11.7
C133,20,Dầm chủ Super-T (15 phiến L=38.2m):Thanh neo,0.11,0.063,11.7
C134,20,"Trụ T1, T2 (Xà mũ trụ):x6",6.9,0.063,11.7
C134,20,"Trụ T1, T2 (Xà mũ trụ):x6a",3.2,0.063,11.7
C134,20,Gờ lan can BTCT:G7A,1.182,0.063,11.7
C134,20,Dầm chủ Super-T (15 phiến L=38.2m):Thanh neo,0.11,0.063,11.7
C134,20,Dầm chủ Super-T (15 phiến L=38.2m):Thanh neo,0.11,0.063,11.7
C134,20,Dầm chủ Super-T (15 phiến L=38.2m):Thanh neo,0.11,0.063,11.7
C135,20,"Trụ T1, T2 (Xà mũ trụ):x6",6.9,0.063,11.7
C135,20,"Trụ T1, T2 (Xà mũ trụ):x6a",3.2,0.063,11.7
C135,20,Gờ lan can BTCT:G7A,1.182,0.063,11.7
C135,20,Dầm chủ Super-T (15 phiến L=38.2m):Thanh neo,0.11,0.063,11.7
C135,20,Dầm chủ Super-T (15 phiến L=38.2m):Thanh neo,0.11,0.063,11.7
C135,20,Dầm chủ Super-T (15 phiến L=38.2m):Thanh neo,0.11,0.063,11.7
C136,20,"Trụ T1, T2 (Xà mũ trụ):x6",6.9,0.063,11.7
C136,20,"Trụ T1, T2 (Xà mũ trụ):x6a",3.2,0.063,11.7
C136,20,Gờ lan can BTCT:G7A,1.182,0.063,11.7
C136,20,Dầm chủ Super-T (15 phiến L=38.2m):Thanh neo,0.11,0.063,11.7
C136,20,Dầm chủ Super-T (15 phiến L=38.2m):Thanh neo,0.11,0.063,11.7
C136,20,Dầm chủ Super-T (15 phiến L=38.2m):Thanh neo,0.11,0.063,11.7
C137,20,"Trụ T1, T2 (Xà mũ trụ):x6",6.9,0.063,11.7
C137,20,"Trụ T1, T2 (Xà mũ trụ):x6a",3.2,0.063,11.7
C137,20,Gờ lan can BTCT:G7A,1.182,0.063,11.7
C137,20,Dầm chủ Super-T (15 phiến L=38.2m):Thanh neo,0.11,0.063,11.7
C137,20,Dầm chủ Super-T (15 phiến L=38.2m):Thanh neo,0.11,0.063,11.7
C137,20,Dầm chủ Super-T (15 phiến L=38.2m):Thanh neo,0.11,0.063,11.7
C138,20,"Trụ T1, T2 (Xà mũ trụ):x6",6.9,0.063,11.7
C138,20,"Trụ T1, T2 (Xà mũ trụ):x6a",3.2,0.063,11.7
C138,20,Gờ lan can BTCT:G7A,1.182,0.063,11.7
C138,20,Dầm chủ Super-T (15 phiến L=38.2m):Thanh neo,0.11,0.063,11.7
C138,20,Dầm chủ Super-T (15 phiến L=38.2m):Thanh neo,0.11,0.063,11.7
C138,20,Dầm chủ Super-T (15 phiến L=38.2m):Thanh neo,0.11,0.063,11.7
C139,20,"Trụ T1, T2 (Xà mũ trụ):x6",6.9,0.063,11.7
C139,20,"Trụ T1, T2 (Xà mũ trụ):x6a",3.2,0.063,11.7
C139,20,Gờ lan can BTCT:G7A,1.182,0.063,11.7
C139,20,Dầm chủ Super-T (15 phiến L=38.2m):Thanh neo,0.11,0.063,11.7
C139,20,Dầm chủ Super-T (15 phiến L=38.2m):Thanh neo,0.11,0.063,11.7
C139,20,Dầm chủ Super-T (15 phiến L=38.2m):Thanh neo,0.11,0.063,11.7
C140,20,"Trụ T1, T2 (Xà mũ trụ):x6",6.9,0.063,11.7
C140,20,"Trụ T1, T2 (Xà mũ trụ):x6a",3.2,0.063,11.7
C140,20,Gờ lan can BTCT:G7A,1.182,0.063,11.7
C140,20,Dầm chủ Super-T (15 phiến L=38.2m):Thanh neo,0.11,0.063,11.7
C140,20,Dầm chủ Super-T (15 phiến L=38.2m):Thanh neo,0.11,0.063,11.7
C140,20,Dầm chủ Super-T (15 phiến L=38.2m):Thanh neo,0.11,0.063,11.7
C141,20,"Trụ T1, T2 (Xà mũ trụ):x6",6.9,0.063,11.7
C141,20,"Trụ T1, T2 (Xà mũ trụ):x6a",3.2,0.063,11.7
C141,20,Gờ lan can BTCT:G7A,1.182,0.063,11.7
C141,20,Dầm chủ Super-T (15 phiến L=38.2m):Thanh neo,0.11,0.063,11.7
C141,20,Dầm chủ Super-T (15 phiến L=38.2m):Thanh neo,0.11,0.063,11.7
C141,20,Dầm chủ Super-T (15 phiến L=38.2m):Thanh neo,0.11,0.063,11.7
C142,20,"Trụ T1, T2 (Xà mũ trụ):x6",6.9,0.063,11.7
C142,20,"Trụ T1, T2 (Xà mũ trụ):x6a",3.2,0.063,11.7
C142,20,Gờ lan can BTCT:G7A,1.182,0.063,11.7
C142,20,Dầm chủ Super-T (15 phiến L=38.2m):Thanh neo,0.11,0.063,11.7
C142,20,Dầm chủ Super-T (15 phiến L=38.2m):Thanh neo,0.11,0.063,11.7
C142,20,Dầm chủ Super-T (15 phiến L=38.2m):Thanh neo,0.11,0.063,11.7
C143,20,"Trụ T1, T2 (Xà mũ trụ):x6",6.9,0.063,11.7
C143,20,"Trụ T1, T2 (Xà mũ trụ):x6a",3.2,0.063,11.7
C143,20,Gờ lan can BTCT:G7A,1.182,0.063,11.7
C143,20,Dầm chủ Super-T (15 phiến L=38.2m):Thanh neo,0.11,0.063,11.7
C143,20,Dầm chủ Super-T (15 phiến L=38.2m):Thanh neo,0.11,0.063,11.7
C143,20,Dầm chủ Super-T (15 phiến L=38.2m):Thanh neo,0.11,0.063,11.7
C144,20,"Trụ T1, T2 (Xà mũ trụ):x6",6.9,0.063,11.7
C144,20,"Trụ T1, T2 (Xà mũ trụ):x6a",3.2,0.063,11.7
C144,20,Gờ lan can BTCT:G7A,1.182,0.063,11.7
C144,20,Dầm chủ Super-T (15 phiến L=38.2m):Thanh neo,0.11,0.063,11.7
C144,20,Dầm chủ Super-T (15 phiến L=38.2m):Thanh neo,0.11,0.063,11.7
C144,20,Dầm chủ Super-T (15 phiến L=38.2m):Thanh neo,0.11,0.063,11.7
C145,20,"Trụ T1, T2 (Xà mũ trụ):x6",6.9,0.063,11.7
C145,20,"Trụ T1, T2 (Xà mũ trụ):x6a",3.2,0.063,11.7
C145,20,Gờ lan can BTCT:G7A,1.182,0.063,11.7
C145,20,Dầm chủ Super-T (15 phiến L=38.2m):Thanh neo,0.11,0.063,11.7
C145,20,Dầm chủ Super-T (15 phiến L=38.2m):Thanh neo,0.11,0.063,11.7
C145,20,Dầm chủ Super-T (15 phiến L=38.2m):Thanh neo,0.11,0.063,11.7
C146,20,"Trụ T1, T2 (Xà mũ trụ):x6",6.9,0.063,11.7
C146,20,"Trụ T1, T2 (Xà mũ trụ):x6a",3.2,0.063,11.7
C146,20,Gờ lan can BTCT:G7A,1.182,0.063,11.7
C146,20,Dầm chủ Super-T (15 phiến L=38.2m):Thanh neo,0.11,0.063,11.7
C146,20,Dầm chủ Super-T (15 phiến L=38.2m):Thanh neo,0.11,0.063,11.7
C146,20,Dầm chủ Super-T (15 phiến L=38.2m):Thanh neo,0.11,0.063,11.7
C147,20,"Trụ T1, T2 (Xà mũ trụ):x6",6.9,0.063,11.7
C147,20,"Trụ T1, T2 (Xà mũ trụ):x6a",3.2,0.063,11.7
C147,20,Gờ lan can BTCT:G7A,1.182,0.063,11.7
C147,20,Dầm chủ Super-T (15 phiến L=38.2m):Thanh neo,0.11,0.063,11.7
C147,20,Dầm chủ Super-T (15 phiến L=38.2m):Thanh neo,0.11,0.063,11.7
C147,20,Dầm chủ Super-T (15 phiến L=38.2m):Thanh neo,0.11,0.063,11.7
C148,20,"Trụ T1, T2 (Xà mũ trụ):x6",6.9,0.063,11.7
C148,20,"Trụ T1, T2 (Xà mũ trụ):x6a",3.2,0.063,11.7
C148,20,Gờ lan can BTCT:G7A,1.182,0.063,11.7
C148,20,Dầm chủ Super-T (15 phiến L=38.2m):Thanh neo,0.11,0.063,11.7
C148,20,Dầm chủ Super-T (15 phiến L=38.2m):Thanh neo,0.11,0.063,11.7
C148,20,Dầm chủ Super-T (15 phiến L=38.2m):Thanh neo,0.11,0.063,11.7
C149,20,"Trụ T1, T2 (Xà mũ trụ):x6",6.9,0.1,11.7
C149,20,"Trụ T1, T2 (Xà mũ trụ):x6a",3.2,0.1,11.7
C149,20,Dầm chủ Super-T (15 phiến L=38.2m):Thanh neo,0.11,0.1,11.7
C149,20,Dầm chủ Super-T (15 phiến L=38.2m):Thanh neo,0.11,0.1,11.7
C149,20,Dầm chủ Super-T (15 phiến L=38.2m):Thanh neo,0.11,0.1,11.7
C149,20,Dầm chủ Super-T (15 phiến L=38.2m):Thanh neo,0.11,0.1,11.7
C149,20,Dầm chủ Super-T (15 phiến L=38.2m):Thanh neo,0.11,0.1,11.7
C149,20,Dầm chủ Super-T (15 phiến L=38.2m):Thanh neo,0.11,0.1,11.7
C149,20,Dầm chủ Super-T (15 phiến L=38.2m):Thanh neo,0.11,0.1,11.7
C149,20,Dầm chủ Super-T (15 phiến L=38.2m):Thanh neo,0.11,0.1,11.7
C149,20,Dầm chủ Super-T (15 phiến L=38.2m):Thanh neo,0.11,0.1,11.7
C149,20,Dầm chủ Super-T (15 phiến L=38.2m):Thanh neo,0.11,0.1,11.7
C149,20,Dầm chủ Super-T (15 phiến L=38.2m):Thanh neo,0.11,0.1,11.7
C149,20,Dầm chủ Super-T (15 phiến L=38.2m):Thanh neo,0.11,0.1,11.7
C149,20,Dầm chủ Super-T (15 phiến L=38.2m):Thanh neo,0.11,0.1,11.7
C150,20,"Trụ T1, T2 (Xà mũ trụ):x6",6.9,0.1,11.7
C150,20,"Trụ T1, T2 (Xà mũ trụ):x6a",3.2,0.1,11.7
C150,20,Dầm chủ Super-T (15 phiến L=38.2m):Thanh neo,0.11,0.1,11.7
C150,20,Dầm chủ Super-T (15 phiến L=38.2m):Thanh neo,0.11,0.1,11.7
C150,20,Dầm chủ Super-T (15 phiến L=38.2m):Thanh neo,0.11,0.1,11.7
C150,20,Dầm chủ Super-T (15 phiến L=38.2m):Thanh neo,0.11,0.1,11.7
C150,20,Dầm chủ Super-T (15 phiến L=38.2m):Thanh neo,0.11,0.1,11.7
C150,20,Dầm chủ Super-T (15 phiến L=38.2m):Thanh neo,0.11,0.1,11.7
C150,20,Dầm chủ Super-T (15 phiến L=38.2m):Thanh neo,0.11,0.1,11.7
C150,20,Dầm chủ Super-T (15 phiến L=38.2m):Thanh neo,0.11,0.1,11.7
C150,20,Dầm chủ Super-T (15 phiến L=38.2m):Thanh neo,0.11,0.1,11.7
C150,20,Dầm chủ Super-T (15 phiến L=38.2m):Thanh neo,0.11,0.1,11.7
C150,20,Dầm chủ Super-T (15 phiến L=38.2m):Thanh neo,0.11,0.1,11.7
C150,20,Dầm chủ Super-T (15 phiến L=38.2m):Thanh neo,0.11,0.1,11.7
C150,20,Dầm chủ Super-T (15 phiến L=38.2m):Thanh neo,0.11,0.1,11.7
C151,20,"Trụ T1, T2 (Xà mũ trụ):x6",6.9,0.445,11.7
C151,20,"Trụ T1, T2 (Xà mũ trụ):x6a",3.2,0.445,11.7
C151,20,Dầm chủ Super-T (15 phiến L=38.2m):Thanh neo,0.11,0.445,11.7
C151,20,Dầm chủ Super-T (15 phiến L=38.2m):Thanh neo,0.11,0.445,11.7
C151,20,Dầm chủ Super-T (15 phiến L=38.2m):Thanh neo,0.11,0.445,11.7
C151,20,Dầm chủ Super-T (15 phiến L=38.2m):Thanh neo,0.11,0.445,11.7
C151,20,Dầm chủ Super-T (15 phiến L=38.2m):Thanh neo,0.11,0.445,11.7
C151,20,Dầm chủ Super-T (15 phiến L=38.2m):Thanh neo,0.11,0.445,11.7
C151,20,Dầm chủ Super-T (15 phiến L=38.2m):Thanh neo,0.11,0.445,11.7
C151,20,Dầm chủ Super-T (15 phiến L=38.2m):Thanh neo,0.11,0.445,11.7
C151,20,Dầm chủ Super-T (15 phiến L=38.2m):Thanh neo,0.11,0.445,11.7
C151,20,Dầm chủ Super-T (15 phiến L=38.2m):Thanh neo,0.11,0.445,11.7
C152,20,"Trụ T1, T2 (Xà mũ trụ):x6",6.9,0.738,11.7
C152,20,Gờ lan can BTCT:G6,2.026,0.738,11.7
C152,20,Gờ lan can BTCT:G6,2.026,0.738,11.7
C153,20,"Trụ T1, T2 (Xà mũ trụ):x6",6.9,0.738,11.7
C153,20,Gờ lan can BTCT:G6,2.026,0.738,11.7
C153,20,Gờ lan can BTCT:G6,2.026,0.738,11.7
C154,20,"Trụ T1, T2 (Xà mũ trụ):x6",6.9,0.738,11.7
C154,20,Gờ lan can BTCT:G6,2.026,0.738,11.7
C154,20,Gờ lan can BTCT:G6,2.026,0.738,11.7
C155,20,"Trụ T1, T2 (Xà mũ trụ):x6",6.9,0.738,11.7
C155,20,Gờ lan can BTCT:G6,2.026,0.738,11.7
C155,20,Gờ lan can BTCT:G6,2.026,0.738,11.7
C156,20,"Trụ T1, T2 (Xà mũ trụ):x6",6.9,0.738,11.7
C156,20,Gờ lan can BTCT:G6,2.026,0.738,11.7
C156,20,Gờ lan can BTCT:G6,2.026,0.738,11.7
C157,20,"Trụ T1, T2 (Xà mũ trụ):x6",6.9,0.738,11.7
C157,20,Gờ lan can BTCT:G6,2.026,0.738,11.7
C157,20,Gờ lan can BTCT:G6,2.026,0.738,11.7
C158,20,"Trụ T1, T2 (Xà mũ trụ):x6",6.9,0.738,11.7
C158,20,Gờ lan can BTCT:G6,2.026,0.738,11.7
C158,20,Gờ lan can BTCT:G6,2.026,0.738,11.7
C159,20,"Trụ T1, T2 (Xà mũ trụ):x6",6.9,0.738,11.7
C159,20,Gờ lan can BTCT:G6,2.026,0.738,11.7
C159,20,Gờ lan can BTCT:G6,2.026,0.738,11.7
C160,20,"Trụ T1, T2 (Xà mũ trụ):x6",6.9,0.738,11.7
C160,20,Gờ lan can BTCT:G6,2.026,0.738,11.7
C160,20,Gờ lan can BTCT:G6,2.026,0.738,11.7
C161,20,"Trụ T1, T2 (Xà mũ trụ):x6",6.9,0.738,11.7
C161,20,Gờ lan can BTCT:G6,2.026,0.738,11.7
C161,20,Gờ lan can BTCT:G6,2.026,0.738,11.7
C162,20,"Trụ T1, T2 (Xà mũ trụ):x6",6.9,0.738,11.7
C162,20,Gờ lan can BTCT:G6,2.026,0.738,11.7
C162,20,Gờ lan can BTCT:G6,2.026,0.738,11.7
C163,20,"Trụ T1, T2 (Xà mũ trụ):x6",6.9,0.738,11.7
C163,20,Gờ lan can BTCT:G6,2.026,0.738,11.7
C163,20,Gờ lan can BTCT:G6,2.026,0.738,11.7
C164,20,"Trụ T1, T2 (Xà mũ trụ):x6",6.9,0.738,11.7
C164,20,Gờ lan can BTCT:G6,2.026,0.738,11.7
C164,20,Gờ lan can BTCT:G6,2.026,0.738,11.7
C165,20,"Trụ T1, T2 (Xà mũ trụ):x6",6.9,0.738,11.7
C165,20,Gờ lan can BTCT:G6,2.026,0.738,11.7
C165,20,Gờ lan can BTCT:G6,2.026,0.738,11.7
C166,20,"Trụ T1, T2 (Xà mũ trụ):x6",6.9,0.738,11.7
C166,20,Gờ lan can BTCT:G6,2.026,0.738,11.7
C166,20,Gờ lan can BTCT:G6,2.026,0.738,11.7
C167,20,"Trụ T1, T2 (Xà mũ trụ):x6",6.9,0.738,11.7
C167,20,Gờ lan can BTCT:G6,2.026,0.738,11.7
C167,20,Gờ lan can BTCT:G6,2.026,0.738,11.7
C168,20,"Trụ T1, T2 (Xà mũ trụ):x6",6.9,0.738,11.7
C168,20,Gờ lan can BTCT:G6,2.026,0.738,11.7
C168,20,Gờ lan can BTCT:G6,2.026,0.738,11.7
C169,20,"Trụ T1, T2 (Xà mũ trụ):x6",6.9,0.738,11.7
C169,20,Gờ lan can BTCT:G6,2.026,0.738,11.7
C169,20,Gờ lan can BTCT:G6,2.026,0.738,11.7
C170,20,"Trụ T1, T2 (Xà mũ trụ):x6",6.9,0.738,11.7
C170,20,Gờ lan can BTCT:G6,2.026,0.738,11.7
C170,20,Gờ lan can BTCT:G6,2.026,0.738,11.7
C171,20,"Trụ T1, T2 (Xà mũ trụ):x6",6.9,0.738,11.7
C171,20,Gờ lan can BTCT:G6,2.026,0.738,11.7
C171,20,Gờ lan can BTCT:G6,2.026,0.738,11.7
C172,20,"Trụ T1, T2 (Xà mũ trụ):x6",6.9,0.738,11.7
C172,20,Gờ lan can BTCT:G6,2.026,0.738,11.7
C172,20,Gờ lan can BTCT:G6,2.026,0.738,11.7
C173,20,"Trụ T1, T2 (Xà mũ trụ):x6",6.9,0.738,11.7
C173,20,Gờ lan can BTCT:G6,2.026,0.738,11.7
C173,20,Gờ lan can BTCT:G6,2.026,0.738,11.7
C174,20,"Trụ T1, T2 (Xà mũ trụ):x6",6.9,0.738,11.7
C174,20,Gờ lan can BTCT:G6,2.026,0.738,11.7
C174,20,Gờ lan can BTCT:G6,2.026,0.738,11.7
C175,20,"Trụ T1, T2 (Xà mũ trụ):x6",6.9,0.738,11.7
C175,20,Gờ lan can BTCT:G6,2.026,0.738,11.7
C175,20,Gờ lan can BTCT:G6,2.026,0.738,11.7
C176,20,"Trụ T1, T2 (Xà mũ trụ):x6",6.9,0.738,11.7
C176,20,Gờ lan can BTCT:G6,2.026,0.738,11.7
C176,20,Gờ lan can BTCT:G6,2.026,0.738,11.7
C177,20,"Trụ T1, T2 (Xà mũ trụ):x6",6.9,0.738,11.7
C177,20,Gờ lan can BTCT:G6,2.026,0.738,11.7
C177,20,Gờ lan can BTCT:G6,2.026,0.738,11.7
C178,20,"Trụ T1, T2 (Xà mũ trụ):x6",6.9,0.738,11.7
C178,20,Gờ lan can BTCT:G6,2.026,0.738,11.7
C178,20,Gờ lan can BTCT:G6,2.026,0.738,11.7
C179,20,"Trụ T1, T2 (Xà mũ trụ):x6",6.9,0.738,11.7
C179,20,Gờ lan can BTCT:G6,2.026,0.738,11.7
C179,20,Gờ lan can BTCT:G6,2.026,0.738,11.7
C180,20,"Trụ T1, T2 (Xà mũ trụ):x6",6.9,0.738,11.7
C180,20,Gờ lan can BTCT:G6,2.026,0.738,11.7
C180,20,Gờ lan can BTCT:G6,2.026,0.738,11.7
C181,20,"Trụ T1, T2 (Xà mũ trụ):x6",6.9,0.738,11.7
C181,20,Gờ lan can BTCT:G6,2.026,0.738,11.7
C181,20,Gờ lan can BTCT:G6,2.026,0.738,11.7
C182,20,"Trụ T1, T2 (Xà mũ trụ):x6",6.9,0.738,11.7
C182,20,Gờ lan can BTCT:G6,2.026,0.738,11.7
C182,20,Gờ lan can BTCT:G6,2.026,0.738,11.7
C183,20,"Trụ T1, T2 (Xà mũ trụ):x6",6.9,0.738,11.7
C183,20,Gờ lan can BTCT:G6,2.026,0.738,11.7
C183,20,Gờ lan can BTCT:G6,2.026,0.738,11.7
C184,20,"Trụ T1, T2 (Xà mũ trụ):x6",6.9,0.738,11.7
C184,20,Gờ lan can BTCT:G6,2.026,0.738,11.7
C184,20,Gờ lan can BTCT:G6,2.026,0.738,11.7
C185,20,"Trụ T1, T2 (Xà mũ trụ):x6",6.9,0.738,11.7
C185,20,Gờ lan can BTCT:G6,2.026,0.738,11.7
C185,20,Gờ lan can BTCT:G6,2.026,0.738,11.7
C186,20,"Trụ T1, T2 (Xà mũ trụ):x6",6.9,1.595,11.7
C186,20,"Trụ T1, T2 (Xà mũ trụ):x6a",3.2,1.595,11.7
C187,20,"Trụ T1, T2 (Xà mũ trụ):x6",6.9,1.595,11.7
C187,20,"Trụ T1, T2 (Xà mũ trụ):x6a",3.2,1.595,11.7
C188,20,"Trụ T1, T2 (Xà mũ trụ):x6",6.9,1.595,11.7
C188,20,"Trụ T1, T2 (Xà mũ trụ):x6a",3.2,1.595,11.7
C189,20,"Trụ T1, T2 (Xà mũ trụ):x6",6.9,1.595,11.7
C189,20,"Trụ T1, T2 (Xà mũ trụ):x6a",3.2,1.595,11.7
C190,20,"Trụ T1, T2 (Xà mũ trụ):x6",6.9,1.595,11.7
C190,20,"Trụ T1, T2 (Xà mũ trụ):x6a",3.2,1.595,11.7
C191,20,"Trụ T1, T2 (Xà mũ trụ):x6",6.9,1.595,11.7
C191,20,"Trụ T1, T2 (Xà mũ trụ):x6a",3.2,1.595,11.7
C192,20,"Trụ T1, T2 (Xà mũ trụ):x6",6.9,1.595,11.7
C192,20,"Trụ T1, T2 (Xà mũ trụ):x6a",3.2,1.595,11.7
C193,20,"Trụ T1, T2 (Xà mũ trụ):x6",6.9,1.595,11.7
C193,20,"Trụ T1, T2 (Xà mũ trụ):x6a",3.2,1.595,11.7
C194,20,"Trụ T1, T2 (Xà mũ trụ):x6",6.9,1.595,11.7
C194,20,"Trụ T1, T2 (Xà mũ trụ):x6a",3.2,1.595,11.7
C195,20,"Trụ T1, T2 (Xà mũ trụ):x6",6.9,1.595,11.7
C195,20,"Trụ T1, T2 (Xà mũ trụ):x6a",3.2,1.595,11.7
C196,20,"Trụ T1, T2 (Xà mũ trụ):x6",6.9,1.595,11.7
C196,20,"Trụ T1, T2 (Xà mũ trụ):x6a",3.2,1.595,11.7
C197,20,"Trụ T1, T2 (Xà mũ trụ):x6",6.9,1.595,11.7
C197,20,"Trụ T1, T2 (Xà mũ trụ):x6a",3.2,1.595,11.7
C198,20,"Trụ T1, T2 (Xà mũ trụ):x6",6.9,1.595,11.7
C198,20,"Trụ T1, T2 (Xà mũ trụ):x6a",3.2,1.595,11.7
C199,20,"Trụ T1, T2 (Xà mũ trụ):x6",6.9,1.595,11.7
C199,20,"Trụ T1, T2 (Xà mũ trụ):x6a",3.2,1.595,11.7
C200,20,"Trụ T1, T2 (Xà mũ trụ):x6",6.9,1.595,11.7
C200,20,"Trụ T1, T2 (Xà mũ trụ):x6a",3.2,1.595,11.7
C201,20,"Trụ T1, T2 (Xà mũ trụ):x6",6.9,1.595,11.7
C201,20,"Trụ T1, T2 (Xà mũ trụ):x6a",3.2,1.595,11.7
C202,20,"Trụ T1, T2 (Xà mũ trụ):x6",6.9,1.595,11.7
C202,20,"Trụ T1, T2 (Xà mũ trụ):x6a",3.2,1.595,11.7
C203,20,"Trụ T1, T2 (Xà mũ trụ):x6",6.9,1.595,11.7
C203,20,"Trụ T1, T2 (Xà mũ trụ):x6a",3.2,1.595,11.7
C204,20,"Trụ T1, T2 (Xà mũ trụ):x6",6.9,1.595,11.7
C204,20,"Trụ T1, T2 (Xà mũ trụ):x6a",3.2,1.595,11.7
C205,20,"Trụ T1, T2 (Xà mũ trụ):x6",6.9,1.595,11.7
C205,20,"Trụ T1, T2 (Xà mũ trụ):x6a",3.2,1.595,11.7
C206,20,"Trụ T1, T2 (Xà mũ trụ):x6",6.9,1.595,11.7
C206,20,"Trụ T1, T2 (Xà mũ trụ):x6a",3.2,1.595,11.7
C207,20,"Trụ T1, T2 (Xà mũ trụ):x6",6.9,1.595,11.7
C207,20,"Trụ T1, T2 (Xà mũ trụ):x6a",3.2,1.595,11.7
C208,20,"Trụ T1, T2 (Xà mũ trụ):x6",6.9,1.595,11.7
C208,20,"Trụ T1, T2 (Xà mũ trụ):x6a",3.2,1.595,11.7
C209,20,"Trụ T1, T2 (Xà mũ trụ):x6",6.9,1.595,11.7
C209,20,"Trụ T1, T2 (Xà mũ trụ):x6a",3.2,1.595,11.7
C210,20,"Trụ T1, T2 (Xà mũ trụ):x6",6.9,1.595,11.7
C210,20,"Trụ T1, T2 (Xà mũ trụ):x6a",3.2,1.595,11.7
C211,20,"Trụ T1, T2 (Xà mũ trụ):x6",6.9,1.595,11.7
C211,20,"Trụ T1, T2 (Xà mũ trụ):x6a",3.2,1.595,11.7
C212,20,"Trụ T1, T2 (Xà mũ trụ):x6",6.9,1.595,11.7
C212,20,"Trụ T1, T2 (Xà mũ trụ):x6a",3.2,1.595,11.7
C213,20,"Trụ T1, T2 (Xà mũ trụ):x6",6.9,1.595,11.7
C213,20,"Trụ T1, T2 (Xà mũ trụ):x6a",3.2,1.595,11.7
C214,20,"Trụ T1, T2 (Xà mũ trụ):x6",6.9,1.595,11.7
C214,20,"Trụ T1, T2 (Xà mũ trụ):x6a",3.2,1.595,11.7
C215,20,"Trụ T1, T2 (Xà mũ trụ):x6",6.9,1.595,11.7
C215,20,"Trụ T1, T2 (Xà mũ trụ):x6a",3.2,1.595,11.7
C216,20,"Trụ T1, T2 (Xà mũ trụ):x6",6.9,1.595,11.7
C216,20,"Trụ T1, T2 (Xà mũ trụ):x6a",3.2,1.595,11.7
C217,20,"Trụ T1, T2 (Xà mũ trụ):x6",6.9,1.595,11.7
C217,20,"Trụ T1, T2 (Xà mũ trụ):x6a",3.2,1.595,11.7
C218,20,"Trụ T1, T2 (Xà mũ trụ):x6",6.9,1.595,11.7
C218,20,"Trụ T1, T2 (Xà mũ trụ):x6a",3.2,1.595,11.7
C219,20,"Trụ T1, T2 (Xà mũ trụ):x6",6.9,1.595,11.7
C219,20,"Trụ T1, T2 (Xà mũ trụ):x6a",3.2,1.595,11.7
C220,20,"Trụ T1, T2 (Xà mũ trụ):x6",6.9,1.595,11.7
C220,20,"Trụ T1, T2 (Xà mũ trụ):x6a",3.2,1.595,11.7
C221,20,"Trụ T1, T2 (Xà mũ trụ):x6",6.9,1.595,11.7
C221,20,"Trụ T1, T2 (Xà mũ trụ):x6a",3.2,1.595,11.7
C222,20,"Trụ T1, T2 (Xà mũ trụ):x6",6.9,1.595,11.7
C222,20,"Trụ T1, T2 (Xà mũ trụ):x6a",3.2,1.595,11.7
C223,20,"Trụ T1, T2 (Xà mũ trụ):x6",6.9,1.595,11.7
C223,20,"Trụ T1, T2 (Xà mũ trụ):x6a",3.2,1.595,11.7
C224,20,"Trụ T1, T2 (Xà mũ trụ):x6",6.9,1.595,11.7
C224,20,"Trụ T1, T2 (Xà mũ trụ):x6a",3.2,1.595,11.7
C225,20,"Trụ T1, T2 (Xà mũ trụ):x6",6.9,1.595,11.7
C225,20,"Trụ T1, T2 (Xà mũ trụ):x6a",3.2,1.595,11.7
C226,20,"Trụ T1, T2 (Xà mũ trụ):x6",6.9,1.595,11.7
C226,20,"Trụ T1, T2 (Xà mũ trụ):x6a",3.2,1.595,11.7
C227,20,"Trụ T1, T2 (Xà mũ trụ):x6",6.9,1.595,11.7
C227,20,"Trụ T1, T2 (Xà mũ trụ):x6a",3.2,1.595,11.7
C228,20,"Trụ T1, T2 (Xà mũ trụ):x6",6.9,1.595,11.7
C228,20,"Trụ T1, T2 (Xà mũ trụ):x6a",3.2,1.595,11.7
C229,20,"Trụ T1, T2 (Xà mũ trụ):x6",6.9,1.595,11.7
C229,20,"Trụ T1, T2 (Xà mũ trụ):x6a",3.2,1.595,11.7
C230,20,"Trụ T1, T2 (Xà mũ trụ):x6",6.9,1.595,11.7
C230,20,"Trụ T1, T2 (Xà mũ trụ):x6a",3.2,1.595,11.7
C231,20,"Trụ T1, T2 (Xà mũ trụ):x6",6.9,1.595,11.7
C231,20,"Trụ T1, T2 (Xà mũ trụ):x6a",3.2,1.595,11.7
C232,20,"Trụ T1, T2 (Xà mũ trụ):x6",6.9,1.595,11.7
C232,20,"Trụ T1, T2 (Xà mũ trụ):x6a",3.2,1.595,11.7
C233,20,"Trụ T1, T2 (Xà mũ trụ):x6",6.9,1.595,11.7
C233,20,"Trụ T1, T2 (Xà mũ trụ):x6a",3.2,1.595,11.7
C234,20,"Trụ T1, T2 (Xà mũ trụ):x6",6.9,1.595,11.7
C234,20,"Trụ T1, T2 (Xà mũ trụ):x6a",3.2,1.595,11.7
C235,20,"Trụ T1, T2 (Xà mũ trụ):x6",6.9,1.595,11.7
C235,20,"Trụ T1, T2 (Xà mũ trụ):x6a",3.2,1.595,11.7
C236,20,"Trụ T1, T2 (Xà mũ trụ):x6",6.9,1.595,11.7
C236,20,"Trụ T1, T2 (Xà mũ trụ):x6a",3.2,1.595,11.7
C237,20,"Trụ T1, T2 (Xà mũ trụ):x6",6.9,1.595,11.7
C237,20,"Trụ T1, T2 (Xà mũ trụ):x6a",3.2,1.595,11.7
C238,20,"Trụ T1, T2 (Xà mũ trụ):x6",6.9,1.595,11.7
C238,20,"Trụ T1, T2 (Xà mũ trụ):x6a",3.2,1.595,11.7
C239,20,"Trụ T1, T2 (Xà mũ trụ):x6",6.9,1.595,11.7
C239,20,"Trụ T1, T2 (Xà mũ trụ):x6a",3.2,1.595,11.7
C240,20,"Trụ T1, T2 (Xà mũ trụ):x6",6.9,1.595,11.7
C240,20,"Trụ T1, T2 (Xà mũ trụ):x6a",3.2,1.595,11.7
C241,20,"Trụ T1, T2 (Xà mũ trụ):x6",6.9,1.595,11.7
C241,20,"Trụ T1, T2 (Xà mũ trụ):x6a",3.2,1.595,11.7
C242,20,"Trụ T1, T2 (Xà mũ trụ):x6",6.9,1.595,11.7
C242,20,"Trụ T1, T2 (Xà mũ trụ):x6a",3.2,1.595,11.7
C243,20,"Trụ T1, T2 (Xà mũ trụ):x6",6.9,1.595,11.7
C243,20,"Trụ T1, T2 (Xà mũ trụ):x6a",3.2,1.595,11.7
C244,20,"Trụ T1, T2 (Xà mũ trụ):x6",6.9,1.595,11.7
C244,20,"Trụ T1, T2 (Xà mũ trụ):x6a",3.2,1.595,11.7
C245,20,"Trụ T1, T2 (Xà mũ trụ):x6",6.9,1.595,11.7
C245,20,"Trụ T1, T2 (Xà mũ trụ):x6a",3.2,1.595,11.7
C246,20,"Trụ T1, T2 (Xà mũ trụ):x6",6.9,1.595,11.7
C246,20,"Trụ T1, T2 (Xà mũ trụ):x6a",3.2,1.595,11.7
C247,20,"Trụ T1, T2 (Xà mũ trụ):x6",6.9,1.595,11.7
C247,20,"Trụ T1, T2 (Xà mũ trụ):x6a",3.2,1.595,11.7
C248,20,"Trụ T1, T2 (Xà mũ trụ):x6",6.9,1.595,11.7
C248,20,"Trụ T1, T2 (Xà mũ trụ):x6a",3.2,1.595,11.7
C249,20,"Trụ T1, T2 (Xà mũ trụ):x6",6.9,1.595,11.7
C249,20,"Trụ T1, T2 (Xà mũ trụ):x6a",3.2,1.595,11.7
C250,20,"Trụ T1, T2 (Xà mũ trụ):x6",6.9,1.595,11.7
C250,20,"Trụ T1, T2 (Xà mũ trụ):x6a",3.2,1.595,11.7
C251,20,"Trụ T1, T2 (Xà mũ trụ):x6",6.9,1.595,11.7
C251,20,"Trụ T1, T2 (Xà mũ trụ):x6a",3.2,1.595,11.7
C252,20,"Trụ T1, T2 (Xà mũ trụ):x6",6.9,1.595,11.7
C252,20,"Trụ T1, T2 (Xà mũ trụ):x6a",3.2,1.595,11.7
C253,20,"Trụ T1, T2 (Xà mũ trụ):x6",6.9,1.595,11.7
C253,20,"Trụ T1, T2 (Xà mũ trụ):x6a",3.2,1.595,11.7
C254,20,"Trụ T1, T2 (Xà mũ trụ):x6",6.9,1.595,11.7
C254,20,"Trụ T1, T2 (Xà mũ trụ):x6a",3.2,1.595,11.7
C255,20,"Trụ T1, T2 (Xà mũ trụ):x6",6.9,1.595,11.7
C255,20,"Trụ T1, T2 (Xà mũ trụ):x6a",3.2,1.595,11.7
C256,20,"Trụ T1, T2 (Xà mũ trụ):x6",6.9,1.595,11.7
C256,20,"Trụ T1, T2 (Xà mũ trụ):x6a",3.2,1.595,11.7
C257,20,"Trụ T1, T2 (Xà mũ trụ):x6",6.9,1.595,11.7
C257,20,"Trụ T1, T2 (Xà mũ trụ):x6a",3.2,1.595,11.7
C258,20,"Trụ T1, T2 (Xà mũ trụ):x6",6.9,1.595,11.7
C258,20,"Trụ T1, T2 (Xà mũ trụ):x6a",3.2,1.595,11.7
C259,20,"Trụ T1, T2 (Xà mũ trụ):x6",6.9,1.595,11.7
C259,20,"Trụ T1, T2 (Xà mũ trụ):x6a",3.2,1.595,11.7
C260,20,"Trụ T1, T2 (Xà mũ trụ):x6",6.9,1.595,11.7
C260,20,"Trụ T1, T2 (Xà mũ trụ):x6a",3.2,1.595,11.7
C261,20,"Trụ T1, T2 (Xà mũ trụ):x6",6.9,1.595,11.7
C261,20,"Trụ T1, T2 (Xà mũ trụ):x6a",3.2,1.595,11.7
C262,20,"Trụ T1, T2 (Xà mũ trụ):x6",6.9,1.595,11.7
C262,20,"Trụ T1, T2 (Xà mũ trụ):x6a",3.2,1.595,11.7
C263,20,"Trụ T1, T2 (Xà mũ trụ):x6",6.9,1.595,11.7
C263,20,"Trụ T1, T2 (Xà mũ trụ):x6a",3.2,1.595,11.7
C264,20,"Trụ T1, T2 (Xà mũ trụ):x6",6.9,1.595,11.7
C264,20,"Trụ T1, T2 (Xà mũ trụ):x6a",3.2,1.595,11.7
C265,20,"Trụ T1, T2 (Xà mũ trụ):x6",6.9,1.595,11.7
C265,20,"Trụ T1, T2 (Xà mũ trụ):x6a",3.2,1.595,11.7
C266,20,"Trụ T1, T2 (Xà mũ trụ):x6",6.9,1.595,11.7
C266,20,"Trụ T1, T2 (Xà mũ trụ):x6a",3.2,1.595,11.7
C267,20,"Trụ T1, T2 (Xà mũ trụ):x6",6.9,1.595,11.7
C267,20,"Trụ T1, T2 (Xà mũ trụ):x6a",3.2,1.595,11.7
C268,20,"Trụ T1, T2 (Xà mũ trụ):x6",6.9,1.595,11.7
C268,20,"Trụ T1, T2 (Xà mũ trụ):x6a",3.2,1.595,11.7
C269,20,"Trụ T1, T2 (Xà mũ trụ):x6",6.9,1.595,11.7
C269,20,"Trụ T1, T2 (Xà mũ trụ):x6a",3.2,1.595,11.7
C270,20,"Trụ T1, T2 (Xà mũ trụ):x6",6.9,1.595,11.7
C270,20,"Trụ T1, T2 (Xà mũ trụ):x6a",3.2,1.595,11.7
C271,20,"Trụ T1, T2 (Xà mũ trụ):x6",6.9,1.595,11.7
C271,20,"Trụ T1, T2 (Xà mũ trụ):x6a",3.2,1.595,11.7
C272,20,"Trụ T1, T2 (Xà mũ trụ):x6",6.9,1.595,11.7
C272,20,"Trụ T1, T2 (Xà mũ trụ):x6a",3.2,1.595,11.7
C273,20,"Trụ T1, T2 (Xà mũ trụ):x6",6.9,1.595,11.7
C273,20,"Trụ T1, T2 (Xà mũ trụ):x6a",3.2,1.595,11.7
C274,20,"Trụ T1, T2 (Xà mũ trụ):x6",6.9,1.595,11.7
C274,20,"Trụ T1, T2 (Xà mũ trụ):x6a",3.2,1.595,11.7
C275,20,"Trụ T1, T2 (Xà mũ trụ):x6",6.9,1.595,11.7
C275,20,"Trụ T1, T2 (Xà mũ trụ):x6a",3.2,1.595,11.7
C276,20,"Trụ T1, T2 (Xà mũ trụ):x6",6.9,1.595,11.7
C276,20,"Trụ T1, T2 (Xà mũ trụ):x6a",3.2,1.595,11.7
C277,20,"Trụ T1, T2 (Xà mũ trụ):x6",6.9,1.595,11.7
C277,20,"Trụ T1, T2 (Xà mũ trụ):x6a",3.2,1.595,11.7
C278,20,"Trụ T1, T2 (Xà mũ trụ):x6",6.9,1.595,11.7
C278,20,"Trụ T1, T2 (Xà mũ trụ):x6a",3.2,1.595,11.7
C279,20,"Trụ T1, T2 (Xà mũ trụ):x6",6.9,1.595,11.7
C279,20,"Trụ T1, T2 (Xà mũ trụ):x6a",3.2,1.595,11.7
C280,20,"Trụ T1, T2 (Xà mũ trụ):x6",6.9,1.595,11.7
C280,20,"Trụ T1, T2 (Xà mũ trụ):x6a",3.2,1.595,11.7
C281,20,"Trụ T1, T2 (Xà mũ trụ):x6",6.9,1.595,11.7
C281,20,"Trụ T1, T2 (Xà mũ trụ):x6a",3.2,1.595,11.7
C282,20,"Trụ T1, T2 (Xà mũ trụ):x6",6.9,1.595,11.7
C282,20,"Trụ T1, T2 (Xà mũ trụ):x6a",3.2,1.595,11.7
C283,20,"Trụ T1, T2 (Xà mũ trụ):x6",6.9,1.595,11.7
C283,20,"Trụ T1, T2 (Xà mũ trụ):x6a",3.2,1.595,11.7
C284,20,"Trụ T1, T2 (Xà mũ trụ):x6",6.9,1.595,11.7
C284,20,"Trụ T1, T2 (Xà mũ trụ):x6a",3.2,1.595,11.7
C285,20,"Trụ T1, T2 (Xà mũ trụ):x6",6.9,1.595,11.7
C285,20,"Trụ T1, T2 (Xà mũ trụ):x6a",3.2,1.595,11.7
C286,20,"Trụ T1, T2 (Xà mũ trụ):x6",6.9,1.595,11.7
C286,20,"Trụ T1, T2 (Xà mũ trụ):x6a",3.2,1.595,11.7
C287,20,"Trụ T1, T2 (Xà mũ trụ):x6",6.9,1.595,11.7
C287,20,"Trụ T1, T2 (Xà mũ trụ):x6a",3.2,1.595,11.7
C288,20,"Trụ T1, T2 (Xà mũ trụ):x6",6.9,1.595,11.7
C288,20,"Trụ T1, T2 (Xà mũ trụ):x6a",3.2,1.595,11.7
C289,20,"Trụ T1, T2 (Xà mũ trụ):x6",6.9,1.595,11.7
C289,20,"Trụ T1, T2 (Xà mũ trụ):x6a",3.2,1.595,11.7
C290,20,"Trụ T1, T2 (Xà mũ trụ):x6",6.9,1.595,11.7
C290,20,"Trụ T1, T2 (Xà mũ trụ):x6a",3.2,1.595,11.7
C291,20,"Trụ T1, T2 (Xà mũ trụ):x6",6.9,1.595,11.7
C291,20,"Trụ T1, T2 (Xà mũ trụ):x6a",3.2,1.595,11.7
C292,20,"Trụ T1, T2 (Xà mũ trụ):x6",6.9,1.595,11.7
C292,20,"Trụ T1, T2 (Xà mũ trụ):x6a",3.2,1.595,11.7
C293,20,"Trụ T1, T2 (Xà mũ trụ):x6",6.9,1.595,11.7
C293,20,"Trụ T1, T2 (Xà mũ trụ):x6a",3.2,1.595,11.7
C294,20,"Trụ T1, T2 (Xà mũ trụ):x6",6.9,1.595,11.7
C294,20,"Trụ T1, T2 (Xà mũ trụ):x6a",3.2,1.595,11.7
C295,20,"Trụ T1, T2 (Xà mũ trụ):x6",6.9,1.595,11.7
C295,20,"Trụ T1, T2 (Xà mũ trụ):x6a",3.2,1.595,11.7
C296,20,"Trụ T1, T2 (Xà mũ trụ):x6",6.9,1.595,11.7
C296,20,"Trụ T1, T2 (Xà mũ trụ):x6a",3.2,1.595,11.7
C297,20,"Trụ T1, T2 (Xà mũ trụ):x6",6.9,1.595,11.7
C297,20,"Trụ T1, T2 (Xà mũ trụ):x6a",3.2,1.595,11.7
C298,20,"Trụ T1, T2 (Xà mũ trụ):x6",6.9,1.595,11.7
C298,20,"Trụ T1, T2 (Xà mũ trụ):x6a",3.2,1.595,11.7
C299,20,"Trụ T1, T2 (Xà mũ trụ):x6",6.9,1.595,11.7
C299,20,"Trụ T1, T2 (Xà mũ trụ):x6a",3.2,1.595,11.7
C300,20,"Trụ T1, T2 (Xà mũ trụ):x6",6.9,1.595,11.7
C300,20,"Trụ T1, T2 (Xà mũ trụ):x6a",3.2,1.595,11.7
C301,20,"Trụ T1, T2 (Xà mũ trụ):x6",6.9,1.595,11.7
C301,20,"Trụ T1, T2 (Xà mũ trụ):x6a",3.2,1.595,11.7
C302,20,"Trụ T1, T2 (Xà mũ trụ):x6",6.9,1.595,11.7
C302,20,"Trụ T1, T2 (Xà mũ trụ):x6a",3.2,1.595,11.7
C303,20,"Trụ T1, T2 (Xà mũ trụ):x6",6.9,1.595,11.7
C303,20,"Trụ T1, T2 (Xà mũ trụ):x6a",3.2,1.595,11.7
C304,20,"Trụ T1, T2 (Xà mũ trụ):x6",6.9,1.595,11.7
C304,20,"Trụ T1, T2 (Xà mũ trụ):x6a",3.2,1.595,11.7
C305,20,"Trụ T1, T2 (Xà mũ trụ):x6",6.9,1.595,11.7
C305,20,"Trụ T1, T2 (Xà mũ trụ):x6a",3.2,1.595,11.7
C306,20,"Trụ T1, T2 (Xà mũ trụ):x6",6.9,1.595,11.7
C306,20,"Trụ T1, T2 (Xà mũ trụ):x6a",3.2,1.595,11.7
C307,20,"Trụ T1, T2 (Xà mũ trụ):x6",6.9,1.595,11.7
C307,20,"Trụ T1, T2 (Xà mũ trụ):x6a",3.2,1.595,11.7
C308,20,"Trụ T1, T2 (Xà mũ trụ):x6",6.9,1.595,11.7
C308,20,"Trụ T1, T2 (Xà mũ trụ):x6a",3.2,1.595,11.7
C309,20,"Trụ T1, T2 (Xà mũ trụ):x6",6.9,1.595,11.7
C309,20,"Trụ T1, T2 (Xà mũ trụ):x6a",3.2,1.595,11.7
C310,20,"Trụ T1, T2 (Xà mũ trụ):x6",6.9,1.595,11.7
C310,20,"Trụ T1, T2 (Xà mũ trụ):x6a",3.2,1.595,11.7
C311,20,"Trụ T1, T2 (Xà mũ trụ):x6",6.9,1.595,11.7
C311,20,"Trụ T1, T2 (Xà mũ trụ):x6a",3.2,1.595,11.7
C312,20,"Trụ T1, T2 (Xà mũ trụ):x6",6.9,1.595,11.7
C312,20,"Trụ T1, T2 (Xà mũ trụ):x6a",3.2,1.595,11.7
C313,20,"Trụ T1, T2 (Xà mũ trụ):x6",6.9,1.595,11.7
C313,20,"Trụ T1, T2 (Xà mũ trụ):x6a",3.2,1.595,11.7
C314,20,"Trụ T1, T2 (Xà mũ trụ):x6",6.9,1.595,11.7
C314,20,"Trụ T1, T2 (Xà mũ trụ):x6a",3.2,1.595,11.7
C315,20,"Trụ T1, T2 (Xà mũ trụ):x6",6.9,1.595,11.7
C315,20,"Trụ T1, T2 (Xà mũ trụ):x6a",3.2,1.595,11.7
C316,20,"Trụ T1, T2 (Xà mũ trụ):x6",6.9,1.595,11.7
C316,20,"Trụ T1, T2 (Xà mũ trụ):x6a",3.2,1.595,11.7
C317,20,"Trụ T1, T2 (Xà mũ trụ):x6",6.9,1.595,11.7
C317,20,"Trụ T1, T2 (Xà mũ trụ):x6a",3.2,1.595,11.7
C318,20,"Trụ T1, T2 (Xà mũ trụ):x6",6.9,1.595,11.7
C318,20,"Trụ T1, T2 (Xà mũ trụ):x6a",3.2,1.595,11.7
C319,20,"Trụ T1, T2 (Xà mũ trụ):x6",6.9,1.595,11.7
C319,20,"Trụ T1, T2 (Xà mũ trụ):x6a",3.2,1.595,11.7
C320,20,"Trụ T1, T2 (Xà mũ trụ):x6",6.9,1.595,11.7
C320,20,"Trụ T1, T2 (Xà mũ trụ):x6a",3.2,1.595,11.7
C321,20,"Trụ T1, T2 (Xà mũ trụ):x6",6.9,1.595,11.7
C321,20,"Trụ T1, T2 (Xà mũ trụ):x6a",3.2,1.595,11.7
C322,20,"Trụ T1, T2 (Xà mũ trụ):x6",6.9,1.595,11.7
C322,20,"Trụ T1, T2 (Xà mũ trụ):x6a",3.2,1.595,11.7
C323,20,"Trụ T1, T2 (Xà mũ trụ):x6",6.9,1.595,11.7
C323,20,"Trụ T1, T2 (Xà mũ trụ):x6a",3.2,1.595,11.7
C324,20,"Trụ T1, T2 (Xà mũ trụ):x6",6.9,1.595,11.7
C324,20,"Trụ T1, T2 (Xà mũ trụ):x6a",3.2,1.595,11.7
C325,20,"Trụ T1, T2 (Xà mũ trụ):x6",6.9,1.595,11.7
C325,20,"Trụ T1, T2 (Xà mũ trụ):x6a",3.2,1.595,11.7
C326,20,"Trụ T1, T2 (Xà mũ trụ):x6",6.9,1.595,11.7
C326,20,"Trụ T1, T2 (Xà mũ trụ):x6a",3.2,1.595,11.7
C327,20,"Trụ T1, T2 (Xà mũ trụ):x6",6.9,1.595,11.7
C327,20,"Trụ T1, T2 (Xà mũ trụ):x6a",3.2,1.595,11.7
C328,20,"Trụ T1, T2 (Xà mũ trụ):x6",6.9,1.595,11.7
C328,20,"Trụ T1, T2 (Xà mũ trụ):x6a",3.2,1.595,11.7
C329,20,"Trụ T1, T2 (Xà mũ trụ):x6",6.9,1.595,11.7
C329,20,"Trụ T1, T2 (Xà mũ trụ):x6a",3.2,1.595,11.7
C330,20,"Trụ T1, T2 (Xà mũ trụ):x6",6.9,1.595,11.7
C330,20,"Trụ T1, T2 (Xà mũ trụ):x6a",3.2,1.595,11.7
C331,20,"Trụ T1, T2 (Xà mũ trụ):x6",6.9,1.595,11.7
C331,20,"Trụ T1, T2 (Xà mũ trụ):x6a",3.2,1.595,11.7
C332,20,"Trụ T1, T2 (Xà mũ trụ):x6",6.9,1.595,11.7
C332,20,"Trụ T1, T2 (Xà mũ trụ):x6a",3.2,1.595,11.7
C333,20,"Trụ T1, T2 (Xà mũ trụ):x6",6.9,1.595,11.7
C333,20,"Trụ T1, T2 (Xà mũ trụ):x6a",3.2,1.595,11.7
C334,20,"Trụ T1, T2 (Xà mũ trụ):x6",6.9,1.595,11.7
C334,20,"Trụ T1, T2 (Xà mũ trụ):x6a",3.2,1.595,11.7
C335,20,"Trụ T1, T2 (Xà mũ trụ):x6",6.9,1.595,11.7
C335,20,"Trụ T1, T2 (Xà mũ trụ):x6a",3.2,1.595,11.7
C336,20,"Trụ T1, T2 (Xà mũ trụ):x6",6.9,1.595,11.7
C336,20,"Trụ T1, T2 (Xà mũ trụ):x6a",3.2,1.595,11.7
C337,20,"Trụ T1, T2 (Xà mũ trụ):x6",6.9,1.595,11.7
C337,20,"Trụ T1, T2 (Xà mũ trụ):x6a",3.2,1.595,11.7
C338,20,"Trụ T1, T2 (Xà mũ trụ):x6",6.9,1.595,11.7
C338,20,"Trụ T1, T2 (Xà mũ trụ):x6a",3.2,1.595,11.7
C339,20,"Trụ T1, T2 (Xà mũ trụ):x6",6.9,1.595,11.7
C339,20,"Trụ T1, T2 (Xà mũ trụ):x6a",3.2,1.595,11.7
C340,20,"Trụ T1, T2 (Xà mũ trụ):x6",6.9,1.595,11.7
C340,20,"Trụ T1, T2 (Xà mũ trụ):x6a",3.2,1.595,11.7
C341,20,"Trụ T1, T2 (Xà mũ trụ):x6",6.9,1.595,11.7
C341,20,"Trụ T1, T2 (Xà mũ trụ):x6a",3.2,1.595,11.7
C342,20,"Trụ T1, T2 (Xà mũ trụ):x6",6.9,1.595,11.7
C342,20,"Trụ T1, T2 (Xà mũ trụ):x6a",3.2,1.595,11.7
C343,20,"Trụ T1, T2 (Xà mũ trụ):x6",6.9,1.595,11.7
C343,20,"Trụ T1, T2 (Xà mũ trụ):x6a",3.2,1.595,11.7
C344,20,"Trụ T1, T2 (Xà mũ trụ):x6",6.9,1.595,11.7
C344,20,"Trụ T1, T2 (Xà mũ trụ):x6a",3.2,1.595,11.7
C345,20,"Trụ T1, T2 (Xà mũ trụ):x6",6.9,1.595,11.7
C345,20,"Trụ T1, T2 (Xà mũ trụ):x6a",3.2,1.595,11.7
C346,20,"Trụ T1, T2 (Xà mũ trụ):x6",6.9,1.595,11.7
C346,20,"Trụ T1, T2 (Xà mũ trụ):x6a",3.2,1.595,11.7
C347,20,"Trụ T1, T2 (Xà mũ trụ):x6",6.9,1.595,11.7
C347,20,"Trụ T1, T2 (Xà mũ trụ):x6a",3.2,1.595,11.7
C348,20,"Trụ T1, T2 (Xà mũ trụ):x6",6.9,1.595,11.7
C348,20,"Trụ T1, T2 (Xà mũ trụ):x6a",3.2,1.595,11.7
C349,20,"Trụ T1, T2 (Xà mũ trụ):x6",6.9,1.595,11.7
C349,20,"Trụ T1, T2 (Xà mũ trụ):x6a",3.2,1.595,11.7
C350,20,"Trụ T1, T2 (Xà mũ trụ):x6",6.9,1.595,11.7
C350,20,"Trụ T1, T2 (Xà mũ trụ):x6a",3.2,1.595,11.7
C351,20,"Trụ T1, T2 (Xà mũ trụ):x6",6.9,1.7,11.7
C351,20,Mố M2:G6,3.095,1.7,11.7
C352,20,"Trụ T1, T2 (Xà mũ trụ):x6",6.9,1.7,11.7
C352,20,Mố M2:G6,3.095,1.7,11.7
C353,20,"Trụ T1, T2 (Xà mũ trụ):x6",6.9,1.7,11.7
C353,20,Mố M2:G6,3.095,1.7,11.7
C354,20,"Trụ T1, T2 (Xà mũ trụ):x6",6.9,1.7,11.7
C354,20,Mố M2:G6,3.095,1.7,11.7
C355,20,"Trụ T1, T2 (Xà mũ trụ):x6",6.9,1.7,11.7
C355,20,Mố M2:G6,3.095,1.7,11.7
C356,20,"Trụ T1, T2 (Xà mũ trụ):x6",6.9,1.7,11.7
C356,20,Mố M2:G6,3.095,1.7,11.7
C357,20,"Trụ T1, T2 (Xà mũ trụ):x6",6.9,1.7,11.7
C357,20,Mố M2:G6,3.095,1.7,11.7
C358,20,"Trụ T1, T2 (Xà mũ trụ):x6",6.9,1.7,11.7
C358,20,Mố M2:G6,3.095,1.7,11.7
C359,20,"Trụ T1, T2 (Xà mũ trụ):x6",6.9,1.7,11.7
C359,20,Mố M2:G6,3.095,1.7,11.7
C360,20,"Trụ T1, T2 (Xà mũ trụ):x6",6.9,1.7,11.7
C360,20,Mố M2:G6,3.095,1.7,11.7
C361,20,"Trụ T1, T2 (Xà mũ trụ):x6",6.9,1.7,11.7
C361,20,Mố M2:G6,3.095,1.7,11.7
C362,20,"Trụ T1, T2 (Xà mũ trụ):x6",6.9,1.7,11.7
C362,20,Mố M2:G6,3.095,1.7,11.7
C363,20,"Trụ T1, T2 (Xà mũ trụ):x6",6.9,1.7,11.7
C363,20,Mố M2:G6,3.095,1.7,11.7
C364,20,"Trụ T1, T2 (Xà mũ trụ):x6",6.9,1.7,11.7
C364,20,Mố M2:G6,3.095,1.7,11.7
C365,20,"Trụ T1, T2 (Xà mũ trụ):x6",6.9,1.7,11.7
C365,20,Mố M2:G6,3.095,1.7,11.7
C366,20,"Trụ T1, T2 (Xà mũ trụ):x6",6.9,1.7,11.7
C366,20,Mố M2:G6,3.095,1.7,11.7
C367,20,"Trụ T1, T2 (Xà mũ trụ):x6",6.9,1.7,11.7
C367,20,Mố M2:G6,3.095,1.7,11.7
C368,20,"Trụ T1, T2 (Xà mũ trụ):x6",6.9,1.7,11.7
C368,20,Mố M2:G6,3.095,1.7,11.7
C369,20,"Trụ T1, T2 (Xà mũ trụ):x6",6.9,1.7,11.7
C369,20,Mố M2:G6,3.095,1.7,11.7
C370,20,"Trụ T1, T2 (Xà mũ trụ):x6",6.9,1.7,11.7
C370,20,Mố M2:G6,3.095,1.7,11.7
C371,20,"Trụ T1, T2 (Xà mũ trụ):x6",6.9,1.7,11.7
C371,20,Mố M2:G6,3.095,1.7,11.7
C372,20,"Trụ T1, T2 (Xà mũ trụ):x6",6.9,1.7,11.7
C372,20,Mố M2:G6,3.095,1.7,11.7
C373,20,"Trụ T1, T2 (Xà mũ trụ):x6",6.9,1.7,11.7
C373,20,Mố M2:G6,3.095,1.7,11.7
C374,20,"Trụ T1, T2 (Xà mũ trụ):x6",6.9,1.7,11.7
C374,20,Mố M2:G6,3.095,1.7,11.7
C375,20,"Trụ T1, T2 (Xà mũ trụ):x6",6.9,1.7,11.7
C375,20,Mố M2:G6,3.095,1.7,11.7
C376,20,"Trụ T1, T2 (Xà mũ trụ):x6",6.9,1.7,11.7
C376,20,Mố M2:G6,3.095,1.7,11.7
C377,20,"Trụ T1, T2 (Xà mũ trụ):x6",6.9,1.7,11.7
C377,20,Mố M2:G6,3.095,1.7,11.7
C378,20,"Trụ T1, T2 (Xà mũ trụ):x6",6.9,1.7,11.7
C378,20,Mố M2:G6,3.095,1.7,11.7
C379,20,"Trụ T1, T2 (Xà mũ trụ):x6",6.9,1.7,11.7
C379,20,Mố M2:G6,3.095,1.7,11.7
C380,20,"Trụ T1, T2 (Xà mũ trụ):x6",6.9,1.7,11.7
C380,20,Mố M2:G6,3.095,1.7,11.7
C381,20,"Trụ T1, T2 (Xà mũ trụ):x6",6.9,1.7,11.7
C381,20,Mố M2:G6,3.095,1.7,11.7
C382,20,"Trụ T1, T2 (Xà mũ trụ):x6",6.9,1.7,11.7
C382,20,Mố M2:G6,3.095,1.7,11.7
C383,20,"Trụ T1, T2 (Xà mũ trụ):x6",6.9,1.7,11.7
C383,20,Mố M2:G6,3.095,1.7,11.7
C384,20,"Trụ T1, T2 (Xà mũ trụ):x6",6.9,1.7,11.7
C384,20,Mố M2:G6,3.095,1.7,11.7
C385,20,"Trụ T1, T2 (Xà mũ trụ):x6",6.9,1.7,11.7
C385,20,Mố M2:G6,3.095,1.7,11.7
C386,20,"Trụ T1, T2 (Xà mũ trụ):x6",6.9,1.7,11.7
C386,20,Mố M2:G6,3.095,1.7,11.7
C387,20,"Trụ T1, T2 (Xà mũ trụ):x6",6.9,1.7,11.7
C387,20,Mố M2:G6,3.095,1.7,11.7
C388,20,"Trụ T1, T2 (Xà mũ trụ):x6",6.9,1.7,11.7
C388,20,Mố M2:G6,3.095,1.7,11.7
C389,20,"Trụ T1, T2 (Xà mũ trụ):x6",6.9,1.7,11.7
C389,20,Mố M2:G6,3.095,1.7,11.7
C390,20,"Trụ T1, T2 (Xà mũ trụ):x6",6.9,1.75,11.7
C390,20,Mố M1:G6,3.045,1.75,11.7
C391,20,"Trụ T1, T2 (Xà mũ trụ):x6",6.9,1.75,11.7
C391,20,Mố M1:G6,3.045,1.75,11.7
C392,20,"Trụ T1, T2 (Xà mũ trụ):x6",6.9,1.75,11.7
C392,20,Mố M1:G6,3.045,1.75,11.7
C393,20,"Trụ T1, T2 (Xà mũ trụ):x6",6.9,1.75,11.7
C393,20,Mố M1:G6,3.045,1.75,11.7
C394,20,"Trụ T1, T2 (Xà mũ trụ):x6",6.9,1.75,11.7
C394,20,Mố M1:G6,3.045,1.75,11.7
C395,20,"Trụ T1, T2 (Xà mũ trụ):x6",6.9,1.75,11.7
C395,20,Mố M1:G6,3.045,1.75,11.7
C396,20,"Trụ T1, T2 (Xà mũ trụ):x6",6.9,1.75,11.7
C396,20,Mố M1:G6,3.045,1.75,11.7
C397,20,"Trụ T1, T2 (Xà mũ trụ):x6",6.9,1.75,11.7
C397,20,Mố M1:G6,3.045,1.75,11.7
C398,20,"Trụ T1, T2 (Xà mũ trụ):x6",6.9,1.75,11.7
C398,20,Mố M1:G6,3.045,1.75,11.7
C399,20,"Trụ T1, T2 (Xà mũ trụ):x6",6.9,1.75,11.7
C399,20,Mố M1:G6,3.045,1.75,11.7
C400,20,"Trụ T1, T2 (Xà mũ trụ):x6",6.9,1.75,11.7
C400,20,Mố M1:G6,3.045,1.75,11.7
C401,20,"Trụ T1, T2 (Xà mũ trụ):x6",6.9,1.75,11.7
C401,20,Mố M1:G6,3.045,1.75,11.7
C402,20,"Trụ T1, T2 (Xà mũ trụ):x6",6.9,1.75,11.7
C402,20,Mố M1:G6,3.045,1.75,11.7
C403,20,"Trụ T1, T2 (Xà mũ trụ):x6",6.9,1.75,11.7
C403,20,Mố M1:G6,3.045,1.75,11.7
C404,20,"Trụ T1, T2 (Xà mũ trụ):x6",6.9,1.75,11.7
C404,20,Mố M1:G6,3.045,1.75,11.7
C405,20,"Trụ T1, T2 (Xà mũ trụ):x6",6.9,1.75,11.7
C405,20,Mố M1:G6,3.045,1.75,11.7
C406,20,"Trụ T1, T2 (Xà mũ trụ):x6",6.9,1.75,11.7
C406,20,Mố M1:G6,3.045,1.75,11.7
C407,20,"Trụ T1, T2 (Xà mũ trụ):x6",6.9,1.75,11.7
C407,20,Mố M1:G6,3.045,1.75,11.7
C408,20,"Trụ T1, T2 (Xà mũ trụ):x6",6.9,1.75,11.7
C408,20,Mố M1:G6,3.045,1.75,11.7
C409,20,"Trụ T1, T2 (Xà mũ trụ):x6",6.9,1.75,11.7
C409,20,Mố M1:G6,3.045,1.75,11.7
C410,20,"Trụ T1, T2 (Xà mũ trụ):x6",6.9,1.75,11.7
C410,20,Mố M1:G6,3.045,1.75,11.7
C411,20,"Trụ T1, T2 (Xà mũ trụ):x6",6.9,1.75,11.7
C411,20,Mố M1:G6,3.045,1.75,11.7
C412,20,"Trụ T1, T2 (Xà mũ trụ):x6",6.9,1.75,11.7
C412,20,Mố M1:G6,3.045,1.75,11.7
C413,20,"Trụ T1, T2 (Xà mũ trụ):x6",6.9,1.75,11.7
C413,20,Mố M1:G6,3.045,1.75,11.7
C414,20,"Trụ T1, T2 (Xà mũ trụ):x6",6.9,1.75,11.7
C414,20,Mố M1:G6,3.045,1.75,11.7
C415,20,"Trụ T1, T2 (Xà mũ trụ):x6",6.9,1.75,11.7
C415,20,Mố M1:G6,3.045,1.75,11.7
C416,20,"Trụ T1, T2 (Xà mũ trụ):x6",6.9,1.75,11.7
C416,20,Mố M1:G6,3.045,1.75,11.7
C417,20,"Trụ T1, T2 (Xà mũ trụ):x6",6.9,1.75,11.7
C417,20,Mố M1:G6,3.045,1.75,11.7
C418,20,"Trụ T1, T2 (Xà mũ trụ):x6",6.9,1.75,11.7
C418,20,Mố M1:G6,3.045,1.75,11.7
C419,20,"Trụ T1, T2 (Xà mũ trụ):x6",6.9,1.75,11.7
C419,20,Mố M1:G6,3.045,1.75,11.7
C420,20,"Trụ T1, T2 (Xà mũ trụ):x6",6.9,1.75,11.7
C420,20,Mố M1:G6,3.045,1.75,11.7
C421,20,"Trụ T1, T2 (Xà mũ trụ):x6",6.9,1.75,11.7
C421,20,Mố M1:G6,3.045,1.75,11.7
C422,20,"Trụ T1, T2 (Xà mũ trụ):x6",6.9,1.75,11.7
C422,20,Mố M1:G6,3.045,1.75,11.7
C423,20,"Trụ T1, T2 (Xà mũ trụ):x6",6.9,1.75,11.7
C423,20,Mố M1:G6,3.045,1.75,11.7
C424,20,"Trụ T1, T2 (Xà mũ trụ):x6",6.9,1.75,11.7
C424,20,Mố M1:G6,3.045,1.75,11.7
C425,20,"Trụ T1, T2 (Xà mũ trụ):x6",6.9,1.75,11.7
C425,20,Mố M1:G6,3.045,1.75,11.7
C426,20,"Trụ T1, T2 (Xà mũ trụ):x6",6.9,1.75,11.7
C426,20,Mố M1:G6,3.045,1.75,11.7
C427,20,"Trụ T1, T2 (Xà mũ trụ):x6",6.9,1.75,11.7
C427,20,Mố M1:G6,3.045,1.75,11.7
C428,20,"Trụ T1, T2 (Xà mũ trụ):x6",6.9,1.75,11.7
C428,20,Mố M1:G6,3.045,1.75,11.7
C429,20,"Trụ T1, T2 (Xà mũ trụ):x6",6.9,1.75,11.7
C429,20,Mố M1:G6,3.045,1.75,11.7
C430,20,"Trụ T1, T2 (Xà mũ trụ):x6",6.9,2.769,11.7
C430,20,Gờ lan can BTCT:G6,2.026,2.769,11.7
C431,20,"Trụ T1, T2 (Xà mũ trụ):x6",6.9,4.8,11.7
C432,20,"Trụ T1, T2 (Xà mũ trụ):x6",6.9,4.8,11.7
C433,20,"Trụ T1, T2 (Xà mũ trụ):x6",6.9,4.8,11.7
C434,20,"Trụ T1, T2 (Xà mũ trụ):x6",6.9,4.8,11.7
C435,20,"Trụ T1, T2 (Xà mũ trụ):x6",6.9,4.8,11.7
C436,20,"Trụ T1, T2 (Xà mũ trụ):x6",6.9,4.8,11.7
C437,20,"Trụ T1, T2 (Xà mũ trụ):x6",6.9,4.8,11.7
C438,20,"Trụ T1, T2 (Xà mũ trụ):x6",6.9,4.8,11.7
C439,20,"Trụ T1, T2 (Xà mũ trụ):x6",6.9,4.8,11.7
C440,20,"Trụ T1, T2 (Xà mũ trụ):x6",6.9,4.8,11.7
C441,20,"Trụ T1, T2 (Xà mũ trụ):x6",6.9,4.8,11.7
C442,20,"Trụ T1, T2 (Xà mũ trụ):x6",6.9,4.8,11.7
C443,20,"Trụ T1, T2 (Xà mũ trụ):x6",6.9,4.8,11.7
C444,20,"Trụ T1, T2 (Xà mũ trụ):x6",6.9,4.8,11.7
C445,20,"Trụ T1, T2 (Xà mũ trụ):x6",6.9,4.8,11.7
C446,20,"Trụ T1, T2 (Xà mũ trụ):x6",6.9,4.8,11.7
C447,20,"Trụ T1, T2 (Xà mũ trụ):x6",6.9,4.8,11.7
C448,20,"Trụ T1, T2 (Xà mũ trụ):x6",6.9,4.8,11.7
C449,20,"Trụ T1, T2 (Xà mũ trụ):x6",6.9,4.8,11.7
C450,20,"Trụ T1, T2 (Xà mũ trụ):x6",6.9,4.8,11.7
C451,20,"Trụ T1, T2 (Xà mũ trụ):x6",6.9,4.8,11.7
C452,20,"Trụ T1, T2 (Xà mũ trụ):x6",6.9,4.8,11.7
C453,20,"Trụ T1, T2 (Xà mũ trụ):x6",6.9,4.8,11.7
C454,20,"Trụ T1, T2 (Xà mũ trụ):x6",6.9,4.8,11.7
C455,20,"Trụ T1, T2 (Xà mũ trụ):x6",6.9,4.8,11.7
C456,20,"Trụ T1, T2 (Xà mũ trụ):x6",6.9,4.8,11.7
C457,20,"Trụ T1, T2 (Xà mũ trụ):x6",6.9,4.8,11.7
C458,20,"Trụ T1, T2 (Xà mũ trụ):x6",6.9,4.8,11.7
C459,20,"Trụ T1, T2 (Xà mũ trụ):x6",6.9,4.8,11.7
C460,20,"Trụ T1, T2 (Xà mũ trụ):x6",6.9,4.8,11.7
C461,20,"Trụ T1, T2 (Xà mũ trụ):x6",6.9,4.8,11.7
C462,20,"Trụ T1, T2 (Xà mũ trụ):x6",6.9,4.8,11.7
C463,20,"Trụ T1, T2 (Xà mũ trụ):x6",6.9,4.8,11.7
C464,20,"Trụ T1, T2 (Xà mũ trụ):x6",6.9,4.8,11.7
C465,20,"Trụ T1, T2 (Xà mũ trụ):x6",6.9,4.8,11.7
C466,20,"Trụ T1, T2 (Xà mũ trụ):x6",6.9,4.8,11.7
C467,20,"Trụ T1, T2 (Xà mũ trụ):x6",6.9,4.8,11.7
C468,20,"Trụ T1, T2 (Xà mũ trụ):x6",6.9,4.8,11.7
C469,20,"Trụ T1, T2 (Xà mũ trụ):x6",6.9,4.8,11.7
C470,20,"Trụ T1, T2 (Xà mũ trụ):x6",6.9,4.8,11.7
C471,20,"Trụ T1, T2 (Xà mũ trụ):x6",6.9,4.8,11.7
C472,20,"Trụ T1, T2 (Xà mũ trụ):x6",6.9,4.8,11.7
C473,20,"Trụ T1, T2 (Xà mũ trụ):x6",6.9,4.8,11.7
C474,20,"Trụ T1, T2 (Xà mũ trụ):x6",6.9,4.8,11.7
C475,20,"Trụ T1, T2 (Xà mũ trụ):x6",6.9,4.8,11.7
C476,20,"Trụ T1, T2 (Xà mũ trụ):x6",6.9,4.8,11.7
C477,20,"Trụ T1, T2 (Xà mũ trụ):x6",6.9,4.8,11.7
C478,20,"Trụ T1, T2 (Xà mũ trụ):x6",6.9,4.8,11.7
C479,20,"Trụ T1, T2 (Xà mũ trụ):x6",6.9,4.8,11.7
C480,20,"Trụ T1, T2 (Xà mũ trụ):x6",6.9,4.8,11.7
C481,20,"Trụ T1, T2 (Xà mũ trụ):x6",6.9,4.8,11.7
C482,20,"Trụ T1, T2 (Xà mũ trụ):x6",6.9,4.8,11.7
C483,20,"Trụ T1, T2 (Xà mũ trụ):x6",6.9,4.8,11.7
C484,20,"Trụ T1, T2 (Xà mũ trụ):x6",6.9,4.8,11.7
C485,20,"Trụ T1, T2 (Xà mũ trụ):x6",6.9,4.8,11.7
C486,20,"Trụ T1, T2 (Xà mũ trụ):x6",6.9,4.8,11.7
C487,20,"Trụ T1, T2 (Xà mũ trụ):x6",6.9,4.8,11.7
C488,20,"Trụ T1, T2 (Xà mũ trụ):x6",6.9,4.8,11.7
C489,20,"Trụ T1, T2 (Xà mũ trụ):x6",6.9,4.8,11.7
C490,20,"Trụ T1, T2 (Xà mũ trụ):x6",6.9,4.8,11.7
C491,20,"Trụ T1, T2 (Xà mũ trụ):x6",6.9,4.8,11.7
C492,20,"Trụ T1, T2 (Xà mũ trụ):x6",6.9,4.8,11.7
C493,20,"Trụ T1, T2 (Xà mũ trụ):x6",6.9,4.8,11.7
C494,20,"Trụ T1, T2 (Xà mũ trụ):x6",6.9,4.8,11.7
C495,20,"Trụ T1, T2 (Xà mũ trụ):x6",6.9,4.8,11.7
C496,20,"Trụ T1, T2 (Xà mũ trụ):x6",6.9,4.8,11.7
C497,20,"Trụ T1, T2 (Xà mũ trụ):x6",6.9,4.8,11.7
C498,20,"Trụ T1, T2 (Xà mũ trụ):x6",6.9,4.8,11.7
C499,20,"Trụ T1, T2 (Xà mũ trụ):x6",6.9,4.8,11.7
C500,20,"Trụ T1, T2 (Xà mũ trụ):x6",6.9,4.8,11.7
C501,20,"Trụ T1, T2 (Xà mũ trụ):x6",6.9,4.8,11.7
C502,20,"Trụ T1, T2 (Xà mũ trụ):x6",6.9,4.8,11.7
C503,20,"Trụ T1, T2 (Xà mũ trụ):x6",6.9,4.8,11.7
C504,20,"Trụ T1, T2 (Xà mũ trụ):x6",6.9,4.8,11.7
C505,20,"Trụ T1, T2 (Xà mũ trụ):x6",6.9,4.8,11.7
C506,20,"Trụ T1, T2 (Xà mũ trụ):x6",6.9,4.8,11.7
C507,20,"Trụ T1, T2 (Xà mũ trụ):x6",6.9,4.8,11.7
C508,20,"Trụ T1, T2 (Xà mũ trụ):x6",6.9,4.8,11.7
C509,20,"Trụ T1, T2 (Xà mũ trụ):x6",6.9,4.8,11.7
C510,20,"Trụ T1, T2 (Xà mũ trụ):x6",6.9,4.8,11.7
C511,20,"Trụ T1, T2 (Xà mũ trụ):x6",6.9,4.8,11.7
C512,20,"Trụ T1, T2 (Xà mũ trụ):x6",6.9,4.8,11.7
C513,20,"Trụ T1, T2 (Xà mũ trụ):x6",6.9,4.8,11.7
C514,20,"Trụ T1, T2 (Xà mũ trụ):x6",6.9,4.8,11.7
C515,20,"Trụ T1, T2 (Xà mũ trụ):x6",6.9,4.8,11.7
C516,20,"Trụ T1, T2 (Xà mũ trụ):x6",6.9,4.8,11.7
C517,20,"Trụ T1, T2 (Xà mũ trụ):x6",6.9,4.8,11.7
C518,20,"Trụ T1, T2 (Xà mũ trụ):x6",6.9,4.8,11.7
C519,20,"Trụ T1, T2 (Xà mũ trụ):x6",6.9,4.8,11.7
C520,20,"Trụ T1, T2 (Xà mũ trụ):x6",6.9,4.8,11.7
C521,20,"Trụ T1, T2 (Xà mũ trụ):x6",6.9,4.8,11.7
C522,20,"Trụ T1, T2 (Xà mũ trụ):x6",6.9,4.8,11.7
C523,20,"Trụ T1, T2 (Xà mũ trụ):x6",6.9,4.8,11.7
C524,20,"Trụ T1, T2 (Xà mũ trụ):x6",6.9,4.8,11.7
C525,20,"Trụ T1, T2 (Xà mũ trụ):x6",6.9,4.8,11.7
C526,20,"Trụ T1, T2 (Xà mũ trụ):x6",6.9,4.8,11.7
C527,20,"Trụ T1, T2 (Xà mũ trụ):x6",6.9,4.8,11.7
C528,20,"Trụ T1, T2 (Xà mũ trụ):x6",6.9,4.8,11.7
C529,20,"Trụ T1, T2 (Xà mũ trụ):x6",6.9,4.8,11.7
C530,20,"Trụ T1, T2 (Xà mũ trụ):x6",6.9,4.8,11.7
C531,20,"Trụ T1, T2 (Xà mũ trụ):x6",6.9,4.8,11.7
C532,20,"Trụ T1, T2 (Xà mũ trụ):x6",6.9,4.8,11.7
C533,20,"Trụ T1, T2 (Xà mũ trụ):x6",6.9,4.8,11.7
C534,20,"Trụ T1, T2 (Xà mũ trụ):x6",6.9,4.8,11.7
C535,20,"Trụ T1, T2 (Xà mũ trụ):x6",6.9,4.8,11.7
C536,20,"Trụ T1, T2 (Xà mũ trụ):x6",6.9,4.8,11.7
C537,20,"Trụ T1, T2 (Xà mũ trụ):x6",6.9,4.8,11.7
C538,20,"Trụ T1, T2 (Xà mũ trụ):x6",6.9,4.8,11.7
C539,20,"Trụ T1, T2 (Xà mũ trụ):x6",6.9,4.8,11.7
C540,20,"Trụ T1, T2 (Xà mũ trụ):x6",6.9,4.8,11.7
C541,20,"Trụ T1, T2 (Xà mũ trụ):x6",6.9,4.8,11.7
C542,20,"Trụ T1, T2 (Xà mũ trụ):x6",6.9,4.8,11.7
C543,20,"Trụ T1, T2 (Xà mũ trụ):x6",6.9,4.8,11.7
C544,20,"Trụ T1, T2 (Xà mũ trụ):x6",6.9,4.8,11.7
C545,20,"Trụ T1, T2 (Xà mũ trụ):x6",6.9,4.8,11.7
C546,20,"Trụ T1, T2 (Xà mũ trụ):x6",6.9,4.8,11.7
C547,20,"Trụ T1, T2 (Xà mũ trụ):x6",6.9,4.8,11.7
C548,20,"Trụ T1, T2 (Xà mũ trụ):x6",6.9,4.8,11.7
C549,20,"Trụ T1, T2 (Xà mũ trụ):x6",6.9,4.8,11.7
C550,20,"Trụ T1, T2 (Xà mũ trụ):x6",6.9,4.8,11.7
C551,20,"Trụ T1, T2 (Xà mũ trụ):x6",6.9,4.8,11.7
C552,20,"Trụ T1, T2 (Xà mũ trụ):x6",6.9,4.8,11.7
C553,20,"Trụ T1, T2 (Xà mũ trụ):x6",6.9,4.8,11.7
C554,20,"Trụ T1, T2 (Xà mũ trụ):x6",6.9,4.8,11.7
C555,20,"Trụ T1, T2 (Xà mũ trụ):x6",6.9,4.8,11.7
C556,20,"Trụ T1, T2 (Xà mũ trụ):x6",6.9,4.8,11.7
C557,20,"Trụ T1, T2 (Xà mũ trụ):x6",6.9,4.8,11.7
C558,20,"Trụ T1, T2 (Xà mũ trụ):x6",6.9,4.8,11.7
C559,20,"Trụ T1, T2 (Xà mũ trụ):x6",6.9,4.8,11.7
C560,20,"Trụ T1, T2 (Xà mũ trụ):x6",6.9,4.8,11.7
C561,20,"Trụ T1, T2 (Xà mũ trụ):x6",6.9,4.8,11.7
C562,20,"Trụ T1, T2 (Xà mũ trụ):x6",6.9,4.8,11.7
C563,20,"Trụ T1, T2 (Xà mũ trụ):x6",6.9,4.8,11.7
C564,20,"Trụ T1, T2 (Xà mũ trụ):x6",6.9,4.8,11.7
C565,20,"Trụ T1, T2 (Xà mũ trụ):x6",6.9,4.8,11.7
C566,20,"Trụ T1, T2 (Xà mũ trụ):x6",6.9,4.8,11.7
C567,20,"Trụ T1, T2 (Xà mũ trụ):x6",6.9,4.8,11.7
C568,20,"Trụ T1, T2 (Xà mũ trụ):x6",6.9,4.8,11.7
C569,20,"Trụ T1, T2 (Xà mũ trụ):x6",6.9,4.8,11.7
C570,20,"Trụ T1, T2 (Xà mũ trụ):x6",6.9,4.8,11.7
C571,20,"Trụ T1, T2 (Xà mũ trụ):x6",6.9,4.8,11.7
C572,20,"Trụ T1, T2 (Xà mũ trụ):x6",6.9,4.8,11.7
C573,20,"Trụ T1, T2 (Xà mũ trụ):x6",6.9,4.8,11.7
C574,20,"Trụ T1, T2 (Xà mũ trụ):x6",6.9,4.8,11.7
C575,20,"Trụ T1, T2 (Xà mũ trụ):x6",6.9,4.8,11.7
C576,20,"Trụ T1, T2 (Xà mũ trụ):x6",6.9,4.8,11.7
C577,20,"Trụ T1, T2 (Xà mũ trụ):x6",6.9,4.8,11.7
C578,20,"Trụ T1, T2 (Xà mũ trụ):x6",6.9,4.8,11.7
C579,20,"Trụ T1, T2 (Xà mũ trụ):x6",6.9,4.8,11.7
C580,20,"Trụ T1, T2 (Xà mũ trụ):x6",6.9,4.8,11.7
C581,20,"Trụ T1, T2 (Xà mũ trụ):x6",6.9,4.8,11.7
C582,20,"Trụ T1, T2 (Xà mũ trụ):x6",6.9,4.8,11.7
C583,20,"Trụ T1, T2 (Xà mũ trụ):x6",6.9,4.8,11.7
C584,20,"Trụ T1, T2 (Xà mũ trụ):x6",6.9,4.8,11.7
C585,20,"Trụ T1, T2 (Xà mũ trụ):x6",6.9,4.8,11.7
C586,20,"Trụ T1, T2 (Xà mũ trụ):x6",6.9,4.8,11.7
C587,20,"Trụ T1, T2 (Xà mũ trụ):x6",6.9,4.8,11.7
C588,20,"Trụ T1, T2 (Xà mũ trụ):x6",6.9,4.8,11.7
C589,20,"Trụ T1, T2 (Xà mũ trụ):x6",6.9,4.8,11.7
C590,20,"Trụ T1, T2 (Xà mũ trụ):x6",6.9,4.8,11.7
C591,20,"Trụ T1, T2 (Xà mũ trụ):x6",6.9,4.8,11.7
C592,20,"Trụ T1, T2 (Xà mũ trụ):x6",6.9,4.8,11.7
C593,20,"Trụ T1, T2 (Xà mũ trụ):x6",6.9,4.8,11.7
C594,20,"Trụ T1, T2 (Xà mũ trụ):x6",6.9,4.8,11.7
C595,20,"Trụ T1, T2 (Xà mũ trụ):x6",6.9,4.8,11.7
C596,20,"Trụ T1, T2 (Xà mũ trụ):x6",6.9,4.8,11.7
C597,20,"Trụ T1, T2 (Xà mũ trụ):x6",6.9,4.8,11.7
C598,20,"Trụ T1, T2 (Xà mũ trụ):x6",6.9,4.8,11.7
C599,20,"Trụ T1, T2 (Xà mũ trụ):x6",6.9,4.8,11.7
C600,20,"Trụ T1, T2 (Xà mũ trụ):x6",6.9,4.8,11.7
C601,20,"Trụ T1, T2 (Xà mũ trụ):x6",6.9,4.8,11.7
C602,20,"Trụ T1, T2 (Xà mũ trụ):x6",6.9,4.8,11.7
C603,20,"Trụ T1, T2 (Xà mũ trụ):x6",6.9,4.8,11.7
C604,20,"Trụ T1, T2 (Xà mũ trụ):x6",6.9,4.8,11.7
C605,20,"Trụ T1, T2 (Xà mũ trụ):x6",6.9,4.8,11.7
C606,20,"Trụ T1, T2 (Xà mũ trụ):x6",6.9,4.8,11.7
C607,20,"Trụ T1, T2 (Xà mũ trụ):x6",6.9,4.8,11.7
C608,20,"Trụ T1, T2 (Xà mũ trụ):x6",6.9,4.8,11.7
C609,20,"Trụ T1, T2 (Xà mũ trụ):x6",6.9,4.8,11.7
C610,20,"Trụ T1, T2 (Xà mũ trụ):x6",6.9,4.8,11.7
C611,20,"Trụ T1, T2 (Xà mũ trụ):x6",6.9,4.8,11.7
C612,20,"Trụ T1, T2 (Xà mũ trụ):x6",6.9,4.8,11.7
C613,20,"Trụ T1, T2 (Xà mũ trụ):x6",6.9,4.8,11.7
C614,20,"Trụ T1, T2 (Xà mũ trụ):x6",6.9,4.8,11.7
C615,20,"Trụ T1, T2 (Xà mũ trụ):x6",6.9,4.8,11.7
C616,20,"Trụ T1, T2 (Xà mũ trụ):x6",6.9,4.8,11.7
C617,20,"Trụ T1, T2 (Xà mũ trụ):x6",6.9,4.8,11.7
C618,20,"Trụ T1, T2 (Xà mũ trụ):x6",6.9,4.8,11.7
C619,20,"Trụ T1, T2 (Xà mũ trụ):x6",6.9,4.8,11.7
C620,20,"Trụ T1, T2 (Xà mũ trụ):x6",6.9,4.8,11.7
C621,20,"Trụ T1, T2 (Xà mũ trụ):x6",6.9,4.8,11.7
C622,20,"Trụ T1, T2 (Xà mũ trụ):x6",6.9,4.8,11.7
C623,20,"Trụ T1, T2 (Xà mũ trụ):x6",6.9,4.8,11.7
C624,20,"Trụ T1, T2 (Xà mũ trụ):x6",6.9,4.8,11.7
C625,20,"Trụ T1, T2 (Xà mũ trụ):x6",6.9,4.8,11.7
C626,20,"Trụ T1, T2 (Xà mũ trụ):x6",6.9,4.8,11.7
C627,20,"Trụ T1, T2 (Xà mũ trụ):x6",6.9,4.8,11.7
C628,20,"Trụ T1, T2 (Xà mũ trụ):x6",6.9,4.8,11.7
C629,20,"Trụ T1, T2 (Xà mũ trụ):x6",6.9,4.8,11.7
C630,20,"Trụ T1, T2 (Xà mũ trụ):x6",6.9,4.8,11.7
C631,20,"Trụ T1, T2 (Xà mũ trụ):x6",6.9,4.8,11.7
C632,20,"Trụ T1, T2 (Xà mũ trụ):x6",6.9,4.8,11.7
C633,20,"Trụ T1, T2 (Xà mũ trụ):x6",6.9,4.8,11.7
C634,20,"Trụ T1, T2 (Xà mũ trụ):x6",6.9,4.8,11.7
C635,20,"Trụ T1, T2 (Xà mũ trụ):x6",6.9,4.8,11.7
C636,20,"Trụ T1, T2 (Xà mũ trụ):x6",6.9,4.8,11.7
C637,20,"Trụ T1, T2 (Xà mũ trụ):x6",6.9,4.8,11.7
C638,20,"Trụ T1, T2 (Xà mũ trụ):x6",6.9,4.8,11.7
C639,20,"Trụ T1, T2 (Xà mũ trụ):x6",6.9,4.8,11.7
C640,20,"Trụ T1, T2 (Xà mũ trụ):x6",6.9,4.8,11.7
C641,20,"Trụ T1, T2 (Xà mũ trụ):x6",6.9,4.8,11.7
C642,20,"Trụ T1, T2 (Xà mũ trụ):x6",6.9,4.8,11.7
C643,20,"Trụ T1, T2 (Xà mũ trụ):x6",6.9,4.8,11.7
C644,20,"Trụ T1, T2 (Xà mũ trụ):x6",6.9,4.8,11.7
C645,20,"Trụ T1, T2 (Xà mũ trụ):x6",6.9,4.8,11.7
C646,20,"Trụ T1, T2 (Xà mũ trụ):x6",6.9,4.8,11.7
C647,20,"Trụ T1, T2 (Xà mũ trụ):x6",6.9,4.8,11.7
C648,20,"Trụ T1, T2 (Xà mũ trụ):x6",6.9,4.8,11.7
C649,20,"Trụ T1, T2 (Xà mũ trụ):x6",6.9,4.8,11.7
C650,20,"Trụ T1, T2 (Xà mũ trụ):x6",6.9,4.8,11.7
C651,20,"Trụ T1, T2 (Xà mũ trụ):x6",6.9,4.8,11.7
C652,20,"Trụ T1, T2 (Xà mũ trụ):x6",6.9,4.8,11.7
C653,20,"Trụ T1, T2 (Xà mũ trụ):x6",6.9,4.8,11.7
C654,20,"Trụ T1, T2 (Xà mũ trụ):x6",6.9,4.8,11.7
C655,20,"Trụ T1, T2 (Xà mũ trụ):x6",6.9,4.8,11.7
C656,20,"Trụ T1, T2 (Xà mũ trụ):x6",6.9,4.8,11.7
C657,20,"Trụ T1, T2 (Xà mũ trụ):x6",6.9,4.8,11.7
C658,20,"Trụ T1, T2 (Xà mũ trụ):x6",6.9,4.8,11.7
C659,20,"Trụ T1, T2 (Xà mũ trụ):x6",6.9,4.8,11.7
C660,20,"Trụ T1, T2 (Xà mũ trụ):x6",6.9,4.8,11.7
C661,20,"Trụ T1, T2 (Xà mũ trụ):x6",6.9,4.8,11.7
C662,20,"Trụ T1, T2 (Xà mũ trụ):x6",6.9,4.8,11.7
C663,20,"Trụ T1, T2 (Xà mũ trụ):x6",6.9,4.8,11.7
C664,20,"Trụ T1, T2 (Xà mũ trụ):x6",6.9,4.8,11.7
C665,20,"Trụ T1, T2 (Xà mũ trụ):x6",6.9,4.8,11.7
C666,20,"Trụ T1, T2 (Xà mũ trụ):x6",6.9,4.8,11.7
C667,20,"Trụ T1, T2 (Xà mũ trụ):x6",6.9,4.8,11.7
C668,20,"Trụ T1, T2 (Xà mũ trụ):x6",6.9,4.8,11.7
C669,20,"Trụ T1, T2 (Xà mũ trụ):x6",6.9,4.8,11.7
C670,20,"Trụ T1, T2 (Xà mũ trụ):x6",6.9,4.8,11.7
C671,20,"Trụ T1, T2 (Xà mũ trụ):x6",6.9,4.8,11.7
C672,20,"Trụ T1, T2 (Xà mũ trụ):x6",6.9,4.8,11.7
C673,20,"Trụ T1, T2 (Xà mũ trụ):x6",6.9,4.8,11.7
C674,20,"Trụ T1, T2 (Xà mũ trụ):x6",6.9,4.8,11.7
C675,20,"Trụ T1, T2 (Xà mũ trụ):x6",6.9,4.8,11.7
C676,20,"Trụ T1, T2 (Xà mũ trụ):x6",6.9,4.8,11.7
C677,20,"Trụ T1, T2 (Xà mũ trụ):x6",6.9,4.8,11.7
C678,20,"Trụ T1, T2 (Xà mũ trụ):x6",6.9,4.8,11.7
C679,20,"Trụ T1, T2 (Xà mũ trụ):x6",6.9,4.8,11.7
C680,20,"Trụ T1, T2 (Xà mũ trụ):x6",6.9,4.8,11.7
C681,20,"Trụ T1, T2 (Xà mũ trụ):x6",6.9,4.8,11.7
C682,20,"Trụ T1, T2 (Xà mũ trụ):x6",6.9,4.8,11.7
C683,20,"Trụ T1, T2 (Xà mũ trụ):x6",6.9,4.8,11.7
C684,20,"Trụ T1, T2 (Xà mũ trụ):x6",6.9,4.8,11.7
C685,20,"Trụ T1, T2 (Xà mũ trụ):x6",6.9,4.8,11.7
C686,20,"Trụ T1, T2 (Xà mũ trụ):x6",6.9,4.8,11.7
C687,20,"Trụ T1, T2 (Xà mũ trụ):x6",6.9,4.8,11.7
C688,20,"Trụ T1, T2 (Xà mũ trụ):x6",6.9,4.8,11.7
C689,20,"Trụ T1, T2 (Xà mũ trụ):x6",6.9,4.8,11.7
C690,20,"Trụ T1, T2 (Xà mũ trụ):x6",6.9,4.8,11.7
C691,20,"Trụ T1, T2 (Xà mũ trụ):x6",6.9,4.8,11.7
C692,20,"Trụ T1, T2 (Xà mũ trụ):x6",6.9,4.8,11.7
C693,20,"Trụ T1, T2 (Xà mũ trụ):x6",6.9,4.8,11.7
C694,20,"Trụ T1, T2 (Xà mũ trụ):x6",6.9,4.8,11.7
C695,20,"Trụ T1, T2 (Xà mũ trụ):x6",6.9,4.8,11.7
C696,20,"Trụ T1, T2 (Xà mũ trụ):x6",6.9,4.8,11.7
C697,20,"Trụ T1, T2 (Xà mũ trụ):x6",6.9,4.8,11.7
C698,20,"Trụ T1, T2 (Xà mũ trụ):x6",6.9,4.8,11.7
C699,20,"Trụ T1, T2 (Xà mũ trụ):x6",6.9,4.8,11.7
C700,20,"Trụ T1, T2 (Xà mũ trụ):x6",6.9,4.8,11.7
C701,20,"Trụ T1, T2 (Xà mũ trụ):x6",6.9,4.8,11.7
C702,20,"Trụ T1, T2 (Xà mũ trụ):x6",6.9,4.8,11.7
C703,20,"Trụ T1, T2 (Xà mũ trụ):x6",6.9,4.8,11.7
C704,20,"Trụ T1, T2 (Xà mũ trụ):x6",6.9,4.8,11.7
C705,20,"Trụ T1, T2 (Xà mũ trụ):x6",6.9,4.8,11.7
C706,20,"Trụ T1, T2 (Xà mũ trụ):x6",6.9,4.8,11.7
C707,20,"Trụ T1, T2 (Xà mũ trụ):x6",6.9,4.8,11.7
C708,20,"Trụ T1, T2 (Xà mũ trụ):x6",6.9,4.8,11.7
C709,20,"Trụ T1, T2 (Xà mũ trụ):x6",6.9,4.8,11.7
C710,20,"Trụ T1, T2 (Xà mũ trụ):x6",6.9,4.8,11.7
C711,20,"Trụ T1, T2 (Xà mũ trụ):x6",6.9,4.8,11.7
C712,20,"Trụ T1, T2 (Xà mũ trụ):x6",6.9,4.8,11.7
C713,20,"Trụ T1, T2 (Xà mũ trụ):x6",6.9,4.8,11.7
C714,20,"Trụ T1, T2 (Xà mũ trụ):x6",6.9,4.8,11.7
C715,20,"Trụ T1, T2 (Xà mũ trụ):x6",6.9,4.8,11.7
C716,20,"Trụ T1, T2 (Xà mũ trụ):x6",6.9,4.8,11.7
C717,20,"Trụ T1, T2 (Xà mũ trụ):x6",6.9,4.8,11.7
C718,20,"Trụ T1, T2 (Xà mũ trụ):x6",6.9,4.8,11.7
C719,20,"Trụ T1, T2 (Xà mũ trụ):x6",6.9,4.8,11.7
C720,20,"Trụ T1, T2 (Xà mũ trụ):x6",6.9,4.8,11.7
C721,20,"Trụ T1, T2 (Xà mũ trụ):x6",6.9,4.8,11.7
C722,20,"Trụ T1, T2 (Xà mũ trụ):x6",6.9,4.8,11.7
C723,20,"Trụ T1, T2 (Xà mũ trụ):x6",6.9,4.8,11.7
C724,20,"Trụ T1, T2 (Xà mũ trụ):x6",6.9,4.8,11.7
C725,20,"Trụ T1, T2 (Xà mũ trụ):x6",6.9,4.8,11.7
C726,20,"Trụ T1, T2 (Xà mũ trụ):x6",6.9,4.8,11.7
C727,20,"Trụ T1, T2 (Xà mũ trụ):x6",6.9,4.8,11.7
C728,20,"Trụ T1, T2 (Xà mũ trụ):x6",6.9,4.8,11.7
C729,20,"Trụ T1, T2 (Xà mũ trụ):x6",6.9,4.8,11.7
C730,20,"Trụ T1, T2 (Xà mũ trụ):x6",6.9,4.8,11.7
C731,20,"Trụ T1, T2 (Xà mũ trụ):x6",6.9,4.8,11.7
C732,20,"Trụ T1, T2 (Xà mũ trụ):x6",6.9,4.8,11.7
C733,20,"Trụ T1, T2 (Xà mũ trụ):x6",6.9,4.8,11.7
C734,20,"Trụ T1, T2 (Xà mũ trụ):x6",6.9,4.8,11.7
C735,20,"Trụ T1, T2 (Xà mũ trụ):x6",6.9,4.8,11.7
C736,20,"Trụ T1, T2 (Xà mũ trụ):x6",6.9,4.8,11.7
C737,20,"Trụ T1, T2 (Xà mũ trụ):x6",6.9,4.8,11.7
C738,20,"Trụ T1, T2 (Xà mũ trụ):x6",6.9,4.8,11.7
C739,20,"Trụ T1, T2 (Xà mũ trụ):x6",6.9,4.8,11.7
C740,20,"Trụ T1, T2 (Xà mũ trụ):x6",6.9,4.8,11.7
C741,20,"Trụ T1, T2 (Xà mũ trụ):x6",6.9,4.8,11.7
C742,20,"Trụ T1, T2 (Xà mũ trụ):x6",6.9,4.8,11.7
C743,20,"Trụ T1, T2 (Xà mũ trụ):x6",6.9,4.8,11.7
C744,20,"Trụ T1, T2 (Xà mũ trụ):x6",6.9,4.8,11.7
C745,20,"Trụ T1, T2 (Xà mũ trụ):x6",6.9,4.8,11.7
C746,20,"Trụ T1, T2 (Xà mũ trụ):x6",6.9,4.8,11.7
C747,20,"Trụ T1, T2 (Xà mũ trụ):x6",6.9,4.8,11.7
C748,20,"Trụ T1, T2 (Xà mũ trụ):x6",6.9,4.8,11.7
C749,20,"Trụ T1, T2 (Xà mũ trụ):x6",6.9,4.8,11.7
C750,20,"Trụ T1, T2 (Xà mũ trụ):x6",6.9,4.8,11.7
C751,20,"Trụ T1, T2 (Xà mũ trụ):x6",6.9,4.8,11.7
C752,20,"Trụ T1, T2 (Xà mũ trụ):x6",6.9,4.8,11.7
C753,20,"Trụ T1, T2 (Xà mũ trụ):x6",6.9,4.8,11.7
C754,20,"Trụ T1, T2 (Xà mũ trụ):x6",6.9,4.8,11.7
C755,20,"Trụ T1, T2 (Xà mũ trụ):x6",6.9,4.8,11.7
C756,20,"Trụ T1, T2 (Xà mũ trụ):x6",6.9,4.8,11.7
C757,20,"Trụ T1, T2 (Xà mũ trụ):x6",6.9,4.8,11.7
C758,20,"Trụ T1, T2 (Xà mũ trụ):x6",6.9,4.8,11.7
C759,20,"Trụ T1, T2 (Xà mũ trụ):x6",6.9,4.8,11.7
C760,20,"Trụ T1, T2 (Xà mũ trụ):x6",6.9,4.8,11.7
C761,20,"Trụ T1, T2 (Xà mũ trụ):x6",6.9,4.8,11.7
C762,20,"Trụ T1, T2 (Xà mũ trụ):x6",6.9,4.8,11.7
C763,20,"Trụ T1, T2 (Xà mũ trụ):x6",6.9,4.8,11.7
C764,20,"Trụ T1, T2 (Xà mũ trụ):x6",6.9,4.8,11.7
C765,20,"Trụ T1, T2 (Xà mũ trụ):x6",6.9,4.8,11.7
C766,20,"Trụ T1, T2 (Xà mũ trụ):x6",6.9,4.8,11.7
C767,20,"Trụ T1, T2 (Xà mũ trụ):x6",6.9,4.8,11.7
C768,20,"Trụ T1, T2 (Xà mũ trụ):x6",6.9,4.8,11.7
C769,20,"Trụ T1, T2 (Xà mũ trụ):x6",6.9,4.8,11.7
C770,20,"Trụ T1, T2 (Xà mũ trụ):x6",6.9,4.8,11.7
C771,20,"Trụ T1, T2 (Xà mũ trụ):x6",6.9,4.8,11.7
C772,20,"Trụ T1, T2 (Xà mũ trụ):x6",6.9,4.8,11.7
C773,20,"Trụ T1, T2 (Xà mũ trụ):x6",6.9,4.8,11.7
C774,20,"Trụ T1, T2 (Xà mũ trụ):x6",6.9,4.8,11.7
C775,20,"Trụ T1, T2 (Xà mũ trụ):x6",6.9,4.8,11.7
C776,20,"Trụ T1, T2 (Xà mũ trụ):x6",6.9,4.8,11.7
C777,20,"Trụ T1, T2 (Xà mũ trụ):x6",6.9,4.8,11.7
C778,20,"Trụ T1, T2 (Xà mũ trụ):x6",6.9,4.8,11.7
C779,20,"Trụ T1, T2 (Xà mũ trụ):x6",6.9,4.8,11.7
C780,20,"Trụ T1, T2 (Xà mũ trụ):x6",6.9,4.8,11.7
C781,20,"Trụ T1, T2 (Xà mũ trụ):x6",6.9,4.8,11.7
C782,20,"Trụ T1, T2 (Xà mũ trụ):x6",6.9,4.8,11.7
C783,20,"Trụ T1, T2 (Xà mũ trụ):x6",6.9,4.8,11.7
C784,20,"Trụ T1, T2 (Xà mũ trụ):x6",6.9,4.8,11.7
C785,20,"Trụ T1, T2 (Xà mũ trụ):x6",6.9,4.8,11.7
C786,20,"Trụ T1, T2 (Xà mũ trụ):x6",6.9,4.8,11.7
C787,20,"Trụ T1, T2 (Xà mũ trụ):x6",6.9,4.8,11.7
C788,20,"Trụ T1, T2 (Xà mũ trụ):x6",6.9,4.8,11.7
C789,20,"Trụ T1, T2 (Xà mũ trụ):x6",6.9,4.8,11.7
C790,20,"Trụ T1, T2 (Xà mũ trụ):x6",6.9,4.8,11.7
C791,20,Bản quá độ Mố M1:A3,6.3,5.4,11.7
C792,20,Bản quá độ Mố M1:A3,6.3,5.4,11.7
C793,20,Bản quá độ Mố M1:A3,6.3,5.4,11.7
C794,20,Bản quá độ Mố M1:A3,6.3,5.4,11.7
C795,20,Bản quá độ Mố M1:A3,6.3,5.4,11.7
C796,20,Bản quá độ Mố M1:A3,6.3,5.4,11.7
C797,20,Bản quá độ Mố M1:A3,6.3,5.4,11.7
C798,20,Bản quá độ Mố M1:A3,6.3,5.4,11.7
C799,20,Bản quá độ Mố M1:A3,6.3,5.4,11.7
C800,20,Bản quá độ Mố M1:A3,6.3,5.4,11.7
C801,20,Bản quá độ Mố M1:A3,6.3,5.4,11.7
C802,20,Bản quá độ Mố M1:A3,6.3,5.4,11.7
C803,20,Bản quá độ Mố M1:A3,6.3,5.4,11.7
C804,20,Bản quá độ Mố M1:A3,6.3,5.4,11.7
C805,20,Bản quá độ Mố M1:A3,6.3,5.4,11.7
C806,20,Bản quá độ Mố M1:A3,6.3,5.4,11.7
C807,20,Bản quá độ Mố M1:A3,6.3,5.4,11.7
C808,20,Bản quá độ Mố M1:A3,6.3,5.4,11.7
C809,20,Bản quá độ Mố M1:A3,6.3,5.4,11.7
C810,20,Bản quá độ Mố M1:A3,6.3,5.4,11.7
C811,20,Bản quá độ Mố M1:A3,6.3,5.4,11.7
C812,20,Bản quá độ Mố M1:A3,6.3,5.4,11.7
C813,20,Bản quá độ Mố M1:A3,6.3,5.4,11.7
C814,20,Bản quá độ Mố M1:A3,6.3,5.4,11.7
C815,20,Bản quá độ Mố M1:A3,6.3,5.4,11.7
C816,20,Bản quá độ Mố M1:A3,6.3,5.4,11.7
C817,20,Bản quá độ Mố M1:A3,6.3,5.4,11.7
C818,20,Bản quá độ Mố M1:A3,6.3,5.4,11.7
C819,20,Bản quá độ Mố M1:A3,6.3,5.4,11.7
C820,20,Bản quá độ Mố M1:A3,6.3,5.4,11.7
C821,20,Bản quá độ Mố M1:A3,6.3,5.4,11.7
C822,20,Bản quá độ Mố M1:A3,6.3,5.4,11.7
C823,20,Bản quá độ Mố M1:A3,6.3,5.4,11.7
C824,20,Bản quá độ Mố M1:A3,6.3,5.4,11.7
C825,20,Bản quá độ Mố M1:A3,6.3,5.4,11.7
C826,20,Bản quá độ Mố M1:A3,6.3,5.4,11.7
C827,20,Bản quá độ Mố M1:A3,6.3,5.4,11.7
C828,20,Bản quá độ Mố M1:A3,6.3,5.4,11.7
C829,20,Bản quá độ Mố M1:A3,6.3,5.4,11.7
C830,20,Bản quá độ Mố M1:A3,6.3,5.4,11.7
C831,20,Bản quá độ Mố M1:A3,6.3,5.4,11.7
C832,20,Bản quá độ Mố M1:A3,6.3,5.4,11.7
C833,20,Bản quá độ Mố M1:A3,6.3,5.4,11.7
C834,20,Bản quá độ Mố M1:A3,6.3,5.4,11.7
C835,20,Bản quá độ Mố M1:A3,6.3,5.4,11.7
C836,20,Bản quá độ Mố M1:A3,6.3,5.4,11.7
C837,20,Bản quá độ Mố M1:A3,6.3,5.4,11.7
C838,20,Bản quá độ Mố M1:A3,6.3,5.4,11.7
C839,20,Bản quá độ Mố M1:A3,6.3,5.4,11.7
C840,20,Bản quá độ Mố M1:A3,6.3,5.4,11.7
C841,20,Bản quá độ Mố M1:A3,6.3,5.4,11.7
C842,20,Bản quá độ Mố M1:A3,6.3,5.4,11.7
C843,20,Bản quá độ Mố M1:A3,6.3,5.4,11.7
C844,20,Bản quá độ Mố M1:A3,6.3,5.4,11.7
C845,20,Bản quá độ Mố M1:A3,6.3,5.4,11.7
C846,20,Bản quá độ Mố M1:A3,6.3,5.4,11.7
C847,20,Bản quá độ Mố M1:A3,6.3,5.4,11.7
C848,20,Bản quá độ Mố M1:A3,6.3,5.4,11.7
C849,20,Bản quá độ Mố M1:A3,6.3,5.4,11.7
C850,20,Bản quá độ Mố M1:A3,6.3,5.4,11.7
C851,20,Bản quá độ Mố M1:A3,6.3,5.4,11.7
C852,20,Bản quá độ Mố M1:A3,6.3,5.4,11.7
C853,20,Bản quá độ Mố M1:A3,6.3,5.4,11.7
C854,20,Bản quá độ Mố M1:A3,6.3,5.4,11.7
C855,20,Bản quá độ Mố M1:A3,6.3,5.4,11.7
C856,20,Bản quá độ Mố M1:A3,6.3,5.4,11.7
C857,20,Bản quá độ Mố M1:A3,6.3,5.4,11.7
C858,20,Bản quá độ Mố M1:A3,6.3,5.4,11.7
C859,20,Bản quá độ Mố M1:A3,6.3,5.4,11.7
C860,20,Bản quá độ Mố M1:A3,6.3,5.4,11.7
C861,20,Bản quá độ Mố M1:A3,6.3,5.4,11.7
C862,20,Bản quá độ Mố M1:A3,6.3,5.4,11.7
C863,20,Bản quá độ Mố M1:A3,6.3,5.4,11.7
C864,20,Bản quá độ Mố M1:A3,6.3,5.4,11.7
C865,20,Bản quá độ Mố M1:A3,6.3,5.4,11.7
C866,20,Bản quá độ Mố M1:A3,6.3,5.4,11.7
C867,20,Bản quá độ Mố M1:A3,6.3,5.4,11.7
C868,20,Bản quá độ Mố M1:A3,6.3,5.4,11.7
C869,20,Bản quá độ Mố M1:A3,6.3,5.4,11.7
C870,20,Bản quá độ Mố M1:A3,6.3,5.4,11.7
C871,20,Bản quá độ Mố M1:A3,6.3,5.4,11.7
C872,20,Bản quá độ Mố M1:A3,6.3,5.4,11.7
C873,20,Bản quá độ Mố M1:A3,6.3,5.4,11.7
C874,20,Bản quá độ Mố M1:A3,6.3,5.4,11.7
C875,20,Bản quá độ Mố M1:A3,6.3,5.4,11.7
C876,20,Bản quá độ Mố M1:A3,6.3,5.4,11.7
C877,20,Bản quá độ Mố M1:A3,6.3,5.4,11.7
C878,20,Bản quá độ Mố M1:A3,6.3,5.4,11.7
C879,20,Bản quá độ Mố M1:A3,6.3,5.4,11.7
C880,20,Bản quá độ Mố M1:A3,6.3,5.4,11.7
C881,20,Bản quá độ Mố M1:A3,6.3,5.4,11.7
C882,20,Bản quá độ Mố M1:A3,6.3,5.4,11.7
C883,20,Bản quá độ Mố M1:A3,6.3,5.4,11.7
C884,20,Bản quá độ Mố M1:A3,6.3,5.4,11.7
C885,20,Bản quá độ Mố M1:A3,6.3,5.4,11.7
C886,20,Bản quá độ Mố M1:A3,6.3,5.4,11.7
C887,20,Bản quá độ Mố M1:A3,6.3,5.4,11.7
C888,20,Bản quá độ Mố M1:A3,6.3,5.4,11.7
C889,20,Bản quá độ Mố M1:A3,6.3,5.4,11.7
C890,20,Bản quá độ Mố M1:A3,6.3,5.4,11.7
C891,20,Bản quá độ Mố M1:A3,6.3,5.4,11.7
C892,20,Bản quá độ Mố M1:A3,6.3,5.4,11.7
C893,20,Bản quá độ Mố M1:A3,6.3,5.4,11.7
C894,20,Bản quá độ Mố M1:A3,6.3,5.4,11.7
C895,20,Bản quá độ Mố M1:A3,6.3,5.4,11.7
C896,20,Bản quá độ Mố M1:A3,6.3,5.4,11.7
C897,20,Bản quá độ Mố M1:A3,6.3,5.4,11.7
C898,20,Bản quá độ Mố M1:A3,6.3,5.4,11.7
C899,20,Bản quá độ Mố M1:A3,6.3,5.4,11.7
C900,20,Bản quá độ Mố M1:A3,6.3,5.4,11.7
C901,20,Bản quá độ Mố M1:A3,6.3,5.4,11.7
C902,20,Bản quá độ Mố M1:A3,6.3,5.4,11.7
C903,20,Bản quá độ Mố M1:A3,6.3,5.4,11.7
