Mã cây,Đường kính Ø (mm),Thanh cắt (Mark),Chiều dài cắt (m),Thừa cuối cây (m),Mã cây gốc (11.7m)
C1,18,Mố M1:F3,6.336,0.073,11.7
C1,18,"Trụ T1, T2 (Bệ móng):B4",5.286,0.073,11.7
C2,18,Mố M1:F3,6.336,0.073,11.7
C2,18,"Trụ T1, T2 (Bệ móng):B4",5.286,0.073,11.7
C3,18,Mố M1:F3,6.336,0.073,11.7
C3,18,"Trụ T1, T2 (Bệ móng):B4",5.286,0.073,11.7
C4,18,Mố M1:F3,6.336,0.073,11.7
C4,18,"Trụ T1, T2 (Bệ móng):B4",5.286,0.073,11.7
C5,18,Mố M1:F3,6.336,0.073,11.7
C5,18,"Trụ T1, T2 (Bệ móng):B4",5.286,0.073,11.7
C6,18,Mố M1:F3,6.336,0.073,11.7
C6,18,"Trụ T1, T2 (Bệ móng):B4",5.286,0.073,11.7
C7,18,Mố M1:F3,6.336,0.073,11.7
C7,18,"Trụ T1, T2 (Bệ móng):B4",5.286,0.073,11.7
C8,18,Mố M1:F3,6.336,0.073,11.7
C8,18,"Trụ T1, T2 (Bệ móng):B4",5.286,0.073,11.7
C9,18,Mố M1:F3,6.336,0.073,11.7
C9,18,"Trụ T1, T2 (Bệ móng):B4",5.286,0.073,11.7
C10,18,Mố M1:F3,6.336,0.073,11.7
C10,18,"Trụ T1, T2 (Bệ móng):B4",5.286,0.073,11.7
C11,18,Mố M1:F3,6.336,0.073,11.7
C11,18,"Trụ T1, T2 (Bệ móng):B4",5.286,0.073,11.7
C12,18,Mố M1:F3,6.336,0.073,11.7
C12,18,"Trụ T1, T2 (Bệ móng):B4",5.286,0.073,11.7
C13,18,Mố M1:F3,6.336,0.073,11.7
C13,18,"Trụ T1, T2 (Bệ móng):B4",5.286,0.073,11.7
C14,18,Mố M1:F3,6.336,0.073,11.7
C14,18,"Trụ T1, T2 (Bệ móng):B4",5.286,0.073,11.7
C15,18,Mố M1:F3,6.336,0.073,11.7
C15,18,"Trụ T1, T2 (Bệ móng):B4",5.286,0.073,11.7
C16,18,Mố M1:F3,6.336,0.073,11.7
C16,18,"Trụ T1, T2 (Bệ móng):B4",5.286,0.073,11.7
C17,18,Mố M1:F3,6.336,0.073,11.7
C17,18,"Trụ T1, T2 (Bệ móng):B4",5.286,0.073,11.7
C18,18,Mố M1:F3,6.336,0.073,11.7
C18,18,"Trụ T1, T2 (Bệ móng):B4",5.286,0.073,11.7
C19,18,Mố M1:F3,6.336,0.073,11.7
C19,18,"Trụ T1, T2 (Bệ móng):B4",5.286,0.073,11.7
C20,18,Mố M1:F3,6.336,0.073,11.7
C20,18,"Trụ T1, T2 (Bệ móng):B4",5.286,0.073,11.7
C21,18,Mố M1:F3,6.336,0.073,11.7
C21,18,"Trụ T1, T2 (Bệ móng):B4",5.286,0.073,11.7
C22,18,Mố M1:F3,6.336,0.073,11.7
C22,18,"Trụ T1, T2 (Bệ móng):B4",5.286,0.073,11.7
C23,18,Mố M1:F3,6.336,0.073,11.7
C23,18,"Trụ T1, T2 (Bệ móng):B4",5.286,0.073,11.7
C24,18,Mố M1:F3,6.336,0.073,11.7
C24,18,"Trụ T1, T2 (Bệ móng):B4",5.286,0.073,11.7
C25,18,Mố M1:F3,6.336,0.073,11.7
C25,18,"Trụ T1, T2 (Bệ móng):B4",5.286,0.073,11.7
C26,18,Mố M1:F3,6.336,0.073,11.7
C26,18,"Trụ T1, T2 (Bệ móng):B4",5.286,0.073,11.7
C27,18,Mố M1:F3,6.336,0.073,11.7
C27,18,"Trụ T1, T2 (Bệ móng):B4",5.286,0.073,11.7
C28,18,Mố M1:F3,6.336,0.073,11.7
C28,18,"Trụ T1, T2 (Bệ móng):B4",5.286,0.073,11.7
C29,18,Mố M1:F3,6.336,0.073,11.7
C29,18,"Trụ T1, T2 (Bệ móng):B4",5.286,0.073,11.7
C30,18,Mố M1:F3,6.336,0.073,11.7
C30,18,"Trụ T1, T2 (Bệ móng):B4",5.286,0.073,11.7
C31,18,Mố M1:F3,6.336,0.073,11.7
C31,18,"Trụ T1, T2 (Bệ móng):B4",5.286,0.073,11.7
C32,18,Mố M1:F3,6.336,0.073,11.7
C32,18,"Trụ T1, T2 (Bệ móng):B4",5.286,0.073,11.7
C33,18,Mố M1:F3,6.336,0.073,11.7
C33,18,"Trụ T1, T2 (Bệ móng):B4",5.286,0.073,11.7
C34,18,Mố M1:F3,6.336,0.073,11.7
C34,18,"Trụ T1, T2 (Bệ móng):B4",5.286,0.073,11.7
C35,18,Mố M1:F3,6.336,0.073,11.7
C35,18,"Trụ T1, T2 (Bệ móng):B4",5.286,0.073,11.7
C36,18,Mố M1:F3,6.336,0.073,11.7
C36,18,"Trụ T1, T2 (Bệ móng):B4",5.286,0.073,11.7
C37,18,Mố M1:F3,6.336,0.073,11.7
C37,18,"Trụ T1, T2 (Bệ móng):B4",5.286,0.073,11.7
C38,18,Mố M1:F3,6.336,0.073,11.7
C38,18,"Trụ T1, T2 (Bệ móng):B4",5.286,0.073,11.7
C39,18,Mố M1:F3,6.336,0.073,11.7
C39,18,"Trụ T1, T2 (Bệ móng):B4",5.286,0.073,11.7
C40,18,Mố M1:F3,6.336,0.073,11.7
C40,18,"Trụ T1, T2 (Bệ móng):B4",5.286,0.073,11.7
C41,18,Mố M1:F3,6.336,0.073,11.7
C41,18,"Trụ T1, T2 (Bệ móng):B4",5.286,0.073,11.7
C42,18,Mố M1:F3,6.336,0.073,11.7
C42,18,"Trụ T1, T2 (Bệ móng):B4",5.286,0.073,11.7
C43,18,Mố M1:F3,6.336,0.073,11.7
C43,18,"Trụ T1, T2 (Bệ móng):B4",5.286,0.073,11.7
C44,18,Mố M1:F3,6.336,0.073,11.7
C44,18,"Trụ T1, T2 (Bệ móng):B4",5.286,0.073,11.7
C45,18,Mố M1:F3,6.336,0.073,11.7
C45,18,"Trụ T1, T2 (Bệ móng):B4",5.286,0.073,11.7
C46,18,Mố M1:F3,6.336,0.073,11.7
C46,18,"Trụ T1, T2 (Bệ móng):B4",5.286,0.073,11.7
C47,18,Mố M1:F3,6.336,0.073,11.7
C47,18,"Trụ T1, T2 (Bệ móng):B4",5.286,0.073,11.7
C48,18,Mố M1:F3,6.336,0.073,11.7
C48,18,"Trụ T1, T2 (Bệ móng):B4",5.286,0.073,11.7
C49,18,Mố M1:F3,6.336,0.073,11.7
C49,18,"Trụ T1, T2 (Bệ móng):B4",5.286,0.073,11.7
C50,18,Mố M1:F3,6.336,0.073,11.7
C50,18,"Trụ T1, T2 (Bệ móng):B4",5.286,0.073,11.7
C51,18,Mố M1:F3,6.336,0.073,11.7
C51,18,"Trụ T1, T2 (Bệ móng):B4",5.286,0.073,11.7
C52,18,Mố M1:F3,6.336,0.073,11.7
C52,18,"Trụ T1, T2 (Bệ móng):B4",5.286,0.073,11.7
C53,18,Mố M1:F3,6.336,0.073,11.7
C53,18,"Trụ T1, T2 (Bệ móng):B4",5.286,0.073,11.7
C54,18,Mố M1:F3,6.336,0.073,11.7
C54,18,"Trụ T1, T2 (Bệ móng):B4",5.286,0.073,11.7
C55,18,Mố M1:F3,6.336,0.073,11.7
C55,18,"Trụ T1, T2 (Bệ móng):B4",5.286,0.073,11.7
C56,18,Mố M1:F3,6.336,0.073,11.7
C56,18,"Trụ T1, T2 (Bệ móng):B4",5.286,0.073,11.7
C57,18,Mố M1:F3,6.336,0.073,11.7
C57,18,"Trụ T1, T2 (Bệ móng):B4",5.286,0.073,11.7
C58,18,Mố M1:F3,6.336,0.073,11.7
C58,18,"Trụ T1, T2 (Bệ móng):B4",5.286,0.073,11.7
C59,18,Mố M1:F3,6.336,0.073,11.7
C59,18,"Trụ T1, T2 (Bệ móng):B4",5.286,0.073,11.7
C60,18,Mố M1:F3,6.336,0.073,11.7
C60,18,"Trụ T1, T2 (Bệ móng):B4",5.286,0.073,11.7
C61,18,Mố M1:F3,6.336,0.073,11.7
C61,18,"Trụ T1, T2 (Bệ móng):B4",5.286,0.073,11.7
C62,18,Mố M1:F3,6.336,0.073,11.7
C62,18,"Trụ T1, T2 (Bệ móng):B4",5.286,0.073,11.7
C63,18,Mố M1:F3,6.336,0.073,11.7
C63,18,"Trụ T1, T2 (Bệ móng):B4",5.286,0.073,11.7
C64,18,Mố M1:F3,6.336,0.073,11.7
C64,18,"Trụ T1, T2 (Bệ móng):B4",5.286,0.073,11.7
C65,18,Mố M1:F3,6.336,0.073,11.7
C65,18,"Trụ T1, T2 (Bệ móng):B4",5.286,0.073,11.7
C66,18,Mố M1:F3,6.336,0.073,11.7
C66,18,"Trụ T1, T2 (Bệ móng):B4",5.286,0.073,11.7
C67,18,Mố M1:F3,6.336,0.073,11.7
C67,18,"Trụ T1, T2 (Bệ móng):B4",5.286,0.073,11.7
C68,18,Mố M1:F3,6.336,0.073,11.7
C68,18,"Trụ T1, T2 (Bệ móng):B4",5.286,0.073,11.7
C69,18,Mố M1:F3,6.336,0.073,11.7
C69,18,"Trụ T1, T2 (Bệ móng):B4",5.286,0.073,11.7
C70,18,Mố M1:F3,6.336,0.073,11.7
C70,18,"Trụ T1, T2 (Bệ móng):B4",5.286,0.073,11.7
C71,18,Mố M1:F3,6.336,0.073,11.7
C71,18,"Trụ T1, T2 (Bệ móng):B4",5.286,0.073,11.7
C72,18,Mố M1:F3,6.336,0.073,11.7
C72,18,"Trụ T1, T2 (Bệ móng):B4",5.286,0.073,11.7
C73,18,Mố M1:F3,6.336,0.073,11.7
C73,18,"Trụ T1, T2 (Bệ móng):B4",5.286,0.073,11.7
C74,18,Mố M1:F3,6.336,0.073,11.7
C74,18,"Trụ T1, T2 (Bệ móng):B4",5.286,0.073,11.7
C75,18,Mố M1:F3,6.336,0.073,11.7
C75,18,"Trụ T1, T2 (Bệ móng):B4",5.286,0.073,11.7
C76,18,Mố M1:F3,6.336,0.073,11.7
C76,18,"Trụ T1, T2 (Bệ móng):B4",5.286,0.073,11.7
C77,18,Mố M1:F3,6.336,0.073,11.7
C77,18,"Trụ T1, T2 (Bệ móng):B4",5.286,0.073,11.7
C78,18,Mố M1:F3,6.336,0.073,11.7
C78,18,"Trụ T1, T2 (Bệ móng):B4",5.286,0.073,11.7
C79,18,Mố M1:F3,6.336,0.073,11.7
C79,18,"Trụ T1, T2 (Bệ móng):B4",5.286,0.073,11.7
C80,18,Mố M1:F3,6.336,0.073,11.7
C80,18,"Trụ T1, T2 (Bệ móng):B4",5.286,0.073,11.7
C81,18,Mố M1:F3,6.336,0.073,11.7
C81,18,"Trụ T1, T2 (Bệ móng):B4",5.286,0.073,11.7
C82,18,Mố M1:F3,6.336,0.073,11.7
C82,18,"Trụ T1, T2 (Bệ móng):B4",5.286,0.073,11.7
C83,18,Mố M1:F3,6.336,0.073,11.7
C83,18,"Trụ T1, T2 (Bệ móng):B4",5.286,0.073,11.7
C84,18,Mố M2:F3,6.336,0.073,11.7
C84,18,"Trụ T1, T2 (Bệ móng):B4",5.286,0.073,11.7
C85,18,Mố M2:F3,6.336,0.073,11.7
C85,18,"Trụ T1, T2 (Bệ móng):B4",5.286,0.073,11.7
C86,18,Mố M2:F3,6.336,0.073,11.7
C86,18,"Trụ T1, T2 (Bệ móng):B4",5.286,0.073,11.7
C87,18,Mố M2:F3,6.336,0.073,11.7
C87,18,"Trụ T1, T2 (Bệ móng):B4",5.286,0.073,11.7
C88,18,Mố M2:F3,6.336,0.073,11.7
C88,18,"Trụ T1, T2 (Bệ móng):B4",5.286,0.073,11.7
C89,18,Mố M2:F3,6.336,0.073,11.7
C89,18,"Trụ T1, T2 (Bệ móng):B4",5.286,0.073,11.7
C90,18,Mố M2:F3,6.336,0.073,11.7
C90,18,"Trụ T1, T2 (Bệ móng):B4",5.286,0.073,11.7
C91,18,Mố M2:F3,6.336,0.073,11.7
C91,18,"Trụ T1, T2 (Bệ móng):B4",5.286,0.073,11.7
C92,18,Mố M2:F3,6.336,0.073,11.7
C92,18,"Trụ T1, T2 (Bệ móng):B4",5.286,0.073,11.7
C93,18,Mố M2:F3,6.336,0.073,11.7
C93,18,"Trụ T1, T2 (Bệ móng):B4",5.286,0.073,11.7
C94,18,Mố M2:F3,6.336,0.073,11.7
C94,18,"Trụ T1, T2 (Bệ móng):B4",5.286,0.073,11.7
C95,18,Mố M2:F3,6.336,0.073,11.7
C95,18,"Trụ T1, T2 (Bệ móng):B4",5.286,0.073,11.7
C96,18,Mố M2:F3,6.336,0.073,11.7
C96,18,"Trụ T1, T2 (Bệ móng):B4",5.286,0.073,11.7
C97,18,Mố M2:F3,6.336,0.073,11.7
C97,18,"Trụ T1, T2 (Bệ móng):B4",5.286,0.073,11.7
C98,18,Mố M2:F3,6.336,0.073,11.7
C98,18,"Trụ T1, T2 (Bệ móng):B4",5.286,0.073,11.7
C99,18,Mố M2:F3,6.336,0.073,11.7
C99,18,"Trụ T1, T2 (Bệ móng):B4",5.286,0.073,11.7
C100,18,Mố M2:F3,6.336,0.073,11.7
C100,18,"Trụ T1, T2 (Bệ móng):B4",5.286,0.073,11.7
C101,18,Mố M2:F3,6.336,0.073,11.7
C101,18,"Trụ T1, T2 (Bệ móng):B4",5.286,0.073,11.7
C102,18,Mố M2:F3,6.336,0.073,11.7
C102,18,"Trụ T1, T2 (Bệ móng):B4",5.286,0.073,11.7
C103,18,Mố M2:F3,6.336,0.073,11.7
C103,18,"Trụ T1, T2 (Bệ móng):B4",5.286,0.073,11.7
C104,18,Mố M2:F3,6.336,0.073,11.7
C104,18,"Trụ T1, T2 (Bệ móng):B4",5.286,0.073,11.7
C105,18,Mố M2:F3,6.336,0.073,11.7
C105,18,"Trụ T1, T2 (Bệ móng):B4",5.286,0.073,11.7
C106,18,Mố M2:F3,6.336,0.073,11.7
C106,18,"Trụ T1, T2 (Bệ móng):B4",5.286,0.073,11.7
C107,18,Mố M2:F3,6.336,0.073,11.7
C107,18,"Trụ T1, T2 (Bệ móng):B4",5.286,0.073,11.7
C108,18,Mố M2:F3,6.336,0.073,11.7
C108,18,"Trụ T1, T2 (Bệ móng):B4",5.286,0.073,11.7
C109,18,Mố M2:F3,6.336,0.073,11.7
C109,18,"Trụ T1, T2 (Bệ móng):B4",5.286,0.073,11.7
C110,18,Mố M2:F3,6.336,0.073,11.7
C110,18,"Trụ T1, T2 (Bệ móng):B4",5.286,0.073,11.7
C111,18,Mố M2:F3,6.336,0.073,11.7
C111,18,"Trụ T1, T2 (Bệ móng):B4",5.286,0.073,11.7
C112,18,Mố M2:F3,6.336,0.073,11.7
C112,18,"Trụ T1, T2 (Bệ móng):B4",5.286,0.073,11.7
C113,18,Mố M2:F3,6.336,0.073,11.7
C113,18,"Trụ T1, T2 (Bệ móng):B4",5.286,0.073,11.7
C114,18,Mố M2:F3,6.336,0.073,11.7
C114,18,"Trụ T1, T2 (Bệ móng):B4",5.286,0.073,11.7
C115,18,Mố M2:F3,6.336,0.073,11.7
C115,18,"Trụ T1, T2 (Bệ móng):B4",5.286,0.073,11.7
C116,18,Mố M2:F3,6.336,0.073,11.7
C116,18,"Trụ T1, T2 (Bệ móng):B4",5.286,0.073,11.7
C117,18,Mố M2:F3,6.336,0.073,11.7
C117,18,"Trụ T1, T2 (Bệ móng):B4",5.286,0.073,11.7
C118,18,Mố M2:F3,6.336,0.073,11.7
C118,18,"Trụ T1, T2 (Bệ móng):B4",5.286,0.073,11.7
C119,18,Mố M2:F3,6.336,0.073,11.7
C119,18,"Trụ T1, T2 (Bệ móng):B4",5.286,0.073,11.7
C120,18,Mố M2:F3,6.336,0.073,11.7
C120,18,"Trụ T1, T2 (Bệ móng):B4",5.286,0.073,11.7
C121,18,Mố M2:F3,6.336,0.073,11.7
C121,18,"Trụ T1, T2 (Bệ móng):B4",5.286,0.073,11.7
C122,18,Mố M2:F3,6.336,0.073,11.7
C122,18,"Trụ T1, T2 (Bệ móng):B4",5.286,0.073,11.7
C123,18,Mố M2:F3,6.336,0.073,11.7
C123,18,"Trụ T1, T2 (Bệ móng):B4",5.286,0.073,11.7
C124,18,Mố M2:F3,6.336,0.073,11.7
C124,18,"Trụ T1, T2 (Bệ móng):B4",5.286,0.073,11.7
C125,18,Mố M2:F3,6.336,0.073,11.7
C125,18,"Trụ T1, T2 (Bệ móng):B4",5.286,0.073,11.7
C126,18,Mố M2:F3,6.336,0.073,11.7
C126,18,"Trụ T1, T2 (Bệ móng):B4",5.286,0.073,11.7
C127,18,Mố M2:F3,6.336,0.073,11.7
C127,18,"Trụ T1, T2 (Bệ móng):B4",5.286,0.073,11.7
C128,18,Mố M2:F3,6.336,0.073,11.7
C128,18,"Trụ T1, T2 (Bệ móng):B4",5.286,0.073,11.7
C129,18,Mố M2:F3,6.336,0.073,11.7
C129,18,"Trụ T1, T2 (Bệ móng):B4",5.286,0.073,11.7
C130,18,Mố M2:F3,6.336,0.073,11.7
C130,18,"Trụ T1, T2 (Bệ móng):B4",5.286,0.073,11.7
C131,18,Mố M2:F3,6.336,0.073,11.7
C131,18,"Trụ T1, T2 (Bệ móng):B4",5.286,0.073,11.7
C132,18,Mố M2:F3,6.336,0.073,11.7
C132,18,"Trụ T1, T2 (Bệ móng):B4",5.286,0.073,11.7
C133,18,Mố M2:F3,6.336,0.073,11.7
C133,18,"Trụ T1, T2 (Bệ móng):B4",5.286,0.073,11.7
C134,18,Mố M2:F3,6.336,0.073,11.7
C134,18,"Trụ T1, T2 (Bệ móng):B4",5.286,0.073,11.7
C135,18,Mố M2:F3,6.336,0.073,11.7
C135,18,"Trụ T1, T2 (Bệ móng):B4",5.286,0.073,11.7
C136,18,Mố M2:F3,6.336,0.073,11.7
C136,18,"Trụ T1, T2 (Bệ móng):B4",5.286,0.073,11.7
C137,18,Mố M2:F3,6.336,0.073,11.7
C137,18,"Trụ T1, T2 (Bệ móng):B4",5.286,0.073,11.7
C138,18,Mố M2:F3,6.336,0.073,11.7
C138,18,"Trụ T1, T2 (Bệ móng):B4",5.286,0.073,11.7
C139,18,Mố M2:F3,6.336,0.073,11.7
C139,18,"Trụ T1, T2 (Bệ móng):B4",5.286,0.073,11.7
C140,18,Mố M2:F3,6.336,0.073,11.7
C140,18,"Trụ T1, T2 (Bệ móng):B4",5.286,0.073,11.7
C141,18,Mố M2:F3,6.336,0.073,11.7
C141,18,"Trụ T1, T2 (Bệ móng):B4",5.286,0.073,11.7
C142,18,Mố M2:F3,6.336,0.073,11.7
C142,18,"Trụ T1, T2 (Bệ móng):B4",5.286,0.073,11.7
C143,18,Mố M2:F3,6.336,0.073,11.7
C143,18,"Trụ T1, T2 (Bệ móng):B4",5.286,0.073,11.7
C144,18,Mố M2:F3,6.336,0.073,11.7
C144,18,"Trụ T1, T2 (Bệ móng):B4",5.286,0.073,11.7
C145,18,Mố M2:F3,6.336,0.073,11.7
C145,18,"Trụ T1, T2 (Bệ móng):B4",5.286,0.073,11.7
C146,18,Mố M2:F3,6.336,0.073,11.7
C146,18,"Trụ T1, T2 (Bệ móng):B4",5.286,0.073,11.7
C147,18,Dầm chủ Super-T (15 phiến L=38.2m):G5d,3.9,0.156,11.7
C147,18,Dầm chủ Super-T (15 phiến L=38.2m):G5d,3.9,0.156,11.7
C147,18,Bản mặt cầu (Deck Slab):S4,2.1,0.156,11.7
C147,18,Bản quá độ Mố M1:A5,1.629,0.156,11.7
C148,18,Dầm chủ Super-T (15 phiến L=38.2m):G5d,3.9,0.156,11.7
C148,18,Dầm chủ Super-T (15 phiến L=38.2m):G5d,3.9,0.156,11.7
C148,18,Bản mặt cầu (Deck Slab):S4,2.1,0.156,11.7
C148,18,Bản quá độ Mố M1:A5,1.629,0.156,11.7
C149,18,Dầm chủ Super-T (15 phiến L=38.2m):G5d,3.9,0.156,11.7
C149,18,Dầm chủ Super-T (15 phiến L=38.2m):G5d,3.9,0.156,11.7
C149,18,Bản mặt cầu (Deck Slab):S4,2.1,0.156,11.7
C149,18,Bản quá độ Mố M1:A5,1.629,0.156,11.7
C150,18,Dầm chủ Super-T (15 phiến L=38.2m):G5d,3.9,0.156,11.7
C150,18,Dầm chủ Super-T (15 phiến L=38.2m):G5d,3.9,0.156,11.7
C150,18,Bản mặt cầu (Deck Slab):S4,2.1,0.156,11.7
C150,18,Bản quá độ Mố M1:A5,1.629,0.156,11.7
C151,18,Dầm chủ Super-T (15 phiến L=38.2m):G5d,3.9,0.156,11.7
C151,18,Dầm chủ Super-T (15 phiến L=38.2m):G5d,3.9,0.156,11.7
C151,18,Bản mặt cầu (Deck Slab):S4,2.1,0.156,11.7
C151,18,Bản quá độ Mố M1:A5,1.629,0.156,11.7
C152,18,Dầm chủ Super-T (15 phiến L=38.2m):G5d,3.9,0.156,11.7
C152,18,Dầm chủ Super-T (15 phiến L=38.2m):G5d,3.9,0.156,11.7
C152,18,Bản mặt cầu (Deck Slab):S4,2.1,0.156,11.7
C152,18,Bản quá độ Mố M1:A5,1.629,0.156,11.7
C153,18,Dầm chủ Super-T (15 phiến L=38.2m):G5d,3.9,0.156,11.7
C153,18,Dầm chủ Super-T (15 phiến L=38.2m):G5d,3.9,0.156,11.7
C153,18,Bản mặt cầu (Deck Slab):S4,2.1,0.156,11.7
C153,18,Bản quá độ Mố M1:A5,1.629,0.156,11.7
C154,18,Dầm chủ Super-T (15 phiến L=38.2m):G5d,3.9,0.156,11.7
C154,18,Dầm chủ Super-T (15 phiến L=38.2m):G5d,3.9,0.156,11.7
C154,18,Bản mặt cầu (Deck Slab):S4,2.1,0.156,11.7
C154,18,Bản quá độ Mố M1:A5,1.629,0.156,11.7
C155,18,Dầm chủ Super-T (15 phiến L=38.2m):G5d,3.9,0.156,11.7
C155,18,Dầm chủ Super-T (15 phiến L=38.2m):G5d,3.9,0.156,11.7
C155,18,Bản mặt cầu (Deck Slab):S4,2.1,0.156,11.7
C155,18,Bản quá độ Mố M1:A5,1.629,0.156,11.7
C156,18,Dầm chủ Super-T (15 phiến L=38.2m):G5d,3.9,0.156,11.7
C156,18,Dầm chủ Super-T (15 phiến L=38.2m):G5d,3.9,0.156,11.7
C156,18,Bản mặt cầu (Deck Slab):S4,2.1,0.156,11.7
C156,18,Bản quá độ Mố M1:A5,1.629,0.156,11.7
C157,18,Dầm chủ Super-T (15 phiến L=38.2m):G5d,3.9,0.156,11.7
C157,18,Dầm chủ Super-T (15 phiến L=38.2m):G5d,3.9,0.156,11.7
C157,18,Bản mặt cầu (Deck Slab):S4,2.1,0.156,11.7
C157,18,Bản quá độ Mố M1:A5,1.629,0.156,11.7
C158,18,Dầm chủ Super-T (15 phiến L=38.2m):G5d,3.9,0.156,11.7
C158,18,Dầm chủ Super-T (15 phiến L=38.2m):G5d,3.9,0.156,11.7
C158,18,Bản mặt cầu (Deck Slab):S4,2.1,0.156,11.7
C158,18,Bản quá độ Mố M1:A5,1.629,0.156,11.7
C159,18,Dầm chủ Super-T (15 phiến L=38.2m):G5d,3.9,0.156,11.7
C159,18,Dầm chủ Super-T (15 phiến L=38.2m):G5d,3.9,0.156,11.7
C159,18,Bản mặt cầu (Deck Slab):S4,2.1,0.156,11.7
C159,18,Bản quá độ Mố M1:A5,1.629,0.156,11.7
C160,18,Dầm chủ Super-T (15 phiến L=38.2m):G5d,3.9,0.156,11.7
C160,18,Dầm chủ Super-T (15 phiến L=38.2m):G5d,3.9,0.156,11.7
C160,18,Bản mặt cầu (Deck Slab):S4,2.1,0.156,11.7
C160,18,Bản quá độ Mố M1:A5,1.629,0.156,11.7
C161,18,Dầm chủ Super-T (15 phiến L=38.2m):G5d,3.9,0.156,11.7
C161,18,Dầm chủ Super-T (15 phiến L=38.2m):G5d,3.9,0.156,11.7
C161,18,Bản mặt cầu (Deck Slab):S4,2.1,0.156,11.7
C161,18,Bản quá độ Mố M1:A5,1.629,0.156,11.7
C162,18,Dầm chủ Super-T (15 phiến L=38.2m):G5d,3.9,0.156,11.7
C162,18,Dầm chủ Super-T (15 phiến L=38.2m):G5d,3.9,0.156,11.7
C162,18,Bản mặt cầu (Deck Slab):S4,2.1,0.156,11.7
C162,18,Bản quá độ Mố M1:A5,1.629,0.156,11.7
C163,18,Dầm chủ Super-T (15 phiến L=38.2m):G5d,3.9,0.156,11.7
C163,18,Dầm chủ Super-T (15 phiến L=38.2m):G5d,3.9,0.156,11.7
C163,18,Bản mặt cầu (Deck Slab):S4,2.1,0.156,11.7
C163,18,Bản quá độ Mố M1:A5,1.629,0.156,11.7
C164,18,Dầm chủ Super-T (15 phiến L=38.2m):G5d,3.9,0.156,11.7
C164,18,Dầm chủ Super-T (15 phiến L=38.2m):G5d,3.9,0.156,11.7
C164,18,Bản mặt cầu (Deck Slab):S4,2.1,0.156,11.7
C164,18,Bản quá độ Mố M1:A5,1.629,0.156,11.7
C165,18,Dầm chủ Super-T (15 phiến L=38.2m):G5d,3.9,0.156,11.7
C165,18,Dầm chủ Super-T (15 phiến L=38.2m):G5d,3.9,0.156,11.7
C165,18,Bản mặt cầu (Deck Slab):S4,2.1,0.156,11.7
C165,18,Bản quá độ Mố M1:A5,1.629,0.156,11.7
C166,18,Dầm chủ Super-T (15 phiến L=38.2m):G5d,3.9,0.156,11.7
C166,18,Dầm chủ Super-T (15 phiến L=38.2m):G5d,3.9,0.156,11.7
C166,18,Bản mặt cầu (Deck Slab):S4,2.1,0.156,11.7
C166,18,Bản quá độ Mố M1:A5,1.629,0.156,11.7
C167,18,Dầm chủ Super-T (15 phiến L=38.2m):G5d,3.9,0.156,11.7
C167,18,Dầm chủ Super-T (15 phiến L=38.2m):G5d,3.9,0.156,11.7
C167,18,Bản mặt cầu (Deck Slab):S4,2.1,0.156,11.7
C167,18,Bản quá độ Mố M1:A5,1.629,0.156,11.7
C168,18,Dầm chủ Super-T (15 phiến L=38.2m):G5d,3.9,0.156,11.7
C168,18,Dầm chủ Super-T (15 phiến L=38.2m):G5d,3.9,0.156,11.7
C168,18,Bản mặt cầu (Deck Slab):S4,2.1,0.156,11.7
C168,18,Bản quá độ Mố M1:A5,1.629,0.156,11.7
C169,18,Dầm chủ Super-T (15 phiến L=38.2m):G5d,3.9,0.156,11.7
C169,18,Dầm chủ Super-T (15 phiến L=38.2m):G5d,3.9,0.156,11.7
C169,18,Bản mặt cầu (Deck Slab):S4,2.1,0.156,11.7
C169,18,Bản quá độ Mố M1:A5,1.629,0.156,11.7
C170,18,Dầm chủ Super-T (15 phiến L=38.2m):G5d,3.9,0.156,11.7
C170,18,Dầm chủ Super-T (15 phiến L=38.2m):G5d,3.9,0.156,11.7
C170,18,Bản mặt cầu (Deck Slab):S4,2.1,0.156,11.7
C170,18,Bản quá độ Mố M1:A5,1.629,0.156,11.7
C171,18,Dầm chủ Super-T (15 phiến L=38.2m):G5d,3.9,0.156,11.7
C171,18,Dầm chủ Super-T (15 phiến L=38.2m):G5d,3.9,0.156,11.7
C171,18,Bản mặt cầu (Deck Slab):S4,2.1,0.156,11.7
C171,18,Bản quá độ Mố M1:A5,1.629,0.156,11.7
C172,18,Dầm chủ Super-T (15 phiến L=38.2m):G5d,3.9,0.156,11.7
C172,18,Dầm chủ Super-T (15 phiến L=38.2m):G5d,3.9,0.156,11.7
C172,18,Bản mặt cầu (Deck Slab):S4,2.1,0.156,11.7
C172,18,Bản quá độ Mố M1:A5,1.629,0.156,11.7
C173,18,Dầm chủ Super-T (15 phiến L=38.2m):G5d,3.9,0.156,11.7
C173,18,Dầm chủ Super-T (15 phiến L=38.2m):G5d,3.9,0.156,11.7
C173,18,Bản mặt cầu (Deck Slab):S4,2.1,0.156,11.7
C173,18,Bản quá độ Mố M1:A5,1.629,0.156,11.7
C174,18,Dầm chủ Super-T (15 phiến L=38.2m):G5d,3.9,0.156,11.7
C174,18,Dầm chủ Super-T (15 phiến L=38.2m):G5d,3.9,0.156,11.7
C174,18,Bản mặt cầu (Deck Slab):S4,2.1,0.156,11.7
C174,18,Bản quá độ Mố M1:A5,1.629,0.156,11.7
C175,18,Dầm chủ Super-T (15 phiến L=38.2m):G5d,3.9,0.156,11.7
C175,18,Dầm chủ Super-T (15 phiến L=38.2m):G5d,3.9,0.156,11.7
C175,18,Bản mặt cầu (Deck Slab):S4,2.1,0.156,11.7
C175,18,Bản quá độ Mố M1:A5,1.629,0.156,11.7
C176,18,Dầm chủ Super-T (15 phiến L=38.2m):G5d,3.9,0.156,11.7
C176,18,Dầm chủ Super-T (15 phiến L=38.2m):G5d,3.9,0.156,11.7
C176,18,Bản mặt cầu (Deck Slab):S4,2.1,0.156,11.7
C176,18,Bản quá độ Mố M1:A5,1.629,0.156,11.7
C177,18,Dầm chủ Super-T (15 phiến L=38.2m):G5d,3.9,0.156,11.7
C177,18,Dầm chủ Super-T (15 phiến L=38.2m):G5d,3.9,0.156,11.7
C177,18,Bản mặt cầu (Deck Slab):S4,2.1,0.156,11.7
C177,18,Bản quá độ Mố M1:A5,1.629,0.156,11.7
C178,18,Dầm chủ Super-T (15 phiến L=38.2m):G5d,3.9,0.156,11.7
C178,18,Dầm chủ Super-T (15 phiến L=38.2m):G5d,3.9,0.156,11.7
C178,18,Bản mặt cầu (Deck Slab):S4,2.1,0.156,11.7
C178,18,Bản quá độ Mố M1:A5,1.629,0.156,11.7
C179,18,Dầm chủ Super-T (15 phiến L=38.2m):G5d,3.9,0.156,11.7
C179,18,Dầm chủ Super-T (15 phiến L=38.2m):G5d,3.9,0.156,11.7
C179,18,Bản mặt cầu (Deck Slab):S4,2.1,0.156,11.7
C179,18,Bản quá độ Mố M1:A5,1.629,0.156,11.7
C180,18,Dầm chủ Super-T (15 phiến L=38.2m):G5d,3.9,0.156,11.7
C180,18,Dầm chủ Super-T (15 phiến L=38.2m):G5d,3.9,0.156,11.7
C180,18,Bản mặt cầu (Deck Slab):S4,2.1,0.156,11.7
C180,18,Bản quá độ Mố M1:A5,1.629,0.156,11.7
C181,18,Dầm chủ Super-T (15 phiến L=38.2m):G5d,3.9,0.156,11.7
C181,18,Dầm chủ Super-T (15 phiến L=38.2m):G5d,3.9,0.156,11.7
C181,18,Bản mặt cầu (Deck Slab):S4,2.1,0.156,11.7
C181,18,Bản quá độ Mố M1:A5,1.629,0.156,11.7
C182,18,Dầm chủ Super-T (15 phiến L=38.2m):G5d,3.9,0.156,11.7
C182,18,Dầm chủ Super-T (15 phiến L=38.2m):G5d,3.9,0.156,11.7
C182,18,Bản mặt cầu (Deck Slab):S4,2.1,0.156,11.7
C182,18,Bản quá độ Mố M1:A5,1.629,0.156,11.7
C183,18,Dầm chủ Super-T (15 phiến L=38.2m):G5d,3.9,0.156,11.7
C183,18,Dầm chủ Super-T (15 phiến L=38.2m):G5d,3.9,0.156,11.7
C183,18,Bản mặt cầu (Deck Slab):S4,2.1,0.156,11.7
C183,18,Bản quá độ Mố M1:A5,1.629,0.156,11.7
C184,18,Dầm chủ Super-T (15 phiến L=38.2m):G5d,3.9,0.156,11.7
C184,18,Dầm chủ Super-T (15 phiến L=38.2m):G5d,3.9,0.156,11.7
C184,18,Bản mặt cầu (Deck Slab):S4,2.1,0.156,11.7
C184,18,Bản quá độ Mố M1:A5,1.629,0.156,11.7
C185,18,Dầm chủ Super-T (15 phiến L=38.2m):G5d,3.9,0.156,11.7
C185,18,Dầm chủ Super-T (15 phiến L=38.2m):G5d,3.9,0.156,11.7
C185,18,Bản mặt cầu (Deck Slab):S4,2.1,0.156,11.7
C185,18,Bản quá độ Mố M1:A5,1.629,0.156,11.7
C186,18,Dầm chủ Super-T (15 phiến L=38.2m):G5d,3.9,0.156,11.7
C186,18,Dầm chủ Super-T (15 phiến L=38.2m):G5d,3.9,0.156,11.7
C186,18,Bản mặt cầu (Deck Slab):S4,2.1,0.156,11.7
C186,18,Bản quá độ Mố M1:A5,1.629,0.156,11.7
C187,18,Dầm chủ Super-T (15 phiến L=38.2m):G5d,3.9,0.156,11.7
C187,18,Dầm chủ Super-T (15 phiến L=38.2m):G5d,3.9,0.156,11.7
C187,18,Bản mặt cầu (Deck Slab):S4,2.1,0.156,11.7
C187,18,Bản quá độ Mố M1:A5,1.629,0.156,11.7
C188,18,Dầm chủ Super-T (15 phiến L=38.2m):G5d,3.9,0.156,11.7
C188,18,Dầm chủ Super-T (15 phiến L=38.2m):G5d,3.9,0.156,11.7
C188,18,Bản mặt cầu (Deck Slab):S4,2.1,0.156,11.7
C188,18,Bản quá độ Mố M1:A5,1.629,0.156,11.7
C189,18,Dầm chủ Super-T (15 phiến L=38.2m):G5d,3.9,0.156,11.7
C189,18,Dầm chủ Super-T (15 phiến L=38.2m):G5d,3.9,0.156,11.7
C189,18,Bản mặt cầu (Deck Slab):S4,2.1,0.156,11.7
C189,18,Bản quá độ Mố M1:A5,1.629,0.156,11.7
C190,18,Dầm chủ Super-T (15 phiến L=38.2m):G5d,3.9,0.156,11.7
C190,18,Dầm chủ Super-T (15 phiến L=38.2m):G5d,3.9,0.156,11.7
C190,18,Bản mặt cầu (Deck Slab):S4,2.1,0.156,11.7
C190,18,Bản quá độ Mố M1:A5,1.629,0.156,11.7
C191,18,Dầm chủ Super-T (15 phiến L=38.2m):G5d,3.9,0.156,11.7
C191,18,Dầm chủ Super-T (15 phiến L=38.2m):G5d,3.9,0.156,11.7
C191,18,Bản mặt cầu (Deck Slab):S4,2.1,0.156,11.7
C191,18,Bản quá độ Mố M1:A5,1.629,0.156,11.7
C192,18,Dầm chủ Super-T (15 phiến L=38.2m):G5d,3.9,0.156,11.7
C192,18,Dầm chủ Super-T (15 phiến L=38.2m):G5d,3.9,0.156,11.7
C192,18,Bản mặt cầu (Deck Slab):S4,2.1,0.156,11.7
C192,18,Bản quá độ Mố M1:A5,1.629,0.156,11.7
C193,18,Dầm chủ Super-T (15 phiến L=38.2m):G5d,3.9,0.156,11.7
C193,18,Dầm chủ Super-T (15 phiến L=38.2m):G5d,3.9,0.156,11.7
C193,18,Bản mặt cầu (Deck Slab):S4,2.1,0.156,11.7
C193,18,Bản quá độ Mố M1:A5,1.629,0.156,11.7
C194,18,Dầm chủ Super-T (15 phiến L=38.2m):G5d,3.9,0.156,11.7
C194,18,Dầm chủ Super-T (15 phiến L=38.2m):G5d,3.9,0.156,11.7
C194,18,Bản mặt cầu (Deck Slab):S4,2.1,0.156,11.7
C194,18,Bản quá độ Mố M1:A5,1.629,0.156,11.7
C195,18,Dầm chủ Super-T (15 phiến L=38.2m):G5d,3.9,0.156,11.7
C195,18,Dầm chủ Super-T (15 phiến L=38.2m):G5d,3.9,0.156,11.7
C195,18,Bản mặt cầu (Deck Slab):S4,2.1,0.156,11.7
C195,18,Bản quá độ Mố M1:A5,1.629,0.156,11.7
C196,18,Dầm chủ Super-T (15 phiến L=38.2m):G5d,3.9,0.156,11.7
C196,18,Dầm chủ Super-T (15 phiến L=38.2m):G5d,3.9,0.156,11.7
C196,18,Bản mặt cầu (Deck Slab):S4,2.1,0.156,11.7
C196,18,Bản quá độ Mố M1:A5,1.629,0.156,11.7
C197,18,Dầm chủ Super-T (15 phiến L=38.2m):G5d,3.9,0.156,11.7
C197,18,Dầm chủ Super-T (15 phiến L=38.2m):G5d,3.9,0.156,11.7
C197,18,Bản mặt cầu (Deck Slab):S4,2.1,0.156,11.7
C197,18,Bản quá độ Mố M1:A5,1.629,0.156,11.7
C198,18,Dầm chủ Super-T (15 phiến L=38.2m):G5d,3.9,0.156,11.7
C198,18,Dầm chủ Super-T (15 phiến L=38.2m):G5d,3.9,0.156,11.7
C198,18,Bản mặt cầu (Deck Slab):S4,2.1,0.156,11.7
C198,18,Bản quá độ Mố M1:A5,1.629,0.156,11.7
C199,18,Dầm chủ Super-T (15 phiến L=38.2m):G5d,3.9,0.156,11.7
C199,18,Dầm chủ Super-T (15 phiến L=38.2m):G5d,3.9,0.156,11.7
C199,18,Bản mặt cầu (Deck Slab):S4,2.1,0.156,11.7
C199,18,Bản quá độ Mố M1:A5,1.629,0.156,11.7
C200,18,Dầm chủ Super-T (15 phiến L=38.2m):G5d,3.9,0.156,11.7
C200,18,Dầm chủ Super-T (15 phiến L=38.2m):G5d,3.9,0.156,11.7
C200,18,Bản mặt cầu (Deck Slab):S4,2.1,0.156,11.7
C200,18,Bản quá độ Mố M1:A5,1.629,0.156,11.7
C201,18,Dầm chủ Super-T (15 phiến L=38.2m):G5d,3.9,0.156,11.7
C201,18,Dầm chủ Super-T (15 phiến L=38.2m):G5d,3.9,0.156,11.7
C201,18,Bản mặt cầu (Deck Slab):S4,2.1,0.156,11.7
C201,18,Bản quá độ Mố M1:A5,1.629,0.156,11.7
C202,18,Dầm chủ Super-T (15 phiến L=38.2m):G5d,3.9,0.156,11.7
C202,18,Dầm chủ Super-T (15 phiến L=38.2m):G5d,3.9,0.156,11.7
C202,18,Bản mặt cầu (Deck Slab):S4,2.1,0.156,11.7
C202,18,Bản quá độ Mố M1:A5,1.629,0.156,11.7
C203,18,Dầm chủ Super-T (15 phiến L=38.2m):G5d,3.9,0.156,11.7
C203,18,Dầm chủ Super-T (15 phiến L=38.2m):G5d,3.9,0.156,11.7
C203,18,Bản mặt cầu (Deck Slab):S4,2.1,0.156,11.7
C203,18,Bản quá độ Mố M1:A5,1.629,0.156,11.7
C204,18,Dầm chủ Super-T (15 phiến L=38.2m):G5d,3.9,0.156,11.7
C204,18,Dầm chủ Super-T (15 phiến L=38.2m):G5d,3.9,0.156,11.7
C204,18,Bản mặt cầu (Deck Slab):S4,2.1,0.156,11.7
C204,18,Bản quá độ Mố M1:A5,1.629,0.156,11.7
C205,18,Dầm chủ Super-T (15 phiến L=38.2m):G5d,3.9,0.156,11.7
C205,18,Dầm chủ Super-T (15 phiến L=38.2m):G5d,3.9,0.156,11.7
C205,18,Bản mặt cầu (Deck Slab):S4,2.1,0.156,11.7
C205,18,Bản quá độ Mố M1:A5,1.629,0.156,11.7
C206,18,Dầm chủ Super-T (15 phiến L=38.2m):G5d,3.9,0.156,11.7
C206,18,Dầm chủ Super-T (15 phiến L=38.2m):G5d,3.9,0.156,11.7
C206,18,Bản mặt cầu (Deck Slab):S4,2.1,0.156,11.7
C206,18,Bản quá độ Mố M1:A5,1.629,0.156,11.7
C207,18,Dầm chủ Super-T (15 phiến L=38.2m):G5d,3.9,0.156,11.7
C207,18,Dầm chủ Super-T (15 phiến L=38.2m):G5d,3.9,0.156,11.7
C207,18,Bản mặt cầu (Deck Slab):S4,2.1,0.156,11.7
C207,18,Bản quá độ Mố M1:A5,1.629,0.156,11.7
C208,18,Dầm chủ Super-T (15 phiến L=38.2m):G5d,3.9,0.156,11.7
C208,18,Dầm chủ Super-T (15 phiến L=38.2m):G5d,3.9,0.156,11.7
C208,18,Bản mặt cầu (Deck Slab):S4,2.1,0.156,11.7
C208,18,Bản quá độ Mố M1:A5,1.629,0.156,11.7
C209,18,Dầm chủ Super-T (15 phiến L=38.2m):G5d,3.9,0.156,11.7
C209,18,Dầm chủ Super-T (15 phiến L=38.2m):G5d,3.9,0.156,11.7
C209,18,Bản mặt cầu (Deck Slab):S4,2.1,0.156,11.7
C209,18,Bản quá độ Mố M1:A5,1.629,0.156,11.7
C210,18,Dầm chủ Super-T (15 phiến L=38.2m):G5d,3.9,0.156,11.7
C210,18,Dầm chủ Super-T (15 phiến L=38.2m):G5d,3.9,0.156,11.7
C210,18,Bản mặt cầu (Deck Slab):S4,2.1,0.156,11.7
C210,18,Bản quá độ Mố M1:A5,1.629,0.156,11.7
C211,18,Dầm chủ Super-T (15 phiến L=38.2m):G5d,3.9,0.156,11.7
C211,18,Dầm chủ Super-T (15 phiến L=38.2m):G5d,3.9,0.156,11.7
C211,18,Bản mặt cầu (Deck Slab):S4,2.1,0.156,11.7
C211,18,Bản quá độ Mố M1:A5,1.629,0.156,11.7
C212,18,Dầm chủ Super-T (15 phiến L=38.2m):G5d,3.9,0.156,11.7
C212,18,Dầm chủ Super-T (15 phiến L=38.2m):G5d,3.9,0.156,11.7
C212,18,Bản mặt cầu (Deck Slab):S4,2.1,0.156,11.7
C212,18,Bản quá độ Mố M1:A5,1.629,0.156,11.7
C213,18,Dầm chủ Super-T (15 phiến L=38.2m):G5d,3.9,0.156,11.7
C213,18,Dầm chủ Super-T (15 phiến L=38.2m):G5d,3.9,0.156,11.7
C213,18,Bản mặt cầu (Deck Slab):S4,2.1,0.156,11.7
C213,18,Bản quá độ Mố M1:A5,1.629,0.156,11.7
C214,18,Dầm chủ Super-T (15 phiến L=38.2m):G5d,3.9,0.156,11.7
C214,18,Dầm chủ Super-T (15 phiến L=38.2m):G5d,3.9,0.156,11.7
C214,18,Bản mặt cầu (Deck Slab):S4,2.1,0.156,11.7
C214,18,Bản quá độ Mố M1:A5,1.629,0.156,11.7
C215,18,Dầm chủ Super-T (15 phiến L=38.2m):G5d,3.9,0.156,11.7
C215,18,Dầm chủ Super-T (15 phiến L=38.2m):G5d,3.9,0.156,11.7
C215,18,Bản mặt cầu (Deck Slab):S4,2.1,0.156,11.7
C215,18,Bản quá độ Mố M1:A5,1.629,0.156,11.7
C216,18,Dầm chủ Super-T (15 phiến L=38.2m):G5d,3.9,0.156,11.7
C216,18,Dầm chủ Super-T (15 phiến L=38.2m):G5d,3.9,0.156,11.7
C216,18,Bản mặt cầu (Deck Slab):S4,2.1,0.156,11.7
C216,18,Bản quá độ Mố M1:A5,1.629,0.156,11.7
C217,18,Dầm chủ Super-T (15 phiến L=38.2m):G5d,3.9,0.156,11.7
C217,18,Dầm chủ Super-T (15 phiến L=38.2m):G5d,3.9,0.156,11.7
C217,18,Bản mặt cầu (Deck Slab):S4,2.1,0.156,11.7
C217,18,Bản quá độ Mố M1:A5,1.629,0.156,11.7
C218,18,Dầm chủ Super-T (15 phiến L=38.2m):G5d,3.9,0.156,11.7
C218,18,Dầm chủ Super-T (15 phiến L=38.2m):G5d,3.9,0.156,11.7
C218,18,Bản mặt cầu (Deck Slab):S4,2.1,0.156,11.7
C218,18,Bản quá độ Mố M1:A5,1.629,0.156,11.7
C219,18,Dầm chủ Super-T (15 phiến L=38.2m):G5d,3.9,0.156,11.7
C219,18,Dầm chủ Super-T (15 phiến L=38.2m):G5d,3.9,0.156,11.7
C219,18,Bản mặt cầu (Deck Slab):S4,2.1,0.156,11.7
C219,18,Bản quá độ Mố M1:A5,1.629,0.156,11.7
C220,18,Dầm chủ Super-T (15 phiến L=38.2m):G5d,3.9,0.156,11.7
C220,18,Dầm chủ Super-T (15 phiến L=38.2m):G5d,3.9,0.156,11.7
C220,18,Bản mặt cầu (Deck Slab):S4,2.1,0.156,11.7
C220,18,Bản quá độ Mố M1:A5,1.629,0.156,11.7
C221,18,Dầm chủ Super-T (15 phiến L=38.2m):G5d,3.9,0.156,11.7
C221,18,Dầm chủ Super-T (15 phiến L=38.2m):G5d,3.9,0.156,11.7
C221,18,Bản mặt cầu (Deck Slab):S4,2.1,0.156,11.7
C221,18,Bản quá độ Mố M1:A5,1.629,0.156,11.7
C222,18,Dầm chủ Super-T (15 phiến L=38.2m):G5d,3.9,0.156,11.7
C222,18,Dầm chủ Super-T (15 phiến L=38.2m):G5d,3.9,0.156,11.7
C222,18,Bản mặt cầu (Deck Slab):S4,2.1,0.156,11.7
C222,18,Bản quá độ Mố M1:A5,1.629,0.156,11.7
C223,18,Dầm chủ Super-T (15 phiến L=38.2m):G5d,3.9,0.156,11.7
C223,18,Dầm chủ Super-T (15 phiến L=38.2m):G5d,3.9,0.156,11.7
C223,18,Bản mặt cầu (Deck Slab):S4,2.1,0.156,11.7
C223,18,Bản quá độ Mố M1:A5,1.629,0.156,11.7
C224,18,Dầm chủ Super-T (15 phiến L=38.2m):G5d,3.9,0.156,11.7
C224,18,Dầm chủ Super-T (15 phiến L=38.2m):G5d,3.9,0.156,11.7
C224,18,Bản mặt cầu (Deck Slab):S4,2.1,0.156,11.7
C224,18,Bản quá độ Mố M1:A5,1.629,0.156,11.7
C225,18,Dầm chủ Super-T (15 phiến L=38.2m):G5d,3.9,0.156,11.7
C225,18,Dầm chủ Super-T (15 phiến L=38.2m):G5d,3.9,0.156,11.7
C225,18,Bản mặt cầu (Deck Slab):S4,2.1,0.156,11.7
C225,18,Bản quá độ Mố M1:A5,1.629,0.156,11.7
C226,18,Dầm chủ Super-T (15 phiến L=38.2m):G5d,3.9,0.156,11.7
C226,18,Dầm chủ Super-T (15 phiến L=38.2m):G5d,3.9,0.156,11.7
C226,18,Bản mặt cầu (Deck Slab):S4,2.1,0.156,11.7
C226,18,Bản quá độ Mố M1:A5,1.629,0.156,11.7
C227,18,Dầm chủ Super-T (15 phiến L=38.2m):G5d,3.9,0.156,11.7
C227,18,Dầm chủ Super-T (15 phiến L=38.2m):G5d,3.9,0.156,11.7
C227,18,Bản mặt cầu (Deck Slab):S4,2.1,0.156,11.7
C227,18,Bản quá độ Mố M1:A5,1.629,0.156,11.7
C228,18,Dầm chủ Super-T (15 phiến L=38.2m):G5d,3.9,0.156,11.7
C228,18,Dầm chủ Super-T (15 phiến L=38.2m):G5d,3.9,0.156,11.7
C228,18,Bản mặt cầu (Deck Slab):S4,2.1,0.156,11.7
C228,18,Bản quá độ Mố M1:A5,1.629,0.156,11.7
C229,18,Dầm chủ Super-T (15 phiến L=38.2m):G5d,3.9,0.156,11.7
C229,18,Dầm chủ Super-T (15 phiến L=38.2m):G5d,3.9,0.156,11.7
C229,18,Bản mặt cầu (Deck Slab):S4,2.1,0.156,11.7
C229,18,Bản quá độ Mố M1:A5,1.629,0.156,11.7
C230,18,Dầm chủ Super-T (15 phiến L=38.2m):G5d,3.9,0.156,11.7
C230,18,Dầm chủ Super-T (15 phiến L=38.2m):G5d,3.9,0.156,11.7
C230,18,Bản mặt cầu (Deck Slab):S4,2.1,0.156,11.7
C230,18,Bản quá độ Mố M1:A5,1.629,0.156,11.7
C231,18,Dầm chủ Super-T (15 phiến L=38.2m):G5d,3.9,0.156,11.7
C231,18,Dầm chủ Super-T (15 phiến L=38.2m):G5d,3.9,0.156,11.7
C231,18,Bản mặt cầu (Deck Slab):S4,2.1,0.156,11.7
C231,18,Bản quá độ Mố M1:A5,1.629,0.156,11.7
C232,18,Dầm chủ Super-T (15 phiến L=38.2m):G5d,3.9,0.156,11.7
C232,18,Dầm chủ Super-T (15 phiến L=38.2m):G5d,3.9,0.156,11.7
C232,18,Bản mặt cầu (Deck Slab):S4,2.1,0.156,11.7
C232,18,Bản quá độ Mố M1:A5,1.629,0.156,11.7
C233,18,Dầm chủ Super-T (15 phiến L=38.2m):G5d,3.9,0.156,11.7
C233,18,Dầm chủ Super-T (15 phiến L=38.2m):G5d,3.9,0.156,11.7
C233,18,Bản mặt cầu (Deck Slab):S4,2.1,0.156,11.7
C233,18,Bản quá độ Mố M1:A5,1.629,0.156,11.7
C234,18,Dầm chủ Super-T (15 phiến L=38.2m):G5d,3.9,0.156,11.7
C234,18,Dầm chủ Super-T (15 phiến L=38.2m):G5d,3.9,0.156,11.7
C234,18,Bản mặt cầu (Deck Slab):S4,2.1,0.156,11.7
C234,18,Bản quá độ Mố M1:A5,1.629,0.156,11.7
C235,18,Dầm chủ Super-T (15 phiến L=38.2m):G5d,3.9,0.156,11.7
C235,18,Dầm chủ Super-T (15 phiến L=38.2m):G5d,3.9,0.156,11.7
C235,18,Bản mặt cầu (Deck Slab):S4,2.1,0.156,11.7
C235,18,Bản quá độ Mố M1:A5,1.629,0.156,11.7
C236,18,Dầm chủ Super-T (15 phiến L=38.2m):G5d,3.9,0.156,11.7
C236,18,Dầm chủ Super-T (15 phiến L=38.2m):G5d,3.9,0.156,11.7
C236,18,Bản mặt cầu (Deck Slab):S4,2.1,0.156,11.7
C236,18,Bản quá độ Mố M1:A5,1.629,0.156,11.7
C237,18,Dầm chủ Super-T (15 phiến L=38.2m):G5d,3.9,0.156,11.7
C237,18,Dầm chủ Super-T (15 phiến L=38.2m):G5d,3.9,0.156,11.7
C237,18,Bản mặt cầu (Deck Slab):S4,2.1,0.156,11.7
C237,18,Bản quá độ Mố M1:A5,1.629,0.156,11.7
C238,18,Dầm chủ Super-T (15 phiến L=38.2m):G5d,3.9,0.156,11.7
C238,18,Dầm chủ Super-T (15 phiến L=38.2m):G5d,3.9,0.156,11.7
C238,18,Bản mặt cầu (Deck Slab):S4,2.1,0.156,11.7
C238,18,Bản quá độ Mố M1:A5,1.629,0.156,11.7
C239,18,Dầm chủ Super-T (15 phiến L=38.2m):G5d,3.9,0.156,11.7
C239,18,Dầm chủ Super-T (15 phiến L=38.2m):G5d,3.9,0.156,11.7
C239,18,Bản mặt cầu (Deck Slab):S4,2.1,0.156,11.7
C239,18,Bản quá độ Mố M1:A5,1.629,0.156,11.7
C240,18,Dầm chủ Super-T (15 phiến L=38.2m):G5d,3.9,0.156,11.7
C240,18,Dầm chủ Super-T (15 phiến L=38.2m):G5d,3.9,0.156,11.7
C240,18,Bản mặt cầu (Deck Slab):S4,2.1,0.156,11.7
C240,18,Bản quá độ Mố M1:A5,1.629,0.156,11.7
C241,18,Dầm chủ Super-T (15 phiến L=38.2m):G5d,3.9,0.156,11.7
C241,18,Dầm chủ Super-T (15 phiến L=38.2m):G5d,3.9,0.156,11.7
C241,18,Bản mặt cầu (Deck Slab):S4,2.1,0.156,11.7
C241,18,Bản quá độ Mố M1:A5,1.629,0.156,11.7
C242,18,Dầm chủ Super-T (15 phiến L=38.2m):G5d,3.9,0.156,11.7
C242,18,Dầm chủ Super-T (15 phiến L=38.2m):G5d,3.9,0.156,11.7
C242,18,Bản mặt cầu (Deck Slab):S4,2.1,0.156,11.7
C242,18,Bản quá độ Mố M1:A5,1.629,0.156,11.7
C243,18,Dầm chủ Super-T (15 phiến L=38.2m):G5d,3.9,0.156,11.7
C243,18,Dầm chủ Super-T (15 phiến L=38.2m):G5d,3.9,0.156,11.7
C243,18,Bản mặt cầu (Deck Slab):S4,2.1,0.156,11.7
C243,18,Bản quá độ Mố M1:A5,1.629,0.156,11.7
C244,18,Dầm chủ Super-T (15 phiến L=38.2m):G5d,3.9,0.156,11.7
C244,18,Dầm chủ Super-T (15 phiến L=38.2m):G5d,3.9,0.156,11.7
C244,18,Bản mặt cầu (Deck Slab):S4,2.1,0.156,11.7
C244,18,Bản quá độ Mố M1:A5,1.629,0.156,11.7
C245,18,Dầm chủ Super-T (15 phiến L=38.2m):G5d,3.9,0.156,11.7
C245,18,Dầm chủ Super-T (15 phiến L=38.2m):G5d,3.9,0.156,11.7
C245,18,Bản mặt cầu (Deck Slab):S4,2.1,0.156,11.7
C245,18,Bản quá độ Mố M1:A5,1.629,0.156,11.7
C246,18,Dầm chủ Super-T (15 phiến L=38.2m):G5d,3.9,0.156,11.7
C246,18,Dầm chủ Super-T (15 phiến L=38.2m):G5d,3.9,0.156,11.7
C246,18,Bản mặt cầu (Deck Slab):S4,2.1,0.156,11.7
C246,18,Bản quá độ Mố M1:A5,1.629,0.156,11.7
C247,18,Dầm chủ Super-T (15 phiến L=38.2m):G5d,3.9,0.156,11.7
C247,18,Dầm chủ Super-T (15 phiến L=38.2m):G5d,3.9,0.156,11.7
C247,18,Bản mặt cầu (Deck Slab):S4,2.1,0.156,11.7
C247,18,Bản quá độ Mố M1:A5,1.629,0.156,11.7
C248,18,Dầm chủ Super-T (15 phiến L=38.2m):G5d,3.9,0.156,11.7
C248,18,Dầm chủ Super-T (15 phiến L=38.2m):G5d,3.9,0.156,11.7
C248,18,Bản mặt cầu (Deck Slab):S4,2.1,0.156,11.7
C248,18,Bản quá độ Mố M1:A5,1.629,0.156,11.7
C249,18,Dầm chủ Super-T (15 phiến L=38.2m):G5d,3.9,0.156,11.7
C249,18,Dầm chủ Super-T (15 phiến L=38.2m):G5d,3.9,0.156,11.7
C249,18,Bản mặt cầu (Deck Slab):S4,2.1,0.156,11.7
C249,18,Bản quá độ Mố M1:A5,1.629,0.156,11.7
C250,18,Dầm chủ Super-T (15 phiến L=38.2m):G5d,3.9,0.156,11.7
C250,18,Dầm chủ Super-T (15 phiến L=38.2m):G5d,3.9,0.156,11.7
C250,18,Bản mặt cầu (Deck Slab):S4,2.1,0.156,11.7
C250,18,Bản quá độ Mố M1:A5,1.629,0.156,11.7
C251,18,Dầm chủ Super-T (15 phiến L=38.2m):G5d,3.9,0.156,11.7
C251,18,Dầm chủ Super-T (15 phiến L=38.2m):G5d,3.9,0.156,11.7
C251,18,Bản mặt cầu (Deck Slab):S4,2.1,0.156,11.7
C251,18,Bản quá độ Mố M1:A5,1.629,0.156,11.7
C252,18,Dầm chủ Super-T (15 phiến L=38.2m):G5d,3.9,0.156,11.7
C252,18,Dầm chủ Super-T (15 phiến L=38.2m):G5d,3.9,0.156,11.7
C252,18,Bản mặt cầu (Deck Slab):S4,2.1,0.156,11.7
C252,18,Bản quá độ Mố M1:A5,1.629,0.156,11.7
C253,18,Dầm chủ Super-T (15 phiến L=38.2m):G5d,3.9,0.156,11.7
C253,18,Dầm chủ Super-T (15 phiến L=38.2m):G5d,3.9,0.156,11.7
C253,18,Bản mặt cầu (Deck Slab):S4,2.1,0.156,11.7
C253,18,Bản quá độ Mố M1:A5,1.629,0.156,11.7
C254,18,Dầm chủ Super-T (15 phiến L=38.2m):G5d,3.9,0.156,11.7
C254,18,Dầm chủ Super-T (15 phiến L=38.2m):G5d,3.9,0.156,11.7
C254,18,Bản mặt cầu (Deck Slab):S4,2.1,0.156,11.7
C254,18,Bản quá độ Mố M1:A5,1.629,0.156,11.7
C255,18,Dầm chủ Super-T (15 phiến L=38.2m):G5d,3.9,0.156,11.7
C255,18,Dầm chủ Super-T (15 phiến L=38.2m):G5d,3.9,0.156,11.7
C255,18,Bản mặt cầu (Deck Slab):S4,2.1,0.156,11.7
C255,18,Bản quá độ Mố M1:A5,1.629,0.156,11.7
C256,18,Dầm chủ Super-T (15 phiến L=38.2m):G5d,3.9,0.156,11.7
C256,18,Dầm chủ Super-T (15 phiến L=38.2m):G5d,3.9,0.156,11.7
C256,18,Bản mặt cầu (Deck Slab):S4,2.1,0.156,11.7
C256,18,Bản quá độ Mố M1:A5,1.629,0.156,11.7
C257,18,Dầm chủ Super-T (15 phiến L=38.2m):G5d,3.9,0.156,11.7
C257,18,Dầm chủ Super-T (15 phiến L=38.2m):G5d,3.9,0.156,11.7
C257,18,Bản mặt cầu (Deck Slab):S4,2.1,0.156,11.7
C257,18,Bản quá độ Mố M1:A5,1.629,0.156,11.7
C258,18,Dầm chủ Super-T (15 phiến L=38.2m):G5d,3.9,0.156,11.7
C258,18,Dầm chủ Super-T (15 phiến L=38.2m):G5d,3.9,0.156,11.7
C258,18,Bản mặt cầu (Deck Slab):S4,2.1,0.156,11.7
C258,18,Bản quá độ Mố M1:A5,1.629,0.156,11.7
C259,18,Dầm chủ Super-T (15 phiến L=38.2m):G5d,3.9,0.156,11.7
C259,18,Dầm chủ Super-T (15 phiến L=38.2m):G5d,3.9,0.156,11.7
C259,18,Bản mặt cầu (Deck Slab):S4,2.1,0.156,11.7
C259,18,Bản quá độ Mố M1:A5,1.629,0.156,11.7
C260,18,Dầm chủ Super-T (15 phiến L=38.2m):G5d,3.9,0.156,11.7
C260,18,Dầm chủ Super-T (15 phiến L=38.2m):G5d,3.9,0.156,11.7
C260,18,Bản mặt cầu (Deck Slab):S4,2.1,0.156,11.7
C260,18,Bản quá độ Mố M2:A5,1.629,0.156,11.7
C261,18,Dầm chủ Super-T (15 phiến L=38.2m):G5d,3.9,0.156,11.7
C261,18,Dầm chủ Super-T (15 phiến L=38.2m):G5d,3.9,0.156,11.7
C261,18,Bản mặt cầu (Deck Slab):S4,2.1,0.156,11.7
C261,18,Bản quá độ Mố M2:A5,1.629,0.156,11.7
C262,18,Dầm chủ Super-T (15 phiến L=38.2m):G5d,3.9,0.156,11.7
C262,18,Dầm chủ Super-T (15 phiến L=38.2m):G5d,3.9,0.156,11.7
C262,18,Bản mặt cầu (Deck Slab):S4,2.1,0.156,11.7
C262,18,Bản quá độ Mố M2:A5,1.629,0.156,11.7
C263,18,Dầm chủ Super-T (15 phiến L=38.2m):G5d,3.9,0.156,11.7
C263,18,Dầm chủ Super-T (15 phiến L=38.2m):G5d,3.9,0.156,11.7
C263,18,Bản mặt cầu (Deck Slab):S4,2.1,0.156,11.7
C263,18,Bản quá độ Mố M2:A5,1.629,0.156,11.7
C264,18,Dầm chủ Super-T (15 phiến L=38.2m):G5d,3.9,0.156,11.7
C264,18,Dầm chủ Super-T (15 phiến L=38.2m):G5d,3.9,0.156,11.7
C264,18,Bản mặt cầu (Deck Slab):S4,2.1,0.156,11.7
C264,18,Bản quá độ Mố M2:A5,1.629,0.156,11.7
C265,18,Dầm chủ Super-T (15 phiến L=38.2m):G5d,3.9,0.156,11.7
C265,18,Dầm chủ Super-T (15 phiến L=38.2m):G5d,3.9,0.156,11.7
C265,18,Bản mặt cầu (Deck Slab):S4,2.1,0.156,11.7
C265,18,Bản quá độ Mố M2:A5,1.629,0.156,11.7
C266,18,Dầm chủ Super-T (15 phiến L=38.2m):G5d,3.9,0.156,11.7
C266,18,Dầm chủ Super-T (15 phiến L=38.2m):G5d,3.9,0.156,11.7
C266,18,Bản mặt cầu (Deck Slab):S4,2.1,0.156,11.7
C266,18,Bản quá độ Mố M2:A5,1.629,0.156,11.7
C267,18,Dầm chủ Super-T (15 phiến L=38.2m):G5d,3.9,0.156,11.7
C267,18,Dầm chủ Super-T (15 phiến L=38.2m):G5d,3.9,0.156,11.7
C267,18,Bản mặt cầu (Deck Slab):S4,2.1,0.156,11.7
C267,18,Bản quá độ Mố M2:A5,1.629,0.156,11.7
C268,18,Dầm chủ Super-T (15 phiến L=38.2m):G5d,3.9,0.156,11.7
C268,18,Dầm chủ Super-T (15 phiến L=38.2m):G5d,3.9,0.156,11.7
C268,18,Bản mặt cầu (Deck Slab):S4,2.1,0.156,11.7
C268,18,Bản quá độ Mố M2:A5,1.629,0.156,11.7
C269,18,Dầm chủ Super-T (15 phiến L=38.2m):G5d,3.9,0.156,11.7
C269,18,Dầm chủ Super-T (15 phiến L=38.2m):G5d,3.9,0.156,11.7
C269,18,Bản mặt cầu (Deck Slab):S4,2.1,0.156,11.7
C269,18,Bản quá độ Mố M2:A5,1.629,0.156,11.7
C270,18,Dầm chủ Super-T (15 phiến L=38.2m):G5d,3.9,0.156,11.7
C270,18,Dầm chủ Super-T (15 phiến L=38.2m):G5d,3.9,0.156,11.7
C270,18,Bản mặt cầu (Deck Slab):S4,2.1,0.156,11.7
C270,18,Bản quá độ Mố M2:A5,1.629,0.156,11.7
C271,18,Dầm chủ Super-T (15 phiến L=38.2m):G5d,3.9,0.156,11.7
C271,18,Dầm chủ Super-T (15 phiến L=38.2m):G5d,3.9,0.156,11.7
C271,18,Bản mặt cầu (Deck Slab):S4,2.1,0.156,11.7
C271,18,Bản quá độ Mố M2:A5,1.629,0.156,11.7
C272,18,Dầm chủ Super-T (15 phiến L=38.2m):G5d,3.9,0.156,11.7
C272,18,Dầm chủ Super-T (15 phiến L=38.2m):G5d,3.9,0.156,11.7
C272,18,Bản mặt cầu (Deck Slab):S4,2.1,0.156,11.7
C272,18,Bản quá độ Mố M2:A5,1.629,0.156,11.7
C273,18,Dầm chủ Super-T (15 phiến L=38.2m):G5d,3.9,0.156,11.7
C273,18,Dầm chủ Super-T (15 phiến L=38.2m):G5d,3.9,0.156,11.7
C273,18,Bản mặt cầu (Deck Slab):S4,2.1,0.156,11.7
C273,18,Bản quá độ Mố M2:A5,1.629,0.156,11.7
C274,18,Dầm chủ Super-T (15 phiến L=38.2m):G5d,3.9,0.156,11.7
C274,18,Dầm chủ Super-T (15 phiến L=38.2m):G5d,3.9,0.156,11.7
C274,18,Bản mặt cầu (Deck Slab):S4,2.1,0.156,11.7
C274,18,Bản quá độ Mố M2:A5,1.629,0.156,11.7
C275,18,Dầm chủ Super-T (15 phiến L=38.2m):G5d,3.9,0.156,11.7
C275,18,Dầm chủ Super-T (15 phiến L=38.2m):G5d,3.9,0.156,11.7
C275,18,Bản mặt cầu (Deck Slab):S4,2.1,0.156,11.7
C275,18,Bản quá độ Mố M2:A5,1.629,0.156,11.7
C276,18,Dầm chủ Super-T (15 phiến L=38.2m):G5d,3.9,0.156,11.7
C276,18,Dầm chủ Super-T (15 phiến L=38.2m):G5d,3.9,0.156,11.7
C276,18,Bản mặt cầu (Deck Slab):S4,2.1,0.156,11.7
C276,18,Bản quá độ Mố M2:A5,1.629,0.156,11.7
C277,18,Dầm chủ Super-T (15 phiến L=38.2m):G5d,3.9,0.156,11.7
C277,18,Dầm chủ Super-T (15 phiến L=38.2m):G5d,3.9,0.156,11.7
C277,18,Bản mặt cầu (Deck Slab):S4,2.1,0.156,11.7
C277,18,Bản quá độ Mố M2:A5,1.629,0.156,11.7
C278,18,Dầm chủ Super-T (15 phiến L=38.2m):G5d,3.9,0.156,11.7
C278,18,Dầm chủ Super-T (15 phiến L=38.2m):G5d,3.9,0.156,11.7
C278,18,Bản mặt cầu (Deck Slab):S4,2.1,0.156,11.7
C278,18,Bản quá độ Mố M2:A5,1.629,0.156,11.7
C279,18,Dầm chủ Super-T (15 phiến L=38.2m):G5d,3.9,0.156,11.7
C279,18,Dầm chủ Super-T (15 phiến L=38.2m):G5d,3.9,0.156,11.7
C279,18,Bản mặt cầu (Deck Slab):S4,2.1,0.156,11.7
C279,18,Bản quá độ Mố M2:A5,1.629,0.156,11.7
C280,18,Dầm chủ Super-T (15 phiến L=38.2m):G5d,3.9,0.156,11.7
C280,18,Dầm chủ Super-T (15 phiến L=38.2m):G5d,3.9,0.156,11.7
C280,18,Bản mặt cầu (Deck Slab):S4,2.1,0.156,11.7
C280,18,Bản quá độ Mố M2:A5,1.629,0.156,11.7
C281,18,Dầm chủ Super-T (15 phiến L=38.2m):G5d,3.9,0.156,11.7
C281,18,Dầm chủ Super-T (15 phiến L=38.2m):G5d,3.9,0.156,11.7
C281,18,Bản mặt cầu (Deck Slab):S4,2.1,0.156,11.7
C281,18,Bản quá độ Mố M2:A5,1.629,0.156,11.7
C282,18,Dầm chủ Super-T (15 phiến L=38.2m):G5d,3.9,0.156,11.7
C282,18,Dầm chủ Super-T (15 phiến L=38.2m):G5d,3.9,0.156,11.7
C282,18,Bản mặt cầu (Deck Slab):S4,2.1,0.156,11.7
C282,18,Bản quá độ Mố M2:A5,1.629,0.156,11.7
C283,18,Dầm chủ Super-T (15 phiến L=38.2m):G5d,3.9,0.156,11.7
C283,18,Dầm chủ Super-T (15 phiến L=38.2m):G5d,3.9,0.156,11.7
C283,18,Bản mặt cầu (Deck Slab):S4,2.1,0.156,11.7
C283,18,Bản quá độ Mố M2:A5,1.629,0.156,11.7
C284,18,Dầm chủ Super-T (15 phiến L=38.2m):G5d,3.9,0.156,11.7
C284,18,Dầm chủ Super-T (15 phiến L=38.2m):G5d,3.9,0.156,11.7
C284,18,Bản mặt cầu (Deck Slab):S4,2.1,0.156,11.7
C284,18,Bản quá độ Mố M2:A5,1.629,0.156,11.7
C285,18,Dầm chủ Super-T (15 phiến L=38.2m):G5d,3.9,0.156,11.7
C285,18,Dầm chủ Super-T (15 phiến L=38.2m):G5d,3.9,0.156,11.7
C285,18,Bản mặt cầu (Deck Slab):S4,2.1,0.156,11.7
C285,18,Bản quá độ Mố M2:A5,1.629,0.156,11.7
C286,18,Dầm chủ Super-T (15 phiến L=38.2m):G5d,3.9,0.156,11.7
C286,18,Dầm chủ Super-T (15 phiến L=38.2m):G5d,3.9,0.156,11.7
C286,18,Bản mặt cầu (Deck Slab):S4,2.1,0.156,11.7
C286,18,Bản quá độ Mố M2:A5,1.629,0.156,11.7
C287,18,Dầm chủ Super-T (15 phiến L=38.2m):G5d,3.9,0.156,11.7
C287,18,Dầm chủ Super-T (15 phiến L=38.2m):G5d,3.9,0.156,11.7
C287,18,Bản mặt cầu (Deck Slab):S4,2.1,0.156,11.7
C287,18,Bản quá độ Mố M2:A5,1.629,0.156,11.7
C288,18,Dầm chủ Super-T (15 phiến L=38.2m):G5d,3.9,0.156,11.7
C288,18,Dầm chủ Super-T (15 phiến L=38.2m):G5d,3.9,0.156,11.7
C288,18,Bản mặt cầu (Deck Slab):S4,2.1,0.156,11.7
C288,18,Bản quá độ Mố M2:A5,1.629,0.156,11.7
C289,18,Dầm chủ Super-T (15 phiến L=38.2m):G5d,3.9,0.156,11.7
C289,18,Dầm chủ Super-T (15 phiến L=38.2m):G5d,3.9,0.156,11.7
C289,18,Bản mặt cầu (Deck Slab):S4,2.1,0.156,11.7
C289,18,Bản quá độ Mố M2:A5,1.629,0.156,11.7
C290,18,Dầm chủ Super-T (15 phiến L=38.2m):G5d,3.9,0.156,11.7
C290,18,Dầm chủ Super-T (15 phiến L=38.2m):G5d,3.9,0.156,11.7
C290,18,Bản mặt cầu (Deck Slab):S4,2.1,0.156,11.7
C290,18,Bản quá độ Mố M2:A5,1.629,0.156,11.7
C291,18,Dầm chủ Super-T (15 phiến L=38.2m):G5d,3.9,0.156,11.7
C291,18,Dầm chủ Super-T (15 phiến L=38.2m):G5d,3.9,0.156,11.7
C291,18,Bản mặt cầu (Deck Slab):S4,2.1,0.156,11.7
C291,18,Bản quá độ Mố M2:A5,1.629,0.156,11.7
C292,18,Dầm chủ Super-T (15 phiến L=38.2m):G5d,3.9,0.156,11.7
C292,18,Dầm chủ Super-T (15 phiến L=38.2m):G5d,3.9,0.156,11.7
C292,18,Bản mặt cầu (Deck Slab):S4,2.1,0.156,11.7
C292,18,Bản quá độ Mố M2:A5,1.629,0.156,11.7
C293,18,Dầm chủ Super-T (15 phiến L=38.2m):G5d,3.9,0.156,11.7
C293,18,Dầm chủ Super-T (15 phiến L=38.2m):G5d,3.9,0.156,11.7
C293,18,Bản mặt cầu (Deck Slab):S4,2.1,0.156,11.7
C293,18,Bản quá độ Mố M2:A5,1.629,0.156,11.7
C294,18,Dầm chủ Super-T (15 phiến L=38.2m):G5d,3.9,0.156,11.7
C294,18,Dầm chủ Super-T (15 phiến L=38.2m):G5d,3.9,0.156,11.7
C294,18,Bản mặt cầu (Deck Slab):S4,2.1,0.156,11.7
C294,18,Bản quá độ Mố M2:A5,1.629,0.156,11.7
C295,18,Dầm chủ Super-T (15 phiến L=38.2m):G5d,3.9,0.156,11.7
C295,18,Dầm chủ Super-T (15 phiến L=38.2m):G5d,3.9,0.156,11.7
C295,18,Bản mặt cầu (Deck Slab):S4,2.1,0.156,11.7
C295,18,Bản quá độ Mố M2:A5,1.629,0.156,11.7
C296,18,Dầm chủ Super-T (15 phiến L=38.2m):G5d,3.9,0.156,11.7
C296,18,Dầm chủ Super-T (15 phiến L=38.2m):G5d,3.9,0.156,11.7
C296,18,Bản mặt cầu (Deck Slab):S4,2.1,0.156,11.7
C296,18,Bản quá độ Mố M2:A5,1.629,0.156,11.7
C297,18,Dầm chủ Super-T (15 phiến L=38.2m):G5d,3.9,0.156,11.7
C297,18,Dầm chủ Super-T (15 phiến L=38.2m):G5d,3.9,0.156,11.7
C297,18,Bản mặt cầu (Deck Slab):S4,2.1,0.156,11.7
C297,18,Bản quá độ Mố M2:A5,1.629,0.156,11.7
C298,18,Dầm chủ Super-T (15 phiến L=38.2m):G5d,3.9,0.156,11.7
C298,18,Dầm chủ Super-T (15 phiến L=38.2m):G5d,3.9,0.156,11.7
C298,18,Bản mặt cầu (Deck Slab):S4,2.1,0.156,11.7
C298,18,Bản quá độ Mố M2:A5,1.629,0.156,11.7
C299,18,Dầm chủ Super-T (15 phiến L=38.2m):G5d,3.9,0.156,11.7
C299,18,Dầm chủ Super-T (15 phiến L=38.2m):G5d,3.9,0.156,11.7
C299,18,Bản mặt cầu (Deck Slab):S4,2.1,0.156,11.7
C299,18,Bản quá độ Mố M2:A5,1.629,0.156,11.7
C300,18,Dầm chủ Super-T (15 phiến L=38.2m):G5d,3.9,0.156,11.7
C300,18,Dầm chủ Super-T (15 phiến L=38.2m):G5d,3.9,0.156,11.7
C300,18,Bản mặt cầu (Deck Slab):S4,2.1,0.156,11.7
C300,18,Bản quá độ Mố M2:A5,1.629,0.156,11.7
C301,18,Dầm chủ Super-T (15 phiến L=38.2m):G5d,3.9,0.156,11.7
C301,18,Dầm chủ Super-T (15 phiến L=38.2m):G5d,3.9,0.156,11.7
C301,18,Bản mặt cầu (Deck Slab):S4,2.1,0.156,11.7
C301,18,Bản quá độ Mố M2:A5,1.629,0.156,11.7
C302,18,Dầm chủ Super-T (15 phiến L=38.2m):G5d,3.9,0.156,11.7
C302,18,Dầm chủ Super-T (15 phiến L=38.2m):G5d,3.9,0.156,11.7
C302,18,Bản mặt cầu (Deck Slab):S4,2.1,0.156,11.7
C302,18,Bản quá độ Mố M2:A5,1.629,0.156,11.7
C303,18,Dầm chủ Super-T (15 phiến L=38.2m):G5d,3.9,0.156,11.7
C303,18,Dầm chủ Super-T (15 phiến L=38.2m):G5d,3.9,0.156,11.7
C303,18,Bản mặt cầu (Deck Slab):S4,2.1,0.156,11.7
C303,18,Bản quá độ Mố M2:A5,1.629,0.156,11.7
C304,18,Dầm chủ Super-T (15 phiến L=38.2m):G5d,3.9,0.156,11.7
C304,18,Dầm chủ Super-T (15 phiến L=38.2m):G5d,3.9,0.156,11.7
C304,18,Bản mặt cầu (Deck Slab):S4,2.1,0.156,11.7
C304,18,Bản quá độ Mố M2:A5,1.629,0.156,11.7
C305,18,Dầm chủ Super-T (15 phiến L=38.2m):G5d,3.9,0.156,11.7
C305,18,Dầm chủ Super-T (15 phiến L=38.2m):G5d,3.9,0.156,11.7
C305,18,Bản mặt cầu (Deck Slab):S4,2.1,0.156,11.7
C305,18,Bản quá độ Mố M2:A5,1.629,0.156,11.7
C306,18,Dầm chủ Super-T (15 phiến L=38.2m):G5d,3.9,0.156,11.7
C306,18,Dầm chủ Super-T (15 phiến L=38.2m):G5d,3.9,0.156,11.7
C306,18,Bản mặt cầu (Deck Slab):S4,2.1,0.156,11.7
C306,18,Bản quá độ Mố M2:A5,1.629,0.156,11.7
C307,18,Dầm chủ Super-T (15 phiến L=38.2m):G5d,3.9,0.156,11.7
C307,18,Dầm chủ Super-T (15 phiến L=38.2m):G5d,3.9,0.156,11.7
C307,18,Bản mặt cầu (Deck Slab):S4,2.1,0.156,11.7
C307,18,Bản quá độ Mố M2:A5,1.629,0.156,11.7
C308,18,Dầm chủ Super-T (15 phiến L=38.2m):G5d,3.9,0.156,11.7
C308,18,Dầm chủ Super-T (15 phiến L=38.2m):G5d,3.9,0.156,11.7
C308,18,Bản mặt cầu (Deck Slab):S4,2.1,0.156,11.7
C308,18,Bản quá độ Mố M2:A5,1.629,0.156,11.7
C309,18,Dầm chủ Super-T (15 phiến L=38.2m):G5d,3.9,0.156,11.7
C309,18,Dầm chủ Super-T (15 phiến L=38.2m):G5d,3.9,0.156,11.7
C309,18,Bản mặt cầu (Deck Slab):S4,2.1,0.156,11.7
C309,18,Bản quá độ Mố M2:A5,1.629,0.156,11.7
C310,18,Dầm chủ Super-T (15 phiến L=38.2m):G5d,3.9,0.156,11.7
C310,18,Dầm chủ Super-T (15 phiến L=38.2m):G5d,3.9,0.156,11.7
C310,18,Bản mặt cầu (Deck Slab):S4,2.1,0.156,11.7
C310,18,Bản quá độ Mố M2:A5,1.629,0.156,11.7
C311,18,Dầm chủ Super-T (15 phiến L=38.2m):G5d,3.9,0.156,11.7
C311,18,Dầm chủ Super-T (15 phiến L=38.2m):G5d,3.9,0.156,11.7
C311,18,Bản mặt cầu (Deck Slab):S4,2.1,0.156,11.7
C311,18,Bản quá độ Mố M2:A5,1.629,0.156,11.7
C312,18,Dầm chủ Super-T (15 phiến L=38.2m):G5d,3.9,0.156,11.7
C312,18,Dầm chủ Super-T (15 phiến L=38.2m):G5d,3.9,0.156,11.7
C312,18,Bản mặt cầu (Deck Slab):S4,2.1,0.156,11.7
C312,18,Bản quá độ Mố M2:A5,1.629,0.156,11.7
C313,18,Dầm chủ Super-T (15 phiến L=38.2m):G5d,3.9,0.156,11.7
C313,18,Dầm chủ Super-T (15 phiến L=38.2m):G5d,3.9,0.156,11.7
C313,18,Bản mặt cầu (Deck Slab):S4,2.1,0.156,11.7
C313,18,Bản quá độ Mố M2:A5,1.629,0.156,11.7
C314,18,Dầm chủ Super-T (15 phiến L=38.2m):G5d,3.9,0.156,11.7
C314,18,Dầm chủ Super-T (15 phiến L=38.2m):G5d,3.9,0.156,11.7
C314,18,Bản mặt cầu (Deck Slab):S4,2.1,0.156,11.7
C314,18,Bản quá độ Mố M2:A5,1.629,0.156,11.7
C315,18,Dầm chủ Super-T (15 phiến L=38.2m):G5d,3.9,0.156,11.7
C315,18,Dầm chủ Super-T (15 phiến L=38.2m):G5d,3.9,0.156,11.7
C315,18,Bản mặt cầu (Deck Slab):S4,2.1,0.156,11.7
C315,18,Bản quá độ Mố M2:A5,1.629,0.156,11.7
C316,18,Dầm chủ Super-T (15 phiến L=38.2m):G5d,3.9,0.156,11.7
C316,18,Dầm chủ Super-T (15 phiến L=38.2m):G5d,3.9,0.156,11.7
C316,18,Bản mặt cầu (Deck Slab):S4,2.1,0.156,11.7
C316,18,Bản quá độ Mố M2:A5,1.629,0.156,11.7
C317,18,Dầm chủ Super-T (15 phiến L=38.2m):G5d,3.9,0.156,11.7
C317,18,Dầm chủ Super-T (15 phiến L=38.2m):G5d,3.9,0.156,11.7
C317,18,Bản mặt cầu (Deck Slab):S4,2.1,0.156,11.7
C317,18,Bản quá độ Mố M2:A5,1.629,0.156,11.7
C318,18,Dầm chủ Super-T (15 phiến L=38.2m):G5d,3.9,0.156,11.7
C318,18,Dầm chủ Super-T (15 phiến L=38.2m):G5d,3.9,0.156,11.7
C318,18,Bản mặt cầu (Deck Slab):S4,2.1,0.156,11.7
C318,18,Bản quá độ Mố M2:A5,1.629,0.156,11.7
C319,18,Dầm chủ Super-T (15 phiến L=38.2m):G5d,3.9,0.156,11.7
C319,18,Dầm chủ Super-T (15 phiến L=38.2m):G5d,3.9,0.156,11.7
C319,18,Bản mặt cầu (Deck Slab):S4,2.1,0.156,11.7
C319,18,Bản quá độ Mố M2:A5,1.629,0.156,11.7
C320,18,Dầm chủ Super-T (15 phiến L=38.2m):G5d,3.9,0.156,11.7
C320,18,Dầm chủ Super-T (15 phiến L=38.2m):G5d,3.9,0.156,11.7
C320,18,Bản mặt cầu (Deck Slab):S4,2.1,0.156,11.7
C320,18,Bản quá độ Mố M2:A5,1.629,0.156,11.7
C321,18,Dầm chủ Super-T (15 phiến L=38.2m):G5d,3.9,0.156,11.7
C321,18,Dầm chủ Super-T (15 phiến L=38.2m):G5d,3.9,0.156,11.7
C321,18,Bản mặt cầu (Deck Slab):S4,2.1,0.156,11.7
C321,18,Bản quá độ Mố M2:A5,1.629,0.156,11.7
C322,18,Dầm chủ Super-T (15 phiến L=38.2m):G5d,3.9,0.156,11.7
C322,18,Dầm chủ Super-T (15 phiến L=38.2m):G5d,3.9,0.156,11.7
C322,18,Bản mặt cầu (Deck Slab):S4,2.1,0.156,11.7
C322,18,Bản quá độ Mố M2:A5,1.629,0.156,11.7
C323,18,Dầm chủ Super-T (15 phiến L=38.2m):G5d,3.9,0.156,11.7
C323,18,Dầm chủ Super-T (15 phiến L=38.2m):G5d,3.9,0.156,11.7
C323,18,Bản mặt cầu (Deck Slab):S4,2.1,0.156,11.7
C323,18,Bản quá độ Mố M2:A5,1.629,0.156,11.7
C324,18,Dầm chủ Super-T (15 phiến L=38.2m):G5d,3.9,0.156,11.7
C324,18,Dầm chủ Super-T (15 phiến L=38.2m):G5d,3.9,0.156,11.7
C324,18,Bản mặt cầu (Deck Slab):S4,2.1,0.156,11.7
C324,18,Bản quá độ Mố M2:A5,1.629,0.156,11.7
C325,18,Dầm chủ Super-T (15 phiến L=38.2m):G5d,3.9,0.156,11.7
C325,18,Dầm chủ Super-T (15 phiến L=38.2m):G5d,3.9,0.156,11.7
C325,18,Bản mặt cầu (Deck Slab):S4,2.1,0.156,11.7
C325,18,Bản quá độ Mố M2:A5,1.629,0.156,11.7
C326,18,Dầm chủ Super-T (15 phiến L=38.2m):G5d,3.9,0.156,11.7
C326,18,Dầm chủ Super-T (15 phiến L=38.2m):G5d,3.9,0.156,11.7
C326,18,Bản mặt cầu (Deck Slab):S4,2.1,0.156,11.7
C326,18,Bản quá độ Mố M2:A5,1.629,0.156,11.7
C327,18,Dầm chủ Super-T (15 phiến L=38.2m):G5d,3.9,0.156,11.7
C327,18,Dầm chủ Super-T (15 phiến L=38.2m):G5d,3.9,0.156,11.7
C327,18,Bản mặt cầu (Deck Slab):S4,2.1,0.156,11.7
C327,18,Bản quá độ Mố M2:A5,1.629,0.156,11.7
C328,18,Dầm chủ Super-T (15 phiến L=38.2m):G5d,3.9,0.156,11.7
C328,18,Dầm chủ Super-T (15 phiến L=38.2m):G5d,3.9,0.156,11.7
C328,18,Bản mặt cầu (Deck Slab):S4,2.1,0.156,11.7
C328,18,Bản quá độ Mố M2:A5,1.629,0.156,11.7
C329,18,Dầm chủ Super-T (15 phiến L=38.2m):G5d,3.9,0.156,11.7
C329,18,Dầm chủ Super-T (15 phiến L=38.2m):G5d,3.9,0.156,11.7
C329,18,Bản mặt cầu (Deck Slab):S4,2.1,0.156,11.7
C329,18,Bản quá độ Mố M2:A5,1.629,0.156,11.7
C330,18,Dầm chủ Super-T (15 phiến L=38.2m):G5d,3.9,0.156,11.7
C330,18,Dầm chủ Super-T (15 phiến L=38.2m):G5d,3.9,0.156,11.7
C330,18,Bản mặt cầu (Deck Slab):S4,2.1,0.156,11.7
C330,18,Bản quá độ Mố M2:A5,1.629,0.156,11.7
C331,18,Dầm chủ Super-T (15 phiến L=38.2m):G5d,3.9,0.156,11.7
C331,18,Dầm chủ Super-T (15 phiến L=38.2m):G5d,3.9,0.156,11.7
C331,18,Bản mặt cầu (Deck Slab):S4,2.1,0.156,11.7
C331,18,Bản quá độ Mố M2:A5,1.629,0.156,11.7
C332,18,Dầm chủ Super-T (15 phiến L=38.2m):G5d,3.9,0.156,11.7
C332,18,Dầm chủ Super-T (15 phiến L=38.2m):G5d,3.9,0.156,11.7
C332,18,Bản mặt cầu (Deck Slab):S4,2.1,0.156,11.7
C332,18,Bản quá độ Mố M2:A5,1.629,0.156,11.7
C333,18,Dầm chủ Super-T (15 phiến L=38.2m):G5d,3.9,0.156,11.7
C333,18,Dầm chủ Super-T (15 phiến L=38.2m):G5d,3.9,0.156,11.7
C333,18,Bản mặt cầu (Deck Slab):S4,2.1,0.156,11.7
C333,18,Bản quá độ Mố M2:A5,1.629,0.156,11.7
C334,18,Dầm chủ Super-T (15 phiến L=38.2m):G5d,3.9,0.156,11.7
C334,18,Dầm chủ Super-T (15 phiến L=38.2m):G5d,3.9,0.156,11.7
C334,18,Bản mặt cầu (Deck Slab):S4,2.1,0.156,11.7
C334,18,Bản quá độ Mố M2:A5,1.629,0.156,11.7
C335,18,Dầm chủ Super-T (15 phiến L=38.2m):G5d,3.9,0.156,11.7
C335,18,Dầm chủ Super-T (15 phiến L=38.2m):G5d,3.9,0.156,11.7
C335,18,Bản mặt cầu (Deck Slab):S4,2.1,0.156,11.7
C335,18,Bản quá độ Mố M2:A5,1.629,0.156,11.7
C336,18,Dầm chủ Super-T (15 phiến L=38.2m):G5d,3.9,0.156,11.7
C336,18,Dầm chủ Super-T (15 phiến L=38.2m):G5d,3.9,0.156,11.7
C336,18,Bản mặt cầu (Deck Slab):S4,2.1,0.156,11.7
C336,18,Bản quá độ Mố M2:A5,1.629,0.156,11.7
C337,18,Dầm chủ Super-T (15 phiến L=38.2m):G5d,3.9,0.156,11.7
C337,18,Dầm chủ Super-T (15 phiến L=38.2m):G5d,3.9,0.156,11.7
C337,18,Bản mặt cầu (Deck Slab):S4,2.1,0.156,11.7
C337,18,Bản quá độ Mố M2:A5,1.629,0.156,11.7
C338,18,Dầm chủ Super-T (15 phiến L=38.2m):G5d,3.9,0.156,11.7
C338,18,Dầm chủ Super-T (15 phiến L=38.2m):G5d,3.9,0.156,11.7
C338,18,Bản mặt cầu (Deck Slab):S4,2.1,0.156,11.7
C338,18,Bản quá độ Mố M2:A5,1.629,0.156,11.7
C339,18,Dầm chủ Super-T (15 phiến L=38.2m):G5d,3.9,0.156,11.7
C339,18,Dầm chủ Super-T (15 phiến L=38.2m):G5d,3.9,0.156,11.7
C339,18,Bản mặt cầu (Deck Slab):S4,2.1,0.156,11.7
C339,18,Bản quá độ Mố M2:A5,1.629,0.156,11.7
C340,18,Dầm chủ Super-T (15 phiến L=38.2m):G5d,3.9,0.156,11.7
C340,18,Dầm chủ Super-T (15 phiến L=38.2m):G5d,3.9,0.156,11.7
C340,18,Bản mặt cầu (Deck Slab):S4,2.1,0.156,11.7
C340,18,Bản quá độ Mố M2:A5,1.629,0.156,11.7
C341,18,Dầm chủ Super-T (15 phiến L=38.2m):G5d,3.9,0.156,11.7
C341,18,Dầm chủ Super-T (15 phiến L=38.2m):G5d,3.9,0.156,11.7
C341,18,Bản mặt cầu (Deck Slab):S4,2.1,0.156,11.7
C341,18,Bản quá độ Mố M2:A5,1.629,0.156,11.7
C342,18,Dầm chủ Super-T (15 phiến L=38.2m):G5d,3.9,0.156,11.7
C342,18,Dầm chủ Super-T (15 phiến L=38.2m):G5d,3.9,0.156,11.7
C342,18,Bản mặt cầu (Deck Slab):S4,2.1,0.156,11.7
C342,18,Bản quá độ Mố M2:A5,1.629,0.156,11.7
C343,18,Dầm chủ Super-T (15 phiến L=38.2m):G5d,3.9,0.156,11.7
C343,18,Dầm chủ Super-T (15 phiến L=38.2m):G5d,3.9,0.156,11.7
C343,18,Bản mặt cầu (Deck Slab):S4,2.1,0.156,11.7
C343,18,Bản quá độ Mố M2:A5,1.629,0.156,11.7
C344,18,Dầm chủ Super-T (15 phiến L=38.2m):G5d,3.9,0.156,11.7
C344,18,Dầm chủ Super-T (15 phiến L=38.2m):G5d,3.9,0.156,11.7
C344,18,Bản mặt cầu (Deck Slab):S4,2.1,0.156,11.7
C344,18,Bản quá độ Mố M2:A5,1.629,0.156,11.7
C345,18,Dầm chủ Super-T (15 phiến L=38.2m):G5d,3.9,0.156,11.7
C345,18,Dầm chủ Super-T (15 phiến L=38.2m):G5d,3.9,0.156,11.7
C345,18,Bản mặt cầu (Deck Slab):S4,2.1,0.156,11.7
C345,18,Bản quá độ Mố M2:A5,1.629,0.156,11.7
C346,18,Dầm chủ Super-T (15 phiến L=38.2m):G5d,3.9,0.156,11.7
C346,18,Dầm chủ Super-T (15 phiến L=38.2m):G5d,3.9,0.156,11.7
C346,18,Bản mặt cầu (Deck Slab):S4,2.1,0.156,11.7
C346,18,Bản quá độ Mố M2:A5,1.629,0.156,11.7
C347,18,Dầm chủ Super-T (15 phiến L=38.2m):G5d,3.9,0.156,11.7
C347,18,Dầm chủ Super-T (15 phiến L=38.2m):G5d,3.9,0.156,11.7
C347,18,Bản mặt cầu (Deck Slab):S4,2.1,0.156,11.7
C347,18,Bản quá độ Mố M2:A5,1.629,0.156,11.7
C348,18,Dầm chủ Super-T (15 phiến L=38.2m):G5d,3.9,0.156,11.7
C348,18,Dầm chủ Super-T (15 phiến L=38.2m):G5d,3.9,0.156,11.7
C348,18,Bản mặt cầu (Deck Slab):S4,2.1,0.156,11.7
C348,18,Bản quá độ Mố M2:A5,1.629,0.156,11.7
C349,18,Dầm chủ Super-T (15 phiến L=38.2m):G5d,3.9,0.156,11.7
C349,18,Dầm chủ Super-T (15 phiến L=38.2m):G5d,3.9,0.156,11.7
C349,18,Bản mặt cầu (Deck Slab):S4,2.1,0.156,11.7
C349,18,Bản quá độ Mố M2:A5,1.629,0.156,11.7
C350,18,Dầm chủ Super-T (15 phiến L=38.2m):G5d,3.9,0.156,11.7
C350,18,Dầm chủ Super-T (15 phiến L=38.2m):G5d,3.9,0.156,11.7
C350,18,Bản mặt cầu (Deck Slab):S4,2.1,0.156,11.7
C350,18,Bản quá độ Mố M2:A5,1.629,0.156,11.7
C351,18,Dầm chủ Super-T (15 phiến L=38.2m):G5d,3.9,0.156,11.7
C351,18,Dầm chủ Super-T (15 phiến L=38.2m):G5d,3.9,0.156,11.7
C351,18,Bản mặt cầu (Deck Slab):S4,2.1,0.156,11.7
C351,18,Bản quá độ Mố M2:A5,1.629,0.156,11.7
C352,18,Dầm chủ Super-T (15 phiến L=38.2m):G5d,3.9,0.156,11.7
C352,18,Dầm chủ Super-T (15 phiến L=38.2m):G5d,3.9,0.156,11.7
C352,18,Bản mặt cầu (Deck Slab):S4,2.1,0.156,11.7
C352,18,Bản quá độ Mố M2:A5,1.629,0.156,11.7
C353,18,Dầm chủ Super-T (15 phiến L=38.2m):G5d,3.9,0.156,11.7
C353,18,Dầm chủ Super-T (15 phiến L=38.2m):G5d,3.9,0.156,11.7
C353,18,Bản mặt cầu (Deck Slab):S4,2.1,0.156,11.7
C353,18,Bản quá độ Mố M2:A5,1.629,0.156,11.7
C354,18,Dầm chủ Super-T (15 phiến L=38.2m):G5d,3.9,0.156,11.7
C354,18,Dầm chủ Super-T (15 phiến L=38.2m):G5d,3.9,0.156,11.7
C354,18,Bản mặt cầu (Deck Slab):S4,2.1,0.156,11.7
C354,18,Bản quá độ Mố M2:A5,1.629,0.156,11.7
C355,18,Dầm chủ Super-T (15 phiến L=38.2m):G5d,3.9,0.156,11.7
C355,18,Dầm chủ Super-T (15 phiến L=38.2m):G5d,3.9,0.156,11.7
C355,18,Bản mặt cầu (Deck Slab):S4,2.1,0.156,11.7
C355,18,Bản quá độ Mố M2:A5,1.629,0.156,11.7
C356,18,Dầm chủ Super-T (15 phiến L=38.2m):G5d,3.9,0.156,11.7
C356,18,Dầm chủ Super-T (15 phiến L=38.2m):G5d,3.9,0.156,11.7
C356,18,Bản mặt cầu (Deck Slab):S4,2.1,0.156,11.7
C356,18,Bản quá độ Mố M2:A5,1.629,0.156,11.7
C357,18,Dầm chủ Super-T (15 phiến L=38.2m):G5d,3.9,0.156,11.7
C357,18,Dầm chủ Super-T (15 phiến L=38.2m):G5d,3.9,0.156,11.7
C357,18,Bản mặt cầu (Deck Slab):S4,2.1,0.156,11.7
C357,18,Bản quá độ Mố M2:A5,1.629,0.156,11.7
C358,18,Dầm chủ Super-T (15 phiến L=38.2m):G5d,3.9,0.156,11.7
C358,18,Dầm chủ Super-T (15 phiến L=38.2m):G5d,3.9,0.156,11.7
C358,18,Bản mặt cầu (Deck Slab):S4,2.1,0.156,11.7
C358,18,Bản quá độ Mố M2:A5,1.629,0.156,11.7
C359,18,Dầm chủ Super-T (15 phiến L=38.2m):G5d,3.9,0.156,11.7
C359,18,Dầm chủ Super-T (15 phiến L=38.2m):G5d,3.9,0.156,11.7
C359,18,Bản mặt cầu (Deck Slab):S4,2.1,0.156,11.7
C359,18,Bản quá độ Mố M2:A5,1.629,0.156,11.7
C360,18,Dầm chủ Super-T (15 phiến L=38.2m):G5d,3.9,0.156,11.7
C360,18,Dầm chủ Super-T (15 phiến L=38.2m):G5d,3.9,0.156,11.7
C360,18,Bản mặt cầu (Deck Slab):S4,2.1,0.156,11.7
C360,18,Bản quá độ Mố M2:A5,1.629,0.156,11.7
C361,18,Dầm chủ Super-T (15 phiến L=38.2m):G5d,3.9,0.156,11.7
C361,18,Dầm chủ Super-T (15 phiến L=38.2m):G5d,3.9,0.156,11.7
C361,18,Bản mặt cầu (Deck Slab):S4,2.1,0.156,11.7
C361,18,Bản quá độ Mố M2:A5,1.629,0.156,11.7
C362,18,Dầm chủ Super-T (15 phiến L=38.2m):G5d,3.9,0.156,11.7
C362,18,Dầm chủ Super-T (15 phiến L=38.2m):G5d,3.9,0.156,11.7
C362,18,Bản mặt cầu (Deck Slab):S4,2.1,0.156,11.7
C362,18,Bản quá độ Mố M2:A5,1.629,0.156,11.7
C363,18,Dầm chủ Super-T (15 phiến L=38.2m):G5d,3.9,0.156,11.7
C363,18,Dầm chủ Super-T (15 phiến L=38.2m):G5d,3.9,0.156,11.7
C363,18,Bản mặt cầu (Deck Slab):S4,2.1,0.156,11.7
C363,18,Bản quá độ Mố M2:A5,1.629,0.156,11.7
C364,18,Dầm chủ Super-T (15 phiến L=38.2m):G5d,3.9,0.156,11.7
C364,18,Dầm chủ Super-T (15 phiến L=38.2m):G5d,3.9,0.156,11.7
C364,18,Bản mặt cầu (Deck Slab):S4,2.1,0.156,11.7
C364,18,Bản quá độ Mố M2:A5,1.629,0.156,11.7
C365,18,Dầm chủ Super-T (15 phiến L=38.2m):G5d,3.9,0.156,11.7
C365,18,Dầm chủ Super-T (15 phiến L=38.2m):G5d,3.9,0.156,11.7
C365,18,Bản mặt cầu (Deck Slab):S4,2.1,0.156,11.7
C365,18,Bản quá độ Mố M2:A5,1.629,0.156,11.7
C366,18,Dầm chủ Super-T (15 phiến L=38.2m):G5d,3.9,0.156,11.7
C366,18,Dầm chủ Super-T (15 phiến L=38.2m):G5d,3.9,0.156,11.7
C366,18,Bản mặt cầu (Deck Slab):S4,2.1,0.156,11.7
C366,18,Bản quá độ Mố M2:A5,1.629,0.156,11.7
C367,18,Dầm chủ Super-T (15 phiến L=38.2m):G5d,3.9,0.156,11.7
C367,18,Dầm chủ Super-T (15 phiến L=38.2m):G5d,3.9,0.156,11.7
C367,18,Bản mặt cầu (Deck Slab):S4,2.1,0.156,11.7
C367,18,Bản quá độ Mố M2:A5,1.629,0.156,11.7
C368,18,Dầm chủ Super-T (15 phiến L=38.2m):G5d,3.9,0.156,11.7
C368,18,Dầm chủ Super-T (15 phiến L=38.2m):G5d,3.9,0.156,11.7
C368,18,Bản mặt cầu (Deck Slab):S4,2.1,0.156,11.7
C368,18,Bản quá độ Mố M2:A5,1.629,0.156,11.7
C369,18,Dầm chủ Super-T (15 phiến L=38.2m):G5d,3.9,0.156,11.7
C369,18,Dầm chủ Super-T (15 phiến L=38.2m):G5d,3.9,0.156,11.7
C369,18,Bản mặt cầu (Deck Slab):S4,2.1,0.156,11.7
C369,18,Bản quá độ Mố M2:A5,1.629,0.156,11.7
C370,18,Dầm chủ Super-T (15 phiến L=38.2m):G5d,3.9,0.156,11.7
C370,18,Dầm chủ Super-T (15 phiến L=38.2m):G5d,3.9,0.156,11.7
C370,18,Bản mặt cầu (Deck Slab):S4,2.1,0.156,11.7
C370,18,Bản quá độ Mố M2:A5,1.629,0.156,11.7
C371,18,Dầm chủ Super-T (15 phiến L=38.2m):G5d,3.9,0.156,11.7
C371,18,Dầm chủ Super-T (15 phiến L=38.2m):G5d,3.9,0.156,11.7
C371,18,Bản mặt cầu (Deck Slab):S4,2.1,0.156,11.7
C371,18,Bản quá độ Mố M2:A5,1.629,0.156,11.7
C372,18,Dầm chủ Super-T (15 phiến L=38.2m):G5d,3.9,0.156,11.7
C372,18,Dầm chủ Super-T (15 phiến L=38.2m):G5d,3.9,0.156,11.7
C372,18,Bản mặt cầu (Deck Slab):S4,2.1,0.156,11.7
C372,18,Bản quá độ Mố M2:A5,1.629,0.156,11.7
C373,18,Dầm chủ Super-T (15 phiến L=38.2m):G5d,3.9,0.247,11.7
C373,18,Dầm chủ Super-T (15 phiến L=38.2m):G5b,2.86,0.247,11.7
C373,18,Gờ lan can BTCT:G2,2.578,0.247,11.7
C373,18,Bản mặt cầu (Deck Slab):S4,2.1,0.247,11.7
C374,18,Dầm chủ Super-T (15 phiến L=38.2m):G5d,3.9,0.247,11.7
C374,18,Dầm chủ Super-T (15 phiến L=38.2m):G5b,2.86,0.247,11.7
C374,18,Gờ lan can BTCT:G2,2.578,0.247,11.7
C374,18,Bản mặt cầu (Deck Slab):S4,2.1,0.247,11.7
C375,18,Dầm chủ Super-T (15 phiến L=38.2m):G5d,3.9,0.247,11.7
C375,18,Dầm chủ Super-T (15 phiến L=38.2m):G5b,2.86,0.247,11.7
C375,18,Gờ lan can BTCT:G2,2.578,0.247,11.7
C375,18,Bản mặt cầu (Deck Slab):S4,2.1,0.247,11.7
C376,18,Dầm chủ Super-T (15 phiến L=38.2m):G5d,3.9,0.247,11.7
C376,18,Dầm chủ Super-T (15 phiến L=38.2m):G5b,2.86,0.247,11.7
C376,18,Gờ lan can BTCT:G2,2.578,0.247,11.7
C376,18,Bản mặt cầu (Deck Slab):S4,2.1,0.247,11.7
C377,18,Dầm chủ Super-T (15 phiến L=38.2m):G5d,3.9,0.247,11.7
C377,18,Dầm chủ Super-T (15 phiến L=38.2m):G5b,2.86,0.247,11.7
C377,18,Gờ lan can BTCT:G2,2.578,0.247,11.7
C377,18,Bản mặt cầu (Deck Slab):S4,2.1,0.247,11.7
C378,18,Dầm chủ Super-T (15 phiến L=38.2m):G5d,3.9,0.247,11.7
C378,18,Dầm chủ Super-T (15 phiến L=38.2m):G5b,2.86,0.247,11.7
C378,18,Gờ lan can BTCT:G2,2.578,0.247,11.7
C378,18,Bản mặt cầu (Deck Slab):S4,2.1,0.247,11.7
C379,18,Dầm chủ Super-T (15 phiến L=38.2m):G5d,3.9,0.247,11.7
C379,18,Dầm chủ Super-T (15 phiến L=38.2m):G5b,2.86,0.247,11.7
C379,18,Gờ lan can BTCT:G2,2.578,0.247,11.7
C379,18,Bản mặt cầu (Deck Slab):S4,2.1,0.247,11.7
C380,18,Dầm chủ Super-T (15 phiến L=38.2m):G5d,3.9,0.247,11.7
C380,18,Dầm chủ Super-T (15 phiến L=38.2m):G5b,2.86,0.247,11.7
C380,18,Gờ lan can BTCT:G2,2.578,0.247,11.7
C380,18,Bản mặt cầu (Deck Slab):S4,2.1,0.247,11.7
C381,18,Dầm chủ Super-T (15 phiến L=38.2m):G5d,3.9,0.247,11.7
C381,18,Dầm chủ Super-T (15 phiến L=38.2m):G5b,2.86,0.247,11.7
C381,18,Gờ lan can BTCT:G2,2.578,0.247,11.7
C381,18,Bản mặt cầu (Deck Slab):S4,2.1,0.247,11.7
C382,18,Dầm chủ Super-T (15 phiến L=38.2m):G5d,3.9,0.247,11.7
C382,18,Dầm chủ Super-T (15 phiến L=38.2m):G5b,2.86,0.247,11.7
C382,18,Gờ lan can BTCT:G2,2.578,0.247,11.7
C382,18,Bản mặt cầu (Deck Slab):S4,2.1,0.247,11.7
C383,18,Dầm chủ Super-T (15 phiến L=38.2m):G5d,3.9,0.247,11.7
C383,18,Dầm chủ Super-T (15 phiến L=38.2m):G5b,2.86,0.247,11.7
C383,18,Gờ lan can BTCT:G2,2.578,0.247,11.7
C383,18,Bản mặt cầu (Deck Slab):S4,2.1,0.247,11.7
C384,18,Dầm chủ Super-T (15 phiến L=38.2m):G5d,3.9,0.247,11.7
C384,18,Dầm chủ Super-T (15 phiến L=38.2m):G5b,2.86,0.247,11.7
C384,18,Gờ lan can BTCT:G2,2.578,0.247,11.7
C384,18,Bản mặt cầu (Deck Slab):S4,2.1,0.247,11.7
C385,18,Dầm chủ Super-T (15 phiến L=38.2m):G5d,3.9,0.247,11.7
C385,18,Dầm chủ Super-T (15 phiến L=38.2m):G5b,2.86,0.247,11.7
C385,18,Gờ lan can BTCT:G2,2.578,0.247,11.7
C385,18,Bản mặt cầu (Deck Slab):S4,2.1,0.247,11.7
C386,18,Dầm chủ Super-T (15 phiến L=38.2m):G5d,3.9,0.247,11.7
C386,18,Dầm chủ Super-T (15 phiến L=38.2m):G5b,2.86,0.247,11.7
C386,18,Gờ lan can BTCT:G2,2.578,0.247,11.7
C386,18,Bản mặt cầu (Deck Slab):S4,2.1,0.247,11.7
C387,18,Dầm chủ Super-T (15 phiến L=38.2m):G5d,3.9,0.247,11.7
C387,18,Dầm chủ Super-T (15 phiến L=38.2m):G5b,2.86,0.247,11.7
C387,18,Gờ lan can BTCT:G2,2.578,0.247,11.7
C387,18,Bản mặt cầu (Deck Slab):S4,2.1,0.247,11.7
C388,18,Dầm chủ Super-T (15 phiến L=38.2m):G5d,3.9,0.247,11.7
C388,18,Dầm chủ Super-T (15 phiến L=38.2m):G5b,2.86,0.247,11.7
C388,18,Gờ lan can BTCT:G2,2.578,0.247,11.7
C388,18,Bản mặt cầu (Deck Slab):S4,2.1,0.247,11.7
C389,18,Dầm chủ Super-T (15 phiến L=38.2m):G5d,3.9,0.247,11.7
C389,18,Dầm chủ Super-T (15 phiến L=38.2m):G5b,2.86,0.247,11.7
C389,18,Gờ lan can BTCT:G2,2.578,0.247,11.7
C389,18,Bản mặt cầu (Deck Slab):S4,2.1,0.247,11.7
C390,18,Dầm chủ Super-T (15 phiến L=38.2m):G5d,3.9,0.247,11.7
C390,18,Dầm chủ Super-T (15 phiến L=38.2m):G5b,2.86,0.247,11.7
C390,18,Gờ lan can BTCT:G2,2.578,0.247,11.7
C390,18,Bản mặt cầu (Deck Slab):S4,2.1,0.247,11.7
C391,18,Dầm chủ Super-T (15 phiến L=38.2m):G5d,3.9,0.247,11.7
C391,18,Dầm chủ Super-T (15 phiến L=38.2m):G5b,2.86,0.247,11.7
C391,18,Gờ lan can BTCT:G2,2.578,0.247,11.7
C391,18,Bản mặt cầu (Deck Slab):S4,2.1,0.247,11.7
C392,18,Dầm chủ Super-T (15 phiến L=38.2m):G5d,3.9,0.247,11.7
C392,18,Dầm chủ Super-T (15 phiến L=38.2m):G5b,2.86,0.247,11.7
C392,18,Gờ lan can BTCT:G2,2.578,0.247,11.7
C392,18,Bản mặt cầu (Deck Slab):S4,2.1,0.247,11.7
C393,18,Dầm chủ Super-T (15 phiến L=38.2m):G5d,3.9,0.247,11.7
C393,18,Dầm chủ Super-T (15 phiến L=38.2m):G5b,2.86,0.247,11.7
C393,18,Gờ lan can BTCT:G2,2.578,0.247,11.7
C393,18,Bản mặt cầu (Deck Slab):S4,2.1,0.247,11.7
C394,18,Dầm chủ Super-T (15 phiến L=38.2m):G5d,3.9,0.247,11.7
C394,18,Dầm chủ Super-T (15 phiến L=38.2m):G5b,2.86,0.247,11.7
C394,18,Gờ lan can BTCT:G2,2.578,0.247,11.7
C394,18,Bản mặt cầu (Deck Slab):S4,2.1,0.247,11.7
C395,18,Dầm chủ Super-T (15 phiến L=38.2m):G5d,3.9,0.247,11.7
C395,18,Dầm chủ Super-T (15 phiến L=38.2m):G5b,2.86,0.247,11.7
C395,18,Gờ lan can BTCT:G2,2.578,0.247,11.7
C395,18,Bản mặt cầu (Deck Slab):S4,2.1,0.247,11.7
C396,18,Dầm chủ Super-T (15 phiến L=38.2m):G5d,3.9,0.247,11.7
C396,18,Dầm chủ Super-T (15 phiến L=38.2m):G5b,2.86,0.247,11.7
C396,18,Gờ lan can BTCT:G2,2.578,0.247,11.7
C396,18,Bản mặt cầu (Deck Slab):S4,2.1,0.247,11.7
C397,18,Dầm chủ Super-T (15 phiến L=38.2m):G5d,3.9,0.247,11.7
C397,18,Dầm chủ Super-T (15 phiến L=38.2m):G5b,2.86,0.247,11.7
C397,18,Gờ lan can BTCT:G2,2.578,0.247,11.7
C397,18,Bản mặt cầu (Deck Slab):S4,2.1,0.247,11.7
C398,18,Dầm chủ Super-T (15 phiến L=38.2m):G5d,3.9,0.247,11.7
C398,18,Dầm chủ Super-T (15 phiến L=38.2m):G5b,2.86,0.247,11.7
C398,18,Gờ lan can BTCT:G2,2.578,0.247,11.7
C398,18,Bản mặt cầu (Deck Slab):S4,2.1,0.247,11.7
C399,18,Dầm chủ Super-T (15 phiến L=38.2m):G5d,3.9,0.247,11.7
C399,18,Dầm chủ Super-T (15 phiến L=38.2m):G5b,2.86,0.247,11.7
C399,18,Gờ lan can BTCT:G2,2.578,0.247,11.7
C399,18,Bản mặt cầu (Deck Slab):S4,2.1,0.247,11.7
C400,18,Dầm chủ Super-T (15 phiến L=38.2m):G5d,3.9,0.247,11.7
C400,18,Dầm chủ Super-T (15 phiến L=38.2m):G5b,2.86,0.247,11.7
C400,18,Gờ lan can BTCT:G2,2.578,0.247,11.7
C400,18,Bản mặt cầu (Deck Slab):S4,2.1,0.247,11.7
C401,18,Dầm chủ Super-T (15 phiến L=38.2m):G5d,3.9,0.247,11.7
C401,18,Dầm chủ Super-T (15 phiến L=38.2m):G5b,2.86,0.247,11.7
C401,18,Gờ lan can BTCT:G2,2.578,0.247,11.7
C401,18,Bản mặt cầu (Deck Slab):S4,2.1,0.247,11.7
C402,18,Dầm chủ Super-T (15 phiến L=38.2m):G5d,3.9,0.247,11.7
C402,18,Dầm chủ Super-T (15 phiến L=38.2m):G5b,2.86,0.247,11.7
C402,18,Gờ lan can BTCT:G2,2.578,0.247,11.7
C402,18,Bản mặt cầu (Deck Slab):S4,2.1,0.247,11.7
C403,18,Dầm chủ Super-T (15 phiến L=38.2m):G5d,3.9,0.247,11.7
C403,18,Dầm chủ Super-T (15 phiến L=38.2m):G5b,2.86,0.247,11.7
C403,18,Gờ lan can BTCT:G2,2.578,0.247,11.7
C403,18,Bản mặt cầu (Deck Slab):S4,2.1,0.247,11.7
C404,18,Dầm chủ Super-T (15 phiến L=38.2m):G5d,3.9,0.247,11.7
C404,18,Dầm chủ Super-T (15 phiến L=38.2m):G5b,2.86,0.247,11.7
C404,18,Gờ lan can BTCT:G2,2.578,0.247,11.7
C404,18,Bản mặt cầu (Deck Slab):S4,2.1,0.247,11.7
C405,18,Dầm chủ Super-T (15 phiến L=38.2m):G5d,3.9,0.247,11.7
C405,18,Dầm chủ Super-T (15 phiến L=38.2m):G5b,2.86,0.247,11.7
C405,18,Gờ lan can BTCT:G2,2.578,0.247,11.7
C405,18,Bản mặt cầu (Deck Slab):S4,2.1,0.247,11.7
C406,18,Dầm chủ Super-T (15 phiến L=38.2m):G5d,3.9,0.247,11.7
C406,18,Dầm chủ Super-T (15 phiến L=38.2m):G5b,2.86,0.247,11.7
C406,18,Gờ lan can BTCT:G2,2.578,0.247,11.7
C406,18,Bản mặt cầu (Deck Slab):S4,2.1,0.247,11.7
C407,18,Dầm chủ Super-T (15 phiến L=38.2m):G5d,3.9,0.247,11.7
C407,18,Dầm chủ Super-T (15 phiến L=38.2m):G5b,2.86,0.247,11.7
C407,18,Gờ lan can BTCT:G2,2.578,0.247,11.7
C407,18,Bản mặt cầu (Deck Slab):S4,2.1,0.247,11.7
C408,18,Dầm chủ Super-T (15 phiến L=38.2m):G5d,3.9,0.247,11.7
C408,18,Dầm chủ Super-T (15 phiến L=38.2m):G5b,2.86,0.247,11.7
C408,18,Gờ lan can BTCT:G2,2.578,0.247,11.7
C408,18,Bản mặt cầu (Deck Slab):S4,2.1,0.247,11.7
C409,18,Dầm chủ Super-T (15 phiến L=38.2m):G5d,3.9,0.247,11.7
C409,18,Dầm chủ Super-T (15 phiến L=38.2m):G5b,2.86,0.247,11.7
C409,18,Gờ lan can BTCT:G2,2.578,0.247,11.7
C409,18,Bản mặt cầu (Deck Slab):S4,2.1,0.247,11.7
C410,18,Dầm chủ Super-T (15 phiến L=38.2m):G5d,3.9,0.247,11.7
C410,18,Dầm chủ Super-T (15 phiến L=38.2m):G5b,2.86,0.247,11.7
C410,18,Gờ lan can BTCT:G2,2.578,0.247,11.7
C410,18,Bản mặt cầu (Deck Slab):S4,2.1,0.247,11.7
C411,18,Dầm chủ Super-T (15 phiến L=38.2m):G5d,3.9,0.247,11.7
C411,18,Dầm chủ Super-T (15 phiến L=38.2m):G5b,2.86,0.247,11.7
C411,18,Gờ lan can BTCT:G2,2.578,0.247,11.7
C411,18,Bản mặt cầu (Deck Slab):S4,2.1,0.247,11.7
C412,18,Dầm chủ Super-T (15 phiến L=38.2m):G5d,3.9,0.247,11.7
C412,18,Dầm chủ Super-T (15 phiến L=38.2m):G5b,2.86,0.247,11.7
C412,18,Gờ lan can BTCT:G2,2.578,0.247,11.7
C412,18,Bản mặt cầu (Deck Slab):S4,2.1,0.247,11.7
C413,18,Dầm chủ Super-T (15 phiến L=38.2m):G5d,3.9,0.247,11.7
C413,18,Dầm chủ Super-T (15 phiến L=38.2m):G5b,2.86,0.247,11.7
C413,18,Gờ lan can BTCT:G2,2.578,0.247,11.7
C413,18,Bản mặt cầu (Deck Slab):S4,2.1,0.247,11.7
C414,18,Dầm chủ Super-T (15 phiến L=38.2m):G5d,3.9,0.247,11.7
C414,18,Dầm chủ Super-T (15 phiến L=38.2m):G5b,2.86,0.247,11.7
C414,18,Gờ lan can BTCT:G2,2.578,0.247,11.7
C414,18,Bản mặt cầu (Deck Slab):S4,2.1,0.247,11.7
C415,18,Dầm chủ Super-T (15 phiến L=38.2m):G5d,3.9,0.247,11.7
C415,18,Dầm chủ Super-T (15 phiến L=38.2m):G5b,2.86,0.247,11.7
C415,18,Gờ lan can BTCT:G2,2.578,0.247,11.7
C415,18,Bản mặt cầu (Deck Slab):S4,2.1,0.247,11.7
C416,18,Dầm chủ Super-T (15 phiến L=38.2m):G5d,3.9,0.247,11.7
C416,18,Dầm chủ Super-T (15 phiến L=38.2m):G5b,2.86,0.247,11.7
C416,18,Gờ lan can BTCT:G2,2.578,0.247,11.7
C416,18,Bản mặt cầu (Deck Slab):S4,2.1,0.247,11.7
C417,18,Dầm chủ Super-T (15 phiến L=38.2m):G5d,3.9,0.247,11.7
C417,18,Dầm chủ Super-T (15 phiến L=38.2m):G5b,2.86,0.247,11.7
C417,18,Gờ lan can BTCT:G2,2.578,0.247,11.7
C417,18,Bản mặt cầu (Deck Slab):S4,2.1,0.247,11.7
C418,18,Dầm chủ Super-T (15 phiến L=38.2m):G5d,3.9,0.247,11.7
C418,18,Dầm chủ Super-T (15 phiến L=38.2m):G5b,2.86,0.247,11.7
C418,18,Gờ lan can BTCT:G2,2.578,0.247,11.7
C418,18,Bản mặt cầu (Deck Slab):S4,2.1,0.247,11.7
C419,18,Dầm chủ Super-T (15 phiến L=38.2m):G5d,3.9,0.247,11.7
C419,18,Dầm chủ Super-T (15 phiến L=38.2m):G5b,2.86,0.247,11.7
C419,18,Gờ lan can BTCT:G2,2.578,0.247,11.7
C419,18,Bản mặt cầu (Deck Slab):S4,2.1,0.247,11.7
C420,18,Dầm chủ Super-T (15 phiến L=38.2m):G5d,3.9,0.247,11.7
C420,18,Dầm chủ Super-T (15 phiến L=38.2m):G5b,2.86,0.247,11.7
C420,18,Gờ lan can BTCT:G2,2.578,0.247,11.7
C420,18,Bản mặt cầu (Deck Slab):S4,2.1,0.247,11.7
C421,18,Dầm chủ Super-T (15 phiến L=38.2m):G5d,3.9,0.247,11.7
C421,18,Dầm chủ Super-T (15 phiến L=38.2m):G5b,2.86,0.247,11.7
C421,18,Gờ lan can BTCT:G2,2.578,0.247,11.7
C421,18,Bản mặt cầu (Deck Slab):S4,2.1,0.247,11.7
C422,18,Dầm chủ Super-T (15 phiến L=38.2m):G5d,3.9,0.247,11.7
C422,18,Dầm chủ Super-T (15 phiến L=38.2m):G5b,2.86,0.247,11.7
C422,18,Gờ lan can BTCT:G2,2.578,0.247,11.7
C422,18,Bản mặt cầu (Deck Slab):S4,2.1,0.247,11.7
C423,18,Dầm chủ Super-T (15 phiến L=38.2m):G5d,3.9,0.247,11.7
C423,18,Dầm chủ Super-T (15 phiến L=38.2m):G5b,2.86,0.247,11.7
C423,18,Gờ lan can BTCT:G2,2.578,0.247,11.7
C423,18,Bản mặt cầu (Deck Slab):S4,2.1,0.247,11.7
C424,18,Dầm chủ Super-T (15 phiến L=38.2m):G5d,3.9,0.247,11.7
C424,18,Dầm chủ Super-T (15 phiến L=38.2m):G5b,2.86,0.247,11.7
C424,18,Gờ lan can BTCT:G2,2.578,0.247,11.7
C424,18,Bản mặt cầu (Deck Slab):S4,2.1,0.247,11.7
C425,18,Dầm chủ Super-T (15 phiến L=38.2m):G5d,3.9,0.247,11.7
C425,18,Dầm chủ Super-T (15 phiến L=38.2m):G5b,2.86,0.247,11.7
C425,18,Gờ lan can BTCT:G2,2.578,0.247,11.7
C425,18,Bản mặt cầu (Deck Slab):S4,2.1,0.247,11.7
C426,18,Dầm chủ Super-T (15 phiến L=38.2m):G5d,3.9,0.247,11.7
C426,18,Dầm chủ Super-T (15 phiến L=38.2m):G5b,2.86,0.247,11.7
C426,18,Gờ lan can BTCT:G2,2.578,0.247,11.7
C426,18,Bản mặt cầu (Deck Slab):S4,2.1,0.247,11.7
C427,18,Dầm chủ Super-T (15 phiến L=38.2m):G5d,3.9,0.247,11.7
C427,18,Dầm chủ Super-T (15 phiến L=38.2m):G5b,2.86,0.247,11.7
C427,18,Gờ lan can BTCT:G2,2.578,0.247,11.7
C427,18,Bản mặt cầu (Deck Slab):S4,2.1,0.247,11.7
C428,18,Dầm chủ Super-T (15 phiến L=38.2m):G5d,3.9,0.247,11.7
C428,18,Dầm chủ Super-T (15 phiến L=38.2m):G5b,2.86,0.247,11.7
C428,18,Gờ lan can BTCT:G2,2.578,0.247,11.7
C428,18,Bản mặt cầu (Deck Slab):S4,2.1,0.247,11.7
C429,18,Dầm chủ Super-T (15 phiến L=38.2m):G5d,3.9,0.247,11.7
C429,18,Dầm chủ Super-T (15 phiến L=38.2m):G5b,2.86,0.247,11.7
C429,18,Gờ lan can BTCT:G2,2.578,0.247,11.7
C429,18,Bản mặt cầu (Deck Slab):S4,2.1,0.247,11.7
C430,18,Dầm chủ Super-T (15 phiến L=38.2m):G5d,3.9,0.247,11.7
C430,18,Dầm chủ Super-T (15 phiến L=38.2m):G5b,2.86,0.247,11.7
C430,18,Gờ lan can BTCT:G2,2.578,0.247,11.7
C430,18,Bản mặt cầu (Deck Slab):S4,2.1,0.247,11.7
C431,18,Dầm chủ Super-T (15 phiến L=38.2m):G5d,3.9,0.247,11.7
C431,18,Dầm chủ Super-T (15 phiến L=38.2m):G5b,2.86,0.247,11.7
C431,18,Gờ lan can BTCT:G2,2.578,0.247,11.7
C431,18,Bản mặt cầu (Deck Slab):S4,2.1,0.247,11.7
C432,18,Dầm chủ Super-T (15 phiến L=38.2m):G5d,3.9,0.247,11.7
C432,18,Dầm chủ Super-T (15 phiến L=38.2m):G5b,2.86,0.247,11.7
C432,18,Gờ lan can BTCT:G2,2.578,0.247,11.7
C432,18,Bản mặt cầu (Deck Slab):S4,2.1,0.247,11.7
C433,18,Dầm chủ Super-T (15 phiến L=38.2m):G5d,3.9,0.247,11.7
C433,18,Dầm chủ Super-T (15 phiến L=38.2m):G5b,2.86,0.247,11.7
C433,18,Gờ lan can BTCT:G2,2.578,0.247,11.7
C433,18,Bản mặt cầu (Deck Slab):S4,2.1,0.247,11.7
C434,18,Dầm chủ Super-T (15 phiến L=38.2m):G5d,3.9,0.247,11.7
C434,18,Dầm chủ Super-T (15 phiến L=38.2m):G5b,2.86,0.247,11.7
C434,18,Gờ lan can BTCT:G2,2.578,0.247,11.7
C434,18,Bản mặt cầu (Deck Slab):S4,2.1,0.247,11.7
C435,18,Dầm chủ Super-T (15 phiến L=38.2m):G5d,3.9,0.247,11.7
C435,18,Dầm chủ Super-T (15 phiến L=38.2m):G5b,2.86,0.247,11.7
C435,18,Gờ lan can BTCT:G2,2.578,0.247,11.7
C435,18,Bản mặt cầu (Deck Slab):S4,2.1,0.247,11.7
C436,18,Dầm chủ Super-T (15 phiến L=38.2m):G5d,3.9,0.247,11.7
C436,18,Dầm chủ Super-T (15 phiến L=38.2m):G5b,2.86,0.247,11.7
C436,18,Gờ lan can BTCT:G2,2.578,0.247,11.7
C436,18,Bản mặt cầu (Deck Slab):S4,2.1,0.247,11.7
C437,18,Dầm chủ Super-T (15 phiến L=38.2m):G5d,3.9,0.247,11.7
C437,18,Dầm chủ Super-T (15 phiến L=38.2m):G5b,2.86,0.247,11.7
C437,18,Gờ lan can BTCT:G2,2.578,0.247,11.7
C437,18,Bản mặt cầu (Deck Slab):S4,2.1,0.247,11.7
C438,18,Dầm chủ Super-T (15 phiến L=38.2m):G5d,3.9,0.247,11.7
C438,18,Dầm chủ Super-T (15 phiến L=38.2m):G5b,2.86,0.247,11.7
C438,18,Gờ lan can BTCT:G2,2.578,0.247,11.7
C438,18,Bản mặt cầu (Deck Slab):S4,2.1,0.247,11.7
C439,18,Dầm chủ Super-T (15 phiến L=38.2m):G5d,3.9,0.247,11.7
C439,18,Dầm chủ Super-T (15 phiến L=38.2m):G5b,2.86,0.247,11.7
C439,18,Gờ lan can BTCT:G2,2.578,0.247,11.7
C439,18,Bản mặt cầu (Deck Slab):S4,2.1,0.247,11.7
C440,18,Dầm chủ Super-T (15 phiến L=38.2m):G5d,3.9,0.247,11.7
C440,18,Dầm chủ Super-T (15 phiến L=38.2m):G5b,2.86,0.247,11.7
C440,18,Gờ lan can BTCT:G2,2.578,0.247,11.7
C440,18,Bản mặt cầu (Deck Slab):S4,2.1,0.247,11.7
C441,18,Mố M2:F3,6.336,0.394,11.7
C441,18,Dầm chủ Super-T (15 phiến L=38.2m):G5b,2.86,0.394,11.7
C441,18,Bản mặt cầu (Deck Slab):S4,2.1,0.394,11.7
C442,18,Mố M2:F3,6.336,0.394,11.7
C442,18,Dầm chủ Super-T (15 phiến L=38.2m):G5b,2.86,0.394,11.7
C442,18,Bản mặt cầu (Deck Slab):S4,2.1,0.394,11.7
C443,18,Mố M2:F3,6.336,0.394,11.7
C443,18,Dầm chủ Super-T (15 phiến L=38.2m):G5b,2.86,0.394,11.7
C443,18,Bản mặt cầu (Deck Slab):S4,2.1,0.394,11.7
C444,18,Mố M2:F3,6.336,0.394,11.7
C444,18,Dầm chủ Super-T (15 phiến L=38.2m):G5b,2.86,0.394,11.7
C444,18,Bản mặt cầu (Deck Slab):S4,2.1,0.394,11.7
C445,18,Mố M2:F3,6.336,0.394,11.7
C445,18,Dầm chủ Super-T (15 phiến L=38.2m):G5b,2.86,0.394,11.7
C445,18,Bản mặt cầu (Deck Slab):S4,2.1,0.394,11.7
C446,18,Mố M2:F3,6.336,0.394,11.7
C446,18,Dầm chủ Super-T (15 phiến L=38.2m):G5b,2.86,0.394,11.7
C446,18,Bản mặt cầu (Deck Slab):S4,2.1,0.394,11.7
C447,18,Mố M2:F3,6.336,0.394,11.7
C447,18,Dầm chủ Super-T (15 phiến L=38.2m):G5b,2.86,0.394,11.7
C447,18,Bản mặt cầu (Deck Slab):S4,2.1,0.394,11.7
C448,18,Mố M2:F3,6.336,0.394,11.7
C448,18,Dầm chủ Super-T (15 phiến L=38.2m):G5b,2.86,0.394,11.7
C448,18,Bản mặt cầu (Deck Slab):S4,2.1,0.394,11.7
C449,18,"Trụ T1, T2 (Bệ móng):B2",11.286,0.414,11.7
C450,18,"Trụ T1, T2 (Bệ móng):B2",11.286,0.414,11.7
C451,18,"Trụ T1, T2 (Bệ móng):B2",11.286,0.414,11.7
C452,18,"Trụ T1, T2 (Bệ móng):B2",11.286,0.414,11.7
C453,18,"Trụ T1, T2 (Bệ móng):B2",11.286,0.414,11.7
C454,18,"Trụ T1, T2 (Bệ móng):B2",11.286,0.414,11.7
C455,18,"Trụ T1, T2 (Bệ móng):B2",11.286,0.414,11.7
C456,18,"Trụ T1, T2 (Bệ móng):B2",11.286,0.414,11.7
C457,18,"Trụ T1, T2 (Bệ móng):B2",11.286,0.414,11.7
C458,18,"Trụ T1, T2 (Bệ móng):B2",11.286,0.414,11.7
C459,18,"Trụ T1, T2 (Bệ móng):B2",11.286,0.414,11.7
C460,18,"Trụ T1, T2 (Bệ móng):B2",11.286,0.414,11.7
C461,18,"Trụ T1, T2 (Bệ móng):B2",11.286,0.414,11.7
C462,18,"Trụ T1, T2 (Bệ móng):B2",11.286,0.414,11.7
C463,18,"Trụ T1, T2 (Bệ móng):B2",11.286,0.414,11.7
C464,18,"Trụ T1, T2 (Bệ móng):B2",11.286,0.414,11.7
C465,18,"Trụ T1, T2 (Bệ móng):B2",11.286,0.414,11.7
C466,18,"Trụ T1, T2 (Bệ móng):B2",11.286,0.414,11.7
C467,18,"Trụ T1, T2 (Bệ móng):B2",11.286,0.414,11.7
C468,18,"Trụ T1, T2 (Bệ móng):B2",11.286,0.414,11.7
C469,18,"Trụ T1, T2 (Bệ móng):B2",11.286,0.414,11.7
C470,18,"Trụ T1, T2 (Bệ móng):B2",11.286,0.414,11.7
C471,18,"Trụ T1, T2 (Bệ móng):B2",11.286,0.414,11.7
C472,18,"Trụ T1, T2 (Bệ móng):B2",11.286,0.414,11.7
C473,18,"Trụ T1, T2 (Bệ móng):B2",11.286,0.414,11.7
C474,18,"Trụ T1, T2 (Bệ móng):B2",11.286,0.414,11.7
C475,18,"Trụ T1, T2 (Bệ móng):B2",11.286,0.414,11.7
C476,18,"Trụ T1, T2 (Bệ móng):B2",11.286,0.414,11.7
C477,18,"Trụ T1, T2 (Bệ móng):B2",11.286,0.414,11.7
C478,18,"Trụ T1, T2 (Bệ móng):B2",11.286,0.414,11.7
C479,18,"Trụ T1, T2 (Bệ móng):B2",11.286,0.414,11.7
C480,18,"Trụ T1, T2 (Bệ móng):B2",11.286,0.414,11.7
C481,18,"Trụ T1, T2 (Bệ móng):B2",11.286,0.414,11.7
C482,18,"Trụ T1, T2 (Bệ móng):B2",11.286,0.414,11.7
C483,18,"Trụ T1, T2 (Bệ móng):B2",11.286,0.414,11.7
C484,18,"Trụ T1, T2 (Bệ móng):B2",11.286,0.414,11.7
C485,18,"Trụ T1, T2 (Bệ móng):B2",11.286,0.414,11.7
C486,18,"Trụ T1, T2 (Bệ móng):B2",11.286,0.414,11.7
C487,18,"Trụ T1, T2 (Bệ móng):B2",11.286,0.414,11.7
C488,18,"Trụ T1, T2 (Bệ móng):B2",11.286,0.414,11.7
C489,18,"Trụ T1, T2 (Bệ móng):B2",11.286,0.414,11.7
C490,18,"Trụ T1, T2 (Bệ móng):B2",11.286,0.414,11.7
C491,18,"Trụ T1, T2 (Bệ móng):B2",11.286,0.414,11.7
C492,18,"Trụ T1, T2 (Bệ móng):B2",11.286,0.414,11.7
C493,18,"Trụ T1, T2 (Bệ móng):B2",11.286,0.414,11.7
C494,18,"Trụ T1, T2 (Bệ móng):B2",11.286,0.414,11.7
C495,18,"Trụ T1, T2 (Bệ móng):B2",11.286,0.414,11.7
C496,18,"Trụ T1, T2 (Bệ móng):B2",11.286,0.414,11.7
C497,18,"Trụ T1, T2 (Bệ móng):B2",11.286,0.414,11.7
C498,18,"Trụ T1, T2 (Bệ móng):B2",11.286,0.414,11.7
C499,18,"Trụ T1, T2 (Bệ móng):B2",11.286,0.414,11.7
C500,18,"Trụ T1, T2 (Bệ móng):B2",11.286,0.414,11.7
C501,18,"Trụ T1, T2 (Bệ móng):B2",11.286,0.414,11.7
C502,18,"Trụ T1, T2 (Bệ móng):B2",11.286,0.414,11.7
C503,18,"Trụ T1, T2 (Bệ móng):B2",11.286,0.414,11.7
C504,18,"Trụ T1, T2 (Bệ móng):B2",11.286,0.414,11.7
C505,18,"Trụ T1, T2 (Bệ móng):B2",11.286,0.414,11.7
C506,18,"Trụ T1, T2 (Bệ móng):B2",11.286,0.414,11.7
C507,18,"Trụ T1, T2 (Bệ móng):B2",11.286,0.414,11.7
C508,18,"Trụ T1, T2 (Bệ móng):B2",11.286,0.414,11.7
C509,18,"Trụ T1, T2 (Bệ móng):B2",11.286,0.414,11.7
C510,18,"Trụ T1, T2 (Bệ móng):B2",11.286,0.414,11.7
C511,18,"Trụ T1, T2 (Bệ móng):B2",11.286,0.414,11.7
C512,18,"Trụ T1, T2 (Bệ móng):B2",11.286,0.414,11.7
C513,18,"Trụ T1, T2 (Bệ móng):B2",11.286,0.414,11.7
C514,18,"Trụ T1, T2 (Bệ móng):B2",11.286,0.414,11.7
C515,18,Dầm chủ Super-T (15 phiến L=38.2m):G5b,2.86,0.42,11.7
C515,18,Bản mặt cầu (Deck Slab):S4,2.1,0.42,11.7
C515,18,Bản mặt cầu (Deck Slab):S4,2.1,0.42,11.7
C515,18,Bản mặt cầu (Deck Slab):S4,2.1,0.42,11.7
C515,18,Bản mặt cầu (Deck Slab):S4,2.1,0.42,11.7
C516,18,Dầm chủ Super-T (15 phiến L=38.2m):G5b,2.86,0.42,11.7
C516,18,Bản mặt cầu (Deck Slab):S4,2.1,0.42,11.7
C516,18,Bản mặt cầu (Deck Slab):S4,2.1,0.42,11.7
C516,18,Bản mặt cầu (Deck Slab):S4,2.1,0.42,11.7
C516,18,Bản mặt cầu (Deck Slab):S4,2.1,0.42,11.7
C517,18,Dầm chủ Super-T (15 phiến L=38.2m):G5b,2.86,0.42,11.7
C517,18,Bản mặt cầu (Deck Slab):S4,2.1,0.42,11.7
C517,18,Bản mặt cầu (Deck Slab):S4,2.1,0.42,11.7
C517,18,Bản mặt cầu (Deck Slab):S4,2.1,0.42,11.7
C517,18,Bản mặt cầu (Deck Slab):S4,2.1,0.42,11.7
C518,18,Dầm chủ Super-T (15 phiến L=38.2m):G5b,2.86,0.42,11.7
C518,18,Bản mặt cầu (Deck Slab):S4,2.1,0.42,11.7
C518,18,Bản mặt cầu (Deck Slab):S4,2.1,0.42,11.7
C518,18,Bản mặt cầu (Deck Slab):S4,2.1,0.42,11.7
C518,18,Bản mặt cầu (Deck Slab):S4,2.1,0.42,11.7
C519,18,Dầm chủ Super-T (15 phiến L=38.2m):G5b,2.86,0.42,11.7
C519,18,Bản mặt cầu (Deck Slab):S4,2.1,0.42,11.7
C519,18,Bản mặt cầu (Deck Slab):S4,2.1,0.42,11.7
C519,18,Bản mặt cầu (Deck Slab):S4,2.1,0.42,11.7
C519,18,Bản mặt cầu (Deck Slab):S4,2.1,0.42,11.7
C520,18,Dầm chủ Super-T (15 phiến L=38.2m):G5b,2.86,0.42,11.7
C520,18,Bản mặt cầu (Deck Slab):S4,2.1,0.42,11.7
C520,18,Bản mặt cầu (Deck Slab):S4,2.1,0.42,11.7
C520,18,Bản mặt cầu (Deck Slab):S4,2.1,0.42,11.7
C520,18,Bản mặt cầu (Deck Slab):S4,2.1,0.42,11.7
C521,18,Dầm chủ Super-T (15 phiến L=38.2m):G5b,2.86,0.42,11.7
C521,18,Bản mặt cầu (Deck Slab):S4,2.1,0.42,11.7
C521,18,Bản mặt cầu (Deck Slab):S4,2.1,0.42,11.7
C521,18,Bản mặt cầu (Deck Slab):S4,2.1,0.42,11.7
C521,18,Bản mặt cầu (Deck Slab):S4,2.1,0.42,11.7
C522,18,Dầm chủ Super-T (15 phiến L=38.2m):G5b,2.86,0.42,11.7
C522,18,Bản mặt cầu (Deck Slab):S4,2.1,0.42,11.7
C522,18,Bản mặt cầu (Deck Slab):S4,2.1,0.42,11.7
C522,18,Bản mặt cầu (Deck Slab):S4,2.1,0.42,11.7
C522,18,Bản mặt cầu (Deck Slab):S4,2.1,0.42,11.7
C523,18,Dầm chủ Super-T (15 phiến L=38.2m):G5b,2.86,0.42,11.7
C523,18,Bản mặt cầu (Deck Slab):S4,2.1,0.42,11.7
C523,18,Bản mặt cầu (Deck Slab):S4,2.1,0.42,11.7
C523,18,Bản mặt cầu (Deck Slab):S4,2.1,0.42,11.7
C523,18,Bản mặt cầu (Deck Slab):S4,2.1,0.42,11.7
C524,18,Dầm chủ Super-T (15 phiến L=38.2m):G5b,2.86,0.42,11.7
C524,18,Bản mặt cầu (Deck Slab):S4,2.1,0.42,11.7
C524,18,Bản mặt cầu (Deck Slab):S4,2.1,0.42,11.7
C524,18,Bản mặt cầu (Deck Slab):S4,2.1,0.42,11.7
C524,18,Bản mặt cầu (Deck Slab):S4,2.1,0.42,11.7
C525,18,Dầm chủ Super-T (15 phiến L=38.2m):G5b,2.86,0.42,11.7
C525,18,Bản mặt cầu (Deck Slab):S4,2.1,0.42,11.7
C525,18,Bản mặt cầu (Deck Slab):S4,2.1,0.42,11.7
C525,18,Bản mặt cầu (Deck Slab):S4,2.1,0.42,11.7
C525,18,Bản mặt cầu (Deck Slab):S4,2.1,0.42,11.7
C526,18,Dầm chủ Super-T (15 phiến L=38.2m):G5b,2.86,0.42,11.7
C526,18,Bản mặt cầu (Deck Slab):S4,2.1,0.42,11.7
C526,18,Bản mặt cầu (Deck Slab):S4,2.1,0.42,11.7
C526,18,Bản mặt cầu (Deck Slab):S4,2.1,0.42,11.7
C526,18,Bản mặt cầu (Deck Slab):S4,2.1,0.42,11.7
C527,18,Dầm chủ Super-T (15 phiến L=38.2m):G5b,2.86,0.42,11.7
C527,18,Bản mặt cầu (Deck Slab):S4,2.1,0.42,11.7
C527,18,Bản mặt cầu (Deck Slab):S4,2.1,0.42,11.7
C527,18,Bản mặt cầu (Deck Slab):S4,2.1,0.42,11.7
C527,18,Bản mặt cầu (Deck Slab):S4,2.1,0.42,11.7
C528,18,Dầm chủ Super-T (15 phiến L=38.2m):G5b,2.86,0.42,11.7
C528,18,Bản mặt cầu (Deck Slab):S4,2.1,0.42,11.7
C528,18,Bản mặt cầu (Deck Slab):S4,2.1,0.42,11.7
C528,18,Bản mặt cầu (Deck Slab):S4,2.1,0.42,11.7
C528,18,Bản mặt cầu (Deck Slab):S4,2.1,0.42,11.7
C529,18,Dầm chủ Super-T (15 phiến L=38.2m):G5b,2.86,0.42,11.7
C529,18,Bản mặt cầu (Deck Slab):S4,2.1,0.42,11.7
C529,18,Bản mặt cầu (Deck Slab):S4,2.1,0.42,11.7
C529,18,Bản mặt cầu (Deck Slab):S4,2.1,0.42,11.7
C529,18,Bản mặt cầu (Deck Slab):S4,2.1,0.42,11.7
C530,18,Dầm chủ Super-T (15 phiến L=38.2m):G5b,2.86,0.42,11.7
C530,18,Bản mặt cầu (Deck Slab):S4,2.1,0.42,11.7
C530,18,Bản mặt cầu (Deck Slab):S4,2.1,0.42,11.7
C530,18,Bản mặt cầu (Deck Slab):S4,2.1,0.42,11.7
C530,18,Bản mặt cầu (Deck Slab):S4,2.1,0.42,11.7
C531,18,Dầm chủ Super-T (15 phiến L=38.2m):G5b,2.86,0.42,11.7
C531,18,Bản mặt cầu (Deck Slab):S4,2.1,0.42,11.7
C531,18,Bản mặt cầu (Deck Slab):S4,2.1,0.42,11.7
C531,18,Bản mặt cầu (Deck Slab):S4,2.1,0.42,11.7
C531,18,Bản mặt cầu (Deck Slab):S4,2.1,0.42,11.7
C532,18,Dầm chủ Super-T (15 phiến L=38.2m):G5b,2.86,0.42,11.7
C532,18,Bản mặt cầu (Deck Slab):S4,2.1,0.42,11.7
C532,18,Bản mặt cầu (Deck Slab):S4,2.1,0.42,11.7
C532,18,Bản mặt cầu (Deck Slab):S4,2.1,0.42,11.7
C532,18,Bản mặt cầu (Deck Slab):S4,2.1,0.42,11.7
C533,18,Dầm chủ Super-T (15 phiến L=38.2m):G5b,2.86,0.42,11.7
C533,18,Bản mặt cầu (Deck Slab):S4,2.1,0.42,11.7
C533,18,Bản mặt cầu (Deck Slab):S4,2.1,0.42,11.7
C533,18,Bản mặt cầu (Deck Slab):S4,2.1,0.42,11.7
C533,18,Bản mặt cầu (Deck Slab):S4,2.1,0.42,11.7
C534,18,Dầm chủ Super-T (15 phiến L=38.2m):G5b,2.86,0.42,11.7
C534,18,Bản mặt cầu (Deck Slab):S4,2.1,0.42,11.7
C534,18,Bản mặt cầu (Deck Slab):S4,2.1,0.42,11.7
C534,18,Bản mặt cầu (Deck Slab):S4,2.1,0.42,11.7
C534,18,Bản mặt cầu (Deck Slab):S4,2.1,0.42,11.7
C535,18,Dầm chủ Super-T (15 phiến L=38.2m):G5b,2.86,0.42,11.7
C535,18,Bản mặt cầu (Deck Slab):S4,2.1,0.42,11.7
C535,18,Bản mặt cầu (Deck Slab):S4,2.1,0.42,11.7
C535,18,Bản mặt cầu (Deck Slab):S4,2.1,0.42,11.7
C535,18,Bản mặt cầu (Deck Slab):S4,2.1,0.42,11.7
C536,18,Dầm chủ Super-T (15 phiến L=38.2m):G5b,2.86,0.42,11.7
C536,18,Bản mặt cầu (Deck Slab):S4,2.1,0.42,11.7
C536,18,Bản mặt cầu (Deck Slab):S4,2.1,0.42,11.7
C536,18,Bản mặt cầu (Deck Slab):S4,2.1,0.42,11.7
C536,18,Bản mặt cầu (Deck Slab):S4,2.1,0.42,11.7
C537,18,Dầm chủ Super-T (15 phiến L=38.2m):G5b,2.86,0.42,11.7
C537,18,Bản mặt cầu (Deck Slab):S4,2.1,0.42,11.7
C537,18,Bản mặt cầu (Deck Slab):S4,2.1,0.42,11.7
C537,18,Bản mặt cầu (Deck Slab):S4,2.1,0.42,11.7
C537,18,Bản mặt cầu (Deck Slab):S4,2.1,0.42,11.7
C538,18,Dầm chủ Super-T (15 phiến L=38.2m):G5b,2.86,0.42,11.7
C538,18,Bản mặt cầu (Deck Slab):S4,2.1,0.42,11.7
C538,18,Bản mặt cầu (Deck Slab):S4,2.1,0.42,11.7
C538,18,Bản mặt cầu (Deck Slab):S4,2.1,0.42,11.7
C538,18,Bản mặt cầu (Deck Slab):S4,2.1,0.42,11.7
C539,18,Dầm chủ Super-T (15 phiến L=38.2m):G5b,2.86,0.42,11.7
C539,18,Bản mặt cầu (Deck Slab):S4,2.1,0.42,11.7
C539,18,Bản mặt cầu (Deck Slab):S4,2.1,0.42,11.7
C539,18,Bản mặt cầu (Deck Slab):S4,2.1,0.42,11.7
C539,18,Bản mặt cầu (Deck Slab):S4,2.1,0.42,11.7
C540,18,Dầm chủ Super-T (15 phiến L=38.2m):G5b,2.86,0.42,11.7
C540,18,Bản mặt cầu (Deck Slab):S4,2.1,0.42,11.7
C540,18,Bản mặt cầu (Deck Slab):S4,2.1,0.42,11.7
C540,18,Bản mặt cầu (Deck Slab):S4,2.1,0.42,11.7
C540,18,Bản mặt cầu (Deck Slab):S4,2.1,0.42,11.7
C541,18,Dầm chủ Super-T (15 phiến L=38.2m):G5b,2.86,0.42,11.7
C541,18,Bản mặt cầu (Deck Slab):S4,2.1,0.42,11.7
C541,18,Bản mặt cầu (Deck Slab):S4,2.1,0.42,11.7
C541,18,Bản mặt cầu (Deck Slab):S4,2.1,0.42,11.7
C541,18,Bản mặt cầu (Deck Slab):S4,2.1,0.42,11.7
C542,18,Dầm chủ Super-T (15 phiến L=38.2m):G5b,2.86,0.42,11.7
C542,18,Bản mặt cầu (Deck Slab):S4,2.1,0.42,11.7
C542,18,Bản mặt cầu (Deck Slab):S4,2.1,0.42,11.7
C542,18,Bản mặt cầu (Deck Slab):S4,2.1,0.42,11.7
C542,18,Bản mặt cầu (Deck Slab):S4,2.1,0.42,11.7
C543,18,Dầm chủ Super-T (15 phiến L=38.2m):G5b,2.86,0.42,11.7
C543,18,Bản mặt cầu (Deck Slab):S4,2.1,0.42,11.7
C543,18,Bản mặt cầu (Deck Slab):S4,2.1,0.42,11.7
C543,18,Bản mặt cầu (Deck Slab):S4,2.1,0.42,11.7
C543,18,Bản mặt cầu (Deck Slab):S4,2.1,0.42,11.7
C544,18,Dầm chủ Super-T (15 phiến L=38.2m):G5b,2.86,0.42,11.7
C544,18,Bản mặt cầu (Deck Slab):S4,2.1,0.42,11.7
C544,18,Bản mặt cầu (Deck Slab):S4,2.1,0.42,11.7
C544,18,Bản mặt cầu (Deck Slab):S4,2.1,0.42,11.7
C544,18,Bản mặt cầu (Deck Slab):S4,2.1,0.42,11.7
C545,18,Dầm chủ Super-T (15 phiến L=38.2m):G5b,2.86,0.42,11.7
C545,18,Bản mặt cầu (Deck Slab):S4,2.1,0.42,11.7
C545,18,Bản mặt cầu (Deck Slab):S4,2.1,0.42,11.7
C545,18,Bản mặt cầu (Deck Slab):S4,2.1,0.42,11.7
C545,18,Bản mặt cầu (Deck Slab):S4,2.1,0.42,11.7
C546,18,Dầm chủ Super-T (15 phiến L=38.2m):G5b,2.86,0.42,11.7
C546,18,Bản mặt cầu (Deck Slab):S4,2.1,0.42,11.7
C546,18,Bản mặt cầu (Deck Slab):S4,2.1,0.42,11.7
C546,18,Bản mặt cầu (Deck Slab):S4,2.1,0.42,11.7
C546,18,Bản mặt cầu (Deck Slab):S4,2.1,0.42,11.7
C547,18,Dầm chủ Super-T (15 phiến L=38.2m):G5b,2.86,0.42,11.7
C547,18,Bản mặt cầu (Deck Slab):S4,2.1,0.42,11.7
C547,18,Bản mặt cầu (Deck Slab):S4,2.1,0.42,11.7
C547,18,Bản mặt cầu (Deck Slab):S4,2.1,0.42,11.7
C547,18,Bản mặt cầu (Deck Slab):S4,2.1,0.42,11.7
C548,18,Dầm chủ Super-T (15 phiến L=38.2m):G5b,2.86,0.42,11.7
C548,18,Bản mặt cầu (Deck Slab):S4,2.1,0.42,11.7
C548,18,Bản mặt cầu (Deck Slab):S4,2.1,0.42,11.7
C548,18,Bản mặt cầu (Deck Slab):S4,2.1,0.42,11.7
C548,18,Bản mặt cầu (Deck Slab):S4,2.1,0.42,11.7
C549,18,Dầm chủ Super-T (15 phiến L=38.2m):G5b,2.86,0.42,11.7
C549,18,Bản mặt cầu (Deck Slab):S4,2.1,0.42,11.7
C549,18,Bản mặt cầu (Deck Slab):S4,2.1,0.42,11.7
C549,18,Bản mặt cầu (Deck Slab):S4,2.1,0.42,11.7
C549,18,Bản mặt cầu (Deck Slab):S4,2.1,0.42,11.7
C550,18,Dầm chủ Super-T (15 phiến L=38.2m):G5b,2.86,0.42,11.7
C550,18,Bản mặt cầu (Deck Slab):S4,2.1,0.42,11.7
C550,18,Bản mặt cầu (Deck Slab):S4,2.1,0.42,11.7
C550,18,Bản mặt cầu (Deck Slab):S4,2.1,0.42,11.7
C550,18,Bản mặt cầu (Deck Slab):S4,2.1,0.42,11.7
C551,18,Dầm chủ Super-T (15 phiến L=38.2m):G5b,2.86,0.42,11.7
C551,18,Bản mặt cầu (Deck Slab):S4,2.1,0.42,11.7
C551,18,Bản mặt cầu (Deck Slab):S4,2.1,0.42,11.7
C551,18,Bản mặt cầu (Deck Slab):S4,2.1,0.42,11.7
C551,18,Bản mặt cầu (Deck Slab):S4,2.1,0.42,11.7
C552,18,Dầm chủ Super-T (15 phiến L=38.2m):G5b,2.86,0.42,11.7
C552,18,Bản mặt cầu (Deck Slab):S4,2.1,0.42,11.7
C552,18,Bản mặt cầu (Deck Slab):S4,2.1,0.42,11.7
C552,18,Bản mặt cầu (Deck Slab):S4,2.1,0.42,11.7
C552,18,Bản mặt cầu (Deck Slab):S4,2.1,0.42,11.7
C553,18,Dầm chủ Super-T (15 phiến L=38.2m):G5b,2.86,0.42,11.7
C553,18,Bản mặt cầu (Deck Slab):S4,2.1,0.42,11.7
C553,18,Bản mặt cầu (Deck Slab):S4,2.1,0.42,11.7
C553,18,Bản mặt cầu (Deck Slab):S4,2.1,0.42,11.7
C553,18,Bản mặt cầu (Deck Slab):S4,2.1,0.42,11.7
C554,18,Dầm chủ Super-T (15 phiến L=38.2m):G5b,2.86,0.42,11.7
C554,18,Bản mặt cầu (Deck Slab):S4,2.1,0.42,11.7
C554,18,Bản mặt cầu (Deck Slab):S4,2.1,0.42,11.7
C554,18,Bản mặt cầu (Deck Slab):S4,2.1,0.42,11.7
C554,18,Bản mặt cầu (Deck Slab):S4,2.1,0.42,11.7
C555,18,Dầm chủ Super-T (15 phiến L=38.2m):G5b,2.86,0.42,11.7
C555,18,Bản mặt cầu (Deck Slab):S4,2.1,0.42,11.7
C555,18,Bản mặt cầu (Deck Slab):S4,2.1,0.42,11.7
C555,18,Bản mặt cầu (Deck Slab):S4,2.1,0.42,11.7
C555,18,Bản mặt cầu (Deck Slab):S4,2.1,0.42,11.7
C556,18,Dầm chủ Super-T (15 phiến L=38.2m):G5b,2.86,0.42,11.7
C556,18,Bản mặt cầu (Deck Slab):S4,2.1,0.42,11.7
C556,18,Bản mặt cầu (Deck Slab):S4,2.1,0.42,11.7
C556,18,Bản mặt cầu (Deck Slab):S4,2.1,0.42,11.7
C556,18,Bản mặt cầu (Deck Slab):S4,2.1,0.42,11.7
C557,18,Dầm chủ Super-T (15 phiến L=38.2m):G5b,2.86,0.42,11.7
C557,18,Bản mặt cầu (Deck Slab):S4,2.1,0.42,11.7
C557,18,Bản mặt cầu (Deck Slab):S4,2.1,0.42,11.7
C557,18,Bản mặt cầu (Deck Slab):S4,2.1,0.42,11.7
C557,18,Bản mặt cầu (Deck Slab):S4,2.1,0.42,11.7
C558,18,Dầm chủ Super-T (15 phiến L=38.2m):G5b,2.86,0.42,11.7
C558,18,Bản mặt cầu (Deck Slab):S4,2.1,0.42,11.7
C558,18,Bản mặt cầu (Deck Slab):S4,2.1,0.42,11.7
C558,18,Bản mặt cầu (Deck Slab):S4,2.1,0.42,11.7
C558,18,Bản mặt cầu (Deck Slab):S4,2.1,0.42,11.7
C559,18,Dầm chủ Super-T (15 phiến L=38.2m):G5b,2.86,0.42,11.7
C559,18,Bản mặt cầu (Deck Slab):S4,2.1,0.42,11.7
C559,18,Bản mặt cầu (Deck Slab):S4,2.1,0.42,11.7
C559,18,Bản mặt cầu (Deck Slab):S4,2.1,0.42,11.7
C559,18,Bản mặt cầu (Deck Slab):S4,2.1,0.42,11.7
C560,18,Dầm chủ Super-T (15 phiến L=38.2m):G5b,2.86,0.42,11.7
C560,18,Bản mặt cầu (Deck Slab):S4,2.1,0.42,11.7
C560,18,Bản mặt cầu (Deck Slab):S4,2.1,0.42,11.7
C560,18,Bản mặt cầu (Deck Slab):S4,2.1,0.42,11.7
C560,18,Bản mặt cầu (Deck Slab):S4,2.1,0.42,11.7
C561,18,Dầm chủ Super-T (15 phiến L=38.2m):G5b,2.86,0.42,11.7
C561,18,Bản mặt cầu (Deck Slab):S4,2.1,0.42,11.7
C561,18,Bản mặt cầu (Deck Slab):S4,2.1,0.42,11.7
C561,18,Bản mặt cầu (Deck Slab):S4,2.1,0.42,11.7
C561,18,Bản mặt cầu (Deck Slab):S4,2.1,0.42,11.7
C562,18,Dầm chủ Super-T (15 phiến L=38.2m):G5b,2.86,0.42,11.7
C562,18,Bản mặt cầu (Deck Slab):S4,2.1,0.42,11.7
C562,18,Bản mặt cầu (Deck Slab):S4,2.1,0.42,11.7
C562,18,Bản mặt cầu (Deck Slab):S4,2.1,0.42,11.7
C562,18,Bản mặt cầu (Deck Slab):S4,2.1,0.42,11.7
C563,18,Dầm chủ Super-T (15 phiến L=38.2m):G5b,2.86,0.42,11.7
C563,18,Bản mặt cầu (Deck Slab):S4,2.1,0.42,11.7
C563,18,Bản mặt cầu (Deck Slab):S4,2.1,0.42,11.7
C563,18,Bản mặt cầu (Deck Slab):S4,2.1,0.42,11.7
C563,18,Bản mặt cầu (Deck Slab):S4,2.1,0.42,11.7
C564,18,Dầm chủ Super-T (15 phiến L=38.2m):G5b,2.86,0.42,11.7
C564,18,Bản mặt cầu (Deck Slab):S4,2.1,0.42,11.7
C564,18,Bản mặt cầu (Deck Slab):S4,2.1,0.42,11.7
C564,18,Bản mặt cầu (Deck Slab):S4,2.1,0.42,11.7
C564,18,Bản mặt cầu (Deck Slab):S4,2.1,0.42,11.7
C565,18,Dầm chủ Super-T (15 phiến L=38.2m):G5b,2.86,0.42,11.7
C565,18,Bản mặt cầu (Deck Slab):S4,2.1,0.42,11.7
C565,18,Bản mặt cầu (Deck Slab):S4,2.1,0.42,11.7
C565,18,Bản mặt cầu (Deck Slab):S4,2.1,0.42,11.7
C565,18,Bản mặt cầu (Deck Slab):S4,2.1,0.42,11.7
C566,18,Dầm chủ Super-T (15 phiến L=38.2m):G5b,2.86,0.42,11.7
C566,18,Bản mặt cầu (Deck Slab):S4,2.1,0.42,11.7
C566,18,Bản mặt cầu (Deck Slab):S4,2.1,0.42,11.7
C566,18,Bản mặt cầu (Deck Slab):S4,2.1,0.42,11.7
C566,18,Bản mặt cầu (Deck Slab):S4,2.1,0.42,11.7
C567,18,Dầm chủ Super-T (15 phiến L=38.2m):G5b,2.86,0.42,11.7
C567,18,Bản mặt cầu (Deck Slab):S4,2.1,0.42,11.7
C567,18,Bản mặt cầu (Deck Slab):S4,2.1,0.42,11.7
C567,18,Bản mặt cầu (Deck Slab):S4,2.1,0.42,11.7
C567,18,Bản mặt cầu (Deck Slab):S4,2.1,0.42,11.7
C568,18,Dầm chủ Super-T (15 phiến L=38.2m):G5b,2.86,0.42,11.7
C568,18,Bản mặt cầu (Deck Slab):S4,2.1,0.42,11.7
C568,18,Bản mặt cầu (Deck Slab):S4,2.1,0.42,11.7
C568,18,Bản mặt cầu (Deck Slab):S4,2.1,0.42,11.7
C568,18,Bản mặt cầu (Deck Slab):S4,2.1,0.42,11.7
C569,18,Dầm chủ Super-T (15 phiến L=38.2m):G5b,2.86,0.42,11.7
C569,18,Bản mặt cầu (Deck Slab):S4,2.1,0.42,11.7
C569,18,Bản mặt cầu (Deck Slab):S4,2.1,0.42,11.7
C569,18,Bản mặt cầu (Deck Slab):S4,2.1,0.42,11.7
C569,18,Bản mặt cầu (Deck Slab):S4,2.1,0.42,11.7
C570,18,Dầm chủ Super-T (15 phiến L=38.2m):G5b,2.86,0.42,11.7
C570,18,Bản mặt cầu (Deck Slab):S4,2.1,0.42,11.7
C570,18,Bản mặt cầu (Deck Slab):S4,2.1,0.42,11.7
C570,18,Bản mặt cầu (Deck Slab):S4,2.1,0.42,11.7
C570,18,Bản mặt cầu (Deck Slab):S4,2.1,0.42,11.7
C571,18,Dầm chủ Super-T (15 phiến L=38.2m):G5b,2.86,0.42,11.7
C571,18,Bản mặt cầu (Deck Slab):S4,2.1,0.42,11.7
C571,18,Bản mặt cầu (Deck Slab):S4,2.1,0.42,11.7
C571,18,Bản mặt cầu (Deck Slab):S4,2.1,0.42,11.7
C571,18,Bản mặt cầu (Deck Slab):S4,2.1,0.42,11.7
C572,18,Dầm chủ Super-T (15 phiến L=38.2m):G5b,2.86,0.42,11.7
C572,18,Bản mặt cầu (Deck Slab):S4,2.1,0.42,11.7
C572,18,Bản mặt cầu (Deck Slab):S4,2.1,0.42,11.7
C572,18,Bản mặt cầu (Deck Slab):S4,2.1,0.42,11.7
C572,18,Bản mặt cầu (Deck Slab):S4,2.1,0.42,11.7
C573,18,Dầm chủ Super-T (15 phiến L=38.2m):G5b,2.86,0.42,11.7
C573,18,Bản mặt cầu (Deck Slab):S4,2.1,0.42,11.7
C573,18,Bản mặt cầu (Deck Slab):S4,2.1,0.42,11.7
C573,18,Bản mặt cầu (Deck Slab):S4,2.1,0.42,11.7
C573,18,Bản mặt cầu (Deck Slab):S4,2.1,0.42,11.7
C574,18,Dầm chủ Super-T (15 phiến L=38.2m):G5b,2.86,0.42,11.7
C574,18,Bản mặt cầu (Deck Slab):S4,2.1,0.42,11.7
C574,18,Bản mặt cầu (Deck Slab):S4,2.1,0.42,11.7
C574,18,Bản mặt cầu (Deck Slab):S4,2.1,0.42,11.7
C574,18,Bản mặt cầu (Deck Slab):S4,2.1,0.42,11.7
C575,18,Dầm chủ Super-T (15 phiến L=38.2m):G5b,2.86,0.42,11.7
C575,18,Bản mặt cầu (Deck Slab):S4,2.1,0.42,11.7
C575,18,Bản mặt cầu (Deck Slab):S4,2.1,0.42,11.7
C575,18,Bản mặt cầu (Deck Slab):S4,2.1,0.42,11.7
C575,18,Bản mặt cầu (Deck Slab):S4,2.1,0.42,11.7
C576,18,Dầm chủ Super-T (15 phiến L=38.2m):G5b,2.86,0.42,11.7
C576,18,Bản mặt cầu (Deck Slab):S4,2.1,0.42,11.7
C576,18,Bản mặt cầu (Deck Slab):S4,2.1,0.42,11.7
C576,18,Bản mặt cầu (Deck Slab):S4,2.1,0.42,11.7
C576,18,Bản mặt cầu (Deck Slab):S4,2.1,0.42,11.7
C577,18,Dầm chủ Super-T (15 phiến L=38.2m):G5b,2.86,0.42,11.7
C577,18,Bản mặt cầu (Deck Slab):S4,2.1,0.42,11.7
C577,18,Bản mặt cầu (Deck Slab):S4,2.1,0.42,11.7
C577,18,Bản mặt cầu (Deck Slab):S4,2.1,0.42,11.7
C577,18,Bản mặt cầu (Deck Slab):S4,2.1,0.42,11.7
C578,18,Dầm chủ Super-T (15 phiến L=38.2m):G5b,2.86,0.42,11.7
C578,18,Bản mặt cầu (Deck Slab):S4,2.1,0.42,11.7
C578,18,Bản mặt cầu (Deck Slab):S4,2.1,0.42,11.7
C578,18,Bản mặt cầu (Deck Slab):S4,2.1,0.42,11.7
C578,18,Bản mặt cầu (Deck Slab):S4,2.1,0.42,11.7
C579,18,Dầm chủ Super-T (15 phiến L=38.2m):G5b,2.86,0.42,11.7
C579,18,Bản mặt cầu (Deck Slab):S4,2.1,0.42,11.7
C579,18,Bản mặt cầu (Deck Slab):S4,2.1,0.42,11.7
C579,18,Bản mặt cầu (Deck Slab):S4,2.1,0.42,11.7
C579,18,Bản mặt cầu (Deck Slab):S4,2.1,0.42,11.7
C580,18,Dầm chủ Super-T (15 phiến L=38.2m):G5b,2.86,0.42,11.7
C580,18,Bản mặt cầu (Deck Slab):S4,2.1,0.42,11.7
C580,18,Bản mặt cầu (Deck Slab):S4,2.1,0.42,11.7
C580,18,Bản mặt cầu (Deck Slab):S4,2.1,0.42,11.7
C580,18,Bản mặt cầu (Deck Slab):S4,2.1,0.42,11.7
C581,18,Dầm chủ Super-T (15 phiến L=38.2m):G5b,2.86,0.42,11.7
C581,18,Bản mặt cầu (Deck Slab):S4,2.1,0.42,11.7
C581,18,Bản mặt cầu (Deck Slab):S4,2.1,0.42,11.7
C581,18,Bản mặt cầu (Deck Slab):S4,2.1,0.42,11.7
C581,18,Bản mặt cầu (Deck Slab):S4,2.1,0.42,11.7
C582,18,Dầm chủ Super-T (15 phiến L=38.2m):G5b,2.86,0.42,11.7
C582,18,Bản mặt cầu (Deck Slab):S4,2.1,0.42,11.7
C582,18,Bản mặt cầu (Deck Slab):S4,2.1,0.42,11.7
C582,18,Bản mặt cầu (Deck Slab):S4,2.1,0.42,11.7
C582,18,Bản mặt cầu (Deck Slab):S4,2.1,0.42,11.7
C583,18,Dầm chủ Super-T (15 phiến L=38.2m):G5b,2.86,0.42,11.7
C583,18,Bản mặt cầu (Deck Slab):S4,2.1,0.42,11.7
C583,18,Bản mặt cầu (Deck Slab):S4,2.1,0.42,11.7
C583,18,Bản mặt cầu (Deck Slab):S4,2.1,0.42,11.7
C583,18,Bản mặt cầu (Deck Slab):S4,2.1,0.42,11.7
C584,18,Dầm chủ Super-T (15 phiến L=38.2m):G5b,2.86,0.42,11.7
C584,18,Bản mặt cầu (Deck Slab):S4,2.1,0.42,11.7
C584,18,Bản mặt cầu (Deck Slab):S4,2.1,0.42,11.7
C584,18,Bản mặt cầu (Deck Slab):S4,2.1,0.42,11.7
C584,18,Bản mặt cầu (Deck Slab):S4,2.1,0.42,11.7
C585,18,Dầm chủ Super-T (15 phiến L=38.2m):G5b,2.86,0.42,11.7
C585,18,Bản mặt cầu (Deck Slab):S4,2.1,0.42,11.7
C585,18,Bản mặt cầu (Deck Slab):S4,2.1,0.42,11.7
C585,18,Bản mặt cầu (Deck Slab):S4,2.1,0.42,11.7
C585,18,Bản mặt cầu (Deck Slab):S4,2.1,0.42,11.7
C586,18,Dầm chủ Super-T (15 phiến L=38.2m):G5b,2.86,0.42,11.7
C586,18,Bản mặt cầu (Deck Slab):S4,2.1,0.42,11.7
C586,18,Bản mặt cầu (Deck Slab):S4,2.1,0.42,11.7
C586,18,Bản mặt cầu (Deck Slab):S4,2.1,0.42,11.7
C586,18,Bản mặt cầu (Deck Slab):S4,2.1,0.42,11.7
C587,18,Dầm chủ Super-T (15 phiến L=38.2m):G5b,2.86,0.42,11.7
C587,18,Bản mặt cầu (Deck Slab):S4,2.1,0.42,11.7
C587,18,Bản mặt cầu (Deck Slab):S4,2.1,0.42,11.7
C587,18,Bản mặt cầu (Deck Slab):S4,2.1,0.42,11.7
C587,18,Bản mặt cầu (Deck Slab):S4,2.1,0.42,11.7
C588,18,Dầm chủ Super-T (15 phiến L=38.2m):G5b,2.86,0.42,11.7
C588,18,Bản mặt cầu (Deck Slab):S4,2.1,0.42,11.7
C588,18,Bản mặt cầu (Deck Slab):S4,2.1,0.42,11.7
C588,18,Bản mặt cầu (Deck Slab):S4,2.1,0.42,11.7
C588,18,Bản mặt cầu (Deck Slab):S4,2.1,0.42,11.7
C589,18,Dầm chủ Super-T (15 phiến L=38.2m):G5b,2.86,0.42,11.7
C589,18,Bản mặt cầu (Deck Slab):S4,2.1,0.42,11.7
C589,18,Bản mặt cầu (Deck Slab):S4,2.1,0.42,11.7
C589,18,Bản mặt cầu (Deck Slab):S4,2.1,0.42,11.7
C589,18,Bản mặt cầu (Deck Slab):S4,2.1,0.42,11.7
C590,18,Dầm chủ Super-T (15 phiến L=38.2m):G5b,2.86,0.42,11.7
C590,18,Bản mặt cầu (Deck Slab):S4,2.1,0.42,11.7
C590,18,Bản mặt cầu (Deck Slab):S4,2.1,0.42,11.7
C590,18,Bản mặt cầu (Deck Slab):S4,2.1,0.42,11.7
C590,18,Bản mặt cầu (Deck Slab):S4,2.1,0.42,11.7
C591,18,Dầm chủ Super-T (15 phiến L=38.2m):G5b,2.86,0.42,11.7
C591,18,Bản mặt cầu (Deck Slab):S4,2.1,0.42,11.7
C591,18,Bản mặt cầu (Deck Slab):S4,2.1,0.42,11.7
C591,18,Bản mặt cầu (Deck Slab):S4,2.1,0.42,11.7
C591,18,Bản mặt cầu (Deck Slab):S4,2.1,0.42,11.7
C592,18,Dầm chủ Super-T (15 phiến L=38.2m):G5b,2.86,0.42,11.7
C592,18,Bản mặt cầu (Deck Slab):S4,2.1,0.42,11.7
C592,18,Bản mặt cầu (Deck Slab):S4,2.1,0.42,11.7
C592,18,Bản mặt cầu (Deck Slab):S4,2.1,0.42,11.7
C592,18,Bản mặt cầu (Deck Slab):S4,2.1,0.42,11.7
C593,18,Dầm chủ Super-T (15 phiến L=38.2m):G5b,2.86,0.42,11.7
C593,18,Bản mặt cầu (Deck Slab):S4,2.1,0.42,11.7
C593,18,Bản mặt cầu (Deck Slab):S4,2.1,0.42,11.7
C593,18,Bản mặt cầu (Deck Slab):S4,2.1,0.42,11.7
C593,18,Bản mặt cầu (Deck Slab):S4,2.1,0.42,11.7
C594,18,Dầm chủ Super-T (15 phiến L=38.2m):G5b,2.86,0.42,11.7
C594,18,Bản mặt cầu (Deck Slab):S4,2.1,0.42,11.7
C594,18,Bản mặt cầu (Deck Slab):S4,2.1,0.42,11.7
C594,18,Bản mặt cầu (Deck Slab):S4,2.1,0.42,11.7
C594,18,Bản mặt cầu (Deck Slab):S4,2.1,0.42,11.7
C595,18,Dầm chủ Super-T (15 phiến L=38.2m):G5b,2.86,0.42,11.7
C595,18,Bản mặt cầu (Deck Slab):S4,2.1,0.42,11.7
C595,18,Bản mặt cầu (Deck Slab):S4,2.1,0.42,11.7
C595,18,Bản mặt cầu (Deck Slab):S4,2.1,0.42,11.7
C595,18,Bản mặt cầu (Deck Slab):S4,2.1,0.42,11.7
C596,18,Dầm chủ Super-T (15 phiến L=38.2m):G5b,2.86,0.42,11.7
C596,18,Bản mặt cầu (Deck Slab):S4,2.1,0.42,11.7
C596,18,Bản mặt cầu (Deck Slab):S4,2.1,0.42,11.7
C596,18,Bản mặt cầu (Deck Slab):S4,2.1,0.42,11.7
C596,18,Bản mặt cầu (Deck Slab):S4,2.1,0.42,11.7
C597,18,Dầm chủ Super-T (15 phiến L=38.2m):G5b,2.86,0.42,11.7
C597,18,Bản mặt cầu (Deck Slab):S4,2.1,0.42,11.7
C597,18,Bản mặt cầu (Deck Slab):S4,2.1,0.42,11.7
C597,18,Bản mặt cầu (Deck Slab):S4,2.1,0.42,11.7
C597,18,Bản mặt cầu (Deck Slab):S4,2.1,0.42,11.7
C598,18,Dầm chủ Super-T (15 phiến L=38.2m):G5b,2.86,0.42,11.7
C598,18,Bản mặt cầu (Deck Slab):S4,2.1,0.42,11.7
C598,18,Bản mặt cầu (Deck Slab):S4,2.1,0.42,11.7
C598,18,Bản mặt cầu (Deck Slab):S4,2.1,0.42,11.7
C598,18,Bản mặt cầu (Deck Slab):S4,2.1,0.42,11.7
C599,18,Dầm chủ Super-T (15 phiến L=38.2m):G5b,2.86,0.42,11.7
C599,18,Bản mặt cầu (Deck Slab):S4,2.1,0.42,11.7
C599,18,Bản mặt cầu (Deck Slab):S4,2.1,0.42,11.7
C599,18,Bản mặt cầu (Deck Slab):S4,2.1,0.42,11.7
C599,18,Bản mặt cầu (Deck Slab):S4,2.1,0.42,11.7
C600,18,Dầm chủ Super-T (15 phiến L=38.2m):G5b,2.86,0.42,11.7
C600,18,Bản mặt cầu (Deck Slab):S4,2.1,0.42,11.7
C600,18,Bản mặt cầu (Deck Slab):S4,2.1,0.42,11.7
C600,18,Bản mặt cầu (Deck Slab):S4,2.1,0.42,11.7
C600,18,Bản mặt cầu (Deck Slab):S4,2.1,0.42,11.7
C601,18,Dầm chủ Super-T (15 phiến L=38.2m):G5b,2.86,0.42,11.7
C601,18,Bản mặt cầu (Deck Slab):S4,2.1,0.42,11.7
C601,18,Bản mặt cầu (Deck Slab):S4,2.1,0.42,11.7
C601,18,Bản mặt cầu (Deck Slab):S4,2.1,0.42,11.7
C601,18,Bản mặt cầu (Deck Slab):S4,2.1,0.42,11.7
C602,18,Dầm chủ Super-T (15 phiến L=38.2m):G5b,2.86,0.42,11.7
C602,18,Bản mặt cầu (Deck Slab):S4,2.1,0.42,11.7
C602,18,Bản mặt cầu (Deck Slab):S4,2.1,0.42,11.7
C602,18,Bản mặt cầu (Deck Slab):S4,2.1,0.42,11.7
C602,18,Bản mặt cầu (Deck Slab):S4,2.1,0.42,11.7
C603,18,Dầm chủ Super-T (15 phiến L=38.2m):G5b,2.86,0.42,11.7
C603,18,Bản mặt cầu (Deck Slab):S4,2.1,0.42,11.7
C603,18,Bản mặt cầu (Deck Slab):S4,2.1,0.42,11.7
C603,18,Bản mặt cầu (Deck Slab):S4,2.1,0.42,11.7
C603,18,Bản mặt cầu (Deck Slab):S4,2.1,0.42,11.7
C604,18,Dầm chủ Super-T (15 phiến L=38.2m):G5b,2.86,0.42,11.7
C604,18,Bản mặt cầu (Deck Slab):S4,2.1,0.42,11.7
C604,18,Bản mặt cầu (Deck Slab):S4,2.1,0.42,11.7
C604,18,Bản mặt cầu (Deck Slab):S4,2.1,0.42,11.7
C604,18,Bản mặt cầu (Deck Slab):S4,2.1,0.42,11.7
C605,18,Dầm chủ Super-T (15 phiến L=38.2m):G5b,2.86,0.42,11.7
C605,18,Bản mặt cầu (Deck Slab):S4,2.1,0.42,11.7
C605,18,Bản mặt cầu (Deck Slab):S4,2.1,0.42,11.7
C605,18,Bản mặt cầu (Deck Slab):S4,2.1,0.42,11.7
C605,18,Bản mặt cầu (Deck Slab):S4,2.1,0.42,11.7
C606,18,Dầm chủ Super-T (15 phiến L=38.2m):G5b,2.86,0.42,11.7
C606,18,Bản mặt cầu (Deck Slab):S4,2.1,0.42,11.7
C606,18,Bản mặt cầu (Deck Slab):S4,2.1,0.42,11.7
C606,18,Bản mặt cầu (Deck Slab):S4,2.1,0.42,11.7
C606,18,Bản mặt cầu (Deck Slab):S4,2.1,0.42,11.7
C607,18,Dầm chủ Super-T (15 phiến L=38.2m):G5b,2.86,0.42,11.7
C607,18,Bản mặt cầu (Deck Slab):S4,2.1,0.42,11.7
C607,18,Bản mặt cầu (Deck Slab):S4,2.1,0.42,11.7
C607,18,Bản mặt cầu (Deck Slab):S4,2.1,0.42,11.7
C607,18,Bản mặt cầu (Deck Slab):S4,2.1,0.42,11.7
C608,18,Dầm chủ Super-T (15 phiến L=38.2m):G5b,2.86,0.42,11.7
C608,18,Bản mặt cầu (Deck Slab):S4,2.1,0.42,11.7
C608,18,Bản mặt cầu (Deck Slab):S4,2.1,0.42,11.7
C608,18,Bản mặt cầu (Deck Slab):S4,2.1,0.42,11.7
C608,18,Bản mặt cầu (Deck Slab):S4,2.1,0.42,11.7
C609,18,Dầm chủ Super-T (15 phiến L=38.2m):G5b,2.86,0.42,11.7
C609,18,Bản mặt cầu (Deck Slab):S4,2.1,0.42,11.7
C609,18,Bản mặt cầu (Deck Slab):S4,2.1,0.42,11.7
C609,18,Bản mặt cầu (Deck Slab):S4,2.1,0.42,11.7
C609,18,Bản mặt cầu (Deck Slab):S4,2.1,0.42,11.7
C610,18,Dầm chủ Super-T (15 phiến L=38.2m):G5b,2.86,0.42,11.7
C610,18,Bản mặt cầu (Deck Slab):S4,2.1,0.42,11.7
C610,18,Bản mặt cầu (Deck Slab):S4,2.1,0.42,11.7
C610,18,Bản mặt cầu (Deck Slab):S4,2.1,0.42,11.7
C610,18,Bản mặt cầu (Deck Slab):S4,2.1,0.42,11.7
C611,18,Dầm chủ Super-T (15 phiến L=38.2m):G5b,2.86,0.42,11.7
C611,18,Bản mặt cầu (Deck Slab):S4,2.1,0.42,11.7
C611,18,Bản mặt cầu (Deck Slab):S4,2.1,0.42,11.7
C611,18,Bản mặt cầu (Deck Slab):S4,2.1,0.42,11.7
C611,18,Bản mặt cầu (Deck Slab):S4,2.1,0.42,11.7
C612,18,Dầm chủ Super-T (15 phiến L=38.2m):G5b,2.86,0.42,11.7
C612,18,Bản mặt cầu (Deck Slab):S4,2.1,0.42,11.7
C612,18,Bản mặt cầu (Deck Slab):S4,2.1,0.42,11.7
C612,18,Bản mặt cầu (Deck Slab):S4,2.1,0.42,11.7
C612,18,Bản mặt cầu (Deck Slab):S4,2.1,0.42,11.7
C613,18,Dầm chủ Super-T (15 phiến L=38.2m):G5b,2.86,0.42,11.7
C613,18,Bản mặt cầu (Deck Slab):S4,2.1,0.42,11.7
C613,18,Bản mặt cầu (Deck Slab):S4,2.1,0.42,11.7
C613,18,Bản mặt cầu (Deck Slab):S4,2.1,0.42,11.7
C613,18,Bản mặt cầu (Deck Slab):S4,2.1,0.42,11.7
C614,18,Dầm chủ Super-T (15 phiến L=38.2m):G5b,2.86,0.42,11.7
C614,18,Bản mặt cầu (Deck Slab):S4,2.1,0.42,11.7
C614,18,Bản mặt cầu (Deck Slab):S4,2.1,0.42,11.7
C614,18,Bản mặt cầu (Deck Slab):S4,2.1,0.42,11.7
C614,18,Bản mặt cầu (Deck Slab):S4,2.1,0.42,11.7
C615,18,Dầm chủ Super-T (15 phiến L=38.2m):G5b,2.86,0.42,11.7
C615,18,Bản mặt cầu (Deck Slab):S4,2.1,0.42,11.7
C615,18,Bản mặt cầu (Deck Slab):S4,2.1,0.42,11.7
C615,18,Bản mặt cầu (Deck Slab):S4,2.1,0.42,11.7
C615,18,Bản mặt cầu (Deck Slab):S4,2.1,0.42,11.7
C616,18,Dầm chủ Super-T (15 phiến L=38.2m):G5b,2.86,0.42,11.7
C616,18,Bản mặt cầu (Deck Slab):S4,2.1,0.42,11.7
C616,18,Bản mặt cầu (Deck Slab):S4,2.1,0.42,11.7
C616,18,Bản mặt cầu (Deck Slab):S4,2.1,0.42,11.7
C616,18,Bản mặt cầu (Deck Slab):S4,2.1,0.42,11.7
C617,18,Dầm chủ Super-T (15 phiến L=38.2m):G5b,2.86,0.42,11.7
C617,18,Bản mặt cầu (Deck Slab):S4,2.1,0.42,11.7
C617,18,Bản mặt cầu (Deck Slab):S4,2.1,0.42,11.7
C617,18,Bản mặt cầu (Deck Slab):S4,2.1,0.42,11.7
C617,18,Bản mặt cầu (Deck Slab):S4,2.1,0.42,11.7
C618,18,Dầm chủ Super-T (15 phiến L=38.2m):G5b,2.86,0.42,11.7
C618,18,Bản mặt cầu (Deck Slab):S4,2.1,0.42,11.7
C618,18,Bản mặt cầu (Deck Slab):S4,2.1,0.42,11.7
C618,18,Bản mặt cầu (Deck Slab):S4,2.1,0.42,11.7
C618,18,Bản mặt cầu (Deck Slab):S4,2.1,0.42,11.7
C619,18,Dầm chủ Super-T (15 phiến L=38.2m):G5b,2.86,0.42,11.7
C619,18,Bản mặt cầu (Deck Slab):S4,2.1,0.42,11.7
C619,18,Bản mặt cầu (Deck Slab):S4,2.1,0.42,11.7
C619,18,Bản mặt cầu (Deck Slab):S4,2.1,0.42,11.7
C619,18,Bản mặt cầu (Deck Slab):S4,2.1,0.42,11.7
C620,18,Dầm chủ Super-T (15 phiến L=38.2m):G5b,2.86,0.42,11.7
C620,18,Bản mặt cầu (Deck Slab):S4,2.1,0.42,11.7
C620,18,Bản mặt cầu (Deck Slab):S4,2.1,0.42,11.7
C620,18,Bản mặt cầu (Deck Slab):S4,2.1,0.42,11.7
C620,18,Bản mặt cầu (Deck Slab):S4,2.1,0.42,11.7
C621,18,Dầm chủ Super-T (15 phiến L=38.2m):G5b,2.86,0.42,11.7
C621,18,Bản mặt cầu (Deck Slab):S4,2.1,0.42,11.7
C621,18,Bản mặt cầu (Deck Slab):S4,2.1,0.42,11.7
C621,18,Bản mặt cầu (Deck Slab):S4,2.1,0.42,11.7
C621,18,Bản mặt cầu (Deck Slab):S4,2.1,0.42,11.7
C622,18,Dầm chủ Super-T (15 phiến L=38.2m):G5b,2.86,0.42,11.7
C622,18,Bản mặt cầu (Deck Slab):S4,2.1,0.42,11.7
C622,18,Bản mặt cầu (Deck Slab):S4,2.1,0.42,11.7
C622,18,Bản mặt cầu (Deck Slab):S4,2.1,0.42,11.7
C622,18,Bản mặt cầu (Deck Slab):S4,2.1,0.42,11.7
C623,18,Dầm chủ Super-T (15 phiến L=38.2m):G5b,2.86,0.42,11.7
C623,18,Bản mặt cầu (Deck Slab):S4,2.1,0.42,11.7
C623,18,Bản mặt cầu (Deck Slab):S4,2.1,0.42,11.7
C623,18,Bản mặt cầu (Deck Slab):S4,2.1,0.42,11.7
C623,18,Bản mặt cầu (Deck Slab):S4,2.1,0.42,11.7
C624,18,Dầm chủ Super-T (15 phiến L=38.2m):G5b,2.86,0.42,11.7
C624,18,Bản mặt cầu (Deck Slab):S4,2.1,0.42,11.7
C624,18,Bản mặt cầu (Deck Slab):S4,2.1,0.42,11.7
C624,18,Bản mặt cầu (Deck Slab):S4,2.1,0.42,11.7
C624,18,Bản mặt cầu (Deck Slab):S4,2.1,0.42,11.7
C625,18,Dầm chủ Super-T (15 phiến L=38.2m):G5b,2.86,0.42,11.7
C625,18,Bản mặt cầu (Deck Slab):S4,2.1,0.42,11.7
C625,18,Bản mặt cầu (Deck Slab):S4,2.1,0.42,11.7
C625,18,Bản mặt cầu (Deck Slab):S4,2.1,0.42,11.7
C625,18,Bản mặt cầu (Deck Slab):S4,2.1,0.42,11.7
C626,18,Dầm chủ Super-T (15 phiến L=38.2m):G5b,2.86,0.42,11.7
C626,18,Bản mặt cầu (Deck Slab):S4,2.1,0.42,11.7
C626,18,Bản mặt cầu (Deck Slab):S4,2.1,0.42,11.7
C626,18,Bản mặt cầu (Deck Slab):S4,2.1,0.42,11.7
C626,18,Bản mặt cầu (Deck Slab):S4,2.1,0.42,11.7
C627,18,Dầm chủ Super-T (15 phiến L=38.2m):G5b,2.86,0.42,11.7
C627,18,Bản mặt cầu (Deck Slab):S4,2.1,0.42,11.7
C627,18,Bản mặt cầu (Deck Slab):S4,2.1,0.42,11.7
C627,18,Bản mặt cầu (Deck Slab):S4,2.1,0.42,11.7
C627,18,Bản mặt cầu (Deck Slab):S4,2.1,0.42,11.7
C628,18,Dầm chủ Super-T (15 phiến L=38.2m):G5b,2.86,0.42,11.7
C628,18,Bản mặt cầu (Deck Slab):S4,2.1,0.42,11.7
C628,18,Bản mặt cầu (Deck Slab):S4,2.1,0.42,11.7
C628,18,Bản mặt cầu (Deck Slab):S4,2.1,0.42,11.7
C628,18,Bản mặt cầu (Deck Slab):S4,2.1,0.42,11.7
C629,18,Dầm chủ Super-T (15 phiến L=38.2m):G5b,2.86,0.42,11.7
C629,18,Bản mặt cầu (Deck Slab):S4,2.1,0.42,11.7
C629,18,Bản mặt cầu (Deck Slab):S4,2.1,0.42,11.7
C629,18,Bản mặt cầu (Deck Slab):S4,2.1,0.42,11.7
C629,18,Bản mặt cầu (Deck Slab):S4,2.1,0.42,11.7
C630,18,Dầm chủ Super-T (15 phiến L=38.2m):G5b,2.86,0.42,11.7
C630,18,Bản mặt cầu (Deck Slab):S4,2.1,0.42,11.7
C630,18,Bản mặt cầu (Deck Slab):S4,2.1,0.42,11.7
C630,18,Bản mặt cầu (Deck Slab):S4,2.1,0.42,11.7
C630,18,Bản mặt cầu (Deck Slab):S4,2.1,0.42,11.7
C631,18,Dầm chủ Super-T (15 phiến L=38.2m):G5b,2.86,0.42,11.7
C631,18,Bản mặt cầu (Deck Slab):S4,2.1,0.42,11.7
C631,18,Bản mặt cầu (Deck Slab):S4,2.1,0.42,11.7
C631,18,Bản mặt cầu (Deck Slab):S4,2.1,0.42,11.7
C631,18,Bản mặt cầu (Deck Slab):S4,2.1,0.42,11.7
C632,18,Dầm chủ Super-T (15 phiến L=38.2m):G5b,2.86,0.42,11.7
C632,18,Bản mặt cầu (Deck Slab):S4,2.1,0.42,11.7
C632,18,Bản mặt cầu (Deck Slab):S4,2.1,0.42,11.7
C632,18,Bản mặt cầu (Deck Slab):S4,2.1,0.42,11.7
C632,18,Bản mặt cầu (Deck Slab):S4,2.1,0.42,11.7
C633,18,Dầm chủ Super-T (15 phiến L=38.2m):G5b,2.86,0.42,11.7
C633,18,Bản mặt cầu (Deck Slab):S4,2.1,0.42,11.7
C633,18,Bản mặt cầu (Deck Slab):S4,2.1,0.42,11.7
C633,18,Bản mặt cầu (Deck Slab):S4,2.1,0.42,11.7
C633,18,Bản mặt cầu (Deck Slab):S4,2.1,0.42,11.7
C634,18,Dầm chủ Super-T (15 phiến L=38.2m):G5b,2.86,0.42,11.7
C634,18,Bản mặt cầu (Deck Slab):S4,2.1,0.42,11.7
C634,18,Bản mặt cầu (Deck Slab):S4,2.1,0.42,11.7
C634,18,Bản mặt cầu (Deck Slab):S4,2.1,0.42,11.7
C634,18,Bản mặt cầu (Deck Slab):S4,2.1,0.42,11.7
C635,18,Dầm chủ Super-T (15 phiến L=38.2m):G5b,2.86,0.42,11.7
C635,18,Bản mặt cầu (Deck Slab):S4,2.1,0.42,11.7
C635,18,Bản mặt cầu (Deck Slab):S4,2.1,0.42,11.7
C635,18,Bản mặt cầu (Deck Slab):S4,2.1,0.42,11.7
C635,18,Bản mặt cầu (Deck Slab):S4,2.1,0.42,11.7
C636,18,Dầm chủ Super-T (15 phiến L=38.2m):G5b,2.86,0.42,11.7
C636,18,Bản mặt cầu (Deck Slab):S4,2.1,0.42,11.7
C636,18,Bản mặt cầu (Deck Slab):S4,2.1,0.42,11.7
C636,18,Bản mặt cầu (Deck Slab):S4,2.1,0.42,11.7
C636,18,Bản mặt cầu (Deck Slab):S4,2.1,0.42,11.7
C637,18,Dầm chủ Super-T (15 phiến L=38.2m):G5b,2.86,0.42,11.7
C637,18,Bản mặt cầu (Deck Slab):S4,2.1,0.42,11.7
C637,18,Bản mặt cầu (Deck Slab):S4,2.1,0.42,11.7
C637,18,Bản mặt cầu (Deck Slab):S4,2.1,0.42,11.7
C637,18,Bản mặt cầu (Deck Slab):S4,2.1,0.42,11.7
C638,18,Dầm chủ Super-T (15 phiến L=38.2m):G5b,2.86,0.42,11.7
C638,18,Bản mặt cầu (Deck Slab):S4,2.1,0.42,11.7
C638,18,Bản mặt cầu (Deck Slab):S4,2.1,0.42,11.7
C638,18,Bản mặt cầu (Deck Slab):S4,2.1,0.42,11.7
C638,18,Bản mặt cầu (Deck Slab):S4,2.1,0.42,11.7
C639,18,Dầm chủ Super-T (15 phiến L=38.2m):G5b,2.86,0.42,11.7
C639,18,Bản mặt cầu (Deck Slab):S4,2.1,0.42,11.7
C639,18,Bản mặt cầu (Deck Slab):S4,2.1,0.42,11.7
C639,18,Bản mặt cầu (Deck Slab):S4,2.1,0.42,11.7
C639,18,Bản mặt cầu (Deck Slab):S4,2.1,0.42,11.7
C640,18,Dầm chủ Super-T (15 phiến L=38.2m):G5b,2.86,0.42,11.7
C640,18,Bản mặt cầu (Deck Slab):S4,2.1,0.42,11.7
C640,18,Bản mặt cầu (Deck Slab):S4,2.1,0.42,11.7
C640,18,Bản mặt cầu (Deck Slab):S4,2.1,0.42,11.7
C640,18,Bản mặt cầu (Deck Slab):S4,2.1,0.42,11.7
C641,18,Dầm chủ Super-T (15 phiến L=38.2m):G5b,2.86,0.42,11.7
C641,18,Bản mặt cầu (Deck Slab):S4,2.1,0.42,11.7
C641,18,Bản mặt cầu (Deck Slab):S4,2.1,0.42,11.7
C641,18,Bản mặt cầu (Deck Slab):S4,2.1,0.42,11.7
C641,18,Bản mặt cầu (Deck Slab):S4,2.1,0.42,11.7
C642,18,Dầm chủ Super-T (15 phiến L=38.2m):G5b,2.86,0.42,11.7
C642,18,Bản mặt cầu (Deck Slab):S4,2.1,0.42,11.7
C642,18,Bản mặt cầu (Deck Slab):S4,2.1,0.42,11.7
C642,18,Bản mặt cầu (Deck Slab):S4,2.1,0.42,11.7
C642,18,Bản mặt cầu (Deck Slab):S4,2.1,0.42,11.7
C643,18,Dầm chủ Super-T (15 phiến L=38.2m):G5b,2.86,0.42,11.7
C643,18,Bản mặt cầu (Deck Slab):S4,2.1,0.42,11.7
C643,18,Bản mặt cầu (Deck Slab):S4,2.1,0.42,11.7
C643,18,Bản mặt cầu (Deck Slab):S4,2.1,0.42,11.7
C643,18,Bản mặt cầu (Deck Slab):S4,2.1,0.42,11.7
C644,18,Dầm chủ Super-T (15 phiến L=38.2m):G5b,2.86,0.42,11.7
C644,18,Bản mặt cầu (Deck Slab):S4,2.1,0.42,11.7
C644,18,Bản mặt cầu (Deck Slab):S4,2.1,0.42,11.7
C644,18,Bản mặt cầu (Deck Slab):S4,2.1,0.42,11.7
C644,18,Bản mặt cầu (Deck Slab):S4,2.1,0.42,11.7
C645,18,Dầm chủ Super-T (15 phiến L=38.2m):G5b,2.86,0.42,11.7
C645,18,Bản mặt cầu (Deck Slab):S4,2.1,0.42,11.7
C645,18,Bản mặt cầu (Deck Slab):S4,2.1,0.42,11.7
C645,18,Bản mặt cầu (Deck Slab):S4,2.1,0.42,11.7
C645,18,Bản mặt cầu (Deck Slab):S4,2.1,0.42,11.7
C646,18,Dầm chủ Super-T (15 phiến L=38.2m):G5b,2.86,0.42,11.7
C646,18,Bản mặt cầu (Deck Slab):S4,2.1,0.42,11.7
C646,18,Bản mặt cầu (Deck Slab):S4,2.1,0.42,11.7
C646,18,Bản mặt cầu (Deck Slab):S4,2.1,0.42,11.7
C646,18,Bản mặt cầu (Deck Slab):S4,2.1,0.42,11.7
C647,18,Dầm chủ Super-T (15 phiến L=38.2m):G5b,2.86,0.42,11.7
C647,18,Bản mặt cầu (Deck Slab):S4,2.1,0.42,11.7
C647,18,Bản mặt cầu (Deck Slab):S4,2.1,0.42,11.7
C647,18,Bản mặt cầu (Deck Slab):S4,2.1,0.42,11.7
C647,18,Bản mặt cầu (Deck Slab):S4,2.1,0.42,11.7
C648,18,Dầm chủ Super-T (15 phiến L=38.2m):G5b,2.86,0.42,11.7
C648,18,Bản mặt cầu (Deck Slab):S4,2.1,0.42,11.7
C648,18,Bản mặt cầu (Deck Slab):S4,2.1,0.42,11.7
C648,18,Bản mặt cầu (Deck Slab):S4,2.1,0.42,11.7
C648,18,Bản mặt cầu (Deck Slab):S4,2.1,0.42,11.7
C649,18,Dầm chủ Super-T (15 phiến L=38.2m):G5b,2.86,0.42,11.7
C649,18,Bản mặt cầu (Deck Slab):S4,2.1,0.42,11.7
C649,18,Bản mặt cầu (Deck Slab):S4,2.1,0.42,11.7
C649,18,Bản mặt cầu (Deck Slab):S4,2.1,0.42,11.7
C649,18,Bản mặt cầu (Deck Slab):S4,2.1,0.42,11.7
C650,18,Dầm chủ Super-T (15 phiến L=38.2m):G5b,2.86,0.42,11.7
C650,18,Bản mặt cầu (Deck Slab):S4,2.1,0.42,11.7
C650,18,Bản mặt cầu (Deck Slab):S4,2.1,0.42,11.7
C650,18,Bản mặt cầu (Deck Slab):S4,2.1,0.42,11.7
C650,18,Bản mặt cầu (Deck Slab):S4,2.1,0.42,11.7
C651,18,Dầm chủ Super-T (15 phiến L=38.2m):G5b,2.86,0.42,11.7
C651,18,Bản mặt cầu (Deck Slab):S4,2.1,0.42,11.7
C651,18,Bản mặt cầu (Deck Slab):S4,2.1,0.42,11.7
C651,18,Bản mặt cầu (Deck Slab):S4,2.1,0.42,11.7
C651,18,Bản mặt cầu (Deck Slab):S4,2.1,0.42,11.7
C652,18,Dầm chủ Super-T (15 phiến L=38.2m):G5b,2.86,0.42,11.7
C652,18,Bản mặt cầu (Deck Slab):S4,2.1,0.42,11.7
C652,18,Bản mặt cầu (Deck Slab):S4,2.1,0.42,11.7
C652,18,Bản mặt cầu (Deck Slab):S4,2.1,0.42,11.7
C652,18,Bản mặt cầu (Deck Slab):S4,2.1,0.42,11.7
C653,18,Dầm chủ Super-T (15 phiến L=38.2m):G5b,2.86,0.42,11.7
C653,18,Bản mặt cầu (Deck Slab):S4,2.1,0.42,11.7
C653,18,Bản mặt cầu (Deck Slab):S4,2.1,0.42,11.7
C653,18,Bản mặt cầu (Deck Slab):S4,2.1,0.42,11.7
C653,18,Bản mặt cầu (Deck Slab):S4,2.1,0.42,11.7
C654,18,Dầm chủ Super-T (15 phiến L=38.2m):G5b,2.86,0.42,11.7
C654,18,Bản mặt cầu (Deck Slab):S4,2.1,0.42,11.7
C654,18,Bản mặt cầu (Deck Slab):S4,2.1,0.42,11.7
C654,18,Bản mặt cầu (Deck Slab):S4,2.1,0.42,11.7
C654,18,Bản mặt cầu (Deck Slab):S4,2.1,0.42,11.7
C655,18,Dầm chủ Super-T (15 phiến L=38.2m):G5b,2.86,0.42,11.7
C655,18,Bản mặt cầu (Deck Slab):S4,2.1,0.42,11.7
C655,18,Bản mặt cầu (Deck Slab):S4,2.1,0.42,11.7
C655,18,Bản mặt cầu (Deck Slab):S4,2.1,0.42,11.7
C655,18,Bản mặt cầu (Deck Slab):S4,2.1,0.42,11.7
C656,18,Dầm chủ Super-T (15 phiến L=38.2m):G5b,2.86,0.42,11.7
C656,18,Bản mặt cầu (Deck Slab):S4,2.1,0.42,11.7
C656,18,Bản mặt cầu (Deck Slab):S4,2.1,0.42,11.7
C656,18,Bản mặt cầu (Deck Slab):S4,2.1,0.42,11.7
C656,18,Bản mặt cầu (Deck Slab):S4,2.1,0.42,11.7
C657,18,Dầm chủ Super-T (15 phiến L=38.2m):G5b,2.86,0.42,11.7
C657,18,Bản mặt cầu (Deck Slab):S4,2.1,0.42,11.7
C657,18,Bản mặt cầu (Deck Slab):S4,2.1,0.42,11.7
C657,18,Bản mặt cầu (Deck Slab):S4,2.1,0.42,11.7
C657,18,Bản mặt cầu (Deck Slab):S4,2.1,0.42,11.7
C658,18,Dầm chủ Super-T (15 phiến L=38.2m):G5b,2.86,0.42,11.7
C658,18,Bản mặt cầu (Deck Slab):S4,2.1,0.42,11.7
C658,18,Bản mặt cầu (Deck Slab):S4,2.1,0.42,11.7
C658,18,Bản mặt cầu (Deck Slab):S4,2.1,0.42,11.7
C658,18,Bản mặt cầu (Deck Slab):S4,2.1,0.42,11.7
C659,18,Dầm chủ Super-T (15 phiến L=38.2m):G5b,2.86,0.42,11.7
C659,18,Bản mặt cầu (Deck Slab):S4,2.1,0.42,11.7
C659,18,Bản mặt cầu (Deck Slab):S4,2.1,0.42,11.7
C659,18,Bản mặt cầu (Deck Slab):S4,2.1,0.42,11.7
C659,18,Bản mặt cầu (Deck Slab):S4,2.1,0.42,11.7
C660,18,Dầm chủ Super-T (15 phiến L=38.2m):G5b,2.86,0.42,11.7
C660,18,Bản mặt cầu (Deck Slab):S4,2.1,0.42,11.7
C660,18,Bản mặt cầu (Deck Slab):S4,2.1,0.42,11.7
C660,18,Bản mặt cầu (Deck Slab):S4,2.1,0.42,11.7
C660,18,Bản mặt cầu (Deck Slab):S4,2.1,0.42,11.7
C661,18,Dầm chủ Super-T (15 phiến L=38.2m):G5b,2.86,0.42,11.7
C661,18,Bản mặt cầu (Deck Slab):S4,2.1,0.42,11.7
C661,18,Bản mặt cầu (Deck Slab):S4,2.1,0.42,11.7
C661,18,Bản mặt cầu (Deck Slab):S4,2.1,0.42,11.7
C661,18,Bản mặt cầu (Deck Slab):S4,2.1,0.42,11.7
C662,18,Dầm chủ Super-T (15 phiến L=38.2m):G5b,2.86,0.42,11.7
C662,18,Bản mặt cầu (Deck Slab):S4,2.1,0.42,11.7
C662,18,Bản mặt cầu (Deck Slab):S4,2.1,0.42,11.7
C662,18,Bản mặt cầu (Deck Slab):S4,2.1,0.42,11.7
C662,18,Bản mặt cầu (Deck Slab):S4,2.1,0.42,11.7
C663,18,Dầm chủ Super-T (15 phiến L=38.2m):G5b,2.86,0.42,11.7
C663,18,Bản mặt cầu (Deck Slab):S4,2.1,0.42,11.7
C663,18,Bản mặt cầu (Deck Slab):S4,2.1,0.42,11.7
C663,18,Bản mặt cầu (Deck Slab):S4,2.1,0.42,11.7
C663,18,Bản mặt cầu (Deck Slab):S4,2.1,0.42,11.7
C664,18,Dầm chủ Super-T (15 phiến L=38.2m):G5b,2.86,0.42,11.7
C664,18,Bản mặt cầu (Deck Slab):S4,2.1,0.42,11.7
C664,18,Bản mặt cầu (Deck Slab):S4,2.1,0.42,11.7
C664,18,Bản mặt cầu (Deck Slab):S4,2.1,0.42,11.7
C664,18,Bản mặt cầu (Deck Slab):S4,2.1,0.42,11.7
C665,18,Dầm chủ Super-T (15 phiến L=38.2m):G5b,2.86,0.42,11.7
C665,18,Bản mặt cầu (Deck Slab):S4,2.1,0.42,11.7
C665,18,Bản mặt cầu (Deck Slab):S4,2.1,0.42,11.7
C665,18,Bản mặt cầu (Deck Slab):S4,2.1,0.42,11.7
C665,18,Bản mặt cầu (Deck Slab):S4,2.1,0.42,11.7
C666,18,Dầm chủ Super-T (15 phiến L=38.2m):G5b,2.86,0.42,11.7
C666,18,Bản mặt cầu (Deck Slab):S4,2.1,0.42,11.7
C666,18,Bản mặt cầu (Deck Slab):S4,2.1,0.42,11.7
C666,18,Bản mặt cầu (Deck Slab):S4,2.1,0.42,11.7
C666,18,Bản mặt cầu (Deck Slab):S4,2.1,0.42,11.7
C667,18,Dầm chủ Super-T (15 phiến L=38.2m):G5b,2.86,0.42,11.7
C667,18,Bản mặt cầu (Deck Slab):S4,2.1,0.42,11.7
C667,18,Bản mặt cầu (Deck Slab):S4,2.1,0.42,11.7
C667,18,Bản mặt cầu (Deck Slab):S4,2.1,0.42,11.7
C667,18,Bản mặt cầu (Deck Slab):S4,2.1,0.42,11.7
C668,18,Dầm chủ Super-T (15 phiến L=38.2m):G5b,2.86,0.42,11.7
C668,18,Bản mặt cầu (Deck Slab):S4,2.1,0.42,11.7
C668,18,Bản mặt cầu (Deck Slab):S4,2.1,0.42,11.7
C668,18,Bản mặt cầu (Deck Slab):S4,2.1,0.42,11.7
C668,18,Bản mặt cầu (Deck Slab):S4,2.1,0.42,11.7
C669,18,Dầm chủ Super-T (15 phiến L=38.2m):G5b,2.86,0.42,11.7
C669,18,Bản mặt cầu (Deck Slab):S4,2.1,0.42,11.7
C669,18,Bản mặt cầu (Deck Slab):S4,2.1,0.42,11.7
C669,18,Bản mặt cầu (Deck Slab):S4,2.1,0.42,11.7
C669,18,Bản mặt cầu (Deck Slab):S4,2.1,0.42,11.7
C670,18,Dầm chủ Super-T (15 phiến L=38.2m):G5b,2.86,0.42,11.7
C670,18,Bản mặt cầu (Deck Slab):S4,2.1,0.42,11.7
C670,18,Bản mặt cầu (Deck Slab):S4,2.1,0.42,11.7
C670,18,Bản mặt cầu (Deck Slab):S4,2.1,0.42,11.7
C670,18,Bản mặt cầu (Deck Slab):S4,2.1,0.42,11.7
C671,18,Dầm chủ Super-T (15 phiến L=38.2m):G5b,2.86,0.42,11.7
C671,18,Bản mặt cầu (Deck Slab):S4,2.1,0.42,11.7
C671,18,Bản mặt cầu (Deck Slab):S4,2.1,0.42,11.7
C671,18,Bản mặt cầu (Deck Slab):S4,2.1,0.42,11.7
C671,18,Bản mặt cầu (Deck Slab):S4,2.1,0.42,11.7
C672,18,Dầm chủ Super-T (15 phiến L=38.2m):G5b,2.86,0.42,11.7
C672,18,Bản mặt cầu (Deck Slab):S4,2.1,0.42,11.7
C672,18,Bản mặt cầu (Deck Slab):S4,2.1,0.42,11.7
C672,18,Bản mặt cầu (Deck Slab):S4,2.1,0.42,11.7
C672,18,Bản mặt cầu (Deck Slab):S4,2.1,0.42,11.7
C673,18,Dầm chủ Super-T (15 phiến L=38.2m):G5b,2.86,0.42,11.7
C673,18,Bản mặt cầu (Deck Slab):S4,2.1,0.42,11.7
C673,18,Bản mặt cầu (Deck Slab):S4,2.1,0.42,11.7
C673,18,Bản mặt cầu (Deck Slab):S4,2.1,0.42,11.7
C673,18,Bản mặt cầu (Deck Slab):S4,2.1,0.42,11.7
C674,18,Dầm chủ Super-T (15 phiến L=38.2m):G5b,2.86,0.42,11.7
C674,18,Bản mặt cầu (Deck Slab):S4,2.1,0.42,11.7
C674,18,Bản mặt cầu (Deck Slab):S4,2.1,0.42,11.7
C674,18,Bản mặt cầu (Deck Slab):S4,2.1,0.42,11.7
C674,18,Bản mặt cầu (Deck Slab):S4,2.1,0.42,11.7
C675,18,Dầm chủ Super-T (15 phiến L=38.2m):G5b,2.86,0.42,11.7
C675,18,Bản mặt cầu (Deck Slab):S4,2.1,0.42,11.7
C675,18,Bản mặt cầu (Deck Slab):S4,2.1,0.42,11.7
C675,18,Bản mặt cầu (Deck Slab):S4,2.1,0.42,11.7
C675,18,Bản mặt cầu (Deck Slab):S4,2.1,0.42,11.7
C676,18,Dầm chủ Super-T (15 phiến L=38.2m):G5b,2.86,0.42,11.7
C676,18,Bản mặt cầu (Deck Slab):S4,2.1,0.42,11.7
C676,18,Bản mặt cầu (Deck Slab):S4,2.1,0.42,11.7
C676,18,Bản mặt cầu (Deck Slab):S4,2.1,0.42,11.7
C676,18,Bản mặt cầu (Deck Slab):S4,2.1,0.42,11.7
C677,18,Dầm chủ Super-T (15 phiến L=38.2m):G5b,2.86,0.42,11.7
C677,18,Bản mặt cầu (Deck Slab):S4,2.1,0.42,11.7
C677,18,Bản mặt cầu (Deck Slab):S4,2.1,0.42,11.7
C677,18,Bản mặt cầu (Deck Slab):S4,2.1,0.42,11.7
C677,18,Bản mặt cầu (Deck Slab):S4,2.1,0.42,11.7
C678,18,Dầm chủ Super-T (15 phiến L=38.2m):G5b,2.86,0.42,11.7
C678,18,Bản mặt cầu (Deck Slab):S4,2.1,0.42,11.7
C678,18,Bản mặt cầu (Deck Slab):S4,2.1,0.42,11.7
C678,18,Bản mặt cầu (Deck Slab):S4,2.1,0.42,11.7
C678,18,Bản mặt cầu (Deck Slab):S4,2.1,0.42,11.7
C679,18,Dầm chủ Super-T (15 phiến L=38.2m):G5b,2.86,0.42,11.7
C679,18,Bản mặt cầu (Deck Slab):S4,2.1,0.42,11.7
C679,18,Bản mặt cầu (Deck Slab):S4,2.1,0.42,11.7
C679,18,Bản mặt cầu (Deck Slab):S4,2.1,0.42,11.7
C679,18,Bản mặt cầu (Deck Slab):S4,2.1,0.42,11.7
C680,18,Dầm chủ Super-T (15 phiến L=38.2m):G5b,2.86,0.42,11.7
C680,18,Bản mặt cầu (Deck Slab):S4,2.1,0.42,11.7
C680,18,Bản mặt cầu (Deck Slab):S4,2.1,0.42,11.7
C680,18,Bản mặt cầu (Deck Slab):S4,2.1,0.42,11.7
C680,18,Bản mặt cầu (Deck Slab):S4,2.1,0.42,11.7
C681,18,Dầm chủ Super-T (15 phiến L=38.2m):G5b,2.86,0.42,11.7
C681,18,Bản mặt cầu (Deck Slab):S4,2.1,0.42,11.7
C681,18,Bản mặt cầu (Deck Slab):S4,2.1,0.42,11.7
C681,18,Bản mặt cầu (Deck Slab):S4,2.1,0.42,11.7
C681,18,Bản mặt cầu (Deck Slab):S4,2.1,0.42,11.7
C682,18,Dầm chủ Super-T (15 phiến L=38.2m):G5b,2.86,0.42,11.7
C682,18,Bản mặt cầu (Deck Slab):S4,2.1,0.42,11.7
C682,18,Bản mặt cầu (Deck Slab):S4,2.1,0.42,11.7
C682,18,Bản mặt cầu (Deck Slab):S4,2.1,0.42,11.7
C682,18,Bản mặt cầu (Deck Slab):S4,2.1,0.42,11.7
C683,18,Dầm chủ Super-T (15 phiến L=38.2m):G5b,2.86,0.42,11.7
C683,18,Bản mặt cầu (Deck Slab):S4,2.1,0.42,11.7
C683,18,Bản mặt cầu (Deck Slab):S4,2.1,0.42,11.7
C683,18,Bản mặt cầu (Deck Slab):S4,2.1,0.42,11.7
C683,18,Bản mặt cầu (Deck Slab):S4,2.1,0.42,11.7
C684,18,Dầm chủ Super-T (15 phiến L=38.2m):G5b,2.86,0.42,11.7
C684,18,Bản mặt cầu (Deck Slab):S4,2.1,0.42,11.7
C684,18,Bản mặt cầu (Deck Slab):S4,2.1,0.42,11.7
C684,18,Bản mặt cầu (Deck Slab):S4,2.1,0.42,11.7
C684,18,Bản mặt cầu (Deck Slab):S4,2.1,0.42,11.7
C685,18,Dầm chủ Super-T (15 phiến L=38.2m):G5b,2.86,0.42,11.7
C685,18,Bản mặt cầu (Deck Slab):S4,2.1,0.42,11.7
C685,18,Bản mặt cầu (Deck Slab):S4,2.1,0.42,11.7
C685,18,Bản mặt cầu (Deck Slab):S4,2.1,0.42,11.7
C685,18,Bản mặt cầu (Deck Slab):S4,2.1,0.42,11.7
C686,18,Dầm chủ Super-T (15 phiến L=38.2m):G5b,2.86,0.42,11.7
C686,18,Bản mặt cầu (Deck Slab):S4,2.1,0.42,11.7
C686,18,Bản mặt cầu (Deck Slab):S4,2.1,0.42,11.7
C686,18,Bản mặt cầu (Deck Slab):S4,2.1,0.42,11.7
C686,18,Bản mặt cầu (Deck Slab):S4,2.1,0.42,11.7
C687,18,Dầm chủ Super-T (15 phiến L=38.2m):G5b,2.86,0.42,11.7
C687,18,Bản mặt cầu (Deck Slab):S4,2.1,0.42,11.7
C687,18,Bản mặt cầu (Deck Slab):S4,2.1,0.42,11.7
C687,18,Bản mặt cầu (Deck Slab):S4,2.1,0.42,11.7
C687,18,Bản mặt cầu (Deck Slab):S4,2.1,0.42,11.7
C688,18,Dầm chủ Super-T (15 phiến L=38.2m):G5b,2.86,0.42,11.7
C688,18,Bản mặt cầu (Deck Slab):S4,2.1,0.42,11.7
C688,18,Bản mặt cầu (Deck Slab):S4,2.1,0.42,11.7
C688,18,Bản mặt cầu (Deck Slab):S4,2.1,0.42,11.7
C688,18,Bản mặt cầu (Deck Slab):S4,2.1,0.42,11.7
C689,18,Dầm chủ Super-T (15 phiến L=38.2m):G5b,2.86,0.42,11.7
C689,18,Bản mặt cầu (Deck Slab):S4,2.1,0.42,11.7
C689,18,Bản mặt cầu (Deck Slab):S4,2.1,0.42,11.7
C689,18,Bản mặt cầu (Deck Slab):S4,2.1,0.42,11.7
C689,18,Bản mặt cầu (Deck Slab):S4,2.1,0.42,11.7
C690,18,Dầm chủ Super-T (15 phiến L=38.2m):G5b,2.86,0.42,11.7
C690,18,Bản mặt cầu (Deck Slab):S4,2.1,0.42,11.7
C690,18,Bản mặt cầu (Deck Slab):S4,2.1,0.42,11.7
C690,18,Bản mặt cầu (Deck Slab):S4,2.1,0.42,11.7
C690,18,Bản mặt cầu (Deck Slab):S4,2.1,0.42,11.7
C691,18,Dầm chủ Super-T (15 phiến L=38.2m):G5b,2.86,0.42,11.7
C691,18,Bản mặt cầu (Deck Slab):S4,2.1,0.42,11.7
C691,18,Bản mặt cầu (Deck Slab):S4,2.1,0.42,11.7
C691,18,Bản mặt cầu (Deck Slab):S4,2.1,0.42,11.7
C691,18,Bản mặt cầu (Deck Slab):S4,2.1,0.42,11.7
C692,18,Dầm chủ Super-T (15 phiến L=38.2m):G5b,2.86,0.42,11.7
C692,18,Bản mặt cầu (Deck Slab):S4,2.1,0.42,11.7
C692,18,Bản mặt cầu (Deck Slab):S4,2.1,0.42,11.7
C692,18,Bản mặt cầu (Deck Slab):S4,2.1,0.42,11.7
C692,18,Bản mặt cầu (Deck Slab):S4,2.1,0.42,11.7
C693,18,Dầm chủ Super-T (15 phiến L=38.2m):G5b,2.86,0.42,11.7
C693,18,Bản mặt cầu (Deck Slab):S4,2.1,0.42,11.7
C693,18,Bản mặt cầu (Deck Slab):S4,2.1,0.42,11.7
C693,18,Bản mặt cầu (Deck Slab):S4,2.1,0.42,11.7
C693,18,Bản mặt cầu (Deck Slab):S4,2.1,0.42,11.7
C694,18,Dầm chủ Super-T (15 phiến L=38.2m):G5b,2.86,0.42,11.7
C694,18,Bản mặt cầu (Deck Slab):S4,2.1,0.42,11.7
C694,18,Bản mặt cầu (Deck Slab):S4,2.1,0.42,11.7
C694,18,Bản mặt cầu (Deck Slab):S4,2.1,0.42,11.7
C694,18,Bản mặt cầu (Deck Slab):S4,2.1,0.42,11.7
C695,18,Dầm chủ Super-T (15 phiến L=38.2m):G5b,2.86,0.42,11.7
C695,18,Bản mặt cầu (Deck Slab):S4,2.1,0.42,11.7
C695,18,Bản mặt cầu (Deck Slab):S4,2.1,0.42,11.7
C695,18,Bản mặt cầu (Deck Slab):S4,2.1,0.42,11.7
C695,18,Bản mặt cầu (Deck Slab):S4,2.1,0.42,11.7
C696,18,Dầm chủ Super-T (15 phiến L=38.2m):G5b,2.86,0.42,11.7
C696,18,Bản mặt cầu (Deck Slab):S4,2.1,0.42,11.7
C696,18,Bản mặt cầu (Deck Slab):S4,2.1,0.42,11.7
C696,18,Bản mặt cầu (Deck Slab):S4,2.1,0.42,11.7
C696,18,Bản mặt cầu (Deck Slab):S4,2.1,0.42,11.7
C697,18,Dầm chủ Super-T (15 phiến L=38.2m):G5b,2.86,0.42,11.7
C697,18,Bản mặt cầu (Deck Slab):S4,2.1,0.42,11.7
C697,18,Bản mặt cầu (Deck Slab):S4,2.1,0.42,11.7
C697,18,Bản mặt cầu (Deck Slab):S4,2.1,0.42,11.7
C697,18,Bản mặt cầu (Deck Slab):S4,2.1,0.42,11.7
C698,18,Dầm chủ Super-T (15 phiến L=38.2m):G5b,2.86,0.42,11.7
C698,18,Bản mặt cầu (Deck Slab):S4,2.1,0.42,11.7
C698,18,Bản mặt cầu (Deck Slab):S4,2.1,0.42,11.7
C698,18,Bản mặt cầu (Deck Slab):S4,2.1,0.42,11.7
C698,18,Bản mặt cầu (Deck Slab):S4,2.1,0.42,11.7
C699,18,Dầm chủ Super-T (15 phiến L=38.2m):G5b,2.86,0.42,11.7
C699,18,Bản mặt cầu (Deck Slab):S4,2.1,0.42,11.7
C699,18,Bản mặt cầu (Deck Slab):S4,2.1,0.42,11.7
C699,18,Bản mặt cầu (Deck Slab):S4,2.1,0.42,11.7
C699,18,Bản mặt cầu (Deck Slab):S4,2.1,0.42,11.7
C700,18,Dầm chủ Super-T (15 phiến L=38.2m):G5b,2.86,0.42,11.7
C700,18,Bản mặt cầu (Deck Slab):S4,2.1,0.42,11.7
C700,18,Bản mặt cầu (Deck Slab):S4,2.1,0.42,11.7
C700,18,Bản mặt cầu (Deck Slab):S4,2.1,0.42,11.7
C700,18,Bản mặt cầu (Deck Slab):S4,2.1,0.42,11.7
C701,18,Dầm chủ Super-T (15 phiến L=38.2m):G5b,2.86,0.42,11.7
C701,18,Bản mặt cầu (Deck Slab):S4,2.1,0.42,11.7
C701,18,Bản mặt cầu (Deck Slab):S4,2.1,0.42,11.7
C701,18,Bản mặt cầu (Deck Slab):S4,2.1,0.42,11.7
C701,18,Bản mặt cầu (Deck Slab):S4,2.1,0.42,11.7
C702,18,Dầm chủ Super-T (15 phiến L=38.2m):G5b,2.86,0.42,11.7
C702,18,Bản mặt cầu (Deck Slab):S4,2.1,0.42,11.7
C702,18,Bản mặt cầu (Deck Slab):S4,2.1,0.42,11.7
C702,18,Bản mặt cầu (Deck Slab):S4,2.1,0.42,11.7
C702,18,Bản mặt cầu (Deck Slab):S4,2.1,0.42,11.7
C703,18,Dầm chủ Super-T (15 phiến L=38.2m):G5b,2.86,0.42,11.7
C703,18,Bản mặt cầu (Deck Slab):S4,2.1,0.42,11.7
C703,18,Bản mặt cầu (Deck Slab):S4,2.1,0.42,11.7
C703,18,Bản mặt cầu (Deck Slab):S4,2.1,0.42,11.7
C703,18,Bản mặt cầu (Deck Slab):S4,2.1,0.42,11.7
C704,18,Dầm chủ Super-T (15 phiến L=38.2m):G5b,2.86,0.42,11.7
C704,18,Bản mặt cầu (Deck Slab):S4,2.1,0.42,11.7
C704,18,Bản mặt cầu (Deck Slab):S4,2.1,0.42,11.7
C704,18,Bản mặt cầu (Deck Slab):S4,2.1,0.42,11.7
C704,18,Bản mặt cầu (Deck Slab):S4,2.1,0.42,11.7
C705,18,Dầm chủ Super-T (15 phiến L=38.2m):G5b,2.86,0.42,11.7
C705,18,Bản mặt cầu (Deck Slab):S4,2.1,0.42,11.7
C705,18,Bản mặt cầu (Deck Slab):S4,2.1,0.42,11.7
C705,18,Bản mặt cầu (Deck Slab):S4,2.1,0.42,11.7
C705,18,Bản mặt cầu (Deck Slab):S4,2.1,0.42,11.7
C706,18,Dầm chủ Super-T (15 phiến L=38.2m):G5b,2.86,0.42,11.7
C706,18,Bản mặt cầu (Deck Slab):S4,2.1,0.42,11.7
C706,18,Bản mặt cầu (Deck Slab):S4,2.1,0.42,11.7
C706,18,Bản mặt cầu (Deck Slab):S4,2.1,0.42,11.7
C706,18,Bản mặt cầu (Deck Slab):S4,2.1,0.42,11.7
C707,18,Dầm chủ Super-T (15 phiến L=38.2m):G5b,2.86,0.42,11.7
C707,18,Bản mặt cầu (Deck Slab):S4,2.1,0.42,11.7
C707,18,Bản mặt cầu (Deck Slab):S4,2.1,0.42,11.7
C707,18,Bản mặt cầu (Deck Slab):S4,2.1,0.42,11.7
C707,18,Bản mặt cầu (Deck Slab):S4,2.1,0.42,11.7
C708,18,Dầm chủ Super-T (15 phiến L=38.2m):G5b,2.86,0.42,11.7
C708,18,Bản mặt cầu (Deck Slab):S4,2.1,0.42,11.7
C708,18,Bản mặt cầu (Deck Slab):S4,2.1,0.42,11.7
C708,18,Bản mặt cầu (Deck Slab):S4,2.1,0.42,11.7
C708,18,Bản mặt cầu (Deck Slab):S4,2.1,0.42,11.7
C709,18,Dầm chủ Super-T (15 phiến L=38.2m):G5b,2.86,0.42,11.7
C709,18,Bản mặt cầu (Deck Slab):S4,2.1,0.42,11.7
C709,18,Bản mặt cầu (Deck Slab):S4,2.1,0.42,11.7
C709,18,Bản mặt cầu (Deck Slab):S4,2.1,0.42,11.7
C709,18,Bản mặt cầu (Deck Slab):S4,2.1,0.42,11.7
C710,18,Dầm chủ Super-T (15 phiến L=38.2m):G5b,2.86,0.42,11.7
C710,18,Bản mặt cầu (Deck Slab):S4,2.1,0.42,11.7
C710,18,Bản mặt cầu (Deck Slab):S4,2.1,0.42,11.7
C710,18,Bản mặt cầu (Deck Slab):S4,2.1,0.42,11.7
C710,18,Bản mặt cầu (Deck Slab):S4,2.1,0.42,11.7
C711,18,Dầm chủ Super-T (15 phiến L=38.2m):G5b,2.86,0.42,11.7
C711,18,Bản mặt cầu (Deck Slab):S4,2.1,0.42,11.7
C711,18,Bản mặt cầu (Deck Slab):S4,2.1,0.42,11.7
C711,18,Bản mặt cầu (Deck Slab):S4,2.1,0.42,11.7
C711,18,Bản mặt cầu (Deck Slab):S4,2.1,0.42,11.7
C712,18,Dầm chủ Super-T (15 phiến L=38.2m):G5b,2.86,0.42,11.7
C712,18,Bản mặt cầu (Deck Slab):S4,2.1,0.42,11.7
C712,18,Bản mặt cầu (Deck Slab):S4,2.1,0.42,11.7
C712,18,Bản mặt cầu (Deck Slab):S4,2.1,0.42,11.7
C712,18,Bản mặt cầu (Deck Slab):S4,2.1,0.42,11.7
C713,18,Dầm chủ Super-T (15 phiến L=38.2m):G5b,2.86,0.42,11.7
C713,18,Bản mặt cầu (Deck Slab):S4,2.1,0.42,11.7
C713,18,Bản mặt cầu (Deck Slab):S4,2.1,0.42,11.7
C713,18,Bản mặt cầu (Deck Slab):S4,2.1,0.42,11.7
C713,18,Bản mặt cầu (Deck Slab):S4,2.1,0.42,11.7
C714,18,Dầm chủ Super-T (15 phiến L=38.2m):G5b,2.86,0.42,11.7
C714,18,Bản mặt cầu (Deck Slab):S4,2.1,0.42,11.7
C714,18,Bản mặt cầu (Deck Slab):S4,2.1,0.42,11.7
C714,18,Bản mặt cầu (Deck Slab):S4,2.1,0.42,11.7
C714,18,Bản mặt cầu (Deck Slab):S4,2.1,0.42,11.7
C715,18,Dầm chủ Super-T (15 phiến L=38.2m):G5b,2.86,0.42,11.7
C715,18,Bản mặt cầu (Deck Slab):S4,2.1,0.42,11.7
C715,18,Bản mặt cầu (Deck Slab):S4,2.1,0.42,11.7
C715,18,Bản mặt cầu (Deck Slab):S4,2.1,0.42,11.7
C715,18,Bản mặt cầu (Deck Slab):S4,2.1,0.42,11.7
C716,18,Dầm chủ Super-T (15 phiến L=38.2m):G5b,2.86,0.42,11.7
C716,18,Bản mặt cầu (Deck Slab):S4,2.1,0.42,11.7
C716,18,Bản mặt cầu (Deck Slab):S4,2.1,0.42,11.7
C716,18,Bản mặt cầu (Deck Slab):S4,2.1,0.42,11.7
C716,18,Bản mặt cầu (Deck Slab):S4,2.1,0.42,11.7
C717,18,Dầm chủ Super-T (15 phiến L=38.2m):G5b,2.86,0.42,11.7
C717,18,Bản mặt cầu (Deck Slab):S4,2.1,0.42,11.7
C717,18,Bản mặt cầu (Deck Slab):S4,2.1,0.42,11.7
C717,18,Bản mặt cầu (Deck Slab):S4,2.1,0.42,11.7
C717,18,Bản mặt cầu (Deck Slab):S4,2.1,0.42,11.7
C718,18,Dầm chủ Super-T (15 phiến L=38.2m):G5b,2.86,0.42,11.7
C718,18,Bản mặt cầu (Deck Slab):S4,2.1,0.42,11.7
C718,18,Bản mặt cầu (Deck Slab):S4,2.1,0.42,11.7
C718,18,Bản mặt cầu (Deck Slab):S4,2.1,0.42,11.7
C718,18,Bản mặt cầu (Deck Slab):S4,2.1,0.42,11.7
C719,18,Dầm chủ Super-T (15 phiến L=38.2m):G5b,2.86,0.42,11.7
C719,18,Bản mặt cầu (Deck Slab):S4,2.1,0.42,11.7
C719,18,Bản mặt cầu (Deck Slab):S4,2.1,0.42,11.7
C719,18,Bản mặt cầu (Deck Slab):S4,2.1,0.42,11.7
C719,18,Bản mặt cầu (Deck Slab):S4,2.1,0.42,11.7
C720,18,Dầm chủ Super-T (15 phiến L=38.2m):G5b,2.86,0.42,11.7
C720,18,Bản mặt cầu (Deck Slab):S4,2.1,0.42,11.7
C720,18,Bản mặt cầu (Deck Slab):S4,2.1,0.42,11.7
C720,18,Bản mặt cầu (Deck Slab):S4,2.1,0.42,11.7
C720,18,Bản mặt cầu (Deck Slab):S4,2.1,0.42,11.7
C721,18,Dầm chủ Super-T (15 phiến L=38.2m):G5b,2.86,0.42,11.7
C721,18,Bản mặt cầu (Deck Slab):S4,2.1,0.42,11.7
C721,18,Bản mặt cầu (Deck Slab):S4,2.1,0.42,11.7
C721,18,Bản mặt cầu (Deck Slab):S4,2.1,0.42,11.7
C721,18,Bản mặt cầu (Deck Slab):S4,2.1,0.42,11.7
C722,18,Dầm chủ Super-T (15 phiến L=38.2m):G5b,2.86,0.42,11.7
C722,18,Bản mặt cầu (Deck Slab):S4,2.1,0.42,11.7
C722,18,Bản mặt cầu (Deck Slab):S4,2.1,0.42,11.7
C722,18,Bản mặt cầu (Deck Slab):S4,2.1,0.42,11.7
C722,18,Bản mặt cầu (Deck Slab):S4,2.1,0.42,11.7
C723,18,Dầm chủ Super-T (15 phiến L=38.2m):G5b,2.86,0.42,11.7
C723,18,Bản mặt cầu (Deck Slab):S4,2.1,0.42,11.7
C723,18,Bản mặt cầu (Deck Slab):S4,2.1,0.42,11.7
C723,18,Bản mặt cầu (Deck Slab):S4,2.1,0.42,11.7
C723,18,Bản mặt cầu (Deck Slab):S4,2.1,0.42,11.7
C724,18,Dầm chủ Super-T (15 phiến L=38.2m):G5b,2.86,0.42,11.7
C724,18,Bản mặt cầu (Deck Slab):S4,2.1,0.42,11.7
C724,18,Bản mặt cầu (Deck Slab):S4,2.1,0.42,11.7
C724,18,Bản mặt cầu (Deck Slab):S4,2.1,0.42,11.7
C724,18,Bản mặt cầu (Deck Slab):S4,2.1,0.42,11.7
C725,18,Dầm chủ Super-T (15 phiến L=38.2m):G5b,2.86,0.42,11.7
C725,18,Bản mặt cầu (Deck Slab):S4,2.1,0.42,11.7
C725,18,Bản mặt cầu (Deck Slab):S4,2.1,0.42,11.7
C725,18,Bản mặt cầu (Deck Slab):S4,2.1,0.42,11.7
C725,18,Bản mặt cầu (Deck Slab):S4,2.1,0.42,11.7
C726,18,Dầm chủ Super-T (15 phiến L=38.2m):G5b,2.86,0.42,11.7
C726,18,Bản mặt cầu (Deck Slab):S4,2.1,0.42,11.7
C726,18,Bản mặt cầu (Deck Slab):S4,2.1,0.42,11.7
C726,18,Bản mặt cầu (Deck Slab):S4,2.1,0.42,11.7
C726,18,Bản mặt cầu (Deck Slab):S4,2.1,0.42,11.7
C727,18,Dầm chủ Super-T (15 phiến L=38.2m):G5b,2.86,0.42,11.7
C727,18,Bản mặt cầu (Deck Slab):S4,2.1,0.42,11.7
C727,18,Bản mặt cầu (Deck Slab):S4,2.1,0.42,11.7
C727,18,Bản mặt cầu (Deck Slab):S4,2.1,0.42,11.7
C727,18,Bản mặt cầu (Deck Slab):S4,2.1,0.42,11.7
C728,18,Dầm chủ Super-T (15 phiến L=38.2m):G5b,2.86,0.42,11.7
C728,18,Bản mặt cầu (Deck Slab):S4,2.1,0.42,11.7
C728,18,Bản mặt cầu (Deck Slab):S4,2.1,0.42,11.7
C728,18,Bản mặt cầu (Deck Slab):S4,2.1,0.42,11.7
C728,18,Bản mặt cầu (Deck Slab):S4,2.1,0.42,11.7
C729,18,Dầm chủ Super-T (15 phiến L=38.2m):G5b,2.86,0.42,11.7
C729,18,Bản mặt cầu (Deck Slab):S4,2.1,0.42,11.7
C729,18,Bản mặt cầu (Deck Slab):S4,2.1,0.42,11.7
C729,18,Bản mặt cầu (Deck Slab):S4,2.1,0.42,11.7
C729,18,Bản mặt cầu (Deck Slab):S4,2.1,0.42,11.7
C730,18,Dầm chủ Super-T (15 phiến L=38.2m):G5b,2.86,0.42,11.7
C730,18,Bản mặt cầu (Deck Slab):S4,2.1,0.42,11.7
C730,18,Bản mặt cầu (Deck Slab):S4,2.1,0.42,11.7
C730,18,Bản mặt cầu (Deck Slab):S4,2.1,0.42,11.7
C730,18,Bản mặt cầu (Deck Slab):S4,2.1,0.42,11.7
C731,18,Dầm chủ Super-T (15 phiến L=38.2m):G5b,2.86,0.42,11.7
C731,18,Bản mặt cầu (Deck Slab):S4,2.1,0.42,11.7
C731,18,Bản mặt cầu (Deck Slab):S4,2.1,0.42,11.7
C731,18,Bản mặt cầu (Deck Slab):S4,2.1,0.42,11.7
C731,18,Bản mặt cầu (Deck Slab):S4,2.1,0.42,11.7
C732,18,Dầm chủ Super-T (15 phiến L=38.2m):G5b,2.86,0.42,11.7
C732,18,Bản mặt cầu (Deck Slab):S4,2.1,0.42,11.7
C732,18,Bản mặt cầu (Deck Slab):S4,2.1,0.42,11.7
C732,18,Bản mặt cầu (Deck Slab):S4,2.1,0.42,11.7
C732,18,Bản mặt cầu (Deck Slab):S4,2.1,0.42,11.7
C733,18,Dầm chủ Super-T (15 phiến L=38.2m):G5b,2.86,0.42,11.7
C733,18,Bản mặt cầu (Deck Slab):S4,2.1,0.42,11.7
C733,18,Bản mặt cầu (Deck Slab):S4,2.1,0.42,11.7
C733,18,Bản mặt cầu (Deck Slab):S4,2.1,0.42,11.7
C733,18,Bản mặt cầu (Deck Slab):S4,2.1,0.42,11.7
C734,18,Dầm chủ Super-T (15 phiến L=38.2m):G5b,2.86,0.42,11.7
C734,18,Bản mặt cầu (Deck Slab):S4,2.1,0.42,11.7
C734,18,Bản mặt cầu (Deck Slab):S4,2.1,0.42,11.7
C734,18,Bản mặt cầu (Deck Slab):S4,2.1,0.42,11.7
C734,18,Bản mặt cầu (Deck Slab):S4,2.1,0.42,11.7
C735,18,Dầm chủ Super-T (15 phiến L=38.2m):G5b,2.86,0.42,11.7
C735,18,Bản mặt cầu (Deck Slab):S4,2.1,0.42,11.7
C735,18,Bản mặt cầu (Deck Slab):S4,2.1,0.42,11.7
C735,18,Bản mặt cầu (Deck Slab):S4,2.1,0.42,11.7
C735,18,Bản mặt cầu (Deck Slab):S4,2.1,0.42,11.7
C736,18,Dầm chủ Super-T (15 phiến L=38.2m):G5b,2.86,0.42,11.7
C736,18,Bản mặt cầu (Deck Slab):S4,2.1,0.42,11.7
C736,18,Bản mặt cầu (Deck Slab):S4,2.1,0.42,11.7
C736,18,Bản mặt cầu (Deck Slab):S4,2.1,0.42,11.7
C736,18,Bản mặt cầu (Deck Slab):S4,2.1,0.42,11.7
C737,18,Dầm chủ Super-T (15 phiến L=38.2m):G5b,2.86,0.42,11.7
C737,18,Bản mặt cầu (Deck Slab):S4,2.1,0.42,11.7
C737,18,Bản mặt cầu (Deck Slab):S4,2.1,0.42,11.7
C737,18,Bản mặt cầu (Deck Slab):S4,2.1,0.42,11.7
C737,18,Bản mặt cầu (Deck Slab):S4,2.1,0.42,11.7
C738,18,Dầm chủ Super-T (15 phiến L=38.2m):G5b,2.86,0.42,11.7
C738,18,Bản mặt cầu (Deck Slab):S4,2.1,0.42,11.7
C738,18,Bản mặt cầu (Deck Slab):S4,2.1,0.42,11.7
C738,18,Bản mặt cầu (Deck Slab):S4,2.1,0.42,11.7
C738,18,Bản mặt cầu (Deck Slab):S4,2.1,0.42,11.7
C739,18,Dầm chủ Super-T (15 phiến L=38.2m):G5b,2.86,0.42,11.7
C739,18,Bản mặt cầu (Deck Slab):S4,2.1,0.42,11.7
C739,18,Bản mặt cầu (Deck Slab):S4,2.1,0.42,11.7
C739,18,Bản mặt cầu (Deck Slab):S4,2.1,0.42,11.7
C739,18,Bản mặt cầu (Deck Slab):S4,2.1,0.42,11.7
C740,18,Dầm chủ Super-T (15 phiến L=38.2m):G5b,2.86,0.42,11.7
C740,18,Bản mặt cầu (Deck Slab):S4,2.1,0.42,11.7
C740,18,Bản mặt cầu (Deck Slab):S4,2.1,0.42,11.7
C740,18,Bản mặt cầu (Deck Slab):S4,2.1,0.42,11.7
C740,18,Bản mặt cầu (Deck Slab):S4,2.1,0.42,11.7
C741,18,Dầm chủ Super-T (15 phiến L=38.2m):G5b,2.86,0.42,11.7
C741,18,Bản mặt cầu (Deck Slab):S4,2.1,0.42,11.7
C741,18,Bản mặt cầu (Deck Slab):S4,2.1,0.42,11.7
C741,18,Bản mặt cầu (Deck Slab):S4,2.1,0.42,11.7
C741,18,Bản mặt cầu (Deck Slab):S4,2.1,0.42,11.7
C742,18,Dầm chủ Super-T (15 phiến L=38.2m):G5b,2.86,0.42,11.7
C742,18,Bản mặt cầu (Deck Slab):S4,2.1,0.42,11.7
C742,18,Bản mặt cầu (Deck Slab):S4,2.1,0.42,11.7
C742,18,Bản mặt cầu (Deck Slab):S4,2.1,0.42,11.7
C742,18,Bản mặt cầu (Deck Slab):S4,2.1,0.42,11.7
C743,18,Dầm chủ Super-T (15 phiến L=38.2m):G5b,2.86,0.42,11.7
C743,18,Bản mặt cầu (Deck Slab):S4,2.1,0.42,11.7
C743,18,Bản mặt cầu (Deck Slab):S4,2.1,0.42,11.7
C743,18,Bản mặt cầu (Deck Slab):S4,2.1,0.42,11.7
C743,18,Bản mặt cầu (Deck Slab):S4,2.1,0.42,11.7
C744,18,Dầm chủ Super-T (15 phiến L=38.2m):G5b,2.86,0.42,11.7
C744,18,Bản mặt cầu (Deck Slab):S4,2.1,0.42,11.7
C744,18,Bản mặt cầu (Deck Slab):S4,2.1,0.42,11.7
C744,18,Bản mặt cầu (Deck Slab):S4,2.1,0.42,11.7
C744,18,Bản mặt cầu (Deck Slab):S4,2.1,0.42,11.7
C745,18,Dầm chủ Super-T (15 phiến L=38.2m):G5b,2.86,0.42,11.7
C745,18,Bản mặt cầu (Deck Slab):S4,2.1,0.42,11.7
C745,18,Bản mặt cầu (Deck Slab):S4,2.1,0.42,11.7
C745,18,Bản mặt cầu (Deck Slab):S4,2.1,0.42,11.7
C745,18,Bản mặt cầu (Deck Slab):S4,2.1,0.42,11.7
C746,18,Dầm chủ Super-T (15 phiến L=38.2m):G5b,2.86,0.42,11.7
C746,18,Bản mặt cầu (Deck Slab):S4,2.1,0.42,11.7
C746,18,Bản mặt cầu (Deck Slab):S4,2.1,0.42,11.7
C746,18,Bản mặt cầu (Deck Slab):S4,2.1,0.42,11.7
C746,18,Bản mặt cầu (Deck Slab):S4,2.1,0.42,11.7
C747,18,Dầm chủ Super-T (15 phiến L=38.2m):G5b,2.86,0.42,11.7
C747,18,Bản mặt cầu (Deck Slab):S4,2.1,0.42,11.7
C747,18,Bản mặt cầu (Deck Slab):S4,2.1,0.42,11.7
C747,18,Bản mặt cầu (Deck Slab):S4,2.1,0.42,11.7
C747,18,Bản mặt cầu (Deck Slab):S4,2.1,0.42,11.7
C748,18,Dầm chủ Super-T (15 phiến L=38.2m):G5b,2.86,0.42,11.7
C748,18,Bản mặt cầu (Deck Slab):S4,2.1,0.42,11.7
C748,18,Bản mặt cầu (Deck Slab):S4,2.1,0.42,11.7
C748,18,Bản mặt cầu (Deck Slab):S4,2.1,0.42,11.7
C748,18,Bản mặt cầu (Deck Slab):S4,2.1,0.42,11.7
C749,18,Dầm chủ Super-T (15 phiến L=38.2m):G5b,2.86,0.42,11.7
C749,18,Bản mặt cầu (Deck Slab):S4,2.1,0.42,11.7
C749,18,Bản mặt cầu (Deck Slab):S4,2.1,0.42,11.7
C749,18,Bản mặt cầu (Deck Slab):S4,2.1,0.42,11.7
C749,18,Bản mặt cầu (Deck Slab):S4,2.1,0.42,11.7
C750,18,Dầm chủ Super-T (15 phiến L=38.2m):G5b,2.86,0.42,11.7
C750,18,Bản mặt cầu (Deck Slab):S4,2.1,0.42,11.7
C750,18,Bản mặt cầu (Deck Slab):S4,2.1,0.42,11.7
C750,18,Bản mặt cầu (Deck Slab):S4,2.1,0.42,11.7
C750,18,Bản mặt cầu (Deck Slab):S4,2.1,0.42,11.7
C751,18,Dầm chủ Super-T (15 phiến L=38.2m):G5b,2.86,0.42,11.7
C751,18,Bản mặt cầu (Deck Slab):S4,2.1,0.42,11.7
C751,18,Bản mặt cầu (Deck Slab):S4,2.1,0.42,11.7
C751,18,Bản mặt cầu (Deck Slab):S4,2.1,0.42,11.7
C751,18,Bản mặt cầu (Deck Slab):S4,2.1,0.42,11.7
C752,18,Dầm chủ Super-T (15 phiến L=38.2m):G5b,2.86,0.42,11.7
C752,18,Bản mặt cầu (Deck Slab):S4,2.1,0.42,11.7
C752,18,Bản mặt cầu (Deck Slab):S4,2.1,0.42,11.7
C752,18,Bản mặt cầu (Deck Slab):S4,2.1,0.42,11.7
C752,18,Bản mặt cầu (Deck Slab):S4,2.1,0.42,11.7
C753,18,Dầm chủ Super-T (15 phiến L=38.2m):G5b,2.86,0.42,11.7
C753,18,Bản mặt cầu (Deck Slab):S4,2.1,0.42,11.7
C753,18,Bản mặt cầu (Deck Slab):S4,2.1,0.42,11.7
C753,18,Bản mặt cầu (Deck Slab):S4,2.1,0.42,11.7
C753,18,Bản mặt cầu (Deck Slab):S4,2.1,0.42,11.7
C754,18,Dầm chủ Super-T (15 phiến L=38.2m):G5b,2.86,0.42,11.7
C754,18,Bản mặt cầu (Deck Slab):S4,2.1,0.42,11.7
C754,18,Bản mặt cầu (Deck Slab):S4,2.1,0.42,11.7
C754,18,Bản mặt cầu (Deck Slab):S4,2.1,0.42,11.7
C754,18,Bản mặt cầu (Deck Slab):S4,2.1,0.42,11.7
C755,18,Dầm chủ Super-T (15 phiến L=38.2m):G5b,2.86,0.42,11.7
C755,18,Bản mặt cầu (Deck Slab):S4,2.1,0.42,11.7
C755,18,Bản mặt cầu (Deck Slab):S4,2.1,0.42,11.7
C755,18,Bản mặt cầu (Deck Slab):S4,2.1,0.42,11.7
C755,18,Bản mặt cầu (Deck Slab):S4,2.1,0.42,11.7
C756,18,Dầm chủ Super-T (15 phiến L=38.2m):G5b,2.86,0.42,11.7
C756,18,Bản mặt cầu (Deck Slab):S4,2.1,0.42,11.7
C756,18,Bản mặt cầu (Deck Slab):S4,2.1,0.42,11.7
C756,18,Bản mặt cầu (Deck Slab):S4,2.1,0.42,11.7
C756,18,Bản mặt cầu (Deck Slab):S4,2.1,0.42,11.7
C757,18,Dầm chủ Super-T (15 phiến L=38.2m):G5b,2.86,0.42,11.7
C757,18,Bản mặt cầu (Deck Slab):S4,2.1,0.42,11.7
C757,18,Bản mặt cầu (Deck Slab):S4,2.1,0.42,11.7
C757,18,Bản mặt cầu (Deck Slab):S4,2.1,0.42,11.7
C757,18,Bản mặt cầu (Deck Slab):S4,2.1,0.42,11.7
C758,18,Dầm chủ Super-T (15 phiến L=38.2m):G5b,2.86,0.42,11.7
C758,18,Bản mặt cầu (Deck Slab):S4,2.1,0.42,11.7
C758,18,Bản mặt cầu (Deck Slab):S4,2.1,0.42,11.7
C758,18,Bản mặt cầu (Deck Slab):S4,2.1,0.42,11.7
C758,18,Bản mặt cầu (Deck Slab):S4,2.1,0.42,11.7
C759,18,Dầm chủ Super-T (15 phiến L=38.2m):G5b,2.86,0.42,11.7
C759,18,Bản mặt cầu (Deck Slab):S4,2.1,0.42,11.7
C759,18,Bản mặt cầu (Deck Slab):S4,2.1,0.42,11.7
C759,18,Bản mặt cầu (Deck Slab):S4,2.1,0.42,11.7
C759,18,Bản mặt cầu (Deck Slab):S4,2.1,0.42,11.7
C760,18,Dầm chủ Super-T (15 phiến L=38.2m):G5b,2.86,0.42,11.7
C760,18,Bản mặt cầu (Deck Slab):S4,2.1,0.42,11.7
C760,18,Bản mặt cầu (Deck Slab):S4,2.1,0.42,11.7
C760,18,Bản mặt cầu (Deck Slab):S4,2.1,0.42,11.7
C760,18,Bản mặt cầu (Deck Slab):S4,2.1,0.42,11.7
C761,18,Dầm chủ Super-T (15 phiến L=38.2m):G5b,2.86,0.42,11.7
C761,18,Bản mặt cầu (Deck Slab):S4,2.1,0.42,11.7
C761,18,Bản mặt cầu (Deck Slab):S4,2.1,0.42,11.7
C761,18,Bản mặt cầu (Deck Slab):S4,2.1,0.42,11.7
C761,18,Bản mặt cầu (Deck Slab):S4,2.1,0.42,11.7
C762,18,Dầm chủ Super-T (15 phiến L=38.2m):G5b,2.86,0.42,11.7
C762,18,Bản mặt cầu (Deck Slab):S4,2.1,0.42,11.7
C762,18,Bản mặt cầu (Deck Slab):S4,2.1,0.42,11.7
C762,18,Bản mặt cầu (Deck Slab):S4,2.1,0.42,11.7
C762,18,Bản mặt cầu (Deck Slab):S4,2.1,0.42,11.7
C763,18,Dầm chủ Super-T (15 phiến L=38.2m):G5b,2.86,0.42,11.7
C763,18,Bản mặt cầu (Deck Slab):S4,2.1,0.42,11.7
C763,18,Bản mặt cầu (Deck Slab):S4,2.1,0.42,11.7
C763,18,Bản mặt cầu (Deck Slab):S4,2.1,0.42,11.7
C763,18,Bản mặt cầu (Deck Slab):S4,2.1,0.42,11.7
C764,18,Dầm chủ Super-T (15 phiến L=38.2m):G5b,2.86,0.42,11.7
C764,18,Bản mặt cầu (Deck Slab):S4,2.1,0.42,11.7
C764,18,Bản mặt cầu (Deck Slab):S4,2.1,0.42,11.7
C764,18,Bản mặt cầu (Deck Slab):S4,2.1,0.42,11.7
C764,18,Bản mặt cầu (Deck Slab):S4,2.1,0.42,11.7
C765,18,Dầm chủ Super-T (15 phiến L=38.2m):G5b,2.86,0.42,11.7
C765,18,Bản mặt cầu (Deck Slab):S4,2.1,0.42,11.7
C765,18,Bản mặt cầu (Deck Slab):S4,2.1,0.42,11.7
C765,18,Bản mặt cầu (Deck Slab):S4,2.1,0.42,11.7
C765,18,Bản mặt cầu (Deck Slab):S4,2.1,0.42,11.7
C766,18,Dầm chủ Super-T (15 phiến L=38.2m):G5b,2.86,0.42,11.7
C766,18,Bản mặt cầu (Deck Slab):S4,2.1,0.42,11.7
C766,18,Bản mặt cầu (Deck Slab):S4,2.1,0.42,11.7
C766,18,Bản mặt cầu (Deck Slab):S4,2.1,0.42,11.7
C766,18,Bản mặt cầu (Deck Slab):S4,2.1,0.42,11.7
C767,18,Dầm chủ Super-T (15 phiến L=38.2m):G5b,2.86,0.42,11.7
C767,18,Bản mặt cầu (Deck Slab):S4,2.1,0.42,11.7
C767,18,Bản mặt cầu (Deck Slab):S4,2.1,0.42,11.7
C767,18,Bản mặt cầu (Deck Slab):S4,2.1,0.42,11.7
C767,18,Bản mặt cầu (Deck Slab):S4,2.1,0.42,11.7
C768,18,Dầm chủ Super-T (15 phiến L=38.2m):G5b,2.86,0.42,11.7
C768,18,Bản mặt cầu (Deck Slab):S4,2.1,0.42,11.7
C768,18,Bản mặt cầu (Deck Slab):S4,2.1,0.42,11.7
C768,18,Bản mặt cầu (Deck Slab):S4,2.1,0.42,11.7
C768,18,Bản mặt cầu (Deck Slab):S4,2.1,0.42,11.7
C769,18,Dầm chủ Super-T (15 phiến L=38.2m):G5b,2.86,0.42,11.7
C769,18,Bản mặt cầu (Deck Slab):S4,2.1,0.42,11.7
C769,18,Bản mặt cầu (Deck Slab):S4,2.1,0.42,11.7
C769,18,Bản mặt cầu (Deck Slab):S4,2.1,0.42,11.7
C769,18,Bản mặt cầu (Deck Slab):S4,2.1,0.42,11.7
C770,18,Dầm chủ Super-T (15 phiến L=38.2m):G5b,2.86,0.42,11.7
C770,18,Bản mặt cầu (Deck Slab):S4,2.1,0.42,11.7
C770,18,Bản mặt cầu (Deck Slab):S4,2.1,0.42,11.7
C770,18,Bản mặt cầu (Deck Slab):S4,2.1,0.42,11.7
C770,18,Bản mặt cầu (Deck Slab):S4,2.1,0.42,11.7
C771,18,Dầm chủ Super-T (15 phiến L=38.2m):G5b,2.86,0.42,11.7
C771,18,Bản mặt cầu (Deck Slab):S4,2.1,0.42,11.7
C771,18,Bản mặt cầu (Deck Slab):S4,2.1,0.42,11.7
C771,18,Bản mặt cầu (Deck Slab):S4,2.1,0.42,11.7
C771,18,Bản mặt cầu (Deck Slab):S4,2.1,0.42,11.7
C772,18,Dầm chủ Super-T (15 phiến L=38.2m):G5b,2.86,0.42,11.7
C772,18,Bản mặt cầu (Deck Slab):S4,2.1,0.42,11.7
C772,18,Bản mặt cầu (Deck Slab):S4,2.1,0.42,11.7
C772,18,Bản mặt cầu (Deck Slab):S4,2.1,0.42,11.7
C772,18,Bản mặt cầu (Deck Slab):S4,2.1,0.42,11.7
C773,18,Dầm chủ Super-T (15 phiến L=38.2m):G5b,2.86,0.42,11.7
C773,18,Bản mặt cầu (Deck Slab):S4,2.1,0.42,11.7
C773,18,Bản mặt cầu (Deck Slab):S4,2.1,0.42,11.7
C773,18,Bản mặt cầu (Deck Slab):S4,2.1,0.42,11.7
C773,18,Bản mặt cầu (Deck Slab):S4,2.1,0.42,11.7
C774,18,Dầm chủ Super-T (15 phiến L=38.2m):G5b,2.86,0.42,11.7
C774,18,Bản mặt cầu (Deck Slab):S4,2.1,0.42,11.7
C774,18,Bản mặt cầu (Deck Slab):S4,2.1,0.42,11.7
C774,18,Bản mặt cầu (Deck Slab):S4,2.1,0.42,11.7
C774,18,Bản mặt cầu (Deck Slab):S4,2.1,0.42,11.7
C775,18,Dầm chủ Super-T (15 phiến L=38.2m):G5b,2.86,0.42,11.7
C775,18,Bản mặt cầu (Deck Slab):S4,2.1,0.42,11.7
C775,18,Bản mặt cầu (Deck Slab):S4,2.1,0.42,11.7
C775,18,Bản mặt cầu (Deck Slab):S4,2.1,0.42,11.7
C775,18,Bản mặt cầu (Deck Slab):S4,2.1,0.42,11.7
C776,18,Dầm chủ Super-T (15 phiến L=38.2m):G5b,2.86,0.42,11.7
C776,18,Bản mặt cầu (Deck Slab):S4,2.1,0.42,11.7
C776,18,Bản mặt cầu (Deck Slab):S4,2.1,0.42,11.7
C776,18,Bản mặt cầu (Deck Slab):S4,2.1,0.42,11.7
C776,18,Bản mặt cầu (Deck Slab):S4,2.1,0.42,11.7
C777,18,Dầm chủ Super-T (15 phiến L=38.2m):G5b,2.86,0.42,11.7
C777,18,Bản mặt cầu (Deck Slab):S4,2.1,0.42,11.7
C777,18,Bản mặt cầu (Deck Slab):S4,2.1,0.42,11.7
C777,18,Bản mặt cầu (Deck Slab):S4,2.1,0.42,11.7
C777,18,Bản mặt cầu (Deck Slab):S4,2.1,0.42,11.7
C778,18,Dầm chủ Super-T (15 phiến L=38.2m):G5b,2.86,0.42,11.7
C778,18,Bản mặt cầu (Deck Slab):S4,2.1,0.42,11.7
C778,18,Bản mặt cầu (Deck Slab):S4,2.1,0.42,11.7
C778,18,Bản mặt cầu (Deck Slab):S4,2.1,0.42,11.7
C778,18,Bản mặt cầu (Deck Slab):S4,2.1,0.42,11.7
C779,18,Dầm chủ Super-T (15 phiến L=38.2m):G5b,2.86,0.42,11.7
C779,18,Bản mặt cầu (Deck Slab):S4,2.1,0.42,11.7
C779,18,Bản mặt cầu (Deck Slab):S4,2.1,0.42,11.7
C779,18,Bản mặt cầu (Deck Slab):S4,2.1,0.42,11.7
C779,18,Bản mặt cầu (Deck Slab):S4,2.1,0.42,11.7
C780,18,Dầm chủ Super-T (15 phiến L=38.2m):G5b,2.86,0.42,11.7
C780,18,Bản mặt cầu (Deck Slab):S4,2.1,0.42,11.7
C780,18,Bản mặt cầu (Deck Slab):S4,2.1,0.42,11.7
C780,18,Bản mặt cầu (Deck Slab):S4,2.1,0.42,11.7
C780,18,Bản mặt cầu (Deck Slab):S4,2.1,0.42,11.7
C781,18,Dầm chủ Super-T (15 phiến L=38.2m):G5b,2.86,0.42,11.7
C781,18,Bản mặt cầu (Deck Slab):S4,2.1,0.42,11.7
C781,18,Bản mặt cầu (Deck Slab):S4,2.1,0.42,11.7
C781,18,Bản mặt cầu (Deck Slab):S4,2.1,0.42,11.7
C781,18,Bản mặt cầu (Deck Slab):S4,2.1,0.42,11.7
C782,18,Dầm chủ Super-T (15 phiến L=38.2m):G5b,2.86,0.42,11.7
C782,18,Bản mặt cầu (Deck Slab):S4,2.1,0.42,11.7
C782,18,Bản mặt cầu (Deck Slab):S4,2.1,0.42,11.7
C782,18,Bản mặt cầu (Deck Slab):S4,2.1,0.42,11.7
C782,18,Bản mặt cầu (Deck Slab):S4,2.1,0.42,11.7
C783,18,Dầm chủ Super-T (15 phiến L=38.2m):G5b,2.86,0.42,11.7
C783,18,Bản mặt cầu (Deck Slab):S4,2.1,0.42,11.7
C783,18,Bản mặt cầu (Deck Slab):S4,2.1,0.42,11.7
C783,18,Bản mặt cầu (Deck Slab):S4,2.1,0.42,11.7
C783,18,Bản mặt cầu (Deck Slab):S4,2.1,0.42,11.7
C784,18,Dầm chủ Super-T (15 phiến L=38.2m):G5b,2.86,0.42,11.7
C784,18,Bản mặt cầu (Deck Slab):S4,2.1,0.42,11.7
C784,18,Bản mặt cầu (Deck Slab):S4,2.1,0.42,11.7
C784,18,Bản mặt cầu (Deck Slab):S4,2.1,0.42,11.7
C784,18,Bản mặt cầu (Deck Slab):S4,2.1,0.42,11.7
C785,18,Dầm chủ Super-T (15 phiến L=38.2m):G5b,2.86,0.42,11.7
C785,18,Bản mặt cầu (Deck Slab):S4,2.1,0.42,11.7
C785,18,Bản mặt cầu (Deck Slab):S4,2.1,0.42,11.7
C785,18,Bản mặt cầu (Deck Slab):S4,2.1,0.42,11.7
C785,18,Bản mặt cầu (Deck Slab):S4,2.1,0.42,11.7
C786,18,Dầm chủ Super-T (15 phiến L=38.2m):G5b,2.86,0.42,11.7
C786,18,Bản mặt cầu (Deck Slab):S4,2.1,0.42,11.7
C786,18,Bản mặt cầu (Deck Slab):S4,2.1,0.42,11.7
C786,18,Bản mặt cầu (Deck Slab):S4,2.1,0.42,11.7
C786,18,Bản mặt cầu (Deck Slab):S4,2.1,0.42,11.7
C787,18,Dầm chủ Super-T (15 phiến L=38.2m):G5b,2.86,0.42,11.7
C787,18,Bản mặt cầu (Deck Slab):S4,2.1,0.42,11.7
C787,18,Bản mặt cầu (Deck Slab):S4,2.1,0.42,11.7
C787,18,Bản mặt cầu (Deck Slab):S4,2.1,0.42,11.7
C787,18,Bản mặt cầu (Deck Slab):S4,2.1,0.42,11.7
C788,18,Dầm chủ Super-T (15 phiến L=38.2m):G5b,2.86,0.42,11.7
C788,18,Bản mặt cầu (Deck Slab):S4,2.1,0.42,11.7
C788,18,Bản mặt cầu (Deck Slab):S4,2.1,0.42,11.7
C788,18,Bản mặt cầu (Deck Slab):S4,2.1,0.42,11.7
C788,18,Bản mặt cầu (Deck Slab):S4,2.1,0.42,11.7
C789,18,Dầm chủ Super-T (15 phiến L=38.2m):G5b,2.86,0.42,11.7
C789,18,Bản mặt cầu (Deck Slab):S4,2.1,0.42,11.7
C789,18,Bản mặt cầu (Deck Slab):S4,2.1,0.42,11.7
C789,18,Bản mặt cầu (Deck Slab):S4,2.1,0.42,11.7
C789,18,Bản mặt cầu (Deck Slab):S4,2.1,0.42,11.7
C790,18,Dầm chủ Super-T (15 phiến L=38.2m):G5b,2.86,0.42,11.7
C790,18,Bản mặt cầu (Deck Slab):S4,2.1,0.42,11.7
C790,18,Bản mặt cầu (Deck Slab):S4,2.1,0.42,11.7
C790,18,Bản mặt cầu (Deck Slab):S4,2.1,0.42,11.7
C790,18,Bản mặt cầu (Deck Slab):S4,2.1,0.42,11.7
C791,18,Dầm chủ Super-T (15 phiến L=38.2m):G5b,2.86,0.42,11.7
C791,18,Bản mặt cầu (Deck Slab):S4,2.1,0.42,11.7
C791,18,Bản mặt cầu (Deck Slab):S4,2.1,0.42,11.7
C791,18,Bản mặt cầu (Deck Slab):S4,2.1,0.42,11.7
C791,18,Bản mặt cầu (Deck Slab):S4,2.1,0.42,11.7
C792,18,Dầm chủ Super-T (15 phiến L=38.2m):G5b,2.86,0.42,11.7
C792,18,Bản mặt cầu (Deck Slab):S4,2.1,0.42,11.7
C792,18,Bản mặt cầu (Deck Slab):S4,2.1,0.42,11.7
C792,18,Bản mặt cầu (Deck Slab):S4,2.1,0.42,11.7
C792,18,Bản mặt cầu (Deck Slab):S4,2.1,0.42,11.7
C793,18,Dầm chủ Super-T (15 phiến L=38.2m):G5b,2.86,0.42,11.7
C793,18,Bản mặt cầu (Deck Slab):S4,2.1,0.42,11.7
C793,18,Bản mặt cầu (Deck Slab):S4,2.1,0.42,11.7
C793,18,Bản mặt cầu (Deck Slab):S4,2.1,0.42,11.7
C793,18,Bản mặt cầu (Deck Slab):S4,2.1,0.42,11.7
C794,18,Dầm chủ Super-T (15 phiến L=38.2m):G5b,2.86,0.42,11.7
C794,18,Bản mặt cầu (Deck Slab):S4,2.1,0.42,11.7
C794,18,Bản mặt cầu (Deck Slab):S4,2.1,0.42,11.7
C794,18,Bản mặt cầu (Deck Slab):S4,2.1,0.42,11.7
C794,18,Bản mặt cầu (Deck Slab):S4,2.1,0.42,11.7
C795,18,Dầm chủ Super-T (15 phiến L=38.2m):G5b,2.86,0.42,11.7
C795,18,Bản mặt cầu (Deck Slab):S4,2.1,0.42,11.7
C795,18,Bản mặt cầu (Deck Slab):S4,2.1,0.42,11.7
C795,18,Bản mặt cầu (Deck Slab):S4,2.1,0.42,11.7
C795,18,Bản mặt cầu (Deck Slab):S4,2.1,0.42,11.7
C796,18,Dầm chủ Super-T (15 phiến L=38.2m):G5b,2.86,0.42,11.7
C796,18,Bản mặt cầu (Deck Slab):S4,2.1,0.42,11.7
C796,18,Bản mặt cầu (Deck Slab):S4,2.1,0.42,11.7
C796,18,Bản mặt cầu (Deck Slab):S4,2.1,0.42,11.7
C796,18,Bản mặt cầu (Deck Slab):S4,2.1,0.42,11.7
C797,18,Dầm chủ Super-T (15 phiến L=38.2m):G5b,2.86,0.42,11.7
C797,18,Bản mặt cầu (Deck Slab):S4,2.1,0.42,11.7
C797,18,Bản mặt cầu (Deck Slab):S4,2.1,0.42,11.7
C797,18,Bản mặt cầu (Deck Slab):S4,2.1,0.42,11.7
C797,18,Bản mặt cầu (Deck Slab):S4,2.1,0.42,11.7
C798,18,Dầm chủ Super-T (15 phiến L=38.2m):G5b,2.86,0.42,11.7
C798,18,Bản mặt cầu (Deck Slab):S4,2.1,0.42,11.7
C798,18,Bản mặt cầu (Deck Slab):S4,2.1,0.42,11.7
C798,18,Bản mặt cầu (Deck Slab):S4,2.1,0.42,11.7
C798,18,Bản mặt cầu (Deck Slab):S4,2.1,0.42,11.7
C799,18,Dầm chủ Super-T (15 phiến L=38.2m):G5b,2.86,0.42,11.7
C799,18,Bản mặt cầu (Deck Slab):S4,2.1,0.42,11.7
C799,18,Bản mặt cầu (Deck Slab):S4,2.1,0.42,11.7
C799,18,Bản mặt cầu (Deck Slab):S4,2.1,0.42,11.7
C799,18,Bản mặt cầu (Deck Slab):S4,2.1,0.42,11.7
C800,18,Dầm chủ Super-T (15 phiến L=38.2m):G5b,2.86,0.42,11.7
C800,18,Bản mặt cầu (Deck Slab):S4,2.1,0.42,11.7
C800,18,Bản mặt cầu (Deck Slab):S4,2.1,0.42,11.7
C800,18,Bản mặt cầu (Deck Slab):S4,2.1,0.42,11.7
C800,18,Bản mặt cầu (Deck Slab):S4,2.1,0.42,11.7
C801,18,Dầm chủ Super-T (15 phiến L=38.2m):G5b,2.86,0.42,11.7
C801,18,Bản mặt cầu (Deck Slab):S4,2.1,0.42,11.7
C801,18,Bản mặt cầu (Deck Slab):S4,2.1,0.42,11.7
C801,18,Bản mặt cầu (Deck Slab):S4,2.1,0.42,11.7
C801,18,Bản mặt cầu (Deck Slab):S4,2.1,0.42,11.7
C802,18,Dầm chủ Super-T (15 phiến L=38.2m):G5b,2.86,0.42,11.7
C802,18,Bản mặt cầu (Deck Slab):S4,2.1,0.42,11.7
C802,18,Bản mặt cầu (Deck Slab):S4,2.1,0.42,11.7
C802,18,Bản mặt cầu (Deck Slab):S4,2.1,0.42,11.7
C802,18,Bản mặt cầu (Deck Slab):S4,2.1,0.42,11.7
C803,18,Dầm chủ Super-T (15 phiến L=38.2m):G5b,2.86,0.42,11.7
C803,18,Bản mặt cầu (Deck Slab):S4,2.1,0.42,11.7
C803,18,Bản mặt cầu (Deck Slab):S4,2.1,0.42,11.7
C803,18,Bản mặt cầu (Deck Slab):S4,2.1,0.42,11.7
C803,18,Bản mặt cầu (Deck Slab):S4,2.1,0.42,11.7
C804,18,Dầm chủ Super-T (15 phiến L=38.2m):G5b,2.86,0.42,11.7
C804,18,Bản mặt cầu (Deck Slab):S4,2.1,0.42,11.7
C804,18,Bản mặt cầu (Deck Slab):S4,2.1,0.42,11.7
C804,18,Bản mặt cầu (Deck Slab):S4,2.1,0.42,11.7
C804,18,Bản mặt cầu (Deck Slab):S4,2.1,0.42,11.7
C805,18,Dầm chủ Super-T (15 phiến L=38.2m):G5b,2.86,0.42,11.7
C805,18,Bản mặt cầu (Deck Slab):S4,2.1,0.42,11.7
C805,18,Bản mặt cầu (Deck Slab):S4,2.1,0.42,11.7
C805,18,Bản mặt cầu (Deck Slab):S4,2.1,0.42,11.7
C805,18,Bản mặt cầu (Deck Slab):S4,2.1,0.42,11.7
C806,18,Dầm chủ Super-T (15 phiến L=38.2m):G5b,2.86,0.42,11.7
C806,18,Bản mặt cầu (Deck Slab):S4,2.1,0.42,11.7
C806,18,Bản mặt cầu (Deck Slab):S4,2.1,0.42,11.7
C806,18,Bản mặt cầu (Deck Slab):S4,2.1,0.42,11.7
C806,18,Bản mặt cầu (Deck Slab):S4,2.1,0.42,11.7
C807,18,Dầm chủ Super-T (15 phiến L=38.2m):G5b,2.86,0.42,11.7
C807,18,Bản mặt cầu (Deck Slab):S4,2.1,0.42,11.7
C807,18,Bản mặt cầu (Deck Slab):S4,2.1,0.42,11.7
C807,18,Bản mặt cầu (Deck Slab):S4,2.1,0.42,11.7
C807,18,Bản mặt cầu (Deck Slab):S4,2.1,0.42,11.7
C808,18,Dầm chủ Super-T (15 phiến L=38.2m):G5b,2.86,0.42,11.7
C808,18,Bản mặt cầu (Deck Slab):S4,2.1,0.42,11.7
C808,18,Bản mặt cầu (Deck Slab):S4,2.1,0.42,11.7
C808,18,Bản mặt cầu (Deck Slab):S4,2.1,0.42,11.7
C808,18,Bản mặt cầu (Deck Slab):S4,2.1,0.42,11.7
C809,18,Dầm chủ Super-T (15 phiến L=38.2m):G5b,2.86,0.42,11.7
C809,18,Bản mặt cầu (Deck Slab):S4,2.1,0.42,11.7
C809,18,Bản mặt cầu (Deck Slab):S4,2.1,0.42,11.7
C809,18,Bản mặt cầu (Deck Slab):S4,2.1,0.42,11.7
C809,18,Bản mặt cầu (Deck Slab):S4,2.1,0.42,11.7
C810,18,Dầm chủ Super-T (15 phiến L=38.2m):G5b,2.86,0.42,11.7
C810,18,Bản mặt cầu (Deck Slab):S4,2.1,0.42,11.7
C810,18,Bản mặt cầu (Deck Slab):S4,2.1,0.42,11.7
C810,18,Bản mặt cầu (Deck Slab):S4,2.1,0.42,11.7
C810,18,Bản mặt cầu (Deck Slab):S4,2.1,0.42,11.7
C811,18,Dầm chủ Super-T (15 phiến L=38.2m):G5b,2.86,0.42,11.7
C811,18,Bản mặt cầu (Deck Slab):S4,2.1,0.42,11.7
C811,18,Bản mặt cầu (Deck Slab):S4,2.1,0.42,11.7
C811,18,Bản mặt cầu (Deck Slab):S4,2.1,0.42,11.7
C811,18,Bản mặt cầu (Deck Slab):S4,2.1,0.42,11.7
C812,18,Dầm chủ Super-T (15 phiến L=38.2m):G5b,2.86,0.42,11.7
C812,18,Bản mặt cầu (Deck Slab):S4,2.1,0.42,11.7
C812,18,Bản mặt cầu (Deck Slab):S4,2.1,0.42,11.7
C812,18,Bản mặt cầu (Deck Slab):S4,2.1,0.42,11.7
C812,18,Bản mặt cầu (Deck Slab):S4,2.1,0.42,11.7
C813,18,Dầm chủ Super-T (15 phiến L=38.2m):G5b,2.86,0.42,11.7
C813,18,Bản mặt cầu (Deck Slab):S4,2.1,0.42,11.7
C813,18,Bản mặt cầu (Deck Slab):S4,2.1,0.42,11.7
C813,18,Bản mặt cầu (Deck Slab):S4,2.1,0.42,11.7
C813,18,Bản mặt cầu (Deck Slab):S4,2.1,0.42,11.7
C814,18,Dầm chủ Super-T (15 phiến L=38.2m):G5b,2.86,0.42,11.7
C814,18,Bản mặt cầu (Deck Slab):S4,2.1,0.42,11.7
C814,18,Bản mặt cầu (Deck Slab):S4,2.1,0.42,11.7
C814,18,Bản mặt cầu (Deck Slab):S4,2.1,0.42,11.7
C814,18,Bản mặt cầu (Deck Slab):S4,2.1,0.42,11.7
C815,18,Dầm chủ Super-T (15 phiến L=38.2m):G5b,2.86,0.42,11.7
C815,18,Bản mặt cầu (Deck Slab):S4,2.1,0.42,11.7
C815,18,Bản mặt cầu (Deck Slab):S4,2.1,0.42,11.7
C815,18,Bản mặt cầu (Deck Slab):S4,2.1,0.42,11.7
C815,18,Bản mặt cầu (Deck Slab):S4,2.1,0.42,11.7
C816,18,Dầm chủ Super-T (15 phiến L=38.2m):G5b,2.86,0.42,11.7
C816,18,Bản mặt cầu (Deck Slab):S4,2.1,0.42,11.7
C816,18,Bản mặt cầu (Deck Slab):S4,2.1,0.42,11.7
C816,18,Bản mặt cầu (Deck Slab):S4,2.1,0.42,11.7
C816,18,Bản mặt cầu (Deck Slab):S4,2.1,0.42,11.7
C817,18,Dầm chủ Super-T (15 phiến L=38.2m):G5b,2.86,0.42,11.7
C817,18,Bản mặt cầu (Deck Slab):S4,2.1,0.42,11.7
C817,18,Bản mặt cầu (Deck Slab):S4,2.1,0.42,11.7
C817,18,Bản mặt cầu (Deck Slab):S4,2.1,0.42,11.7
C817,18,Bản mặt cầu (Deck Slab):S4,2.1,0.42,11.7
C818,18,Dầm chủ Super-T (15 phiến L=38.2m):G5b,2.86,0.42,11.7
C818,18,Bản mặt cầu (Deck Slab):S4,2.1,0.42,11.7
C818,18,Bản mặt cầu (Deck Slab):S4,2.1,0.42,11.7
C818,18,Bản mặt cầu (Deck Slab):S4,2.1,0.42,11.7
C818,18,Bản mặt cầu (Deck Slab):S4,2.1,0.42,11.7
C819,18,Dầm chủ Super-T (15 phiến L=38.2m):G5b,2.86,0.42,11.7
C819,18,Bản mặt cầu (Deck Slab):S4,2.1,0.42,11.7
C819,18,Bản mặt cầu (Deck Slab):S4,2.1,0.42,11.7
C819,18,Bản mặt cầu (Deck Slab):S4,2.1,0.42,11.7
C819,18,Bản mặt cầu (Deck Slab):S4,2.1,0.42,11.7
C820,18,Dầm chủ Super-T (15 phiến L=38.2m):G5b,2.86,0.42,11.7
C820,18,Bản mặt cầu (Deck Slab):S4,2.1,0.42,11.7
C820,18,Bản mặt cầu (Deck Slab):S4,2.1,0.42,11.7
C820,18,Bản mặt cầu (Deck Slab):S4,2.1,0.42,11.7
C820,18,Bản mặt cầu (Deck Slab):S4,2.1,0.42,11.7
C821,18,Dầm chủ Super-T (15 phiến L=38.2m):G5b,2.86,0.42,11.7
C821,18,Bản mặt cầu (Deck Slab):S4,2.1,0.42,11.7
C821,18,Bản mặt cầu (Deck Slab):S4,2.1,0.42,11.7
C821,18,Bản mặt cầu (Deck Slab):S4,2.1,0.42,11.7
C821,18,Bản mặt cầu (Deck Slab):S4,2.1,0.42,11.7
C822,18,Dầm chủ Super-T (15 phiến L=38.2m):G5b,2.86,0.42,11.7
C822,18,Bản mặt cầu (Deck Slab):S4,2.1,0.42,11.7
C822,18,Bản mặt cầu (Deck Slab):S4,2.1,0.42,11.7
C822,18,Bản mặt cầu (Deck Slab):S4,2.1,0.42,11.7
C822,18,Bản mặt cầu (Deck Slab):S4,2.1,0.42,11.7
C823,18,Dầm chủ Super-T (15 phiến L=38.2m):G5b,2.86,0.42,11.7
C823,18,Bản mặt cầu (Deck Slab):S4,2.1,0.42,11.7
C823,18,Bản mặt cầu (Deck Slab):S4,2.1,0.42,11.7
C823,18,Bản mặt cầu (Deck Slab):S4,2.1,0.42,11.7
C823,18,Bản mặt cầu (Deck Slab):S4,2.1,0.42,11.7
C824,18,Dầm chủ Super-T (15 phiến L=38.2m):G5b,2.86,0.42,11.7
C824,18,Bản mặt cầu (Deck Slab):S4,2.1,0.42,11.7
C824,18,Bản mặt cầu (Deck Slab):S4,2.1,0.42,11.7
C824,18,Bản mặt cầu (Deck Slab):S4,2.1,0.42,11.7
C824,18,Bản mặt cầu (Deck Slab):S4,2.1,0.42,11.7
C825,18,Dầm chủ Super-T (15 phiến L=38.2m):G5b,2.86,0.42,11.7
C825,18,Bản mặt cầu (Deck Slab):S4,2.1,0.42,11.7
C825,18,Bản mặt cầu (Deck Slab):S4,2.1,0.42,11.7
C825,18,Bản mặt cầu (Deck Slab):S4,2.1,0.42,11.7
C825,18,Bản mặt cầu (Deck Slab):S4,2.1,0.42,11.7
C826,18,Dầm chủ Super-T (15 phiến L=38.2m):G5b,2.86,0.42,11.7
C826,18,Bản mặt cầu (Deck Slab):S4,2.1,0.42,11.7
C826,18,Bản mặt cầu (Deck Slab):S4,2.1,0.42,11.7
C826,18,Bản mặt cầu (Deck Slab):S4,2.1,0.42,11.7
C826,18,Bản mặt cầu (Deck Slab):S4,2.1,0.42,11.7
C827,18,Dầm chủ Super-T (15 phiến L=38.2m):G5b,2.86,0.42,11.7
C827,18,Bản mặt cầu (Deck Slab):S4,2.1,0.42,11.7
C827,18,Bản mặt cầu (Deck Slab):S4,2.1,0.42,11.7
C827,18,Bản mặt cầu (Deck Slab):S4,2.1,0.42,11.7
C827,18,Bản mặt cầu (Deck Slab):S4,2.1,0.42,11.7
C828,18,Dầm chủ Super-T (15 phiến L=38.2m):G5b,2.86,0.42,11.7
C828,18,Bản mặt cầu (Deck Slab):S4,2.1,0.42,11.7
C828,18,Bản mặt cầu (Deck Slab):S4,2.1,0.42,11.7
C828,18,Bản mặt cầu (Deck Slab):S4,2.1,0.42,11.7
C828,18,Bản mặt cầu (Deck Slab):S4,2.1,0.42,11.7
C829,18,Dầm chủ Super-T (15 phiến L=38.2m):G5b,2.86,0.42,11.7
C829,18,Bản mặt cầu (Deck Slab):S4,2.1,0.42,11.7
C829,18,Bản mặt cầu (Deck Slab):S4,2.1,0.42,11.7
C829,18,Bản mặt cầu (Deck Slab):S4,2.1,0.42,11.7
C829,18,Bản mặt cầu (Deck Slab):S4,2.1,0.42,11.7
C830,18,Dầm chủ Super-T (15 phiến L=38.2m):G5b,2.86,0.42,11.7
C830,18,Bản mặt cầu (Deck Slab):S4,2.1,0.42,11.7
C830,18,Bản mặt cầu (Deck Slab):S4,2.1,0.42,11.7
C830,18,Bản mặt cầu (Deck Slab):S4,2.1,0.42,11.7
C830,18,Bản mặt cầu (Deck Slab):S4,2.1,0.42,11.7
C831,18,Dầm chủ Super-T (15 phiến L=38.2m):G5b,2.86,0.42,11.7
C831,18,Bản mặt cầu (Deck Slab):S4,2.1,0.42,11.7
C831,18,Bản mặt cầu (Deck Slab):S4,2.1,0.42,11.7
C831,18,Bản mặt cầu (Deck Slab):S4,2.1,0.42,11.7
C831,18,Bản mặt cầu (Deck Slab):S4,2.1,0.42,11.7
C832,18,Dầm chủ Super-T (15 phiến L=38.2m):G5b,2.86,0.42,11.7
C832,18,Bản mặt cầu (Deck Slab):S4,2.1,0.42,11.7
C832,18,Bản mặt cầu (Deck Slab):S4,2.1,0.42,11.7
C832,18,Bản mặt cầu (Deck Slab):S4,2.1,0.42,11.7
C832,18,Bản mặt cầu (Deck Slab):S4,2.1,0.42,11.7
C833,18,Dầm chủ Super-T (15 phiến L=38.2m):G5b,2.86,0.42,11.7
C833,18,Bản mặt cầu (Deck Slab):S4,2.1,0.42,11.7
C833,18,Bản mặt cầu (Deck Slab):S4,2.1,0.42,11.7
C833,18,Bản mặt cầu (Deck Slab):S4,2.1,0.42,11.7
C833,18,Bản mặt cầu (Deck Slab):S4,2.1,0.42,11.7
C834,18,Dầm chủ Super-T (15 phiến L=38.2m):G5b,2.86,0.42,11.7
C834,18,Bản mặt cầu (Deck Slab):S4,2.1,0.42,11.7
C834,18,Bản mặt cầu (Deck Slab):S4,2.1,0.42,11.7
C834,18,Bản mặt cầu (Deck Slab):S4,2.1,0.42,11.7
C834,18,Bản mặt cầu (Deck Slab):S4,2.1,0.42,11.7
C835,18,Dầm chủ Super-T (15 phiến L=38.2m):G5b,2.86,0.42,11.7
C835,18,Bản mặt cầu (Deck Slab):S4,2.1,0.42,11.7
C835,18,Bản mặt cầu (Deck Slab):S4,2.1,0.42,11.7
C835,18,Bản mặt cầu (Deck Slab):S4,2.1,0.42,11.7
C835,18,Bản mặt cầu (Deck Slab):S4,2.1,0.42,11.7
C836,18,Dầm chủ Super-T (15 phiến L=38.2m):G5b,2.86,0.42,11.7
C836,18,Bản mặt cầu (Deck Slab):S4,2.1,0.42,11.7
C836,18,Bản mặt cầu (Deck Slab):S4,2.1,0.42,11.7
C836,18,Bản mặt cầu (Deck Slab):S4,2.1,0.42,11.7
C836,18,Bản mặt cầu (Deck Slab):S4,2.1,0.42,11.7
C837,18,Dầm chủ Super-T (15 phiến L=38.2m):G5b,2.86,0.42,11.7
C837,18,Bản mặt cầu (Deck Slab):S4,2.1,0.42,11.7
C837,18,Bản mặt cầu (Deck Slab):S4,2.1,0.42,11.7
C837,18,Bản mặt cầu (Deck Slab):S4,2.1,0.42,11.7
C837,18,Bản mặt cầu (Deck Slab):S4,2.1,0.42,11.7
C838,18,Dầm chủ Super-T (15 phiến L=38.2m):G5b,2.86,0.42,11.7
C838,18,Bản mặt cầu (Deck Slab):S4,2.1,0.42,11.7
C838,18,Bản mặt cầu (Deck Slab):S4,2.1,0.42,11.7
C838,18,Bản mặt cầu (Deck Slab):S4,2.1,0.42,11.7
C838,18,Bản mặt cầu (Deck Slab):S4,2.1,0.42,11.7
C839,18,Dầm chủ Super-T (15 phiến L=38.2m):G5b,2.86,0.42,11.7
C839,18,Bản mặt cầu (Deck Slab):S4,2.1,0.42,11.7
C839,18,Bản mặt cầu (Deck Slab):S4,2.1,0.42,11.7
C839,18,Bản mặt cầu (Deck Slab):S4,2.1,0.42,11.7
C839,18,Bản mặt cầu (Deck Slab):S4,2.1,0.42,11.7
C840,18,Dầm chủ Super-T (15 phiến L=38.2m):G5b,2.86,0.42,11.7
C840,18,Bản mặt cầu (Deck Slab):S4,2.1,0.42,11.7
C840,18,Bản mặt cầu (Deck Slab):S4,2.1,0.42,11.7
C840,18,Bản mặt cầu (Deck Slab):S4,2.1,0.42,11.7
C840,18,Bản mặt cầu (Deck Slab):S4,2.1,0.42,11.7
C841,18,Dầm chủ Super-T (15 phiến L=38.2m):G5b,2.86,0.42,11.7
C841,18,Bản mặt cầu (Deck Slab):S4,2.1,0.42,11.7
C841,18,Bản mặt cầu (Deck Slab):S4,2.1,0.42,11.7
C841,18,Bản mặt cầu (Deck Slab):S4,2.1,0.42,11.7
C841,18,Bản mặt cầu (Deck Slab):S4,2.1,0.42,11.7
C842,18,Dầm chủ Super-T (15 phiến L=38.2m):G5b,2.86,0.42,11.7
C842,18,Bản mặt cầu (Deck Slab):S4,2.1,0.42,11.7
C842,18,Bản mặt cầu (Deck Slab):S4,2.1,0.42,11.7
C842,18,Bản mặt cầu (Deck Slab):S4,2.1,0.42,11.7
C842,18,Bản mặt cầu (Deck Slab):S4,2.1,0.42,11.7
C843,18,Dầm chủ Super-T (15 phiến L=38.2m):G5b,2.86,0.42,11.7
C843,18,Bản mặt cầu (Deck Slab):S4,2.1,0.42,11.7
C843,18,Bản mặt cầu (Deck Slab):S4,2.1,0.42,11.7
C843,18,Bản mặt cầu (Deck Slab):S4,2.1,0.42,11.7
C843,18,Bản mặt cầu (Deck Slab):S4,2.1,0.42,11.7
C844,18,Dầm chủ Super-T (15 phiến L=38.2m):G5b,2.86,0.42,11.7
C844,18,Bản mặt cầu (Deck Slab):S4,2.1,0.42,11.7
C844,18,Bản mặt cầu (Deck Slab):S4,2.1,0.42,11.7
C844,18,Bản mặt cầu (Deck Slab):S4,2.1,0.42,11.7
C844,18,Bản mặt cầu (Deck Slab):S4,2.1,0.42,11.7
C845,18,Dầm chủ Super-T (15 phiến L=38.2m):G5b,2.86,0.42,11.7
C845,18,Bản mặt cầu (Deck Slab):S4,2.1,0.42,11.7
C845,18,Bản mặt cầu (Deck Slab):S4,2.1,0.42,11.7
C845,18,Bản mặt cầu (Deck Slab):S4,2.1,0.42,11.7
C845,18,Bản mặt cầu (Deck Slab):S4,2.1,0.42,11.7
C846,18,Dầm chủ Super-T (15 phiến L=38.2m):G5b,2.86,0.42,11.7
C846,18,Bản mặt cầu (Deck Slab):S4,2.1,0.42,11.7
C846,18,Bản mặt cầu (Deck Slab):S4,2.1,0.42,11.7
C846,18,Bản mặt cầu (Deck Slab):S4,2.1,0.42,11.7
C846,18,Bản mặt cầu (Deck Slab):S4,2.1,0.42,11.7
C847,18,Dầm chủ Super-T (15 phiến L=38.2m):G5b,2.86,0.42,11.7
C847,18,Bản mặt cầu (Deck Slab):S4,2.1,0.42,11.7
C847,18,Bản mặt cầu (Deck Slab):S4,2.1,0.42,11.7
C847,18,Bản mặt cầu (Deck Slab):S4,2.1,0.42,11.7
C847,18,Bản mặt cầu (Deck Slab):S4,2.1,0.42,11.7
C848,18,Dầm chủ Super-T (15 phiến L=38.2m):G5b,2.86,0.42,11.7
C848,18,Bản mặt cầu (Deck Slab):S4,2.1,0.42,11.7
C848,18,Bản mặt cầu (Deck Slab):S4,2.1,0.42,11.7
C848,18,Bản mặt cầu (Deck Slab):S4,2.1,0.42,11.7
C848,18,Bản mặt cầu (Deck Slab):S4,2.1,0.42,11.7
C849,18,Dầm chủ Super-T (15 phiến L=38.2m):G5b,2.86,0.42,11.7
C849,18,Bản mặt cầu (Deck Slab):S4,2.1,0.42,11.7
C849,18,Bản mặt cầu (Deck Slab):S4,2.1,0.42,11.7
C849,18,Bản mặt cầu (Deck Slab):S4,2.1,0.42,11.7
C849,18,Bản mặt cầu (Deck Slab):S4,2.1,0.42,11.7
C850,18,Dầm chủ Super-T (15 phiến L=38.2m):G5b,2.86,0.42,11.7
C850,18,Bản mặt cầu (Deck Slab):S4,2.1,0.42,11.7
C850,18,Bản mặt cầu (Deck Slab):S4,2.1,0.42,11.7
C850,18,Bản mặt cầu (Deck Slab):S4,2.1,0.42,11.7
C850,18,Bản mặt cầu (Deck Slab):S4,2.1,0.42,11.7
C851,18,Dầm chủ Super-T (15 phiến L=38.2m):G5b,2.86,0.42,11.7
C851,18,Bản mặt cầu (Deck Slab):S4,2.1,0.42,11.7
C851,18,Bản mặt cầu (Deck Slab):S4,2.1,0.42,11.7
C851,18,Bản mặt cầu (Deck Slab):S4,2.1,0.42,11.7
C851,18,Bản mặt cầu (Deck Slab):S4,2.1,0.42,11.7
C852,18,Dầm chủ Super-T (15 phiến L=38.2m):G5b,2.86,0.42,11.7
C852,18,Bản mặt cầu (Deck Slab):S4,2.1,0.42,11.7
C852,18,Bản mặt cầu (Deck Slab):S4,2.1,0.42,11.7
C852,18,Bản mặt cầu (Deck Slab):S4,2.1,0.42,11.7
C852,18,Bản mặt cầu (Deck Slab):S4,2.1,0.42,11.7
C853,18,Dầm chủ Super-T (15 phiến L=38.2m):G5b,2.86,0.42,11.7
C853,18,Bản mặt cầu (Deck Slab):S4,2.1,0.42,11.7
C853,18,Bản mặt cầu (Deck Slab):S4,2.1,0.42,11.7
C853,18,Bản mặt cầu (Deck Slab):S4,2.1,0.42,11.7
C853,18,Bản mặt cầu (Deck Slab):S4,2.1,0.42,11.7
C854,18,Dầm chủ Super-T (15 phiến L=38.2m):G5b,2.86,0.42,11.7
C854,18,Bản mặt cầu (Deck Slab):S4,2.1,0.42,11.7
C854,18,Bản mặt cầu (Deck Slab):S4,2.1,0.42,11.7
C854,18,Bản mặt cầu (Deck Slab):S4,2.1,0.42,11.7
C854,18,Bản mặt cầu (Deck Slab):S4,2.1,0.42,11.7
C855,18,Dầm chủ Super-T (15 phiến L=38.2m):G5b,2.86,0.42,11.7
C855,18,Bản mặt cầu (Deck Slab):S4,2.1,0.42,11.7
C855,18,Bản mặt cầu (Deck Slab):S4,2.1,0.42,11.7
C855,18,Bản mặt cầu (Deck Slab):S4,2.1,0.42,11.7
C855,18,Bản mặt cầu (Deck Slab):S4,2.1,0.42,11.7
C856,18,Dầm chủ Super-T (15 phiến L=38.2m):G5b,2.86,0.42,11.7
C856,18,Bản mặt cầu (Deck Slab):S4,2.1,0.42,11.7
C856,18,Bản mặt cầu (Deck Slab):S4,2.1,0.42,11.7
C856,18,Bản mặt cầu (Deck Slab):S4,2.1,0.42,11.7
C856,18,Bản mặt cầu (Deck Slab):S4,2.1,0.42,11.7
C857,18,Dầm chủ Super-T (15 phiến L=38.2m):G5b,2.86,0.42,11.7
C857,18,Bản mặt cầu (Deck Slab):S4,2.1,0.42,11.7
C857,18,Bản mặt cầu (Deck Slab):S4,2.1,0.42,11.7
C857,18,Bản mặt cầu (Deck Slab):S4,2.1,0.42,11.7
C857,18,Bản mặt cầu (Deck Slab):S4,2.1,0.42,11.7
C858,18,Dầm chủ Super-T (15 phiến L=38.2m):G5b,2.86,0.42,11.7
C858,18,Bản mặt cầu (Deck Slab):S4,2.1,0.42,11.7
C858,18,Bản mặt cầu (Deck Slab):S4,2.1,0.42,11.7
C858,18,Bản mặt cầu (Deck Slab):S4,2.1,0.42,11.7
C858,18,Bản mặt cầu (Deck Slab):S4,2.1,0.42,11.7
C859,18,Dầm chủ Super-T (15 phiến L=38.2m):G5b,2.86,0.42,11.7
C859,18,Bản mặt cầu (Deck Slab):S4,2.1,0.42,11.7
C859,18,Bản mặt cầu (Deck Slab):S4,2.1,0.42,11.7
C859,18,Bản mặt cầu (Deck Slab):S4,2.1,0.42,11.7
C859,18,Bản mặt cầu (Deck Slab):S4,2.1,0.42,11.7
C860,18,Dầm chủ Super-T (15 phiến L=38.2m):G5b,2.86,0.42,11.7
C860,18,Bản mặt cầu (Deck Slab):S4,2.1,0.42,11.7
C860,18,Bản mặt cầu (Deck Slab):S4,2.1,0.42,11.7
C860,18,Bản mặt cầu (Deck Slab):S4,2.1,0.42,11.7
C860,18,Bản mặt cầu (Deck Slab):S4,2.1,0.42,11.7
C861,18,Dầm chủ Super-T (15 phiến L=38.2m):G5b,2.86,0.42,11.7
C861,18,Bản mặt cầu (Deck Slab):S4,2.1,0.42,11.7
C861,18,Bản mặt cầu (Deck Slab):S4,2.1,0.42,11.7
C861,18,Bản mặt cầu (Deck Slab):S4,2.1,0.42,11.7
C861,18,Bản mặt cầu (Deck Slab):S4,2.1,0.42,11.7
C862,18,Dầm chủ Super-T (15 phiến L=38.2m):G5b,2.86,0.42,11.7
C862,18,Bản mặt cầu (Deck Slab):S4,2.1,0.42,11.7
C862,18,Bản mặt cầu (Deck Slab):S4,2.1,0.42,11.7
C862,18,Bản mặt cầu (Deck Slab):S4,2.1,0.42,11.7
C862,18,Bản mặt cầu (Deck Slab):S4,2.1,0.42,11.7
C863,18,Dầm chủ Super-T (15 phiến L=38.2m):G5b,2.86,0.42,11.7
C863,18,Bản mặt cầu (Deck Slab):S4,2.1,0.42,11.7
C863,18,Bản mặt cầu (Deck Slab):S4,2.1,0.42,11.7
C863,18,Bản mặt cầu (Deck Slab):S4,2.1,0.42,11.7
C863,18,Bản mặt cầu (Deck Slab):S4,2.1,0.42,11.7
C864,18,Dầm chủ Super-T (15 phiến L=38.2m):G5b,2.86,0.42,11.7
C864,18,Bản mặt cầu (Deck Slab):S4,2.1,0.42,11.7
C864,18,Bản mặt cầu (Deck Slab):S4,2.1,0.42,11.7
C864,18,Bản mặt cầu (Deck Slab):S4,2.1,0.42,11.7
C864,18,Bản mặt cầu (Deck Slab):S4,2.1,0.42,11.7
C865,18,Dầm chủ Super-T (15 phiến L=38.2m):G5b,2.86,0.42,11.7
C865,18,Bản mặt cầu (Deck Slab):S4,2.1,0.42,11.7
C865,18,Bản mặt cầu (Deck Slab):S4,2.1,0.42,11.7
C865,18,Bản mặt cầu (Deck Slab):S4,2.1,0.42,11.7
C865,18,Bản mặt cầu (Deck Slab):S4,2.1,0.42,11.7
C866,18,Dầm chủ Super-T (15 phiến L=38.2m):G5b,2.86,0.42,11.7
C866,18,Bản mặt cầu (Deck Slab):S4,2.1,0.42,11.7
C866,18,Bản mặt cầu (Deck Slab):S4,2.1,0.42,11.7
C866,18,Bản mặt cầu (Deck Slab):S4,2.1,0.42,11.7
C866,18,Bản mặt cầu (Deck Slab):S4,2.1,0.42,11.7
C867,18,Dầm chủ Super-T (15 phiến L=38.2m):G5b,2.86,0.42,11.7
C867,18,Bản mặt cầu (Deck Slab):S4,2.1,0.42,11.7
C867,18,Bản mặt cầu (Deck Slab):S4,2.1,0.42,11.7
C867,18,Bản mặt cầu (Deck Slab):S4,2.1,0.42,11.7
C867,18,Bản mặt cầu (Deck Slab):S4,2.1,0.42,11.7
C868,18,Dầm chủ Super-T (15 phiến L=38.2m):G5b,2.86,0.42,11.7
C868,18,Bản mặt cầu (Deck Slab):S4,2.1,0.42,11.7
C868,18,Bản mặt cầu (Deck Slab):S4,2.1,0.42,11.7
C868,18,Bản mặt cầu (Deck Slab):S4,2.1,0.42,11.7
C868,18,Bản mặt cầu (Deck Slab):S4,2.1,0.42,11.7
C869,18,Dầm chủ Super-T (15 phiến L=38.2m):G5b,2.86,0.42,11.7
C869,18,Bản mặt cầu (Deck Slab):S4,2.1,0.42,11.7
C869,18,Bản mặt cầu (Deck Slab):S4,2.1,0.42,11.7
C869,18,Bản mặt cầu (Deck Slab):S4,2.1,0.42,11.7
C869,18,Bản mặt cầu (Deck Slab):S4,2.1,0.42,11.7
C870,18,Dầm chủ Super-T (15 phiến L=38.2m):G5b,2.86,0.42,11.7
C870,18,Bản mặt cầu (Deck Slab):S4,2.1,0.42,11.7
C870,18,Bản mặt cầu (Deck Slab):S4,2.1,0.42,11.7
C870,18,Bản mặt cầu (Deck Slab):S4,2.1,0.42,11.7
C870,18,Bản mặt cầu (Deck Slab):S4,2.1,0.42,11.7
C871,18,Dầm chủ Super-T (15 phiến L=38.2m):G5b,2.86,0.42,11.7
C871,18,Bản mặt cầu (Deck Slab):S4,2.1,0.42,11.7
C871,18,Bản mặt cầu (Deck Slab):S4,2.1,0.42,11.7
C871,18,Bản mặt cầu (Deck Slab):S4,2.1,0.42,11.7
C871,18,Bản mặt cầu (Deck Slab):S4,2.1,0.42,11.7
C872,18,Dầm chủ Super-T (15 phiến L=38.2m):G5b,2.86,0.42,11.7
C872,18,Bản mặt cầu (Deck Slab):S4,2.1,0.42,11.7
C872,18,Bản mặt cầu (Deck Slab):S4,2.1,0.42,11.7
C872,18,Bản mặt cầu (Deck Slab):S4,2.1,0.42,11.7
C872,18,Bản mặt cầu (Deck Slab):S4,2.1,0.42,11.7
C873,18,Dầm chủ Super-T (15 phiến L=38.2m):G5b,2.86,0.42,11.7
C873,18,Bản mặt cầu (Deck Slab):S4,2.1,0.42,11.7
C873,18,Bản mặt cầu (Deck Slab):S4,2.1,0.42,11.7
C873,18,Bản mặt cầu (Deck Slab):S4,2.1,0.42,11.7
C873,18,Bản mặt cầu (Deck Slab):S4,2.1,0.42,11.7
C874,18,Dầm chủ Super-T (15 phiến L=38.2m):G5b,2.86,0.42,11.7
C874,18,Bản mặt cầu (Deck Slab):S4,2.1,0.42,11.7
C874,18,Bản mặt cầu (Deck Slab):S4,2.1,0.42,11.7
C874,18,Bản mặt cầu (Deck Slab):S4,2.1,0.42,11.7
C874,18,Bản mặt cầu (Deck Slab):S4,2.1,0.42,11.7
C875,18,Dầm chủ Super-T (15 phiến L=38.2m):G5b,2.86,0.42,11.7
C875,18,Bản mặt cầu (Deck Slab):S4,2.1,0.42,11.7
C875,18,Bản mặt cầu (Deck Slab):S4,2.1,0.42,11.7
C875,18,Bản mặt cầu (Deck Slab):S4,2.1,0.42,11.7
C875,18,Bản mặt cầu (Deck Slab):S4,2.1,0.42,11.7
C876,18,Dầm chủ Super-T (15 phiến L=38.2m):G5b,2.86,0.42,11.7
C876,18,Bản mặt cầu (Deck Slab):S4,2.1,0.42,11.7
C876,18,Bản mặt cầu (Deck Slab):S4,2.1,0.42,11.7
C876,18,Bản mặt cầu (Deck Slab):S4,2.1,0.42,11.7
C876,18,Bản mặt cầu (Deck Slab):S4,2.1,0.42,11.7
C877,18,Dầm chủ Super-T (15 phiến L=38.2m):G5b,2.86,0.42,11.7
C877,18,Bản mặt cầu (Deck Slab):S4,2.1,0.42,11.7
C877,18,Bản mặt cầu (Deck Slab):S4,2.1,0.42,11.7
C877,18,Bản mặt cầu (Deck Slab):S4,2.1,0.42,11.7
C877,18,Bản mặt cầu (Deck Slab):S4,2.1,0.42,11.7
C878,18,Dầm chủ Super-T (15 phiến L=38.2m):G5b,2.86,0.42,11.7
C878,18,Bản mặt cầu (Deck Slab):S4,2.1,0.42,11.7
C878,18,Bản mặt cầu (Deck Slab):S4,2.1,0.42,11.7
C878,18,Bản mặt cầu (Deck Slab):S4,2.1,0.42,11.7
C878,18,Bản mặt cầu (Deck Slab):S4,2.1,0.42,11.7
C879,18,Dầm chủ Super-T (15 phiến L=38.2m):G5b,2.86,0.42,11.7
C879,18,Bản mặt cầu (Deck Slab):S4,2.1,0.42,11.7
C879,18,Bản mặt cầu (Deck Slab):S4,2.1,0.42,11.7
C879,18,Bản mặt cầu (Deck Slab):S4,2.1,0.42,11.7
C879,18,Bản mặt cầu (Deck Slab):S4,2.1,0.42,11.7
C880,18,Dầm chủ Super-T (15 phiến L=38.2m):G5b,2.86,0.42,11.7
C880,18,Bản mặt cầu (Deck Slab):S4,2.1,0.42,11.7
C880,18,Bản mặt cầu (Deck Slab):S4,2.1,0.42,11.7
C880,18,Bản mặt cầu (Deck Slab):S4,2.1,0.42,11.7
C880,18,Bản mặt cầu (Deck Slab):S4,2.1,0.42,11.7
C881,18,Dầm chủ Super-T (15 phiến L=38.2m):G5b,2.86,0.42,11.7
C881,18,Bản mặt cầu (Deck Slab):S4,2.1,0.42,11.7
C881,18,Bản mặt cầu (Deck Slab):S4,2.1,0.42,11.7
C881,18,Bản mặt cầu (Deck Slab):S4,2.1,0.42,11.7
C881,18,Bản mặt cầu (Deck Slab):S4,2.1,0.42,11.7
C882,18,Dầm chủ Super-T (15 phiến L=38.2m):G5b,2.86,0.42,11.7
C882,18,Bản mặt cầu (Deck Slab):S4,2.1,0.42,11.7
C882,18,Bản mặt cầu (Deck Slab):S4,2.1,0.42,11.7
C882,18,Bản mặt cầu (Deck Slab):S4,2.1,0.42,11.7
C882,18,Bản mặt cầu (Deck Slab):S4,2.1,0.42,11.7
C883,18,Dầm chủ Super-T (15 phiến L=38.2m):G5b,2.86,0.42,11.7
C883,18,Bản mặt cầu (Deck Slab):S4,2.1,0.42,11.7
C883,18,Bản mặt cầu (Deck Slab):S4,2.1,0.42,11.7
C883,18,Bản mặt cầu (Deck Slab):S4,2.1,0.42,11.7
C883,18,Bản mặt cầu (Deck Slab):S4,2.1,0.42,11.7
C884,18,Dầm chủ Super-T (15 phiến L=38.2m):G5b,2.86,0.42,11.7
C884,18,Bản mặt cầu (Deck Slab):S4,2.1,0.42,11.7
C884,18,Bản mặt cầu (Deck Slab):S4,2.1,0.42,11.7
C884,18,Bản mặt cầu (Deck Slab):S4,2.1,0.42,11.7
C884,18,Bản mặt cầu (Deck Slab):S4,2.1,0.42,11.7
C885,18,Dầm chủ Super-T (15 phiến L=38.2m):G5b,2.86,0.42,11.7
C885,18,Bản mặt cầu (Deck Slab):S4,2.1,0.42,11.7
C885,18,Bản mặt cầu (Deck Slab):S4,2.1,0.42,11.7
C885,18,Bản mặt cầu (Deck Slab):S4,2.1,0.42,11.7
C885,18,Bản mặt cầu (Deck Slab):S4,2.1,0.42,11.7
C886,18,Dầm chủ Super-T (15 phiến L=38.2m):G5b,2.86,0.42,11.7
C886,18,Bản mặt cầu (Deck Slab):S4,2.1,0.42,11.7
C886,18,Bản mặt cầu (Deck Slab):S4,2.1,0.42,11.7
C886,18,Bản mặt cầu (Deck Slab):S4,2.1,0.42,11.7
C886,18,Bản mặt cầu (Deck Slab):S4,2.1,0.42,11.7
C887,18,Dầm chủ Super-T (15 phiến L=38.2m):G5b,2.86,0.42,11.7
C887,18,Bản mặt cầu (Deck Slab):S4,2.1,0.42,11.7
C887,18,Bản mặt cầu (Deck Slab):S4,2.1,0.42,11.7
C887,18,Bản mặt cầu (Deck Slab):S4,2.1,0.42,11.7
C887,18,Bản mặt cầu (Deck Slab):S4,2.1,0.42,11.7
C888,18,Dầm chủ Super-T (15 phiến L=38.2m):G5b,2.86,0.42,11.7
C888,18,Bản mặt cầu (Deck Slab):S4,2.1,0.42,11.7
C888,18,Bản mặt cầu (Deck Slab):S4,2.1,0.42,11.7
C888,18,Bản mặt cầu (Deck Slab):S4,2.1,0.42,11.7
C888,18,Bản mặt cầu (Deck Slab):S4,2.1,0.42,11.7
C889,18,Dầm chủ Super-T (15 phiến L=38.2m):G5b,2.86,0.42,11.7
C889,18,Bản mặt cầu (Deck Slab):S4,2.1,0.42,11.7
C889,18,Bản mặt cầu (Deck Slab):S4,2.1,0.42,11.7
C889,18,Bản mặt cầu (Deck Slab):S4,2.1,0.42,11.7
C889,18,Bản mặt cầu (Deck Slab):S4,2.1,0.42,11.7
C890,18,Dầm chủ Super-T (15 phiến L=38.2m):G5b,2.86,0.42,11.7
C890,18,Bản mặt cầu (Deck Slab):S4,2.1,0.42,11.7
C890,18,Bản mặt cầu (Deck Slab):S4,2.1,0.42,11.7
C890,18,Bản mặt cầu (Deck Slab):S4,2.1,0.42,11.7
C890,18,Bản mặt cầu (Deck Slab):S4,2.1,0.42,11.7
C891,18,Dầm chủ Super-T (15 phiến L=38.2m):G5b,2.86,0.42,11.7
C891,18,Bản mặt cầu (Deck Slab):S4,2.1,0.42,11.7
C891,18,Bản mặt cầu (Deck Slab):S4,2.1,0.42,11.7
C891,18,Bản mặt cầu (Deck Slab):S4,2.1,0.42,11.7
C891,18,Bản mặt cầu (Deck Slab):S4,2.1,0.42,11.7
C892,18,Dầm chủ Super-T (15 phiến L=38.2m):G5b,2.86,0.42,11.7
C892,18,Bản mặt cầu (Deck Slab):S4,2.1,0.42,11.7
C892,18,Bản mặt cầu (Deck Slab):S4,2.1,0.42,11.7
C892,18,Bản mặt cầu (Deck Slab):S4,2.1,0.42,11.7
C892,18,Bản mặt cầu (Deck Slab):S4,2.1,0.42,11.7
C893,18,Dầm chủ Super-T (15 phiến L=38.2m):G5b,2.86,0.42,11.7
C893,18,Bản mặt cầu (Deck Slab):S4,2.1,0.42,11.7
C893,18,Bản mặt cầu (Deck Slab):S4,2.1,0.42,11.7
C893,18,Bản mặt cầu (Deck Slab):S4,2.1,0.42,11.7
C893,18,Bản mặt cầu (Deck Slab):S4,2.1,0.42,11.7
C894,18,Dầm chủ Super-T (15 phiến L=38.2m):G5b,2.86,0.42,11.7
C894,18,Bản mặt cầu (Deck Slab):S4,2.1,0.42,11.7
C894,18,Bản mặt cầu (Deck Slab):S4,2.1,0.42,11.7
C894,18,Bản mặt cầu (Deck Slab):S4,2.1,0.42,11.7
C894,18,Bản mặt cầu (Deck Slab):S4,2.1,0.42,11.7
C895,18,Dầm chủ Super-T (15 phiến L=38.2m):G5b,2.86,0.42,11.7
C895,18,Bản mặt cầu (Deck Slab):S4,2.1,0.42,11.7
C895,18,Bản mặt cầu (Deck Slab):S4,2.1,0.42,11.7
C895,18,Bản mặt cầu (Deck Slab):S4,2.1,0.42,11.7
C895,18,Bản mặt cầu (Deck Slab):S4,2.1,0.42,11.7
C896,18,Dầm chủ Super-T (15 phiến L=38.2m):G5b,2.86,0.42,11.7
C896,18,Bản mặt cầu (Deck Slab):S4,2.1,0.42,11.7
C896,18,Bản mặt cầu (Deck Slab):S4,2.1,0.42,11.7
C896,18,Bản mặt cầu (Deck Slab):S4,2.1,0.42,11.7
C896,18,Bản mặt cầu (Deck Slab):S4,2.1,0.42,11.7
C897,18,Dầm chủ Super-T (15 phiến L=38.2m):G5b,2.86,0.42,11.7
C897,18,Bản mặt cầu (Deck Slab):S4,2.1,0.42,11.7
C897,18,Bản mặt cầu (Deck Slab):S4,2.1,0.42,11.7
C897,18,Bản mặt cầu (Deck Slab):S4,2.1,0.42,11.7
C897,18,Bản mặt cầu (Deck Slab):S4,2.1,0.42,11.7
C898,18,Dầm chủ Super-T (15 phiến L=38.2m):G5b,2.86,0.42,11.7
C898,18,Bản mặt cầu (Deck Slab):S4,2.1,0.42,11.7
C898,18,Bản mặt cầu (Deck Slab):S4,2.1,0.42,11.7
C898,18,Bản mặt cầu (Deck Slab):S4,2.1,0.42,11.7
C898,18,Bản mặt cầu (Deck Slab):S4,2.1,0.42,11.7
C899,18,Dầm chủ Super-T (15 phiến L=38.2m):G5b,2.86,0.42,11.7
C899,18,Bản mặt cầu (Deck Slab):S4,2.1,0.42,11.7
C899,18,Bản mặt cầu (Deck Slab):S4,2.1,0.42,11.7
C899,18,Bản mặt cầu (Deck Slab):S4,2.1,0.42,11.7
C899,18,Bản mặt cầu (Deck Slab):S4,2.1,0.42,11.7
C900,18,Dầm chủ Super-T (15 phiến L=38.2m):G5b,2.86,0.42,11.7
C900,18,Bản mặt cầu (Deck Slab):S4,2.1,0.42,11.7
C900,18,Bản mặt cầu (Deck Slab):S4,2.1,0.42,11.7
C900,18,Bản mặt cầu (Deck Slab):S4,2.1,0.42,11.7
C900,18,Bản mặt cầu (Deck Slab):S4,2.1,0.42,11.7
C901,18,Dầm chủ Super-T (15 phiến L=38.2m):G5b,2.86,0.42,11.7
C901,18,Bản mặt cầu (Deck Slab):S4,2.1,0.42,11.7
C901,18,Bản mặt cầu (Deck Slab):S4,2.1,0.42,11.7
C901,18,Bản mặt cầu (Deck Slab):S4,2.1,0.42,11.7
C901,18,Bản mặt cầu (Deck Slab):S4,2.1,0.42,11.7
C902,18,Dầm chủ Super-T (15 phiến L=38.2m):G5b,2.86,0.42,11.7
C902,18,Bản mặt cầu (Deck Slab):S4,2.1,0.42,11.7
C902,18,Bản mặt cầu (Deck Slab):S4,2.1,0.42,11.7
C902,18,Bản mặt cầu (Deck Slab):S4,2.1,0.42,11.7
C902,18,Bản mặt cầu (Deck Slab):S4,2.1,0.42,11.7
C903,18,Dầm chủ Super-T (15 phiến L=38.2m):G5b,2.86,0.42,11.7
C903,18,Bản mặt cầu (Deck Slab):S4,2.1,0.42,11.7
C903,18,Bản mặt cầu (Deck Slab):S4,2.1,0.42,11.7
C903,18,Bản mặt cầu (Deck Slab):S4,2.1,0.42,11.7
C903,18,Bản mặt cầu (Deck Slab):S4,2.1,0.42,11.7
C904,18,Dầm chủ Super-T (15 phiến L=38.2m):G5b,2.86,0.42,11.7
C904,18,Bản mặt cầu (Deck Slab):S4,2.1,0.42,11.7
C904,18,Bản mặt cầu (Deck Slab):S4,2.1,0.42,11.7
C904,18,Bản mặt cầu (Deck Slab):S4,2.1,0.42,11.7
C904,18,Bản mặt cầu (Deck Slab):S4,2.1,0.42,11.7
C905,18,Dầm chủ Super-T (15 phiến L=38.2m):G5b,2.86,0.42,11.7
C905,18,Bản mặt cầu (Deck Slab):S4,2.1,0.42,11.7
C905,18,Bản mặt cầu (Deck Slab):S4,2.1,0.42,11.7
C905,18,Bản mặt cầu (Deck Slab):S4,2.1,0.42,11.7
C905,18,Bản mặt cầu (Deck Slab):S4,2.1,0.42,11.7
C906,18,Dầm chủ Super-T (15 phiến L=38.2m):G5b,2.86,0.42,11.7
C906,18,Bản mặt cầu (Deck Slab):S4,2.1,0.42,11.7
C906,18,Bản mặt cầu (Deck Slab):S4,2.1,0.42,11.7
C906,18,Bản mặt cầu (Deck Slab):S4,2.1,0.42,11.7
C906,18,Bản mặt cầu (Deck Slab):S4,2.1,0.42,11.7
C907,18,Dầm chủ Super-T (15 phiến L=38.2m):G5b,2.86,0.42,11.7
C907,18,Bản mặt cầu (Deck Slab):S4,2.1,0.42,11.7
C907,18,Bản mặt cầu (Deck Slab):S4,2.1,0.42,11.7
C907,18,Bản mặt cầu (Deck Slab):S4,2.1,0.42,11.7
C907,18,Bản mặt cầu (Deck Slab):S4,2.1,0.42,11.7
C908,18,Dầm chủ Super-T (15 phiến L=38.2m):G5b,2.86,0.42,11.7
C908,18,Bản mặt cầu (Deck Slab):S4,2.1,0.42,11.7
C908,18,Bản mặt cầu (Deck Slab):S4,2.1,0.42,11.7
C908,18,Bản mặt cầu (Deck Slab):S4,2.1,0.42,11.7
C908,18,Bản mặt cầu (Deck Slab):S4,2.1,0.42,11.7
C909,18,Dầm chủ Super-T (15 phiến L=38.2m):G5b,2.86,0.42,11.7
C909,18,Bản mặt cầu (Deck Slab):S4,2.1,0.42,11.7
C909,18,Bản mặt cầu (Deck Slab):S4,2.1,0.42,11.7
C909,18,Bản mặt cầu (Deck Slab):S4,2.1,0.42,11.7
C909,18,Bản mặt cầu (Deck Slab):S4,2.1,0.42,11.7
C910,18,Dầm chủ Super-T (15 phiến L=38.2m):G5b,2.86,0.42,11.7
C910,18,Bản mặt cầu (Deck Slab):S4,2.1,0.42,11.7
C910,18,Bản mặt cầu (Deck Slab):S4,2.1,0.42,11.7
C910,18,Bản mặt cầu (Deck Slab):S4,2.1,0.42,11.7
C910,18,Bản mặt cầu (Deck Slab):S4,2.1,0.42,11.7
C911,18,Dầm chủ Super-T (15 phiến L=38.2m):G5b,2.86,0.42,11.7
C911,18,Bản mặt cầu (Deck Slab):S4,2.1,0.42,11.7
C911,18,Bản mặt cầu (Deck Slab):S4,2.1,0.42,11.7
C911,18,Bản mặt cầu (Deck Slab):S4,2.1,0.42,11.7
C911,18,Bản mặt cầu (Deck Slab):S4,2.1,0.42,11.7
C912,18,Dầm chủ Super-T (15 phiến L=38.2m):G5b,2.86,0.42,11.7
C912,18,Bản mặt cầu (Deck Slab):S4,2.1,0.42,11.7
C912,18,Bản mặt cầu (Deck Slab):S4,2.1,0.42,11.7
C912,18,Bản mặt cầu (Deck Slab):S4,2.1,0.42,11.7
C912,18,Bản mặt cầu (Deck Slab):S4,2.1,0.42,11.7
C913,18,Dầm chủ Super-T (15 phiến L=38.2m):G5b,2.86,0.42,11.7
C913,18,Bản mặt cầu (Deck Slab):S4,2.1,0.42,11.7
C913,18,Bản mặt cầu (Deck Slab):S4,2.1,0.42,11.7
C913,18,Bản mặt cầu (Deck Slab):S4,2.1,0.42,11.7
C913,18,Bản mặt cầu (Deck Slab):S4,2.1,0.42,11.7
C914,18,Dầm chủ Super-T (15 phiến L=38.2m):G5b,2.86,0.42,11.7
C914,18,Bản mặt cầu (Deck Slab):S4,2.1,0.42,11.7
C914,18,Bản mặt cầu (Deck Slab):S4,2.1,0.42,11.7
C914,18,Bản mặt cầu (Deck Slab):S4,2.1,0.42,11.7
C914,18,Bản mặt cầu (Deck Slab):S4,2.1,0.42,11.7
C915,18,Dầm chủ Super-T (15 phiến L=38.2m):G5b,2.86,0.42,11.7
C915,18,Bản mặt cầu (Deck Slab):S4,2.1,0.42,11.7
C915,18,Bản mặt cầu (Deck Slab):S4,2.1,0.42,11.7
C915,18,Bản mặt cầu (Deck Slab):S4,2.1,0.42,11.7
C915,18,Bản mặt cầu (Deck Slab):S4,2.1,0.42,11.7
C916,18,Dầm chủ Super-T (15 phiến L=38.2m):G5b,2.86,0.42,11.7
C916,18,Bản mặt cầu (Deck Slab):S4,2.1,0.42,11.7
C916,18,Bản mặt cầu (Deck Slab):S4,2.1,0.42,11.7
C916,18,Bản mặt cầu (Deck Slab):S4,2.1,0.42,11.7
C916,18,Bản mặt cầu (Deck Slab):S4,2.1,0.42,11.7
C917,18,Dầm chủ Super-T (15 phiến L=38.2m):G5b,2.86,0.42,11.7
C917,18,Bản mặt cầu (Deck Slab):S4,2.1,0.42,11.7
C917,18,Bản mặt cầu (Deck Slab):S4,2.1,0.42,11.7
C917,18,Bản mặt cầu (Deck Slab):S4,2.1,0.42,11.7
C917,18,Bản mặt cầu (Deck Slab):S4,2.1,0.42,11.7
C918,18,Dầm chủ Super-T (15 phiến L=38.2m):G5b,2.86,0.42,11.7
C918,18,Bản mặt cầu (Deck Slab):S4,2.1,0.42,11.7
C918,18,Bản mặt cầu (Deck Slab):S4,2.1,0.42,11.7
C918,18,Bản mặt cầu (Deck Slab):S4,2.1,0.42,11.7
C918,18,Bản mặt cầu (Deck Slab):S4,2.1,0.42,11.7
C919,18,Dầm chủ Super-T (15 phiến L=38.2m):G5b,2.86,0.42,11.7
C919,18,Bản mặt cầu (Deck Slab):S4,2.1,0.42,11.7
C919,18,Bản mặt cầu (Deck Slab):S4,2.1,0.42,11.7
C919,18,Bản mặt cầu (Deck Slab):S4,2.1,0.42,11.7
C919,18,Bản mặt cầu (Deck Slab):S4,2.1,0.42,11.7
C920,18,Dầm chủ Super-T (15 phiến L=38.2m):G5b,2.86,0.42,11.7
C920,18,Bản mặt cầu (Deck Slab):S4,2.1,0.42,11.7
C920,18,Bản mặt cầu (Deck Slab):S4,2.1,0.42,11.7
C920,18,Bản mặt cầu (Deck Slab):S4,2.1,0.42,11.7
C920,18,Bản mặt cầu (Deck Slab):S4,2.1,0.42,11.7
C921,18,Dầm chủ Super-T (15 phiến L=38.2m):G5b,2.86,0.42,11.7
C921,18,Bản mặt cầu (Deck Slab):S4,2.1,0.42,11.7
C921,18,Bản mặt cầu (Deck Slab):S4,2.1,0.42,11.7
C921,18,Bản mặt cầu (Deck Slab):S4,2.1,0.42,11.7
C921,18,Bản mặt cầu (Deck Slab):S4,2.1,0.42,11.7
C922,18,Dầm chủ Super-T (15 phiến L=38.2m):G5b,2.86,0.42,11.7
C922,18,Bản mặt cầu (Deck Slab):S4,2.1,0.42,11.7
C922,18,Bản mặt cầu (Deck Slab):S4,2.1,0.42,11.7
C922,18,Bản mặt cầu (Deck Slab):S4,2.1,0.42,11.7
C922,18,Bản mặt cầu (Deck Slab):S4,2.1,0.42,11.7
C923,18,Dầm chủ Super-T (15 phiến L=38.2m):G5b,2.86,0.42,11.7
C923,18,Bản mặt cầu (Deck Slab):S4,2.1,0.42,11.7
C923,18,Bản mặt cầu (Deck Slab):S4,2.1,0.42,11.7
C923,18,Bản mặt cầu (Deck Slab):S4,2.1,0.42,11.7
C923,18,Bản mặt cầu (Deck Slab):S4,2.1,0.42,11.7
C924,18,Dầm chủ Super-T (15 phiến L=38.2m):G5b,2.86,0.42,11.7
C924,18,Bản mặt cầu (Deck Slab):S4,2.1,0.42,11.7
C924,18,Bản mặt cầu (Deck Slab):S4,2.1,0.42,11.7
C924,18,Bản mặt cầu (Deck Slab):S4,2.1,0.42,11.7
C924,18,Bản mặt cầu (Deck Slab):S4,2.1,0.42,11.7
C925,18,Dầm chủ Super-T (15 phiến L=38.2m):G5b,2.86,0.42,11.7
C925,18,Bản mặt cầu (Deck Slab):S4,2.1,0.42,11.7
C925,18,Bản mặt cầu (Deck Slab):S4,2.1,0.42,11.7
C925,18,Bản mặt cầu (Deck Slab):S4,2.1,0.42,11.7
C925,18,Bản mặt cầu (Deck Slab):S4,2.1,0.42,11.7
C926,18,Dầm chủ Super-T (15 phiến L=38.2m):G5b,2.86,0.42,11.7
C926,18,Bản mặt cầu (Deck Slab):S4,2.1,0.42,11.7
C926,18,Bản mặt cầu (Deck Slab):S4,2.1,0.42,11.7
C926,18,Bản mặt cầu (Deck Slab):S4,2.1,0.42,11.7
C926,18,Bản mặt cầu (Deck Slab):S4,2.1,0.42,11.7
C927,18,Dầm chủ Super-T (15 phiến L=38.2m):G5b,2.86,0.42,11.7
C927,18,Bản mặt cầu (Deck Slab):S4,2.1,0.42,11.7
C927,18,Bản mặt cầu (Deck Slab):S4,2.1,0.42,11.7
C927,18,Bản mặt cầu (Deck Slab):S4,2.1,0.42,11.7
C927,18,Bản mặt cầu (Deck Slab):S4,2.1,0.42,11.7
C928,18,Dầm chủ Super-T (15 phiến L=38.2m):G5b,2.86,0.42,11.7
C928,18,Bản mặt cầu (Deck Slab):S4,2.1,0.42,11.7
C928,18,Bản mặt cầu (Deck Slab):S4,2.1,0.42,11.7
C928,18,Bản mặt cầu (Deck Slab):S4,2.1,0.42,11.7
C928,18,Bản mặt cầu (Deck Slab):S4,2.1,0.42,11.7
C929,18,Dầm chủ Super-T (15 phiến L=38.2m):G5b,2.86,0.42,11.7
C929,18,Bản mặt cầu (Deck Slab):S4,2.1,0.42,11.7
C929,18,Bản mặt cầu (Deck Slab):S4,2.1,0.42,11.7
C929,18,Bản mặt cầu (Deck Slab):S4,2.1,0.42,11.7
C929,18,Bản mặt cầu (Deck Slab):S4,2.1,0.42,11.7
C930,18,Dầm chủ Super-T (15 phiến L=38.2m):G5b,2.86,0.42,11.7
C930,18,Bản mặt cầu (Deck Slab):S4,2.1,0.42,11.7
C930,18,Bản mặt cầu (Deck Slab):S4,2.1,0.42,11.7
C930,18,Bản mặt cầu (Deck Slab):S4,2.1,0.42,11.7
C930,18,Bản mặt cầu (Deck Slab):S4,2.1,0.42,11.7
C931,18,Dầm chủ Super-T (15 phiến L=38.2m):G5b,2.86,0.42,11.7
C931,18,Bản mặt cầu (Deck Slab):S4,2.1,0.42,11.7
C931,18,Bản mặt cầu (Deck Slab):S4,2.1,0.42,11.7
C931,18,Bản mặt cầu (Deck Slab):S4,2.1,0.42,11.7
C931,18,Bản mặt cầu (Deck Slab):S4,2.1,0.42,11.7
C932,18,Dầm chủ Super-T (15 phiến L=38.2m):G5b,2.86,0.42,11.7
C932,18,Bản mặt cầu (Deck Slab):S4,2.1,0.42,11.7
C932,18,Bản mặt cầu (Deck Slab):S4,2.1,0.42,11.7
C932,18,Bản mặt cầu (Deck Slab):S4,2.1,0.42,11.7
C932,18,Bản mặt cầu (Deck Slab):S4,2.1,0.42,11.7
C933,18,Dầm chủ Super-T (15 phiến L=38.2m):G5b,2.86,0.42,11.7
C933,18,Bản mặt cầu (Deck Slab):S4,2.1,0.42,11.7
C933,18,Bản mặt cầu (Deck Slab):S4,2.1,0.42,11.7
C933,18,Bản mặt cầu (Deck Slab):S4,2.1,0.42,11.7
C933,18,Bản mặt cầu (Deck Slab):S4,2.1,0.42,11.7
C934,18,Dầm chủ Super-T (15 phiến L=38.2m):G5b,2.86,0.42,11.7
C934,18,Bản mặt cầu (Deck Slab):S4,2.1,0.42,11.7
C934,18,Bản mặt cầu (Deck Slab):S4,2.1,0.42,11.7
C934,18,Bản mặt cầu (Deck Slab):S4,2.1,0.42,11.7
C934,18,Bản mặt cầu (Deck Slab):S4,2.1,0.42,11.7
C935,18,Dầm chủ Super-T (15 phiến L=38.2m):G5b,2.86,0.42,11.7
C935,18,Bản mặt cầu (Deck Slab):S4,2.1,0.42,11.7
C935,18,Bản mặt cầu (Deck Slab):S4,2.1,0.42,11.7
C935,18,Bản mặt cầu (Deck Slab):S4,2.1,0.42,11.7
C935,18,Bản mặt cầu (Deck Slab):S4,2.1,0.42,11.7
C936,18,Dầm chủ Super-T (15 phiến L=38.2m):G5b,2.86,0.42,11.7
C936,18,Bản mặt cầu (Deck Slab):S4,2.1,0.42,11.7
C936,18,Bản mặt cầu (Deck Slab):S4,2.1,0.42,11.7
C936,18,Bản mặt cầu (Deck Slab):S4,2.1,0.42,11.7
C936,18,Bản mặt cầu (Deck Slab):S4,2.1,0.42,11.7
C937,18,Dầm chủ Super-T (15 phiến L=38.2m):G5b,2.86,0.42,11.7
C937,18,Bản mặt cầu (Deck Slab):S4,2.1,0.42,11.7
C937,18,Bản mặt cầu (Deck Slab):S4,2.1,0.42,11.7
C937,18,Bản mặt cầu (Deck Slab):S4,2.1,0.42,11.7
C937,18,Bản mặt cầu (Deck Slab):S4,2.1,0.42,11.7
C938,18,Dầm chủ Super-T (15 phiến L=38.2m):G5b,2.86,0.42,11.7
C938,18,Bản mặt cầu (Deck Slab):S4,2.1,0.42,11.7
C938,18,Bản mặt cầu (Deck Slab):S4,2.1,0.42,11.7
C938,18,Bản mặt cầu (Deck Slab):S4,2.1,0.42,11.7
C938,18,Bản mặt cầu (Deck Slab):S4,2.1,0.42,11.7
C939,18,Dầm chủ Super-T (15 phiến L=38.2m):G5b,2.86,0.42,11.7
C939,18,Bản mặt cầu (Deck Slab):S4,2.1,0.42,11.7
C939,18,Bản mặt cầu (Deck Slab):S4,2.1,0.42,11.7
C939,18,Bản mặt cầu (Deck Slab):S4,2.1,0.42,11.7
C939,18,Bản mặt cầu (Deck Slab):S4,2.1,0.42,11.7
C940,18,Dầm chủ Super-T (15 phiến L=38.2m):G5b,2.86,0.42,11.7
C940,18,Bản mặt cầu (Deck Slab):S4,2.1,0.42,11.7
C940,18,Bản mặt cầu (Deck Slab):S4,2.1,0.42,11.7
C940,18,Bản mặt cầu (Deck Slab):S4,2.1,0.42,11.7
C940,18,Bản mặt cầu (Deck Slab):S4,2.1,0.42,11.7
C941,18,Dầm chủ Super-T (15 phiến L=38.2m):G5b,2.86,0.42,11.7
C941,18,Bản mặt cầu (Deck Slab):S4,2.1,0.42,11.7
C941,18,Bản mặt cầu (Deck Slab):S4,2.1,0.42,11.7
C941,18,Bản mặt cầu (Deck Slab):S4,2.1,0.42,11.7
C941,18,Bản mặt cầu (Deck Slab):S4,2.1,0.42,11.7
C942,18,Dầm chủ Super-T (15 phiến L=38.2m):G5b,2.86,0.42,11.7
C942,18,Bản mặt cầu (Deck Slab):S4,2.1,0.42,11.7
C942,18,Bản mặt cầu (Deck Slab):S4,2.1,0.42,11.7
C942,18,Bản mặt cầu (Deck Slab):S4,2.1,0.42,11.7
C942,18,Bản mặt cầu (Deck Slab):S4,2.1,0.42,11.7
C943,18,Dầm chủ Super-T (15 phiến L=38.2m):G5b,2.86,0.42,11.7
C943,18,Bản mặt cầu (Deck Slab):S4,2.1,0.42,11.7
C943,18,Bản mặt cầu (Deck Slab):S4,2.1,0.42,11.7
C943,18,Bản mặt cầu (Deck Slab):S4,2.1,0.42,11.7
C943,18,Bản mặt cầu (Deck Slab):S4,2.1,0.42,11.7
C944,18,Dầm chủ Super-T (15 phiến L=38.2m):G5b,2.86,0.42,11.7
C944,18,Bản mặt cầu (Deck Slab):S4,2.1,0.42,11.7
C944,18,Bản mặt cầu (Deck Slab):S4,2.1,0.42,11.7
C944,18,Bản mặt cầu (Deck Slab):S4,2.1,0.42,11.7
C944,18,Bản mặt cầu (Deck Slab):S4,2.1,0.42,11.7
C945,18,Dầm chủ Super-T (15 phiến L=38.2m):G5b,2.86,0.42,11.7
C945,18,Bản mặt cầu (Deck Slab):S4,2.1,0.42,11.7
C945,18,Bản mặt cầu (Deck Slab):S4,2.1,0.42,11.7
C945,18,Bản mặt cầu (Deck Slab):S4,2.1,0.42,11.7
C945,18,Bản mặt cầu (Deck Slab):S4,2.1,0.42,11.7
C946,18,Dầm chủ Super-T (15 phiến L=38.2m):G5b,2.86,0.42,11.7
C946,18,Bản mặt cầu (Deck Slab):S4,2.1,0.42,11.7
C946,18,Bản mặt cầu (Deck Slab):S4,2.1,0.42,11.7
C946,18,Bản mặt cầu (Deck Slab):S4,2.1,0.42,11.7
C946,18,Bản mặt cầu (Deck Slab):S4,2.1,0.42,11.7
C947,18,Dầm chủ Super-T (15 phiến L=38.2m):G5b,2.86,0.42,11.7
C947,18,Bản mặt cầu (Deck Slab):S4,2.1,0.42,11.7
C947,18,Bản mặt cầu (Deck Slab):S4,2.1,0.42,11.7
C947,18,Bản mặt cầu (Deck Slab):S4,2.1,0.42,11.7
C947,18,Bản mặt cầu (Deck Slab):S4,2.1,0.42,11.7
C948,18,Dầm chủ Super-T (15 phiến L=38.2m):G5b,2.86,0.42,11.7
C948,18,Bản mặt cầu (Deck Slab):S4,2.1,0.42,11.7
C948,18,Bản mặt cầu (Deck Slab):S4,2.1,0.42,11.7
C948,18,Bản mặt cầu (Deck Slab):S4,2.1,0.42,11.7
C948,18,Bản mặt cầu (Deck Slab):S4,2.1,0.42,11.7
C949,18,Dầm chủ Super-T (15 phiến L=38.2m):G5b,2.86,0.42,11.7
C949,18,Bản mặt cầu (Deck Slab):S4,2.1,0.42,11.7
C949,18,Bản mặt cầu (Deck Slab):S4,2.1,0.42,11.7
C949,18,Bản mặt cầu (Deck Slab):S4,2.1,0.42,11.7
C949,18,Bản mặt cầu (Deck Slab):S4,2.1,0.42,11.7
C950,18,Dầm chủ Super-T (15 phiến L=38.2m):G5b,2.86,0.42,11.7
C950,18,Bản mặt cầu (Deck Slab):S4,2.1,0.42,11.7
C950,18,Bản mặt cầu (Deck Slab):S4,2.1,0.42,11.7
C950,18,Bản mặt cầu (Deck Slab):S4,2.1,0.42,11.7
C950,18,Bản mặt cầu (Deck Slab):S4,2.1,0.42,11.7
C951,18,Dầm chủ Super-T (15 phiến L=38.2m):G5b,2.86,0.42,11.7
C951,18,Bản mặt cầu (Deck Slab):S4,2.1,0.42,11.7
C951,18,Bản mặt cầu (Deck Slab):S4,2.1,0.42,11.7
C951,18,Bản mặt cầu (Deck Slab):S4,2.1,0.42,11.7
C951,18,Bản mặt cầu (Deck Slab):S4,2.1,0.42,11.7
C952,18,Dầm chủ Super-T (15 phiến L=38.2m):G5b,2.86,0.42,11.7
C952,18,Bản mặt cầu (Deck Slab):S4,2.1,0.42,11.7
C952,18,Bản mặt cầu (Deck Slab):S4,2.1,0.42,11.7
C952,18,Bản mặt cầu (Deck Slab):S4,2.1,0.42,11.7
C952,18,Bản mặt cầu (Deck Slab):S4,2.1,0.42,11.7
C953,18,Dầm chủ Super-T (15 phiến L=38.2m):G5b,2.86,0.42,11.7
C953,18,Bản mặt cầu (Deck Slab):S4,2.1,0.42,11.7
C953,18,Bản mặt cầu (Deck Slab):S4,2.1,0.42,11.7
C953,18,Bản mặt cầu (Deck Slab):S4,2.1,0.42,11.7
C953,18,Bản mặt cầu (Deck Slab):S4,2.1,0.42,11.7
C954,18,Dầm chủ Super-T (15 phiến L=38.2m):G5b,2.86,0.42,11.7
C954,18,Bản mặt cầu (Deck Slab):S4,2.1,0.42,11.7
C954,18,Bản mặt cầu (Deck Slab):S4,2.1,0.42,11.7
C954,18,Bản mặt cầu (Deck Slab):S4,2.1,0.42,11.7
C954,18,Bản mặt cầu (Deck Slab):S4,2.1,0.42,11.7
C955,18,Dầm chủ Super-T (15 phiến L=38.2m):G5b,2.86,0.42,11.7
C955,18,Bản mặt cầu (Deck Slab):S4,2.1,0.42,11.7
C955,18,Bản mặt cầu (Deck Slab):S4,2.1,0.42,11.7
C955,18,Bản mặt cầu (Deck Slab):S4,2.1,0.42,11.7
C955,18,Bản mặt cầu (Deck Slab):S4,2.1,0.42,11.7
C956,18,Dầm chủ Super-T (15 phiến L=38.2m):G5b,2.86,0.42,11.7
C956,18,Bản mặt cầu (Deck Slab):S4,2.1,0.42,11.7
C956,18,Bản mặt cầu (Deck Slab):S4,2.1,0.42,11.7
C956,18,Bản mặt cầu (Deck Slab):S4,2.1,0.42,11.7
C956,18,Bản mặt cầu (Deck Slab):S4,2.1,0.42,11.7
C957,18,Dầm chủ Super-T (15 phiến L=38.2m):G5b,2.86,0.42,11.7
C957,18,Bản mặt cầu (Deck Slab):S4,2.1,0.42,11.7
C957,18,Bản mặt cầu (Deck Slab):S4,2.1,0.42,11.7
C957,18,Bản mặt cầu (Deck Slab):S4,2.1,0.42,11.7
C957,18,Bản mặt cầu (Deck Slab):S4,2.1,0.42,11.7
C958,18,Dầm chủ Super-T (15 phiến L=38.2m):G5b,2.86,0.42,11.7
C958,18,Bản mặt cầu (Deck Slab):S4,2.1,0.42,11.7
C958,18,Bản mặt cầu (Deck Slab):S4,2.1,0.42,11.7
C958,18,Bản mặt cầu (Deck Slab):S4,2.1,0.42,11.7
C958,18,Bản mặt cầu (Deck Slab):S4,2.1,0.42,11.7
C959,18,Dầm chủ Super-T (15 phiến L=38.2m):G5b,2.86,0.42,11.7
C959,18,Bản mặt cầu (Deck Slab):S4,2.1,0.42,11.7
C959,18,Bản mặt cầu (Deck Slab):S4,2.1,0.42,11.7
C959,18,Bản mặt cầu (Deck Slab):S4,2.1,0.42,11.7
C959,18,Bản mặt cầu (Deck Slab):S4,2.1,0.42,11.7
C960,18,Dầm chủ Super-T (15 phiến L=38.2m):G5b,2.86,0.42,11.7
C960,18,Bản mặt cầu (Deck Slab):S4,2.1,0.42,11.7
C960,18,Bản mặt cầu (Deck Slab):S4,2.1,0.42,11.7
C960,18,Bản mặt cầu (Deck Slab):S4,2.1,0.42,11.7
C960,18,Bản mặt cầu (Deck Slab):S4,2.1,0.42,11.7
C961,18,Dầm chủ Super-T (15 phiến L=38.2m):G5b,2.86,0.42,11.7
C961,18,Bản mặt cầu (Deck Slab):S4,2.1,0.42,11.7
C961,18,Bản mặt cầu (Deck Slab):S4,2.1,0.42,11.7
C961,18,Bản mặt cầu (Deck Slab):S4,2.1,0.42,11.7
C961,18,Bản mặt cầu (Deck Slab):S4,2.1,0.42,11.7
C962,18,Dầm chủ Super-T (15 phiến L=38.2m):G5b,2.86,0.42,11.7
C962,18,Bản mặt cầu (Deck Slab):S4,2.1,0.42,11.7
C962,18,Bản mặt cầu (Deck Slab):S4,2.1,0.42,11.7
C962,18,Bản mặt cầu (Deck Slab):S4,2.1,0.42,11.7
C962,18,Bản mặt cầu (Deck Slab):S4,2.1,0.42,11.7
C963,18,Dầm chủ Super-T (15 phiến L=38.2m):G5b,2.86,0.42,11.7
C963,18,Bản mặt cầu (Deck Slab):S4,2.1,0.42,11.7
C963,18,Bản mặt cầu (Deck Slab):S4,2.1,0.42,11.7
C963,18,Bản mặt cầu (Deck Slab):S4,2.1,0.42,11.7
C963,18,Bản mặt cầu (Deck Slab):S4,2.1,0.42,11.7
C964,18,Dầm chủ Super-T (15 phiến L=38.2m):G5b,2.86,0.42,11.7
C964,18,Bản mặt cầu (Deck Slab):S4,2.1,0.42,11.7
C964,18,Bản mặt cầu (Deck Slab):S4,2.1,0.42,11.7
C964,18,Bản mặt cầu (Deck Slab):S4,2.1,0.42,11.7
C964,18,Bản mặt cầu (Deck Slab):S4,2.1,0.42,11.7
C965,18,Dầm chủ Super-T (15 phiến L=38.2m):G5b,2.86,0.42,11.7
C965,18,Bản mặt cầu (Deck Slab):S4,2.1,0.42,11.7
C965,18,Bản mặt cầu (Deck Slab):S4,2.1,0.42,11.7
C965,18,Bản mặt cầu (Deck Slab):S4,2.1,0.42,11.7
C965,18,Bản mặt cầu (Deck Slab):S4,2.1,0.42,11.7
C966,18,Dầm chủ Super-T (15 phiến L=38.2m):G5b,2.86,0.42,11.7
C966,18,Bản mặt cầu (Deck Slab):S4,2.1,0.42,11.7
C966,18,Bản mặt cầu (Deck Slab):S4,2.1,0.42,11.7
C966,18,Bản mặt cầu (Deck Slab):S4,2.1,0.42,11.7
C966,18,Bản mặt cầu (Deck Slab):S4,2.1,0.42,11.7
C967,18,Dầm chủ Super-T (15 phiến L=38.2m):G5b,2.86,0.42,11.7
C967,18,Bản mặt cầu (Deck Slab):S4,2.1,0.42,11.7
C967,18,Bản mặt cầu (Deck Slab):S4,2.1,0.42,11.7
C967,18,Bản mặt cầu (Deck Slab):S4,2.1,0.42,11.7
C967,18,Bản mặt cầu (Deck Slab):S4,2.1,0.42,11.7
C968,18,Dầm chủ Super-T (15 phiến L=38.2m):G5b,2.86,0.42,11.7
C968,18,Bản mặt cầu (Deck Slab):S4,2.1,0.42,11.7
C968,18,Bản mặt cầu (Deck Slab):S4,2.1,0.42,11.7
C968,18,Bản mặt cầu (Deck Slab):S4,2.1,0.42,11.7
C968,18,Bản mặt cầu (Deck Slab):S4,2.1,0.42,11.7
C969,18,Dầm chủ Super-T (15 phiến L=38.2m):G5b,2.86,0.42,11.7
C969,18,Bản mặt cầu (Deck Slab):S4,2.1,0.42,11.7
C969,18,Bản mặt cầu (Deck Slab):S4,2.1,0.42,11.7
C969,18,Bản mặt cầu (Deck Slab):S4,2.1,0.42,11.7
C969,18,Bản mặt cầu (Deck Slab):S4,2.1,0.42,11.7
C970,18,Dầm chủ Super-T (15 phiến L=38.2m):G5b,2.86,0.42,11.7
C970,18,Bản mặt cầu (Deck Slab):S4,2.1,0.42,11.7
C970,18,Bản mặt cầu (Deck Slab):S4,2.1,0.42,11.7
C970,18,Bản mặt cầu (Deck Slab):S4,2.1,0.42,11.7
C970,18,Bản mặt cầu (Deck Slab):S4,2.1,0.42,11.7
C971,18,Dầm chủ Super-T (15 phiến L=38.2m):G5b,2.86,0.42,11.7
C971,18,Bản mặt cầu (Deck Slab):S4,2.1,0.42,11.7
C971,18,Bản mặt cầu (Deck Slab):S4,2.1,0.42,11.7
C971,18,Bản mặt cầu (Deck Slab):S4,2.1,0.42,11.7
C971,18,Bản mặt cầu (Deck Slab):S4,2.1,0.42,11.7
C972,18,Dầm chủ Super-T (15 phiến L=38.2m):G5b,2.86,0.42,11.7
C972,18,Bản mặt cầu (Deck Slab):S4,2.1,0.42,11.7
C972,18,Bản mặt cầu (Deck Slab):S4,2.1,0.42,11.7
C972,18,Bản mặt cầu (Deck Slab):S4,2.1,0.42,11.7
C972,18,Bản mặt cầu (Deck Slab):S4,2.1,0.42,11.7
C973,18,Dầm chủ Super-T (15 phiến L=38.2m):G5b,2.86,0.42,11.7
C973,18,Bản mặt cầu (Deck Slab):S4,2.1,0.42,11.7
C973,18,Bản mặt cầu (Deck Slab):S4,2.1,0.42,11.7
C973,18,Bản mặt cầu (Deck Slab):S4,2.1,0.42,11.7
C973,18,Bản mặt cầu (Deck Slab):S4,2.1,0.42,11.7
C974,18,Dầm chủ Super-T (15 phiến L=38.2m):G5b,2.86,0.42,11.7
C974,18,Bản mặt cầu (Deck Slab):S4,2.1,0.42,11.7
C974,18,Bản mặt cầu (Deck Slab):S4,2.1,0.42,11.7
C974,18,Bản mặt cầu (Deck Slab):S4,2.1,0.42,11.7
C974,18,Bản mặt cầu (Deck Slab):S4,2.1,0.42,11.7
C975,18,Dầm chủ Super-T (15 phiến L=38.2m):G5b,2.86,0.42,11.7
C975,18,Bản mặt cầu (Deck Slab):S4,2.1,0.42,11.7
C975,18,Bản mặt cầu (Deck Slab):S4,2.1,0.42,11.7
C975,18,Bản mặt cầu (Deck Slab):S4,2.1,0.42,11.7
C975,18,Bản mặt cầu (Deck Slab):S4,2.1,0.42,11.7
C976,18,Dầm chủ Super-T (15 phiến L=38.2m):G5b,2.86,0.42,11.7
C976,18,Bản mặt cầu (Deck Slab):S4,2.1,0.42,11.7
C976,18,Bản mặt cầu (Deck Slab):S4,2.1,0.42,11.7
C976,18,Bản mặt cầu (Deck Slab):S4,2.1,0.42,11.7
C976,18,Bản mặt cầu (Deck Slab):S4,2.1,0.42,11.7
C977,18,Dầm chủ Super-T (15 phiến L=38.2m):G5b,2.86,0.42,11.7
C977,18,Bản mặt cầu (Deck Slab):S4,2.1,0.42,11.7
C977,18,Bản mặt cầu (Deck Slab):S4,2.1,0.42,11.7
C977,18,Bản mặt cầu (Deck Slab):S4,2.1,0.42,11.7
C977,18,Bản mặt cầu (Deck Slab):S4,2.1,0.42,11.7
C978,18,Dầm chủ Super-T (15 phiến L=38.2m):G5b,2.86,0.42,11.7
C978,18,Bản mặt cầu (Deck Slab):S4,2.1,0.42,11.7
C978,18,Bản mặt cầu (Deck Slab):S4,2.1,0.42,11.7
C978,18,Bản mặt cầu (Deck Slab):S4,2.1,0.42,11.7
C978,18,Bản mặt cầu (Deck Slab):S4,2.1,0.42,11.7
C979,18,Dầm chủ Super-T (15 phiến L=38.2m):G5b,2.86,0.42,11.7
C979,18,Bản mặt cầu (Deck Slab):S4,2.1,0.42,11.7
C979,18,Bản mặt cầu (Deck Slab):S4,2.1,0.42,11.7
C979,18,Bản mặt cầu (Deck Slab):S4,2.1,0.42,11.7
C979,18,Bản mặt cầu (Deck Slab):S4,2.1,0.42,11.7
C980,18,Dầm chủ Super-T (15 phiến L=38.2m):G5b,2.86,0.42,11.7
C980,18,Bản mặt cầu (Deck Slab):S4,2.1,0.42,11.7
C980,18,Bản mặt cầu (Deck Slab):S4,2.1,0.42,11.7
C980,18,Bản mặt cầu (Deck Slab):S4,2.1,0.42,11.7
C980,18,Bản mặt cầu (Deck Slab):S4,2.1,0.42,11.7
C981,18,Dầm chủ Super-T (15 phiến L=38.2m):G5b,2.86,0.42,11.7
C981,18,Bản mặt cầu (Deck Slab):S4,2.1,0.42,11.7
C981,18,Bản mặt cầu (Deck Slab):S4,2.1,0.42,11.7
C981,18,Bản mặt cầu (Deck Slab):S4,2.1,0.42,11.7
C981,18,Bản mặt cầu (Deck Slab):S4,2.1,0.42,11.7
C982,18,Dầm chủ Super-T (15 phiến L=38.2m):G5b,2.86,0.42,11.7
C982,18,Bản mặt cầu (Deck Slab):S4,2.1,0.42,11.7
C982,18,Bản mặt cầu (Deck Slab):S4,2.1,0.42,11.7
C982,18,Bản mặt cầu (Deck Slab):S4,2.1,0.42,11.7
C982,18,Bản mặt cầu (Deck Slab):S4,2.1,0.42,11.7
C983,18,Dầm chủ Super-T (15 phiến L=38.2m):G5b,2.86,0.42,11.7
C983,18,Bản mặt cầu (Deck Slab):S4,2.1,0.42,11.7
C983,18,Bản mặt cầu (Deck Slab):S4,2.1,0.42,11.7
C983,18,Bản mặt cầu (Deck Slab):S4,2.1,0.42,11.7
C983,18,Bản mặt cầu (Deck Slab):S4,2.1,0.42,11.7
C984,18,Dầm chủ Super-T (15 phiến L=38.2m):G5b,2.86,0.42,11.7
C984,18,Bản mặt cầu (Deck Slab):S4,2.1,0.42,11.7
C984,18,Bản mặt cầu (Deck Slab):S4,2.1,0.42,11.7
C984,18,Bản mặt cầu (Deck Slab):S4,2.1,0.42,11.7
C984,18,Bản mặt cầu (Deck Slab):S4,2.1,0.42,11.7
C985,18,Dầm chủ Super-T (15 phiến L=38.2m):G5b,2.86,0.42,11.7
C985,18,Bản mặt cầu (Deck Slab):S4,2.1,0.42,11.7
C985,18,Bản mặt cầu (Deck Slab):S4,2.1,0.42,11.7
C985,18,Bản mặt cầu (Deck Slab):S4,2.1,0.42,11.7
C985,18,Bản mặt cầu (Deck Slab):S4,2.1,0.42,11.7
C986,18,Dầm chủ Super-T (15 phiến L=38.2m):G5b,2.86,0.42,11.7
C986,18,Bản mặt cầu (Deck Slab):S4,2.1,0.42,11.7
C986,18,Bản mặt cầu (Deck Slab):S4,2.1,0.42,11.7
C986,18,Bản mặt cầu (Deck Slab):S4,2.1,0.42,11.7
C986,18,Bản mặt cầu (Deck Slab):S4,2.1,0.42,11.7
C987,18,Dầm chủ Super-T (15 phiến L=38.2m):G5b,2.86,0.42,11.7
C987,18,Bản mặt cầu (Deck Slab):S4,2.1,0.42,11.7
C987,18,Bản mặt cầu (Deck Slab):S4,2.1,0.42,11.7
C987,18,Bản mặt cầu (Deck Slab):S4,2.1,0.42,11.7
C987,18,Bản mặt cầu (Deck Slab):S4,2.1,0.42,11.7
C988,18,Dầm chủ Super-T (15 phiến L=38.2m):G5b,2.86,0.42,11.7
C988,18,Bản mặt cầu (Deck Slab):S4,2.1,0.42,11.7
C988,18,Bản mặt cầu (Deck Slab):S4,2.1,0.42,11.7
C988,18,Bản mặt cầu (Deck Slab):S4,2.1,0.42,11.7
C988,18,Bản mặt cầu (Deck Slab):S4,2.1,0.42,11.7
C989,18,Dầm chủ Super-T (15 phiến L=38.2m):G5b,2.86,0.42,11.7
C989,18,Bản mặt cầu (Deck Slab):S4,2.1,0.42,11.7
C989,18,Bản mặt cầu (Deck Slab):S4,2.1,0.42,11.7
C989,18,Bản mặt cầu (Deck Slab):S4,2.1,0.42,11.7
C989,18,Bản mặt cầu (Deck Slab):S4,2.1,0.42,11.7
C990,18,Dầm chủ Super-T (15 phiến L=38.2m):G5b,2.86,0.42,11.7
C990,18,Bản mặt cầu (Deck Slab):S4,2.1,0.42,11.7
C990,18,Bản mặt cầu (Deck Slab):S4,2.1,0.42,11.7
C990,18,Bản mặt cầu (Deck Slab):S4,2.1,0.42,11.7
C990,18,Bản mặt cầu (Deck Slab):S4,2.1,0.42,11.7
C991,18,Dầm chủ Super-T (15 phiến L=38.2m):G5b,2.86,0.42,11.7
C991,18,Bản mặt cầu (Deck Slab):S4,2.1,0.42,11.7
C991,18,Bản mặt cầu (Deck Slab):S4,2.1,0.42,11.7
C991,18,Bản mặt cầu (Deck Slab):S4,2.1,0.42,11.7
C991,18,Bản mặt cầu (Deck Slab):S4,2.1,0.42,11.7
C992,18,Dầm chủ Super-T (15 phiến L=38.2m):G5b,2.86,0.42,11.7
C992,18,Bản mặt cầu (Deck Slab):S4,2.1,0.42,11.7
C992,18,Bản mặt cầu (Deck Slab):S4,2.1,0.42,11.7
C992,18,Bản mặt cầu (Deck Slab):S4,2.1,0.42,11.7
C992,18,Bản mặt cầu (Deck Slab):S4,2.1,0.42,11.7
C993,18,Dầm chủ Super-T (15 phiến L=38.2m):G5b,2.86,0.42,11.7
C993,18,Bản mặt cầu (Deck Slab):S4,2.1,0.42,11.7
C993,18,Bản mặt cầu (Deck Slab):S4,2.1,0.42,11.7
C993,18,Bản mặt cầu (Deck Slab):S4,2.1,0.42,11.7
C993,18,Bản mặt cầu (Deck Slab):S4,2.1,0.42,11.7
C994,18,Dầm chủ Super-T (15 phiến L=38.2m):G5b,2.86,0.42,11.7
C994,18,Bản mặt cầu (Deck Slab):S4,2.1,0.42,11.7
C994,18,Bản mặt cầu (Deck Slab):S4,2.1,0.42,11.7
C994,18,Bản mặt cầu (Deck Slab):S4,2.1,0.42,11.7
C994,18,Bản mặt cầu (Deck Slab):S4,2.1,0.42,11.7
C995,18,Dầm chủ Super-T (15 phiến L=38.2m):G5b,2.86,0.42,11.7
C995,18,Bản mặt cầu (Deck Slab):S4,2.1,0.42,11.7
C995,18,Bản mặt cầu (Deck Slab):S4,2.1,0.42,11.7
C995,18,Bản mặt cầu (Deck Slab):S4,2.1,0.42,11.7
C995,18,Bản mặt cầu (Deck Slab):S4,2.1,0.42,11.7
C996,18,Dầm chủ Super-T (15 phiến L=38.2m):G5b,2.86,0.42,11.7
C996,18,Bản mặt cầu (Deck Slab):S4,2.1,0.42,11.7
C996,18,Bản mặt cầu (Deck Slab):S4,2.1,0.42,11.7
C996,18,Bản mặt cầu (Deck Slab):S4,2.1,0.42,11.7
C996,18,Bản mặt cầu (Deck Slab):S4,2.1,0.42,11.7
C997,18,Dầm chủ Super-T (15 phiến L=38.2m):G5b,2.86,0.42,11.7
C997,18,Bản mặt cầu (Deck Slab):S4,2.1,0.42,11.7
C997,18,Bản mặt cầu (Deck Slab):S4,2.1,0.42,11.7
C997,18,Bản mặt cầu (Deck Slab):S4,2.1,0.42,11.7
C997,18,Bản mặt cầu (Deck Slab):S4,2.1,0.42,11.7
C998,18,Dầm chủ Super-T (15 phiến L=38.2m):G5b,2.86,0.42,11.7
C998,18,Bản mặt cầu (Deck Slab):S4,2.1,0.42,11.7
C998,18,Bản mặt cầu (Deck Slab):S4,2.1,0.42,11.7
C998,18,Bản mặt cầu (Deck Slab):S4,2.1,0.42,11.7
C998,18,Bản mặt cầu (Deck Slab):S4,2.1,0.42,11.7
C999,18,Dầm chủ Super-T (15 phiến L=38.2m):G5b,2.86,0.42,11.7
C999,18,Bản mặt cầu (Deck Slab):S4,2.1,0.42,11.7
C999,18,Bản mặt cầu (Deck Slab):S4,2.1,0.42,11.7
C999,18,Bản mặt cầu (Deck Slab):S4,2.1,0.42,11.7
C999,18,Bản mặt cầu (Deck Slab):S4,2.1,0.42,11.7
C1000,18,Dầm chủ Super-T (15 phiến L=38.2m):G5b,2.86,0.42,11.7
C1000,18,Bản mặt cầu (Deck Slab):S4,2.1,0.42,11.7
C1000,18,Bản mặt cầu (Deck Slab):S4,2.1,0.42,11.7
C1000,18,Bản mặt cầu (Deck Slab):S4,2.1,0.42,11.7
C1000,18,Bản mặt cầu (Deck Slab):S4,2.1,0.42,11.7
C1001,18,Dầm chủ Super-T (15 phiến L=38.2m):G5b,2.86,0.42,11.7
C1001,18,Bản mặt cầu (Deck Slab):S4,2.1,0.42,11.7
C1001,18,Bản mặt cầu (Deck Slab):S4,2.1,0.42,11.7
C1001,18,Bản mặt cầu (Deck Slab):S4,2.1,0.42,11.7
C1001,18,Bản mặt cầu (Deck Slab):S4,2.1,0.42,11.7
C1002,18,Dầm chủ Super-T (15 phiến L=38.2m):G5b,2.86,0.42,11.7
C1002,18,Bản mặt cầu (Deck Slab):S4,2.1,0.42,11.7
C1002,18,Bản mặt cầu (Deck Slab):S4,2.1,0.42,11.7
C1002,18,Bản mặt cầu (Deck Slab):S4,2.1,0.42,11.7
C1002,18,Bản mặt cầu (Deck Slab):S4,2.1,0.42,11.7
C1003,18,Dầm chủ Super-T (15 phiến L=38.2m):G5b,2.86,0.42,11.7
C1003,18,Bản mặt cầu (Deck Slab):S4,2.1,0.42,11.7
C1003,18,Bản mặt cầu (Deck Slab):S4,2.1,0.42,11.7
C1003,18,Bản mặt cầu (Deck Slab):S4,2.1,0.42,11.7
C1003,18,Bản mặt cầu (Deck Slab):S4,2.1,0.42,11.7
C1004,18,Dầm chủ Super-T (15 phiến L=38.2m):G5b,2.86,0.42,11.7
C1004,18,Bản mặt cầu (Deck Slab):S4,2.1,0.42,11.7
C1004,18,Bản mặt cầu (Deck Slab):S4,2.1,0.42,11.7
C1004,18,Bản mặt cầu (Deck Slab):S4,2.1,0.42,11.7
C1004,18,Bản mặt cầu (Deck Slab):S4,2.1,0.42,11.7
C1005,18,Dầm chủ Super-T (15 phiến L=38.2m):G5b,2.86,0.42,11.7
C1005,18,Bản mặt cầu (Deck Slab):S4,2.1,0.42,11.7
C1005,18,Bản mặt cầu (Deck Slab):S4,2.1,0.42,11.7
C1005,18,Bản mặt cầu (Deck Slab):S4,2.1,0.42,11.7
C1005,18,Bản mặt cầu (Deck Slab):S4,2.1,0.42,11.7
C1006,18,Dầm chủ Super-T (15 phiến L=38.2m):G5b,2.86,0.42,11.7
C1006,18,Bản mặt cầu (Deck Slab):S4,2.1,0.42,11.7
C1006,18,Bản mặt cầu (Deck Slab):S4,2.1,0.42,11.7
C1006,18,Bản mặt cầu (Deck Slab):S4,2.1,0.42,11.7
C1006,18,Bản mặt cầu (Deck Slab):S4,2.1,0.42,11.7
C1007,18,Dầm chủ Super-T (15 phiến L=38.2m):G5b,2.86,0.42,11.7
C1007,18,Bản mặt cầu (Deck Slab):S4,2.1,0.42,11.7
C1007,18,Bản mặt cầu (Deck Slab):S4,2.1,0.42,11.7
C1007,18,Bản mặt cầu (Deck Slab):S4,2.1,0.42,11.7
C1007,18,Bản mặt cầu (Deck Slab):S4,2.1,0.42,11.7
C1008,18,Dầm chủ Super-T (15 phiến L=38.2m):G5b,2.86,0.42,11.7
C1008,18,Bản mặt cầu (Deck Slab):S4,2.1,0.42,11.7
C1008,18,Bản mặt cầu (Deck Slab):S4,2.1,0.42,11.7
C1008,18,Bản mặt cầu (Deck Slab):S4,2.1,0.42,11.7
C1008,18,Bản mặt cầu (Deck Slab):S4,2.1,0.42,11.7
C1009,18,Dầm chủ Super-T (15 phiến L=38.2m):G5b,2.86,0.42,11.7
C1009,18,Bản mặt cầu (Deck Slab):S4,2.1,0.42,11.7
C1009,18,Bản mặt cầu (Deck Slab):S4,2.1,0.42,11.7
C1009,18,Bản mặt cầu (Deck Slab):S4,2.1,0.42,11.7
C1009,18,Bản mặt cầu (Deck Slab):S4,2.1,0.42,11.7
C1010,18,Dầm chủ Super-T (15 phiến L=38.2m):G5b,2.86,0.42,11.7
C1010,18,Bản mặt cầu (Deck Slab):S4,2.1,0.42,11.7
C1010,18,Bản mặt cầu (Deck Slab):S4,2.1,0.42,11.7
C1010,18,Bản mặt cầu (Deck Slab):S4,2.1,0.42,11.7
C1010,18,Bản mặt cầu (Deck Slab):S4,2.1,0.42,11.7
C1011,18,Dầm chủ Super-T (15 phiến L=38.2m):G5b,2.86,0.42,11.7
C1011,18,Bản mặt cầu (Deck Slab):S4,2.1,0.42,11.7
C1011,18,Bản mặt cầu (Deck Slab):S4,2.1,0.42,11.7
C1011,18,Bản mặt cầu (Deck Slab):S4,2.1,0.42,11.7
C1011,18,Bản mặt cầu (Deck Slab):S4,2.1,0.42,11.7
C1012,18,Dầm chủ Super-T (15 phiến L=38.2m):G5b,2.86,0.42,11.7
C1012,18,Bản mặt cầu (Deck Slab):S4,2.1,0.42,11.7
C1012,18,Bản mặt cầu (Deck Slab):S4,2.1,0.42,11.7
C1012,18,Bản mặt cầu (Deck Slab):S4,2.1,0.42,11.7
C1012,18,Bản mặt cầu (Deck Slab):S4,2.1,0.42,11.7
C1013,18,Dầm chủ Super-T (15 phiến L=38.2m):G5b,2.86,0.42,11.7
C1013,18,Bản mặt cầu (Deck Slab):S4,2.1,0.42,11.7
C1013,18,Bản mặt cầu (Deck Slab):S4,2.1,0.42,11.7
C1013,18,Bản mặt cầu (Deck Slab):S4,2.1,0.42,11.7
C1013,18,Bản mặt cầu (Deck Slab):S4,2.1,0.42,11.7
C1014,18,Dầm chủ Super-T (15 phiến L=38.2m):G5b,2.86,0.42,11.7
C1014,18,Bản mặt cầu (Deck Slab):S4,2.1,0.42,11.7
C1014,18,Bản mặt cầu (Deck Slab):S4,2.1,0.42,11.7
C1014,18,Bản mặt cầu (Deck Slab):S4,2.1,0.42,11.7
C1014,18,Bản mặt cầu (Deck Slab):S4,2.1,0.42,11.7
C1015,18,Dầm chủ Super-T (15 phiến L=38.2m):G5b,2.86,0.42,11.7
C1015,18,Bản mặt cầu (Deck Slab):S4,2.1,0.42,11.7
C1015,18,Bản mặt cầu (Deck Slab):S4,2.1,0.42,11.7
C1015,18,Bản mặt cầu (Deck Slab):S4,2.1,0.42,11.7
C1015,18,Bản mặt cầu (Deck Slab):S4,2.1,0.42,11.7
C1016,18,Dầm chủ Super-T (15 phiến L=38.2m):G5b,2.86,0.42,11.7
C1016,18,Bản mặt cầu (Deck Slab):S4,2.1,0.42,11.7
C1016,18,Bản mặt cầu (Deck Slab):S4,2.1,0.42,11.7
C1016,18,Bản mặt cầu (Deck Slab):S4,2.1,0.42,11.7
C1016,18,Bản mặt cầu (Deck Slab):S4,2.1,0.42,11.7
C1017,18,Dầm chủ Super-T (15 phiến L=38.2m):G5b,2.86,0.42,11.7
C1017,18,Bản mặt cầu (Deck Slab):S4,2.1,0.42,11.7
C1017,18,Bản mặt cầu (Deck Slab):S4,2.1,0.42,11.7
C1017,18,Bản mặt cầu (Deck Slab):S4,2.1,0.42,11.7
C1017,18,Bản mặt cầu (Deck Slab):S4,2.1,0.42,11.7
C1018,18,Dầm chủ Super-T (15 phiến L=38.2m):G5b,2.86,0.42,11.7
C1018,18,Bản mặt cầu (Deck Slab):S4,2.1,0.42,11.7
C1018,18,Bản mặt cầu (Deck Slab):S4,2.1,0.42,11.7
C1018,18,Bản mặt cầu (Deck Slab):S4,2.1,0.42,11.7
C1018,18,Bản mặt cầu (Deck Slab):S4,2.1,0.42,11.7
C1019,18,Dầm chủ Super-T (15 phiến L=38.2m):G5b,2.86,0.42,11.7
C1019,18,Bản mặt cầu (Deck Slab):S4,2.1,0.42,11.7
C1019,18,Bản mặt cầu (Deck Slab):S4,2.1,0.42,11.7
C1019,18,Bản mặt cầu (Deck Slab):S4,2.1,0.42,11.7
C1019,18,Bản mặt cầu (Deck Slab):S4,2.1,0.42,11.7
C1020,18,Dầm chủ Super-T (15 phiến L=38.2m):G5b,2.86,0.42,11.7
C1020,18,Bản mặt cầu (Deck Slab):S4,2.1,0.42,11.7
C1020,18,Bản mặt cầu (Deck Slab):S4,2.1,0.42,11.7
C1020,18,Bản mặt cầu (Deck Slab):S4,2.1,0.42,11.7
C1020,18,Bản mặt cầu (Deck Slab):S4,2.1,0.42,11.7
C1021,18,Dầm chủ Super-T (15 phiến L=38.2m):G5b,2.86,0.42,11.7
C1021,18,Bản mặt cầu (Deck Slab):S4,2.1,0.42,11.7
C1021,18,Bản mặt cầu (Deck Slab):S4,2.1,0.42,11.7
C1021,18,Bản mặt cầu (Deck Slab):S4,2.1,0.42,11.7
C1021,18,Bản mặt cầu (Deck Slab):S4,2.1,0.42,11.7
C1022,18,Dầm chủ Super-T (15 phiến L=38.2m):G5b,2.86,0.42,11.7
C1022,18,Bản mặt cầu (Deck Slab):S4,2.1,0.42,11.7
C1022,18,Bản mặt cầu (Deck Slab):S4,2.1,0.42,11.7
C1022,18,Bản mặt cầu (Deck Slab):S4,2.1,0.42,11.7
C1022,18,Bản mặt cầu (Deck Slab):S4,2.1,0.42,11.7
C1023,18,Dầm chủ Super-T (15 phiến L=38.2m):G5b,2.86,0.42,11.7
C1023,18,Bản mặt cầu (Deck Slab):S4,2.1,0.42,11.7
C1023,18,Bản mặt cầu (Deck Slab):S4,2.1,0.42,11.7
C1023,18,Bản mặt cầu (Deck Slab):S4,2.1,0.42,11.7
C1023,18,Bản mặt cầu (Deck Slab):S4,2.1,0.42,11.7
C1024,18,Dầm chủ Super-T (15 phiến L=38.2m):G5b,2.86,0.42,11.7
C1024,18,Bản mặt cầu (Deck Slab):S4,2.1,0.42,11.7
C1024,18,Bản mặt cầu (Deck Slab):S4,2.1,0.42,11.7
C1024,18,Bản mặt cầu (Deck Slab):S4,2.1,0.42,11.7
C1024,18,Bản mặt cầu (Deck Slab):S4,2.1,0.42,11.7
C1025,18,Dầm chủ Super-T (15 phiến L=38.2m):G5b,2.86,0.42,11.7
C1025,18,Bản mặt cầu (Deck Slab):S4,2.1,0.42,11.7
C1025,18,Bản mặt cầu (Deck Slab):S4,2.1,0.42,11.7
C1025,18,Bản mặt cầu (Deck Slab):S4,2.1,0.42,11.7
C1025,18,Bản mặt cầu (Deck Slab):S4,2.1,0.42,11.7
C1026,18,Dầm chủ Super-T (15 phiến L=38.2m):G5b,2.86,0.42,11.7
C1026,18,Bản mặt cầu (Deck Slab):S4,2.1,0.42,11.7
C1026,18,Bản mặt cầu (Deck Slab):S4,2.1,0.42,11.7
C1026,18,Bản mặt cầu (Deck Slab):S4,2.1,0.42,11.7
C1026,18,Bản mặt cầu (Deck Slab):S4,2.1,0.42,11.7
C1027,18,Dầm chủ Super-T (15 phiến L=38.2m):G5b,2.86,0.42,11.7
C1027,18,Bản mặt cầu (Deck Slab):S4,2.1,0.42,11.7
C1027,18,Bản mặt cầu (Deck Slab):S4,2.1,0.42,11.7
C1027,18,Bản mặt cầu (Deck Slab):S4,2.1,0.42,11.7
C1027,18,Bản mặt cầu (Deck Slab):S4,2.1,0.42,11.7
C1028,18,Dầm chủ Super-T (15 phiến L=38.2m):G5b,2.86,0.42,11.7
C1028,18,Bản mặt cầu (Deck Slab):S4,2.1,0.42,11.7
C1028,18,Bản mặt cầu (Deck Slab):S4,2.1,0.42,11.7
C1028,18,Bản mặt cầu (Deck Slab):S4,2.1,0.42,11.7
C1028,18,Bản mặt cầu (Deck Slab):S4,2.1,0.42,11.7
C1029,18,Dầm chủ Super-T (15 phiến L=38.2m):G5b,2.86,0.42,11.7
C1029,18,Bản mặt cầu (Deck Slab):S4,2.1,0.42,11.7
C1029,18,Bản mặt cầu (Deck Slab):S4,2.1,0.42,11.7
C1029,18,Bản mặt cầu (Deck Slab):S4,2.1,0.42,11.7
C1029,18,Bản mặt cầu (Deck Slab):S4,2.1,0.42,11.7
C1030,18,Dầm chủ Super-T (15 phiến L=38.2m):G5b,2.86,0.42,11.7
C1030,18,Bản mặt cầu (Deck Slab):S4,2.1,0.42,11.7
C1030,18,Bản mặt cầu (Deck Slab):S4,2.1,0.42,11.7
C1030,18,Bản mặt cầu (Deck Slab):S4,2.1,0.42,11.7
C1030,18,Bản mặt cầu (Deck Slab):S4,2.1,0.42,11.7
C1031,18,Dầm chủ Super-T (15 phiến L=38.2m):G5b,2.86,0.42,11.7
C1031,18,Bản mặt cầu (Deck Slab):S4,2.1,0.42,11.7
C1031,18,Bản mặt cầu (Deck Slab):S4,2.1,0.42,11.7
C1031,18,Bản mặt cầu (Deck Slab):S4,2.1,0.42,11.7
C1031,18,Bản mặt cầu (Deck Slab):S4,2.1,0.42,11.7
C1032,18,Dầm chủ Super-T (15 phiến L=38.2m):G5b,2.86,0.42,11.7
C1032,18,Bản mặt cầu (Deck Slab):S4,2.1,0.42,11.7
C1032,18,Bản mặt cầu (Deck Slab):S4,2.1,0.42,11.7
C1032,18,Bản mặt cầu (Deck Slab):S4,2.1,0.42,11.7
C1032,18,Bản mặt cầu (Deck Slab):S4,2.1,0.42,11.7
C1033,18,Dầm chủ Super-T (15 phiến L=38.2m):G5b,2.86,0.42,11.7
C1033,18,Bản mặt cầu (Deck Slab):S4,2.1,0.42,11.7
C1033,18,Bản mặt cầu (Deck Slab):S4,2.1,0.42,11.7
C1033,18,Bản mặt cầu (Deck Slab):S4,2.1,0.42,11.7
C1033,18,Bản mặt cầu (Deck Slab):S4,2.1,0.42,11.7
C1034,18,Dầm chủ Super-T (15 phiến L=38.2m):G5b,2.86,0.42,11.7
C1034,18,Bản mặt cầu (Deck Slab):S4,2.1,0.42,11.7
C1034,18,Bản mặt cầu (Deck Slab):S4,2.1,0.42,11.7
C1034,18,Bản mặt cầu (Deck Slab):S4,2.1,0.42,11.7
C1034,18,Bản mặt cầu (Deck Slab):S4,2.1,0.42,11.7
C1035,18,Dầm chủ Super-T (15 phiến L=38.2m):G5b,2.86,0.42,11.7
C1035,18,Bản mặt cầu (Deck Slab):S4,2.1,0.42,11.7
C1035,18,Bản mặt cầu (Deck Slab):S4,2.1,0.42,11.7
C1035,18,Bản mặt cầu (Deck Slab):S4,2.1,0.42,11.7
C1035,18,Bản mặt cầu (Deck Slab):S4,2.1,0.42,11.7
C1036,18,Dầm chủ Super-T (15 phiến L=38.2m):G5b,2.86,0.42,11.7
C1036,18,Bản mặt cầu (Deck Slab):S4,2.1,0.42,11.7
C1036,18,Bản mặt cầu (Deck Slab):S4,2.1,0.42,11.7
C1036,18,Bản mặt cầu (Deck Slab):S4,2.1,0.42,11.7
C1036,18,Bản mặt cầu (Deck Slab):S4,2.1,0.42,11.7
C1037,18,Dầm chủ Super-T (15 phiến L=38.2m):G5b,2.86,0.42,11.7
C1037,18,Bản mặt cầu (Deck Slab):S4,2.1,0.42,11.7
C1037,18,Bản mặt cầu (Deck Slab):S4,2.1,0.42,11.7
C1037,18,Bản mặt cầu (Deck Slab):S4,2.1,0.42,11.7
C1037,18,Bản mặt cầu (Deck Slab):S4,2.1,0.42,11.7
C1038,18,Dầm chủ Super-T (15 phiến L=38.2m):G5b,2.86,0.42,11.7
C1038,18,Bản mặt cầu (Deck Slab):S4,2.1,0.42,11.7
C1038,18,Bản mặt cầu (Deck Slab):S4,2.1,0.42,11.7
C1038,18,Bản mặt cầu (Deck Slab):S4,2.1,0.42,11.7
C1038,18,Bản mặt cầu (Deck Slab):S4,2.1,0.42,11.7
C1039,18,Dầm chủ Super-T (15 phiến L=38.2m):G5b,2.86,0.42,11.7
C1039,18,Bản mặt cầu (Deck Slab):S4,2.1,0.42,11.7
C1039,18,Bản mặt cầu (Deck Slab):S4,2.1,0.42,11.7
C1039,18,Bản mặt cầu (Deck Slab):S4,2.1,0.42,11.7
C1039,18,Bản mặt cầu (Deck Slab):S4,2.1,0.42,11.7
C1040,18,Dầm chủ Super-T (15 phiến L=38.2m):G5b,2.86,0.42,11.7
C1040,18,Bản mặt cầu (Deck Slab):S4,2.1,0.42,11.7
C1040,18,Bản mặt cầu (Deck Slab):S4,2.1,0.42,11.7
C1040,18,Bản mặt cầu (Deck Slab):S4,2.1,0.42,11.7
C1040,18,Bản mặt cầu (Deck Slab):S4,2.1,0.42,11.7
C1041,18,Dầm chủ Super-T (15 phiến L=38.2m):G5b,2.86,0.42,11.7
C1041,18,Bản mặt cầu (Deck Slab):S4,2.1,0.42,11.7
C1041,18,Bản mặt cầu (Deck Slab):S4,2.1,0.42,11.7
C1041,18,Bản mặt cầu (Deck Slab):S4,2.1,0.42,11.7
C1041,18,Bản mặt cầu (Deck Slab):S4,2.1,0.42,11.7
C1042,18,Dầm chủ Super-T (15 phiến L=38.2m):G5b,2.86,0.42,11.7
C1042,18,Bản mặt cầu (Deck Slab):S4,2.1,0.42,11.7
C1042,18,Bản mặt cầu (Deck Slab):S4,2.1,0.42,11.7
C1042,18,Bản mặt cầu (Deck Slab):S4,2.1,0.42,11.7
C1042,18,Bản mặt cầu (Deck Slab):S4,2.1,0.42,11.7
C1043,18,Dầm chủ Super-T (15 phiến L=38.2m):G5b,2.86,0.42,11.7
C1043,18,Bản mặt cầu (Deck Slab):S4,2.1,0.42,11.7
C1043,18,Bản mặt cầu (Deck Slab):S4,2.1,0.42,11.7
C1043,18,Bản mặt cầu (Deck Slab):S4,2.1,0.42,11.7
C1043,18,Bản mặt cầu (Deck Slab):S4,2.1,0.42,11.7
C1044,18,Dầm chủ Super-T (15 phiến L=38.2m):G5b,2.86,0.42,11.7
C1044,18,Bản mặt cầu (Deck Slab):S4,2.1,0.42,11.7
C1044,18,Bản mặt cầu (Deck Slab):S4,2.1,0.42,11.7
C1044,18,Bản mặt cầu (Deck Slab):S4,2.1,0.42,11.7
C1044,18,Bản mặt cầu (Deck Slab):S4,2.1,0.42,11.7
C1045,18,Dầm chủ Super-T (15 phiến L=38.2m):G5b,2.86,0.42,11.7
C1045,18,Bản mặt cầu (Deck Slab):S4,2.1,0.42,11.7
C1045,18,Bản mặt cầu (Deck Slab):S4,2.1,0.42,11.7
C1045,18,Bản mặt cầu (Deck Slab):S4,2.1,0.42,11.7
C1045,18,Bản mặt cầu (Deck Slab):S4,2.1,0.42,11.7
C1046,18,Dầm chủ Super-T (15 phiến L=38.2m):G5b,2.86,0.42,11.7
C1046,18,Bản mặt cầu (Deck Slab):S4,2.1,0.42,11.7
C1046,18,Bản mặt cầu (Deck Slab):S4,2.1,0.42,11.7
C1046,18,Bản mặt cầu (Deck Slab):S4,2.1,0.42,11.7
C1046,18,Bản mặt cầu (Deck Slab):S4,2.1,0.42,11.7
C1047,18,Dầm chủ Super-T (15 phiến L=38.2m):G5b,2.86,0.42,11.7
C1047,18,Bản mặt cầu (Deck Slab):S4,2.1,0.42,11.7
C1047,18,Bản mặt cầu (Deck Slab):S4,2.1,0.42,11.7
C1047,18,Bản mặt cầu (Deck Slab):S4,2.1,0.42,11.7
C1047,18,Bản mặt cầu (Deck Slab):S4,2.1,0.42,11.7
C1048,18,Dầm chủ Super-T (15 phiến L=38.2m):G5b,2.86,0.42,11.7
C1048,18,Bản mặt cầu (Deck Slab):S4,2.1,0.42,11.7
C1048,18,Bản mặt cầu (Deck Slab):S4,2.1,0.42,11.7
C1048,18,Bản mặt cầu (Deck Slab):S4,2.1,0.42,11.7
C1048,18,Bản mặt cầu (Deck Slab):S4,2.1,0.42,11.7
C1049,18,Dầm chủ Super-T (15 phiến L=38.2m):G5b,2.86,0.42,11.7
C1049,18,Bản mặt cầu (Deck Slab):S4,2.1,0.42,11.7
C1049,18,Bản mặt cầu (Deck Slab):S4,2.1,0.42,11.7
C1049,18,Bản mặt cầu (Deck Slab):S4,2.1,0.42,11.7
C1049,18,Bản mặt cầu (Deck Slab):S4,2.1,0.42,11.7
C1050,18,Dầm chủ Super-T (15 phiến L=38.2m):G5b,2.86,0.42,11.7
C1050,18,Bản mặt cầu (Deck Slab):S4,2.1,0.42,11.7
C1050,18,Bản mặt cầu (Deck Slab):S4,2.1,0.42,11.7
C1050,18,Bản mặt cầu (Deck Slab):S4,2.1,0.42,11.7
C1050,18,Bản mặt cầu (Deck Slab):S4,2.1,0.42,11.7
C1051,18,Dầm chủ Super-T (15 phiến L=38.2m):G5b,2.86,0.42,11.7
C1051,18,Bản mặt cầu (Deck Slab):S4,2.1,0.42,11.7
C1051,18,Bản mặt cầu (Deck Slab):S4,2.1,0.42,11.7
C1051,18,Bản mặt cầu (Deck Slab):S4,2.1,0.42,11.7
C1051,18,Bản mặt cầu (Deck Slab):S4,2.1,0.42,11.7
C1052,18,Dầm chủ Super-T (15 phiến L=38.2m):G5b,2.86,0.42,11.7
C1052,18,Bản mặt cầu (Deck Slab):S4,2.1,0.42,11.7
C1052,18,Bản mặt cầu (Deck Slab):S4,2.1,0.42,11.7
C1052,18,Bản mặt cầu (Deck Slab):S4,2.1,0.42,11.7
C1052,18,Bản mặt cầu (Deck Slab):S4,2.1,0.42,11.7
C1053,18,Dầm chủ Super-T (15 phiến L=38.2m):G5b,2.86,0.42,11.7
C1053,18,Bản mặt cầu (Deck Slab):S4,2.1,0.42,11.7
C1053,18,Bản mặt cầu (Deck Slab):S4,2.1,0.42,11.7
C1053,18,Bản mặt cầu (Deck Slab):S4,2.1,0.42,11.7
C1053,18,Bản mặt cầu (Deck Slab):S4,2.1,0.42,11.7
C1054,18,Dầm chủ Super-T (15 phiến L=38.2m):G5b,2.86,0.42,11.7
C1054,18,Bản mặt cầu (Deck Slab):S4,2.1,0.42,11.7
C1054,18,Bản mặt cầu (Deck Slab):S4,2.1,0.42,11.7
C1054,18,Bản mặt cầu (Deck Slab):S4,2.1,0.42,11.7
C1054,18,Bản mặt cầu (Deck Slab):S4,2.1,0.42,11.7
C1055,18,Dầm chủ Super-T (15 phiến L=38.2m):G5b,2.86,0.42,11.7
C1055,18,Bản mặt cầu (Deck Slab):S4,2.1,0.42,11.7
C1055,18,Bản mặt cầu (Deck Slab):S4,2.1,0.42,11.7
C1055,18,Bản mặt cầu (Deck Slab):S4,2.1,0.42,11.7
C1055,18,Bản mặt cầu (Deck Slab):S4,2.1,0.42,11.7
C1056,18,Dầm chủ Super-T (15 phiến L=38.2m):G5b,2.86,0.42,11.7
C1056,18,Bản mặt cầu (Deck Slab):S4,2.1,0.42,11.7
C1056,18,Bản mặt cầu (Deck Slab):S4,2.1,0.42,11.7
C1056,18,Bản mặt cầu (Deck Slab):S4,2.1,0.42,11.7
C1056,18,Bản mặt cầu (Deck Slab):S4,2.1,0.42,11.7
C1057,18,Dầm chủ Super-T (15 phiến L=38.2m):G5b,2.86,0.42,11.7
C1057,18,Bản mặt cầu (Deck Slab):S4,2.1,0.42,11.7
C1057,18,Bản mặt cầu (Deck Slab):S4,2.1,0.42,11.7
C1057,18,Bản mặt cầu (Deck Slab):S4,2.1,0.42,11.7
C1057,18,Bản mặt cầu (Deck Slab):S4,2.1,0.42,11.7
C1058,18,Dầm chủ Super-T (15 phiến L=38.2m):G5b,2.86,0.42,11.7
C1058,18,Bản mặt cầu (Deck Slab):S4,2.1,0.42,11.7
C1058,18,Bản mặt cầu (Deck Slab):S4,2.1,0.42,11.7
C1058,18,Bản mặt cầu (Deck Slab):S4,2.1,0.42,11.7
C1058,18,Bản mặt cầu (Deck Slab):S4,2.1,0.42,11.7
C1059,18,Dầm chủ Super-T (15 phiến L=38.2m):G5b,2.86,0.42,11.7
C1059,18,Bản mặt cầu (Deck Slab):S4,2.1,0.42,11.7
C1059,18,Bản mặt cầu (Deck Slab):S4,2.1,0.42,11.7
C1059,18,Bản mặt cầu (Deck Slab):S4,2.1,0.42,11.7
C1059,18,Bản mặt cầu (Deck Slab):S4,2.1,0.42,11.7
C1060,18,Dầm chủ Super-T (15 phiến L=38.2m):G5b,2.86,0.42,11.7
C1060,18,Bản mặt cầu (Deck Slab):S4,2.1,0.42,11.7
C1060,18,Bản mặt cầu (Deck Slab):S4,2.1,0.42,11.7
C1060,18,Bản mặt cầu (Deck Slab):S4,2.1,0.42,11.7
C1060,18,Bản mặt cầu (Deck Slab):S4,2.1,0.42,11.7
C1061,18,Dầm chủ Super-T (15 phiến L=38.2m):G5b,2.86,0.42,11.7
C1061,18,Bản mặt cầu (Deck Slab):S4,2.1,0.42,11.7
C1061,18,Bản mặt cầu (Deck Slab):S4,2.1,0.42,11.7
C1061,18,Bản mặt cầu (Deck Slab):S4,2.1,0.42,11.7
C1061,18,Bản mặt cầu (Deck Slab):S4,2.1,0.42,11.7
C1062,18,Dầm chủ Super-T (15 phiến L=38.2m):G5b,2.86,0.42,11.7
C1062,18,Bản mặt cầu (Deck Slab):S4,2.1,0.42,11.7
C1062,18,Bản mặt cầu (Deck Slab):S4,2.1,0.42,11.7
C1062,18,Bản mặt cầu (Deck Slab):S4,2.1,0.42,11.7
C1062,18,Bản mặt cầu (Deck Slab):S4,2.1,0.42,11.7
C1063,18,Dầm chủ Super-T (15 phiến L=38.2m):G5b,2.86,0.42,11.7
C1063,18,Bản mặt cầu (Deck Slab):S4,2.1,0.42,11.7
C1063,18,Bản mặt cầu (Deck Slab):S4,2.1,0.42,11.7
C1063,18,Bản mặt cầu (Deck Slab):S4,2.1,0.42,11.7
C1063,18,Bản mặt cầu (Deck Slab):S4,2.1,0.42,11.7
C1064,18,Dầm chủ Super-T (15 phiến L=38.2m):G5b,2.86,0.42,11.7
C1064,18,Bản mặt cầu (Deck Slab):S4,2.1,0.42,11.7
C1064,18,Bản mặt cầu (Deck Slab):S4,2.1,0.42,11.7
C1064,18,Bản mặt cầu (Deck Slab):S4,2.1,0.42,11.7
C1064,18,Bản mặt cầu (Deck Slab):S4,2.1,0.42,11.7
C1065,18,Dầm chủ Super-T (15 phiến L=38.2m):G5b,2.86,0.42,11.7
C1065,18,Bản mặt cầu (Deck Slab):S4,2.1,0.42,11.7
C1065,18,Bản mặt cầu (Deck Slab):S4,2.1,0.42,11.7
C1065,18,Bản mặt cầu (Deck Slab):S4,2.1,0.42,11.7
C1065,18,Bản mặt cầu (Deck Slab):S4,2.1,0.42,11.7
C1066,18,Dầm chủ Super-T (15 phiến L=38.2m):G5b,2.86,0.42,11.7
C1066,18,Bản mặt cầu (Deck Slab):S4,2.1,0.42,11.7
C1066,18,Bản mặt cầu (Deck Slab):S4,2.1,0.42,11.7
C1066,18,Bản mặt cầu (Deck Slab):S4,2.1,0.42,11.7
C1066,18,Bản mặt cầu (Deck Slab):S4,2.1,0.42,11.7
C1067,18,Dầm chủ Super-T (15 phiến L=38.2m):G5b,2.86,0.42,11.7
C1067,18,Bản mặt cầu (Deck Slab):S4,2.1,0.42,11.7
C1067,18,Bản mặt cầu (Deck Slab):S4,2.1,0.42,11.7
C1067,18,Bản mặt cầu (Deck Slab):S4,2.1,0.42,11.7
C1067,18,Bản mặt cầu (Deck Slab):S4,2.1,0.42,11.7
C1068,18,Dầm chủ Super-T (15 phiến L=38.2m):G5b,2.86,0.42,11.7
C1068,18,Bản mặt cầu (Deck Slab):S4,2.1,0.42,11.7
C1068,18,Bản mặt cầu (Deck Slab):S4,2.1,0.42,11.7
C1068,18,Bản mặt cầu (Deck Slab):S4,2.1,0.42,11.7
C1068,18,Bản mặt cầu (Deck Slab):S4,2.1,0.42,11.7
C1069,18,Dầm chủ Super-T (15 phiến L=38.2m):G5b,2.86,0.42,11.7
C1069,18,Bản mặt cầu (Deck Slab):S4,2.1,0.42,11.7
C1069,18,Bản mặt cầu (Deck Slab):S4,2.1,0.42,11.7
C1069,18,Bản mặt cầu (Deck Slab):S4,2.1,0.42,11.7
C1069,18,Bản mặt cầu (Deck Slab):S4,2.1,0.42,11.7
C1070,18,Dầm chủ Super-T (15 phiến L=38.2m):G5b,2.86,0.42,11.7
C1070,18,Bản mặt cầu (Deck Slab):S4,2.1,0.42,11.7
C1070,18,Bản mặt cầu (Deck Slab):S4,2.1,0.42,11.7
C1070,18,Bản mặt cầu (Deck Slab):S4,2.1,0.42,11.7
C1070,18,Bản mặt cầu (Deck Slab):S4,2.1,0.42,11.7
C1071,18,Dầm chủ Super-T (15 phiến L=38.2m):G5b,2.86,0.42,11.7
C1071,18,Bản mặt cầu (Deck Slab):S4,2.1,0.42,11.7
C1071,18,Bản mặt cầu (Deck Slab):S4,2.1,0.42,11.7
C1071,18,Bản mặt cầu (Deck Slab):S4,2.1,0.42,11.7
C1071,18,Bản mặt cầu (Deck Slab):S4,2.1,0.42,11.7
C1072,18,Dầm chủ Super-T (15 phiến L=38.2m):G5b,2.86,0.42,11.7
C1072,18,Bản mặt cầu (Deck Slab):S4,2.1,0.42,11.7
C1072,18,Bản mặt cầu (Deck Slab):S4,2.1,0.42,11.7
C1072,18,Bản mặt cầu (Deck Slab):S4,2.1,0.42,11.7
C1072,18,Bản mặt cầu (Deck Slab):S4,2.1,0.42,11.7
C1073,18,Dầm chủ Super-T (15 phiến L=38.2m):G5b,2.86,0.42,11.7
C1073,18,Bản mặt cầu (Deck Slab):S4,2.1,0.42,11.7
C1073,18,Bản mặt cầu (Deck Slab):S4,2.1,0.42,11.7
C1073,18,Bản mặt cầu (Deck Slab):S4,2.1,0.42,11.7
C1073,18,Bản mặt cầu (Deck Slab):S4,2.1,0.42,11.7
C1074,18,Dầm chủ Super-T (15 phiến L=38.2m):G5b,2.86,0.42,11.7
C1074,18,Bản mặt cầu (Deck Slab):S4,2.1,0.42,11.7
C1074,18,Bản mặt cầu (Deck Slab):S4,2.1,0.42,11.7
C1074,18,Bản mặt cầu (Deck Slab):S4,2.1,0.42,11.7
C1074,18,Bản mặt cầu (Deck Slab):S4,2.1,0.42,11.7
C1075,18,Dầm chủ Super-T (15 phiến L=38.2m):G5b,2.86,0.42,11.7
C1075,18,Bản mặt cầu (Deck Slab):S4,2.1,0.42,11.7
C1075,18,Bản mặt cầu (Deck Slab):S4,2.1,0.42,11.7
C1075,18,Bản mặt cầu (Deck Slab):S4,2.1,0.42,11.7
C1075,18,Bản mặt cầu (Deck Slab):S4,2.1,0.42,11.7
C1076,18,Dầm chủ Super-T (15 phiến L=38.2m):G5b,2.86,0.42,11.7
C1076,18,Bản mặt cầu (Deck Slab):S4,2.1,0.42,11.7
C1076,18,Bản mặt cầu (Deck Slab):S4,2.1,0.42,11.7
C1076,18,Bản mặt cầu (Deck Slab):S4,2.1,0.42,11.7
C1076,18,Bản mặt cầu (Deck Slab):S4,2.1,0.42,11.7
C1077,18,Dầm chủ Super-T (15 phiến L=38.2m):G5b,2.86,0.42,11.7
C1077,18,Bản mặt cầu (Deck Slab):S4,2.1,0.42,11.7
C1077,18,Bản mặt cầu (Deck Slab):S4,2.1,0.42,11.7
C1077,18,Bản mặt cầu (Deck Slab):S4,2.1,0.42,11.7
C1077,18,Bản mặt cầu (Deck Slab):S4,2.1,0.42,11.7
C1078,18,Dầm chủ Super-T (15 phiến L=38.2m):G5b,2.86,0.42,11.7
C1078,18,Bản mặt cầu (Deck Slab):S4,2.1,0.42,11.7
C1078,18,Bản mặt cầu (Deck Slab):S4,2.1,0.42,11.7
C1078,18,Bản mặt cầu (Deck Slab):S4,2.1,0.42,11.7
C1078,18,Bản mặt cầu (Deck Slab):S4,2.1,0.42,11.7
C1079,18,Dầm chủ Super-T (15 phiến L=38.2m):G5b,2.86,0.42,11.7
C1079,18,Bản mặt cầu (Deck Slab):S4,2.1,0.42,11.7
C1079,18,Bản mặt cầu (Deck Slab):S4,2.1,0.42,11.7
C1079,18,Bản mặt cầu (Deck Slab):S4,2.1,0.42,11.7
C1079,18,Bản mặt cầu (Deck Slab):S4,2.1,0.42,11.7
C1080,18,Dầm chủ Super-T (15 phiến L=38.2m):G5b,2.86,0.42,11.7
C1080,18,Bản mặt cầu (Deck Slab):S4,2.1,0.42,11.7
C1080,18,Bản mặt cầu (Deck Slab):S4,2.1,0.42,11.7
C1080,18,Bản mặt cầu (Deck Slab):S4,2.1,0.42,11.7
C1080,18,Bản mặt cầu (Deck Slab):S4,2.1,0.42,11.7
C1081,18,Dầm chủ Super-T (15 phiến L=38.2m):G5b,2.86,0.42,11.7
C1081,18,Bản mặt cầu (Deck Slab):S4,2.1,0.42,11.7
C1081,18,Bản mặt cầu (Deck Slab):S4,2.1,0.42,11.7
C1081,18,Bản mặt cầu (Deck Slab):S4,2.1,0.42,11.7
C1081,18,Bản mặt cầu (Deck Slab):S4,2.1,0.42,11.7
C1082,18,Dầm chủ Super-T (15 phiến L=38.2m):G5b,2.86,0.42,11.7
C1082,18,Bản mặt cầu (Deck Slab):S4,2.1,0.42,11.7
C1082,18,Bản mặt cầu (Deck Slab):S4,2.1,0.42,11.7
C1082,18,Bản mặt cầu (Deck Slab):S4,2.1,0.42,11.7
C1082,18,Bản mặt cầu (Deck Slab):S4,2.1,0.42,11.7
C1083,18,Dầm chủ Super-T (15 phiến L=38.2m):G5b,2.86,0.42,11.7
C1083,18,Bản mặt cầu (Deck Slab):S4,2.1,0.42,11.7
C1083,18,Bản mặt cầu (Deck Slab):S4,2.1,0.42,11.7
C1083,18,Bản mặt cầu (Deck Slab):S4,2.1,0.42,11.7
C1083,18,Bản mặt cầu (Deck Slab):S4,2.1,0.42,11.7
C1084,18,Dầm chủ Super-T (15 phiến L=38.2m):G5b,2.86,0.42,11.7
C1084,18,Bản mặt cầu (Deck Slab):S4,2.1,0.42,11.7
C1084,18,Bản mặt cầu (Deck Slab):S4,2.1,0.42,11.7
C1084,18,Bản mặt cầu (Deck Slab):S4,2.1,0.42,11.7
C1084,18,Bản mặt cầu (Deck Slab):S4,2.1,0.42,11.7
C1085,18,Dầm chủ Super-T (15 phiến L=38.2m):G5b,2.86,0.42,11.7
C1085,18,Bản mặt cầu (Deck Slab):S4,2.1,0.42,11.7
C1085,18,Bản mặt cầu (Deck Slab):S4,2.1,0.42,11.7
C1085,18,Bản mặt cầu (Deck Slab):S4,2.1,0.42,11.7
C1085,18,Bản mặt cầu (Deck Slab):S4,2.1,0.42,11.7
C1086,18,Dầm chủ Super-T (15 phiến L=38.2m):G5b,2.86,0.42,11.7
C1086,18,Bản mặt cầu (Deck Slab):S4,2.1,0.42,11.7
C1086,18,Bản mặt cầu (Deck Slab):S4,2.1,0.42,11.7
C1086,18,Bản mặt cầu (Deck Slab):S4,2.1,0.42,11.7
C1086,18,Bản mặt cầu (Deck Slab):S4,2.1,0.42,11.7
C1087,18,Dầm chủ Super-T (15 phiến L=38.2m):G5b,2.86,0.42,11.7
C1087,18,Bản mặt cầu (Deck Slab):S4,2.1,0.42,11.7
C1087,18,Bản mặt cầu (Deck Slab):S4,2.1,0.42,11.7
C1087,18,Bản mặt cầu (Deck Slab):S4,2.1,0.42,11.7
C1087,18,Bản mặt cầu (Deck Slab):S4,2.1,0.42,11.7
C1088,18,Dầm chủ Super-T (15 phiến L=38.2m):G5b,2.86,0.42,11.7
C1088,18,Bản mặt cầu (Deck Slab):S4,2.1,0.42,11.7
C1088,18,Bản mặt cầu (Deck Slab):S4,2.1,0.42,11.7
C1088,18,Bản mặt cầu (Deck Slab):S4,2.1,0.42,11.7
C1088,18,Bản mặt cầu (Deck Slab):S4,2.1,0.42,11.7
C1089,18,Dầm chủ Super-T (15 phiến L=38.2m):G5b,2.86,0.42,11.7
C1089,18,Bản mặt cầu (Deck Slab):S4,2.1,0.42,11.7
C1089,18,Bản mặt cầu (Deck Slab):S4,2.1,0.42,11.7
C1089,18,Bản mặt cầu (Deck Slab):S4,2.1,0.42,11.7
C1089,18,Bản mặt cầu (Deck Slab):S4,2.1,0.42,11.7
C1090,18,Dầm chủ Super-T (15 phiến L=38.2m):G5b,2.86,0.42,11.7
C1090,18,Bản mặt cầu (Deck Slab):S4,2.1,0.42,11.7
C1090,18,Bản mặt cầu (Deck Slab):S4,2.1,0.42,11.7
C1090,18,Bản mặt cầu (Deck Slab):S4,2.1,0.42,11.7
C1090,18,Bản mặt cầu (Deck Slab):S4,2.1,0.42,11.7
C1091,18,Dầm chủ Super-T (15 phiến L=38.2m):G5b,2.86,0.42,11.7
C1091,18,Bản mặt cầu (Deck Slab):S4,2.1,0.42,11.7
C1091,18,Bản mặt cầu (Deck Slab):S4,2.1,0.42,11.7
C1091,18,Bản mặt cầu (Deck Slab):S4,2.1,0.42,11.7
C1091,18,Bản mặt cầu (Deck Slab):S4,2.1,0.42,11.7
C1092,18,Dầm chủ Super-T (15 phiến L=38.2m):G5b,2.86,0.42,11.7
C1092,18,Bản mặt cầu (Deck Slab):S4,2.1,0.42,11.7
C1092,18,Bản mặt cầu (Deck Slab):S4,2.1,0.42,11.7
C1092,18,Bản mặt cầu (Deck Slab):S4,2.1,0.42,11.7
C1092,18,Bản mặt cầu (Deck Slab):S4,2.1,0.42,11.7
C1093,18,Dầm chủ Super-T (15 phiến L=38.2m):G5b,2.86,0.42,11.7
C1093,18,Bản mặt cầu (Deck Slab):S4,2.1,0.42,11.7
C1093,18,Bản mặt cầu (Deck Slab):S4,2.1,0.42,11.7
C1093,18,Bản mặt cầu (Deck Slab):S4,2.1,0.42,11.7
C1093,18,Bản mặt cầu (Deck Slab):S4,2.1,0.42,11.7
C1094,18,Dầm chủ Super-T (15 phiến L=38.2m):G5b,2.86,0.42,11.7
C1094,18,Bản mặt cầu (Deck Slab):S4,2.1,0.42,11.7
C1094,18,Bản mặt cầu (Deck Slab):S4,2.1,0.42,11.7
C1094,18,Bản mặt cầu (Deck Slab):S4,2.1,0.42,11.7
C1094,18,Bản mặt cầu (Deck Slab):S4,2.1,0.42,11.7
C1095,18,Dầm chủ Super-T (15 phiến L=38.2m):G5b,2.86,0.42,11.7
C1095,18,Bản mặt cầu (Deck Slab):S4,2.1,0.42,11.7
C1095,18,Bản mặt cầu (Deck Slab):S4,2.1,0.42,11.7
C1095,18,Bản mặt cầu (Deck Slab):S4,2.1,0.42,11.7
C1095,18,Bản mặt cầu (Deck Slab):S4,2.1,0.42,11.7
C1096,18,Dầm chủ Super-T (15 phiến L=38.2m):G5b,2.86,0.42,11.7
C1096,18,Bản mặt cầu (Deck Slab):S4,2.1,0.42,11.7
C1096,18,Bản mặt cầu (Deck Slab):S4,2.1,0.42,11.7
C1096,18,Bản mặt cầu (Deck Slab):S4,2.1,0.42,11.7
C1096,18,Bản mặt cầu (Deck Slab):S4,2.1,0.42,11.7
C1097,18,Dầm chủ Super-T (15 phiến L=38.2m):G5b,2.86,0.42,11.7
C1097,18,Bản mặt cầu (Deck Slab):S4,2.1,0.42,11.7
C1097,18,Bản mặt cầu (Deck Slab):S4,2.1,0.42,11.7
C1097,18,Bản mặt cầu (Deck Slab):S4,2.1,0.42,11.7
C1097,18,Bản mặt cầu (Deck Slab):S4,2.1,0.42,11.7
C1098,18,Dầm chủ Super-T (15 phiến L=38.2m):G5b,2.86,0.42,11.7
C1098,18,Bản mặt cầu (Deck Slab):S4,2.1,0.42,11.7
C1098,18,Bản mặt cầu (Deck Slab):S4,2.1,0.42,11.7
C1098,18,Bản mặt cầu (Deck Slab):S4,2.1,0.42,11.7
C1098,18,Bản mặt cầu (Deck Slab):S4,2.1,0.42,11.7
C1099,18,Dầm chủ Super-T (15 phiến L=38.2m):G5b,2.86,0.42,11.7
C1099,18,Bản mặt cầu (Deck Slab):S4,2.1,0.42,11.7
C1099,18,Bản mặt cầu (Deck Slab):S4,2.1,0.42,11.7
C1099,18,Bản mặt cầu (Deck Slab):S4,2.1,0.42,11.7
C1099,18,Bản mặt cầu (Deck Slab):S4,2.1,0.42,11.7
C1100,18,Dầm chủ Super-T (15 phiến L=38.2m):G5b,2.86,0.42,11.7
C1100,18,Bản mặt cầu (Deck Slab):S4,2.1,0.42,11.7
C1100,18,Bản mặt cầu (Deck Slab):S4,2.1,0.42,11.7
C1100,18,Bản mặt cầu (Deck Slab):S4,2.1,0.42,11.7
C1100,18,Bản mặt cầu (Deck Slab):S4,2.1,0.42,11.7
C1101,18,Dầm chủ Super-T (15 phiến L=38.2m):G5b,2.86,0.42,11.7
C1101,18,Bản mặt cầu (Deck Slab):S4,2.1,0.42,11.7
C1101,18,Bản mặt cầu (Deck Slab):S4,2.1,0.42,11.7
C1101,18,Bản mặt cầu (Deck Slab):S4,2.1,0.42,11.7
C1101,18,Bản mặt cầu (Deck Slab):S4,2.1,0.42,11.7
C1102,18,Dầm chủ Super-T (15 phiến L=38.2m):G5b,2.86,0.42,11.7
C1102,18,Bản mặt cầu (Deck Slab):S4,2.1,0.42,11.7
C1102,18,Bản mặt cầu (Deck Slab):S4,2.1,0.42,11.7
C1102,18,Bản mặt cầu (Deck Slab):S4,2.1,0.42,11.7
C1102,18,Bản mặt cầu (Deck Slab):S4,2.1,0.42,11.7
C1103,18,Dầm chủ Super-T (15 phiến L=38.2m):G5b,2.86,0.42,11.7
C1103,18,Bản mặt cầu (Deck Slab):S4,2.1,0.42,11.7
C1103,18,Bản mặt cầu (Deck Slab):S4,2.1,0.42,11.7
C1103,18,Bản mặt cầu (Deck Slab):S4,2.1,0.42,11.7
C1103,18,Bản mặt cầu (Deck Slab):S4,2.1,0.42,11.7
C1104,18,Dầm chủ Super-T (15 phiến L=38.2m):G5b,2.86,0.42,11.7
C1104,18,Bản mặt cầu (Deck Slab):S4,2.1,0.42,11.7
C1104,18,Bản mặt cầu (Deck Slab):S4,2.1,0.42,11.7
C1104,18,Bản mặt cầu (Deck Slab):S4,2.1,0.42,11.7
C1104,18,Bản mặt cầu (Deck Slab):S4,2.1,0.42,11.7
C1105,18,Dầm chủ Super-T (15 phiến L=38.2m):G5b,2.86,0.42,11.7
C1105,18,Bản mặt cầu (Deck Slab):S4,2.1,0.42,11.7
C1105,18,Bản mặt cầu (Deck Slab):S4,2.1,0.42,11.7
C1105,18,Bản mặt cầu (Deck Slab):S4,2.1,0.42,11.7
C1105,18,Bản mặt cầu (Deck Slab):S4,2.1,0.42,11.7
C1106,18,Dầm chủ Super-T (15 phiến L=38.2m):G5b,2.86,0.42,11.7
C1106,18,Bản mặt cầu (Deck Slab):S4,2.1,0.42,11.7
C1106,18,Bản mặt cầu (Deck Slab):S4,2.1,0.42,11.7
C1106,18,Bản mặt cầu (Deck Slab):S4,2.1,0.42,11.7
C1106,18,Bản mặt cầu (Deck Slab):S4,2.1,0.42,11.7
C1107,18,Dầm chủ Super-T (15 phiến L=38.2m):G5b,2.86,0.42,11.7
C1107,18,Bản mặt cầu (Deck Slab):S4,2.1,0.42,11.7
C1107,18,Bản mặt cầu (Deck Slab):S4,2.1,0.42,11.7
C1107,18,Bản mặt cầu (Deck Slab):S4,2.1,0.42,11.7
C1107,18,Bản mặt cầu (Deck Slab):S4,2.1,0.42,11.7
C1108,18,Dầm chủ Super-T (15 phiến L=38.2m):G5b,2.86,0.42,11.7
C1108,18,Bản mặt cầu (Deck Slab):S4,2.1,0.42,11.7
C1108,18,Bản mặt cầu (Deck Slab):S4,2.1,0.42,11.7
C1108,18,Bản mặt cầu (Deck Slab):S4,2.1,0.42,11.7
C1108,18,Bản mặt cầu (Deck Slab):S4,2.1,0.42,11.7
C1109,18,Dầm chủ Super-T (15 phiến L=38.2m):G5b,2.86,0.42,11.7
C1109,18,Bản mặt cầu (Deck Slab):S4,2.1,0.42,11.7
C1109,18,Bản mặt cầu (Deck Slab):S4,2.1,0.42,11.7
C1109,18,Bản mặt cầu (Deck Slab):S4,2.1,0.42,11.7
C1109,18,Bản mặt cầu (Deck Slab):S4,2.1,0.42,11.7
C1110,18,Dầm chủ Super-T (15 phiến L=38.2m):G5b,2.86,0.42,11.7
C1110,18,Bản mặt cầu (Deck Slab):S4,2.1,0.42,11.7
C1110,18,Bản mặt cầu (Deck Slab):S4,2.1,0.42,11.7
C1110,18,Bản mặt cầu (Deck Slab):S4,2.1,0.42,11.7
C1110,18,Bản mặt cầu (Deck Slab):S4,2.1,0.42,11.7
C1111,18,Dầm chủ Super-T (15 phiến L=38.2m):G5b,2.86,0.42,11.7
C1111,18,Bản mặt cầu (Deck Slab):S4,2.1,0.42,11.7
C1111,18,Bản mặt cầu (Deck Slab):S4,2.1,0.42,11.7
C1111,18,Bản mặt cầu (Deck Slab):S4,2.1,0.42,11.7
C1111,18,Bản mặt cầu (Deck Slab):S4,2.1,0.42,11.7
C1112,18,Dầm chủ Super-T (15 phiến L=38.2m):G5b,2.86,0.42,11.7
C1112,18,Bản mặt cầu (Deck Slab):S4,2.1,0.42,11.7
C1112,18,Bản mặt cầu (Deck Slab):S4,2.1,0.42,11.7
C1112,18,Bản mặt cầu (Deck Slab):S4,2.1,0.42,11.7
C1112,18,Bản mặt cầu (Deck Slab):S4,2.1,0.42,11.7
C1113,18,Dầm chủ Super-T (15 phiến L=38.2m):G5b,2.86,0.42,11.7
C1113,18,Bản mặt cầu (Deck Slab):S4,2.1,0.42,11.7
C1113,18,Bản mặt cầu (Deck Slab):S4,2.1,0.42,11.7
C1113,18,Bản mặt cầu (Deck Slab):S4,2.1,0.42,11.7
C1113,18,Bản mặt cầu (Deck Slab):S4,2.1,0.42,11.7
C1114,18,Dầm chủ Super-T (15 phiến L=38.2m):G5b,2.86,0.42,11.7
C1114,18,Bản mặt cầu (Deck Slab):S4,2.1,0.42,11.7
C1114,18,Bản mặt cầu (Deck Slab):S4,2.1,0.42,11.7
C1114,18,Bản mặt cầu (Deck Slab):S4,2.1,0.42,11.7
C1114,18,Bản mặt cầu (Deck Slab):S4,2.1,0.42,11.7
C1115,18,Dầm chủ Super-T (15 phiến L=38.2m):G5b,2.86,0.42,11.7
C1115,18,Bản mặt cầu (Deck Slab):S4,2.1,0.42,11.7
C1115,18,Bản mặt cầu (Deck Slab):S4,2.1,0.42,11.7
C1115,18,Bản mặt cầu (Deck Slab):S4,2.1,0.42,11.7
C1115,18,Bản mặt cầu (Deck Slab):S4,2.1,0.42,11.7
C1116,18,Dầm chủ Super-T (15 phiến L=38.2m):G5b,2.86,0.42,11.7
C1116,18,Bản mặt cầu (Deck Slab):S4,2.1,0.42,11.7
C1116,18,Bản mặt cầu (Deck Slab):S4,2.1,0.42,11.7
C1116,18,Bản mặt cầu (Deck Slab):S4,2.1,0.42,11.7
C1116,18,Bản mặt cầu (Deck Slab):S4,2.1,0.42,11.7
C1117,18,Dầm chủ Super-T (15 phiến L=38.2m):G5b,2.86,0.42,11.7
C1117,18,Bản mặt cầu (Deck Slab):S4,2.1,0.42,11.7
C1117,18,Bản mặt cầu (Deck Slab):S4,2.1,0.42,11.7
C1117,18,Bản mặt cầu (Deck Slab):S4,2.1,0.42,11.7
C1117,18,Bản mặt cầu (Deck Slab):S4,2.1,0.42,11.7
C1118,18,Dầm chủ Super-T (15 phiến L=38.2m):G5b,2.86,0.42,11.7
C1118,18,Bản mặt cầu (Deck Slab):S4,2.1,0.42,11.7
C1118,18,Bản mặt cầu (Deck Slab):S4,2.1,0.42,11.7
C1118,18,Bản mặt cầu (Deck Slab):S4,2.1,0.42,11.7
C1118,18,Bản mặt cầu (Deck Slab):S4,2.1,0.42,11.7
C1119,18,Dầm chủ Super-T (15 phiến L=38.2m):G5b,2.86,0.42,11.7
C1119,18,Bản mặt cầu (Deck Slab):S4,2.1,0.42,11.7
C1119,18,Bản mặt cầu (Deck Slab):S4,2.1,0.42,11.7
C1119,18,Bản mặt cầu (Deck Slab):S4,2.1,0.42,11.7
C1119,18,Bản mặt cầu (Deck Slab):S4,2.1,0.42,11.7
C1120,18,Dầm chủ Super-T (15 phiến L=38.2m):G5b,2.86,0.42,11.7
C1120,18,Bản mặt cầu (Deck Slab):S4,2.1,0.42,11.7
C1120,18,Bản mặt cầu (Deck Slab):S4,2.1,0.42,11.7
C1120,18,Bản mặt cầu (Deck Slab):S4,2.1,0.42,11.7
C1120,18,Bản mặt cầu (Deck Slab):S4,2.1,0.42,11.7
C1121,18,Dầm chủ Super-T (15 phiến L=38.2m):G5b,2.86,0.42,11.7
C1121,18,Bản mặt cầu (Deck Slab):S4,2.1,0.42,11.7
C1121,18,Bản mặt cầu (Deck Slab):S4,2.1,0.42,11.7
C1121,18,Bản mặt cầu (Deck Slab):S4,2.1,0.42,11.7
C1121,18,Bản mặt cầu (Deck Slab):S4,2.1,0.42,11.7
C1122,18,Dầm chủ Super-T (15 phiến L=38.2m):G5b,2.86,0.42,11.7
C1122,18,Bản mặt cầu (Deck Slab):S4,2.1,0.42,11.7
C1122,18,Bản mặt cầu (Deck Slab):S4,2.1,0.42,11.7
C1122,18,Bản mặt cầu (Deck Slab):S4,2.1,0.42,11.7
C1122,18,Bản mặt cầu (Deck Slab):S4,2.1,0.42,11.7
C1123,18,Dầm chủ Super-T (15 phiến L=38.2m):G5b,2.86,0.42,11.7
C1123,18,Bản mặt cầu (Deck Slab):S4,2.1,0.42,11.7
C1123,18,Bản mặt cầu (Deck Slab):S4,2.1,0.42,11.7
C1123,18,Bản mặt cầu (Deck Slab):S4,2.1,0.42,11.7
C1123,18,Bản mặt cầu (Deck Slab):S4,2.1,0.42,11.7
C1124,18,Dầm chủ Super-T (15 phiến L=38.2m):G5b,2.86,0.42,11.7
C1124,18,Bản mặt cầu (Deck Slab):S4,2.1,0.42,11.7
C1124,18,Bản mặt cầu (Deck Slab):S4,2.1,0.42,11.7
C1124,18,Bản mặt cầu (Deck Slab):S4,2.1,0.42,11.7
C1124,18,Bản mặt cầu (Deck Slab):S4,2.1,0.42,11.7
C1125,18,Dầm chủ Super-T (15 phiến L=38.2m):G5b,2.86,0.42,11.7
C1125,18,Bản mặt cầu (Deck Slab):S4,2.1,0.42,11.7
C1125,18,Bản mặt cầu (Deck Slab):S4,2.1,0.42,11.7
C1125,18,Bản mặt cầu (Deck Slab):S4,2.1,0.42,11.7
C1125,18,Bản mặt cầu (Deck Slab):S4,2.1,0.42,11.7
C1126,18,Dầm chủ Super-T (15 phiến L=38.2m):G5b,2.86,0.42,11.7
C1126,18,Bản mặt cầu (Deck Slab):S4,2.1,0.42,11.7
C1126,18,Bản mặt cầu (Deck Slab):S4,2.1,0.42,11.7
C1126,18,Bản mặt cầu (Deck Slab):S4,2.1,0.42,11.7
C1126,18,Bản mặt cầu (Deck Slab):S4,2.1,0.42,11.7
C1127,18,Dầm chủ Super-T (15 phiến L=38.2m):G5b,2.86,0.42,11.7
C1127,18,Bản mặt cầu (Deck Slab):S4,2.1,0.42,11.7
C1127,18,Bản mặt cầu (Deck Slab):S4,2.1,0.42,11.7
C1127,18,Bản mặt cầu (Deck Slab):S4,2.1,0.42,11.7
C1127,18,Bản mặt cầu (Deck Slab):S4,2.1,0.42,11.7
C1128,18,Dầm chủ Super-T (15 phiến L=38.2m):G5b,2.86,0.42,11.7
C1128,18,Bản mặt cầu (Deck Slab):S4,2.1,0.42,11.7
C1128,18,Bản mặt cầu (Deck Slab):S4,2.1,0.42,11.7
C1128,18,Bản mặt cầu (Deck Slab):S4,2.1,0.42,11.7
C1128,18,Bản mặt cầu (Deck Slab):S4,2.1,0.42,11.7
C1129,18,Dầm chủ Super-T (15 phiến L=38.2m):G5b,2.86,0.42,11.7
C1129,18,Bản mặt cầu (Deck Slab):S4,2.1,0.42,11.7
C1129,18,Bản mặt cầu (Deck Slab):S4,2.1,0.42,11.7
C1129,18,Bản mặt cầu (Deck Slab):S4,2.1,0.42,11.7
C1129,18,Bản mặt cầu (Deck Slab):S4,2.1,0.42,11.7
C1130,18,Dầm chủ Super-T (15 phiến L=38.2m):G5b,2.86,0.42,11.7
C1130,18,Bản mặt cầu (Deck Slab):S4,2.1,0.42,11.7
C1130,18,Bản mặt cầu (Deck Slab):S4,2.1,0.42,11.7
C1130,18,Bản mặt cầu (Deck Slab):S4,2.1,0.42,11.7
C1130,18,Bản mặt cầu (Deck Slab):S4,2.1,0.42,11.7
C1131,18,Dầm chủ Super-T (15 phiến L=38.2m):G5b,2.86,0.42,11.7
C1131,18,Bản mặt cầu (Deck Slab):S4,2.1,0.42,11.7
C1131,18,Bản mặt cầu (Deck Slab):S4,2.1,0.42,11.7
C1131,18,Bản mặt cầu (Deck Slab):S4,2.1,0.42,11.7
C1131,18,Bản mặt cầu (Deck Slab):S4,2.1,0.42,11.7
C1132,18,Dầm chủ Super-T (15 phiến L=38.2m):G5b,2.86,0.42,11.7
C1132,18,Bản mặt cầu (Deck Slab):S4,2.1,0.42,11.7
C1132,18,Bản mặt cầu (Deck Slab):S4,2.1,0.42,11.7
C1132,18,Bản mặt cầu (Deck Slab):S4,2.1,0.42,11.7
C1132,18,Bản mặt cầu (Deck Slab):S4,2.1,0.42,11.7
C1133,18,Dầm chủ Super-T (15 phiến L=38.2m):G5b,2.86,0.42,11.7
C1133,18,Bản mặt cầu (Deck Slab):S4,2.1,0.42,11.7
C1133,18,Bản mặt cầu (Deck Slab):S4,2.1,0.42,11.7
C1133,18,Bản mặt cầu (Deck Slab):S4,2.1,0.42,11.7
C1133,18,Bản mặt cầu (Deck Slab):S4,2.1,0.42,11.7
C1134,18,Dầm chủ Super-T (15 phiến L=38.2m):G5b,2.86,0.42,11.7
C1134,18,Bản mặt cầu (Deck Slab):S4,2.1,0.42,11.7
C1134,18,Bản mặt cầu (Deck Slab):S4,2.1,0.42,11.7
C1134,18,Bản mặt cầu (Deck Slab):S4,2.1,0.42,11.7
C1134,18,Bản mặt cầu (Deck Slab):S4,2.1,0.42,11.7
C1135,18,Dầm chủ Super-T (15 phiến L=38.2m):G5b,2.86,0.42,11.7
C1135,18,Bản mặt cầu (Deck Slab):S4,2.1,0.42,11.7
C1135,18,Bản mặt cầu (Deck Slab):S4,2.1,0.42,11.7
C1135,18,Bản mặt cầu (Deck Slab):S4,2.1,0.42,11.7
C1135,18,Bản mặt cầu (Deck Slab):S4,2.1,0.42,11.7
C1136,18,Dầm chủ Super-T (15 phiến L=38.2m):G5b,2.86,0.42,11.7
C1136,18,Bản mặt cầu (Deck Slab):S4,2.1,0.42,11.7
C1136,18,Bản mặt cầu (Deck Slab):S4,2.1,0.42,11.7
C1136,18,Bản mặt cầu (Deck Slab):S4,2.1,0.42,11.7
C1136,18,Bản mặt cầu (Deck Slab):S4,2.1,0.42,11.7
C1137,18,Dầm chủ Super-T (15 phiến L=38.2m):G5b,2.86,0.42,11.7
C1137,18,Bản mặt cầu (Deck Slab):S4,2.1,0.42,11.7
C1137,18,Bản mặt cầu (Deck Slab):S4,2.1,0.42,11.7
C1137,18,Bản mặt cầu (Deck Slab):S4,2.1,0.42,11.7
C1137,18,Bản mặt cầu (Deck Slab):S4,2.1,0.42,11.7
C1138,18,Dầm chủ Super-T (15 phiến L=38.2m):G5b,2.86,0.42,11.7
C1138,18,Bản mặt cầu (Deck Slab):S4,2.1,0.42,11.7
C1138,18,Bản mặt cầu (Deck Slab):S4,2.1,0.42,11.7
C1138,18,Bản mặt cầu (Deck Slab):S4,2.1,0.42,11.7
C1138,18,Bản mặt cầu (Deck Slab):S4,2.1,0.42,11.7
C1139,18,Dầm chủ Super-T (15 phiến L=38.2m):G5b,2.86,0.42,11.7
C1139,18,Bản mặt cầu (Deck Slab):S4,2.1,0.42,11.7
C1139,18,Bản mặt cầu (Deck Slab):S4,2.1,0.42,11.7
C1139,18,Bản mặt cầu (Deck Slab):S4,2.1,0.42,11.7
C1139,18,Bản mặt cầu (Deck Slab):S4,2.1,0.42,11.7
C1140,18,Dầm chủ Super-T (15 phiến L=38.2m):G5b,2.86,0.42,11.7
C1140,18,Bản mặt cầu (Deck Slab):S4,2.1,0.42,11.7
C1140,18,Bản mặt cầu (Deck Slab):S4,2.1,0.42,11.7
C1140,18,Bản mặt cầu (Deck Slab):S4,2.1,0.42,11.7
C1140,18,Bản mặt cầu (Deck Slab):S4,2.1,0.42,11.7
C1141,18,Dầm chủ Super-T (15 phiến L=38.2m):G5b,2.86,0.42,11.7
C1141,18,Bản mặt cầu (Deck Slab):S4,2.1,0.42,11.7
C1141,18,Bản mặt cầu (Deck Slab):S4,2.1,0.42,11.7
C1141,18,Bản mặt cầu (Deck Slab):S4,2.1,0.42,11.7
C1141,18,Bản mặt cầu (Deck Slab):S4,2.1,0.42,11.7
C1142,18,Dầm chủ Super-T (15 phiến L=38.2m):G5b,2.86,0.42,11.7
C1142,18,Bản mặt cầu (Deck Slab):S4,2.1,0.42,11.7
C1142,18,Bản mặt cầu (Deck Slab):S4,2.1,0.42,11.7
C1142,18,Bản mặt cầu (Deck Slab):S4,2.1,0.42,11.7
C1142,18,Bản mặt cầu (Deck Slab):S4,2.1,0.42,11.7
C1143,18,Dầm chủ Super-T (15 phiến L=38.2m):G5b,2.86,0.42,11.7
C1143,18,Bản mặt cầu (Deck Slab):S4,2.1,0.42,11.7
C1143,18,Bản mặt cầu (Deck Slab):S4,2.1,0.42,11.7
C1143,18,Bản mặt cầu (Deck Slab):S4,2.1,0.42,11.7
C1143,18,Bản mặt cầu (Deck Slab):S4,2.1,0.42,11.7
C1144,18,Dầm chủ Super-T (15 phiến L=38.2m):G5b,2.86,0.42,11.7
C1144,18,Bản mặt cầu (Deck Slab):S4,2.1,0.42,11.7
C1144,18,Bản mặt cầu (Deck Slab):S4,2.1,0.42,11.7
C1144,18,Bản mặt cầu (Deck Slab):S4,2.1,0.42,11.7
C1144,18,Bản mặt cầu (Deck Slab):S4,2.1,0.42,11.7
C1145,18,Dầm chủ Super-T (15 phiến L=38.2m):G5b,2.86,0.42,11.7
C1145,18,Bản mặt cầu (Deck Slab):S4,2.1,0.42,11.7
C1145,18,Bản mặt cầu (Deck Slab):S4,2.1,0.42,11.7
C1145,18,Bản mặt cầu (Deck Slab):S4,2.1,0.42,11.7
C1145,18,Bản mặt cầu (Deck Slab):S4,2.1,0.42,11.7
C1146,18,Dầm chủ Super-T (15 phiến L=38.2m):G5b,2.86,0.42,11.7
C1146,18,Bản mặt cầu (Deck Slab):S4,2.1,0.42,11.7
C1146,18,Bản mặt cầu (Deck Slab):S4,2.1,0.42,11.7
C1146,18,Bản mặt cầu (Deck Slab):S4,2.1,0.42,11.7
C1146,18,Bản mặt cầu (Deck Slab):S4,2.1,0.42,11.7
C1147,18,Dầm chủ Super-T (15 phiến L=38.2m):G5b,2.86,0.42,11.7
C1147,18,Bản mặt cầu (Deck Slab):S4,2.1,0.42,11.7
C1147,18,Bản mặt cầu (Deck Slab):S4,2.1,0.42,11.7
C1147,18,Bản mặt cầu (Deck Slab):S4,2.1,0.42,11.7
C1147,18,Bản mặt cầu (Deck Slab):S4,2.1,0.42,11.7
C1148,18,Dầm chủ Super-T (15 phiến L=38.2m):G5b,2.86,0.42,11.7
C1148,18,Bản mặt cầu (Deck Slab):S4,2.1,0.42,11.7
C1148,18,Bản mặt cầu (Deck Slab):S4,2.1,0.42,11.7
C1148,18,Bản mặt cầu (Deck Slab):S4,2.1,0.42,11.7
C1148,18,Bản mặt cầu (Deck Slab):S4,2.1,0.42,11.7
C1149,18,Dầm chủ Super-T (15 phiến L=38.2m):G5b,2.86,0.42,11.7
C1149,18,Bản mặt cầu (Deck Slab):S4,2.1,0.42,11.7
C1149,18,Bản mặt cầu (Deck Slab):S4,2.1,0.42,11.7
C1149,18,Bản mặt cầu (Deck Slab):S4,2.1,0.42,11.7
C1149,18,Bản mặt cầu (Deck Slab):S4,2.1,0.42,11.7
C1150,18,Dầm chủ Super-T (15 phiến L=38.2m):G5b,2.86,0.42,11.7
C1150,18,Bản mặt cầu (Deck Slab):S4,2.1,0.42,11.7
C1150,18,Bản mặt cầu (Deck Slab):S4,2.1,0.42,11.7
C1150,18,Bản mặt cầu (Deck Slab):S4,2.1,0.42,11.7
C1150,18,Bản mặt cầu (Deck Slab):S4,2.1,0.42,11.7
C1151,18,Dầm chủ Super-T (15 phiến L=38.2m):G5b,2.86,0.42,11.7
C1151,18,Bản mặt cầu (Deck Slab):S4,2.1,0.42,11.7
C1151,18,Bản mặt cầu (Deck Slab):S4,2.1,0.42,11.7
C1151,18,Bản mặt cầu (Deck Slab):S4,2.1,0.42,11.7
C1151,18,Bản mặt cầu (Deck Slab):S4,2.1,0.42,11.7
C1152,18,Dầm chủ Super-T (15 phiến L=38.2m):G5b,2.86,0.42,11.7
C1152,18,Bản mặt cầu (Deck Slab):S4,2.1,0.42,11.7
C1152,18,Bản mặt cầu (Deck Slab):S4,2.1,0.42,11.7
C1152,18,Bản mặt cầu (Deck Slab):S4,2.1,0.42,11.7
C1152,18,Bản mặt cầu (Deck Slab):S4,2.1,0.42,11.7
C1153,18,Dầm chủ Super-T (15 phiến L=38.2m):G5b,2.86,0.42,11.7
C1153,18,Bản mặt cầu (Deck Slab):S4,2.1,0.42,11.7
C1153,18,Bản mặt cầu (Deck Slab):S4,2.1,0.42,11.7
C1153,18,Bản mặt cầu (Deck Slab):S4,2.1,0.42,11.7
C1153,18,Bản mặt cầu (Deck Slab):S4,2.1,0.42,11.7
C1154,18,Dầm chủ Super-T (15 phiến L=38.2m):G5b,2.86,0.42,11.7
C1154,18,Bản mặt cầu (Deck Slab):S4,2.1,0.42,11.7
C1154,18,Bản mặt cầu (Deck Slab):S4,2.1,0.42,11.7
C1154,18,Bản mặt cầu (Deck Slab):S4,2.1,0.42,11.7
C1154,18,Bản mặt cầu (Deck Slab):S4,2.1,0.42,11.7
C1155,18,Dầm chủ Super-T (15 phiến L=38.2m):G5b,2.86,0.42,11.7
C1155,18,Bản mặt cầu (Deck Slab):S4,2.1,0.42,11.7
C1155,18,Bản mặt cầu (Deck Slab):S4,2.1,0.42,11.7
C1155,18,Bản mặt cầu (Deck Slab):S4,2.1,0.42,11.7
C1155,18,Bản mặt cầu (Deck Slab):S4,2.1,0.42,11.7
C1156,18,Dầm chủ Super-T (15 phiến L=38.2m):G5b,2.86,0.42,11.7
C1156,18,Bản mặt cầu (Deck Slab):S4,2.1,0.42,11.7
C1156,18,Bản mặt cầu (Deck Slab):S4,2.1,0.42,11.7
C1156,18,Bản mặt cầu (Deck Slab):S4,2.1,0.42,11.7
C1156,18,Bản mặt cầu (Deck Slab):S4,2.1,0.42,11.7
C1157,18,Dầm chủ Super-T (15 phiến L=38.2m):G5b,2.86,0.42,11.7
C1157,18,Bản mặt cầu (Deck Slab):S4,2.1,0.42,11.7
C1157,18,Bản mặt cầu (Deck Slab):S4,2.1,0.42,11.7
C1157,18,Bản mặt cầu (Deck Slab):S4,2.1,0.42,11.7
C1157,18,Bản mặt cầu (Deck Slab):S4,2.1,0.42,11.7
C1158,18,Dầm chủ Super-T (15 phiến L=38.2m):G5b,2.86,0.42,11.7
C1158,18,Bản mặt cầu (Deck Slab):S4,2.1,0.42,11.7
C1158,18,Bản mặt cầu (Deck Slab):S4,2.1,0.42,11.7
C1158,18,Bản mặt cầu (Deck Slab):S4,2.1,0.42,11.7
C1158,18,Bản mặt cầu (Deck Slab):S4,2.1,0.42,11.7
C1159,18,Dầm chủ Super-T (15 phiến L=38.2m):G5b,2.86,0.42,11.7
C1159,18,Bản mặt cầu (Deck Slab):S4,2.1,0.42,11.7
C1159,18,Bản mặt cầu (Deck Slab):S4,2.1,0.42,11.7
C1159,18,Bản mặt cầu (Deck Slab):S4,2.1,0.42,11.7
C1159,18,Bản mặt cầu (Deck Slab):S4,2.1,0.42,11.7
C1160,18,Dầm chủ Super-T (15 phiến L=38.2m):G5b,2.86,0.42,11.7
C1160,18,Bản mặt cầu (Deck Slab):S4,2.1,0.42,11.7
C1160,18,Bản mặt cầu (Deck Slab):S4,2.1,0.42,11.7
C1160,18,Bản mặt cầu (Deck Slab):S4,2.1,0.42,11.7
C1160,18,Bản mặt cầu (Deck Slab):S4,2.1,0.42,11.7
C1161,18,Dầm chủ Super-T (15 phiến L=38.2m):G5b,2.86,0.42,11.7
C1161,18,Bản mặt cầu (Deck Slab):S4,2.1,0.42,11.7
C1161,18,Bản mặt cầu (Deck Slab):S4,2.1,0.42,11.7
C1161,18,Bản mặt cầu (Deck Slab):S4,2.1,0.42,11.7
C1161,18,Bản mặt cầu (Deck Slab):S4,2.1,0.42,11.7
C1162,18,Dầm chủ Super-T (15 phiến L=38.2m):G5b,2.86,0.42,11.7
C1162,18,Bản mặt cầu (Deck Slab):S4,2.1,0.42,11.7
C1162,18,Bản mặt cầu (Deck Slab):S4,2.1,0.42,11.7
C1162,18,Bản mặt cầu (Deck Slab):S4,2.1,0.42,11.7
C1162,18,Bản mặt cầu (Deck Slab):S4,2.1,0.42,11.7
C1163,18,Dầm chủ Super-T (15 phiến L=38.2m):G5b,2.86,0.42,11.7
C1163,18,Bản mặt cầu (Deck Slab):S4,2.1,0.42,11.7
C1163,18,Bản mặt cầu (Deck Slab):S4,2.1,0.42,11.7
C1163,18,Bản mặt cầu (Deck Slab):S4,2.1,0.42,11.7
C1163,18,Bản mặt cầu (Deck Slab):S4,2.1,0.42,11.7
C1164,18,Dầm chủ Super-T (15 phiến L=38.2m):G5b,2.86,0.42,11.7
C1164,18,Bản mặt cầu (Deck Slab):S4,2.1,0.42,11.7
C1164,18,Bản mặt cầu (Deck Slab):S4,2.1,0.42,11.7
C1164,18,Bản mặt cầu (Deck Slab):S4,2.1,0.42,11.7
C1164,18,Bản mặt cầu (Deck Slab):S4,2.1,0.42,11.7
C1165,18,Dầm chủ Super-T (15 phiến L=38.2m):G5b,2.86,0.42,11.7
C1165,18,Bản mặt cầu (Deck Slab):S4,2.1,0.42,11.7
C1165,18,Bản mặt cầu (Deck Slab):S4,2.1,0.42,11.7
C1165,18,Bản mặt cầu (Deck Slab):S4,2.1,0.42,11.7
C1165,18,Bản mặt cầu (Deck Slab):S4,2.1,0.42,11.7
C1166,18,Dầm chủ Super-T (15 phiến L=38.2m):G5b,2.86,0.42,11.7
C1166,18,Bản mặt cầu (Deck Slab):S4,2.1,0.42,11.7
C1166,18,Bản mặt cầu (Deck Slab):S4,2.1,0.42,11.7
C1166,18,Bản mặt cầu (Deck Slab):S4,2.1,0.42,11.7
C1166,18,Bản mặt cầu (Deck Slab):S4,2.1,0.42,11.7
C1167,18,Dầm chủ Super-T (15 phiến L=38.2m):G5b,2.86,0.42,11.7
C1167,18,Bản mặt cầu (Deck Slab):S4,2.1,0.42,11.7
C1167,18,Bản mặt cầu (Deck Slab):S4,2.1,0.42,11.7
C1167,18,Bản mặt cầu (Deck Slab):S4,2.1,0.42,11.7
C1167,18,Bản mặt cầu (Deck Slab):S4,2.1,0.42,11.7
C1168,18,Dầm chủ Super-T (15 phiến L=38.2m):G5b,2.86,0.42,11.7
C1168,18,Bản mặt cầu (Deck Slab):S4,2.1,0.42,11.7
C1168,18,Bản mặt cầu (Deck Slab):S4,2.1,0.42,11.7
C1168,18,Bản mặt cầu (Deck Slab):S4,2.1,0.42,11.7
C1168,18,Bản mặt cầu (Deck Slab):S4,2.1,0.42,11.7
C1169,18,Dầm chủ Super-T (15 phiến L=38.2m):G5d,3.9,0.625,11.7
C1169,18,Dầm chủ Super-T (15 phiến L=38.2m):G5d,3.9,0.625,11.7
C1169,18,Mố M1:G2,3.265,0.625,11.7
C1170,18,Dầm chủ Super-T (15 phiến L=38.2m):G5d,3.9,0.625,11.7
C1170,18,Dầm chủ Super-T (15 phiến L=38.2m):G5d,3.9,0.625,11.7
C1170,18,Mố M1:G2,3.265,0.625,11.7
C1171,18,Dầm chủ Super-T (15 phiến L=38.2m):G5d,3.9,0.625,11.7
C1171,18,Dầm chủ Super-T (15 phiến L=38.2m):G5d,3.9,0.625,11.7
C1171,18,Mố M1:G2,3.265,0.625,11.7
C1172,18,Dầm chủ Super-T (15 phiến L=38.2m):G5d,3.9,0.625,11.7
C1172,18,Dầm chủ Super-T (15 phiến L=38.2m):G5d,3.9,0.625,11.7
C1172,18,Mố M1:G2,3.265,0.625,11.7
C1173,18,Dầm chủ Super-T (15 phiến L=38.2m):G5d,3.9,0.625,11.7
C1173,18,Dầm chủ Super-T (15 phiến L=38.2m):G5d,3.9,0.625,11.7
C1173,18,Mố M1:G2,3.265,0.625,11.7
C1174,18,Dầm chủ Super-T (15 phiến L=38.2m):G5d,3.9,0.625,11.7
C1174,18,Dầm chủ Super-T (15 phiến L=38.2m):G5d,3.9,0.625,11.7
C1174,18,Mố M1:G2,3.265,0.625,11.7
C1175,18,Dầm chủ Super-T (15 phiến L=38.2m):G5d,3.9,0.625,11.7
C1175,18,Dầm chủ Super-T (15 phiến L=38.2m):G5d,3.9,0.625,11.7
C1175,18,Mố M1:G2,3.265,0.625,11.7
C1176,18,Dầm chủ Super-T (15 phiến L=38.2m):G5d,3.9,0.625,11.7
C1176,18,Dầm chủ Super-T (15 phiến L=38.2m):G5d,3.9,0.625,11.7
C1176,18,Mố M1:G2,3.265,0.625,11.7
C1177,18,Dầm chủ Super-T (15 phiến L=38.2m):G5d,3.9,0.625,11.7
C1177,18,Dầm chủ Super-T (15 phiến L=38.2m):G5d,3.9,0.625,11.7
C1177,18,Mố M1:G2,3.265,0.625,11.7
C1178,18,Dầm chủ Super-T (15 phiến L=38.2m):G5d,3.9,0.625,11.7
C1178,18,Dầm chủ Super-T (15 phiến L=38.2m):G5d,3.9,0.625,11.7
C1178,18,Mố M1:G2,3.265,0.625,11.7
C1179,18,Dầm chủ Super-T (15 phiến L=38.2m):G5d,3.9,0.625,11.7
C1179,18,Dầm chủ Super-T (15 phiến L=38.2m):G5d,3.9,0.625,11.7
C1179,18,Mố M1:G2,3.265,0.625,11.7
C1180,18,Dầm chủ Super-T (15 phiến L=38.2m):G5d,3.9,0.625,11.7
C1180,18,Dầm chủ Super-T (15 phiến L=38.2m):G5d,3.9,0.625,11.7
C1180,18,Mố M1:G2,3.265,0.625,11.7
C1181,18,Dầm chủ Super-T (15 phiến L=38.2m):G5d,3.9,0.625,11.7
C1181,18,Dầm chủ Super-T (15 phiến L=38.2m):G5d,3.9,0.625,11.7
C1181,18,Mố M1:G2,3.265,0.625,11.7
C1182,18,Dầm chủ Super-T (15 phiến L=38.2m):G5d,3.9,0.625,11.7
C1182,18,Dầm chủ Super-T (15 phiến L=38.2m):G5d,3.9,0.625,11.7
C1182,18,Mố M1:G2,3.265,0.625,11.7
C1183,18,Dầm chủ Super-T (15 phiến L=38.2m):G5d,3.9,0.625,11.7
C1183,18,Dầm chủ Super-T (15 phiến L=38.2m):G5d,3.9,0.625,11.7
C1183,18,Mố M1:G2,3.265,0.625,11.7
C1184,18,Dầm chủ Super-T (15 phiến L=38.2m):G5d,3.9,0.625,11.7
C1184,18,Dầm chủ Super-T (15 phiến L=38.2m):G5d,3.9,0.625,11.7
C1184,18,Mố M1:G2,3.265,0.625,11.7
C1185,18,Dầm chủ Super-T (15 phiến L=38.2m):G5d,3.9,0.625,11.7
C1185,18,Dầm chủ Super-T (15 phiến L=38.2m):G5d,3.9,0.625,11.7
C1185,18,Mố M1:G2,3.265,0.625,11.7
C1186,18,Dầm chủ Super-T (15 phiến L=38.2m):G5d,3.9,0.625,11.7
C1186,18,Dầm chủ Super-T (15 phiến L=38.2m):G5d,3.9,0.625,11.7
C1186,18,Mố M1:G2,3.265,0.625,11.7
C1187,18,Dầm chủ Super-T (15 phiến L=38.2m):G5d,3.9,0.625,11.7
C1187,18,Dầm chủ Super-T (15 phiến L=38.2m):G5d,3.9,0.625,11.7
C1187,18,Mố M1:G2,3.265,0.625,11.7
C1188,18,Dầm chủ Super-T (15 phiến L=38.2m):G5d,3.9,0.625,11.7
C1188,18,Dầm chủ Super-T (15 phiến L=38.2m):G5d,3.9,0.625,11.7
C1188,18,Mố M1:G2,3.265,0.625,11.7
C1189,18,Dầm chủ Super-T (15 phiến L=38.2m):G5d,3.9,0.625,11.7
C1189,18,Dầm chủ Super-T (15 phiến L=38.2m):G5d,3.9,0.625,11.7
C1189,18,Mố M1:G2,3.265,0.625,11.7
C1190,18,Dầm chủ Super-T (15 phiến L=38.2m):G5d,3.9,0.625,11.7
C1190,18,Dầm chủ Super-T (15 phiến L=38.2m):G5d,3.9,0.625,11.7
C1190,18,Mố M1:G2,3.265,0.625,11.7
C1191,18,Dầm chủ Super-T (15 phiến L=38.2m):G5d,3.9,0.625,11.7
C1191,18,Dầm chủ Super-T (15 phiến L=38.2m):G5d,3.9,0.625,11.7
C1191,18,Mố M1:G2,3.265,0.625,11.7
C1192,18,Dầm chủ Super-T (15 phiến L=38.2m):G5d,3.9,0.625,11.7
C1192,18,Dầm chủ Super-T (15 phiến L=38.2m):G5d,3.9,0.625,11.7
C1192,18,Mố M1:G2,3.265,0.625,11.7
C1193,18,Dầm chủ Super-T (15 phiến L=38.2m):G5d,3.9,0.625,11.7
C1193,18,Dầm chủ Super-T (15 phiến L=38.2m):G5d,3.9,0.625,11.7
C1193,18,Mố M1:G2,3.265,0.625,11.7
C1194,18,Dầm chủ Super-T (15 phiến L=38.2m):G5d,3.9,0.625,11.7
C1194,18,Dầm chủ Super-T (15 phiến L=38.2m):G5d,3.9,0.625,11.7
C1194,18,Mố M1:G2,3.265,0.625,11.7
C1195,18,Dầm chủ Super-T (15 phiến L=38.2m):G5d,3.9,0.625,11.7
C1195,18,Dầm chủ Super-T (15 phiến L=38.2m):G5d,3.9,0.625,11.7
C1195,18,Mố M1:G2,3.265,0.625,11.7
C1196,18,Dầm chủ Super-T (15 phiến L=38.2m):G5d,3.9,0.625,11.7
C1196,18,Dầm chủ Super-T (15 phiến L=38.2m):G5d,3.9,0.625,11.7
C1196,18,Mố M1:G2,3.265,0.625,11.7
C1197,18,Dầm chủ Super-T (15 phiến L=38.2m):G5d,3.9,0.625,11.7
C1197,18,Dầm chủ Super-T (15 phiến L=38.2m):G5d,3.9,0.625,11.7
C1197,18,Mố M1:G2,3.265,0.625,11.7
C1198,18,Dầm chủ Super-T (15 phiến L=38.2m):G5d,3.9,0.625,11.7
C1198,18,Dầm chủ Super-T (15 phiến L=38.2m):G5d,3.9,0.625,11.7
C1198,18,Mố M1:G2,3.265,0.625,11.7
C1199,18,Dầm chủ Super-T (15 phiến L=38.2m):G5d,3.9,0.625,11.7
C1199,18,Dầm chủ Super-T (15 phiến L=38.2m):G5d,3.9,0.625,11.7
C1199,18,Mố M1:G2,3.265,0.625,11.7
C1200,18,Dầm chủ Super-T (15 phiến L=38.2m):G5d,3.9,0.625,11.7
C1200,18,Dầm chủ Super-T (15 phiến L=38.2m):G5d,3.9,0.625,11.7
C1200,18,Mố M1:G2,3.265,0.625,11.7
C1201,18,Dầm chủ Super-T (15 phiến L=38.2m):G5d,3.9,0.625,11.7
C1201,18,Dầm chủ Super-T (15 phiến L=38.2m):G5d,3.9,0.625,11.7
C1201,18,Mố M1:G2,3.265,0.625,11.7
C1202,18,Dầm chủ Super-T (15 phiến L=38.2m):G5d,3.9,0.625,11.7
C1202,18,Dầm chủ Super-T (15 phiến L=38.2m):G5d,3.9,0.625,11.7
C1202,18,Mố M1:G2,3.265,0.625,11.7
C1203,18,Dầm chủ Super-T (15 phiến L=38.2m):G5d,3.9,0.625,11.7
C1203,18,Dầm chủ Super-T (15 phiến L=38.2m):G5d,3.9,0.625,11.7
C1203,18,Mố M1:G2,3.265,0.625,11.7
C1204,18,Dầm chủ Super-T (15 phiến L=38.2m):G5d,3.9,0.625,11.7
C1204,18,Dầm chủ Super-T (15 phiến L=38.2m):G5d,3.9,0.625,11.7
C1204,18,Mố M1:G2,3.265,0.625,11.7
C1205,18,Dầm chủ Super-T (15 phiến L=38.2m):G5d,3.9,0.625,11.7
C1205,18,Dầm chủ Super-T (15 phiến L=38.2m):G5d,3.9,0.625,11.7
C1205,18,Mố M1:G2,3.265,0.625,11.7
C1206,18,Dầm chủ Super-T (15 phiến L=38.2m):G5d,3.9,0.625,11.7
C1206,18,Dầm chủ Super-T (15 phiến L=38.2m):G5d,3.9,0.625,11.7
C1206,18,Mố M1:G2,3.265,0.625,11.7
C1207,18,Dầm chủ Super-T (15 phiến L=38.2m):G5d,3.9,0.625,11.7
C1207,18,Dầm chủ Super-T (15 phiến L=38.2m):G5d,3.9,0.625,11.7
C1207,18,Mố M1:G2,3.265,0.625,11.7
C1208,18,Dầm chủ Super-T (15 phiến L=38.2m):G5d,3.9,0.625,11.7
C1208,18,Dầm chủ Super-T (15 phiến L=38.2m):G5d,3.9,0.625,11.7
C1208,18,Mố M1:G2,3.265,0.625,11.7
C1209,18,Dầm chủ Super-T (15 phiến L=38.2m):G5d,3.9,0.625,11.7
C1209,18,Dầm chủ Super-T (15 phiến L=38.2m):G5d,3.9,0.625,11.7
C1209,18,Mố M2:G2,3.265,0.625,11.7
C1210,18,Dầm chủ Super-T (15 phiến L=38.2m):G5d,3.9,0.625,11.7
C1210,18,Dầm chủ Super-T (15 phiến L=38.2m):G5d,3.9,0.625,11.7
C1210,18,Mố M2:G2,3.265,0.625,11.7
C1211,18,Dầm chủ Super-T (15 phiến L=38.2m):G5d,3.9,0.625,11.7
C1211,18,Dầm chủ Super-T (15 phiến L=38.2m):G5d,3.9,0.625,11.7
C1211,18,Mố M2:G2,3.265,0.625,11.7
C1212,18,Dầm chủ Super-T (15 phiến L=38.2m):G5d,3.9,0.625,11.7
C1212,18,Dầm chủ Super-T (15 phiến L=38.2m):G5d,3.9,0.625,11.7
C1212,18,Mố M2:G2,3.265,0.625,11.7
C1213,18,Dầm chủ Super-T (15 phiến L=38.2m):G5d,3.9,1.03,11.7
C1213,18,Dầm chủ Super-T (15 phiến L=38.2m):G5d,3.9,1.03,11.7
C1213,18,Dầm chủ Super-T (15 phiến L=38.2m):G5b,2.86,1.03,11.7
C1214,18,Dầm chủ Super-T (15 phiến L=38.2m):G5d,3.9,1.03,11.7
C1214,18,Dầm chủ Super-T (15 phiến L=38.2m):G5d,3.9,1.03,11.7
C1214,18,Dầm chủ Super-T (15 phiến L=38.2m):G5b,2.86,1.03,11.7
C1215,18,Dầm chủ Super-T (15 phiến L=38.2m):G5d,3.9,1.03,11.7
C1215,18,Dầm chủ Super-T (15 phiến L=38.2m):G5d,3.9,1.03,11.7
C1215,18,Dầm chủ Super-T (15 phiến L=38.2m):G5b,2.86,1.03,11.7
C1216,18,Dầm chủ Super-T (15 phiến L=38.2m):G5d,3.9,1.03,11.7
C1216,18,Dầm chủ Super-T (15 phiến L=38.2m):G5d,3.9,1.03,11.7
C1216,18,Dầm chủ Super-T (15 phiến L=38.2m):G5b,2.86,1.03,11.7
C1217,18,Dầm chủ Super-T (15 phiến L=38.2m):G5d,3.9,1.03,11.7
C1217,18,Dầm chủ Super-T (15 phiến L=38.2m):G5d,3.9,1.03,11.7
C1217,18,Dầm chủ Super-T (15 phiến L=38.2m):G5b,2.86,1.03,11.7
C1218,18,Dầm chủ Super-T (15 phiến L=38.2m):G5d,3.9,1.03,11.7
C1218,18,Dầm chủ Super-T (15 phiến L=38.2m):G5d,3.9,1.03,11.7
C1218,18,Dầm chủ Super-T (15 phiến L=38.2m):G5b,2.86,1.03,11.7
C1219,18,Dầm chủ Super-T (15 phiến L=38.2m):G5d,3.9,1.03,11.7
C1219,18,Dầm chủ Super-T (15 phiến L=38.2m):G5d,3.9,1.03,11.7
C1219,18,Dầm chủ Super-T (15 phiến L=38.2m):G5b,2.86,1.03,11.7
C1220,18,Dầm chủ Super-T (15 phiến L=38.2m):G5d,3.9,1.03,11.7
C1220,18,Dầm chủ Super-T (15 phiến L=38.2m):G5d,3.9,1.03,11.7
C1220,18,Dầm chủ Super-T (15 phiến L=38.2m):G5b,2.86,1.03,11.7
C1221,18,Dầm chủ Super-T (15 phiến L=38.2m):G5d,3.9,1.03,11.7
C1221,18,Dầm chủ Super-T (15 phiến L=38.2m):G5d,3.9,1.03,11.7
C1221,18,Dầm chủ Super-T (15 phiến L=38.2m):G5b,2.86,1.03,11.7
C1222,18,Dầm chủ Super-T (15 phiến L=38.2m):G5d,3.9,1.03,11.7
C1222,18,Dầm chủ Super-T (15 phiến L=38.2m):G5d,3.9,1.03,11.7
C1222,18,Dầm chủ Super-T (15 phiến L=38.2m):G5b,2.86,1.03,11.7
C1223,18,Dầm chủ Super-T (15 phiến L=38.2m):G5d,3.9,1.03,11.7
C1223,18,Dầm chủ Super-T (15 phiến L=38.2m):G5d,3.9,1.03,11.7
C1223,18,Dầm chủ Super-T (15 phiến L=38.2m):G5b,2.86,1.03,11.7
C1224,18,Dầm chủ Super-T (15 phiến L=38.2m):G5d,3.9,1.03,11.7
C1224,18,Dầm chủ Super-T (15 phiến L=38.2m):G5d,3.9,1.03,11.7
C1224,18,Dầm chủ Super-T (15 phiến L=38.2m):G5b,2.86,1.03,11.7
C1225,18,Dầm chủ Super-T (15 phiến L=38.2m):G5d,3.9,1.03,11.7
C1225,18,Dầm chủ Super-T (15 phiến L=38.2m):G5d,3.9,1.03,11.7
C1225,18,Dầm chủ Super-T (15 phiến L=38.2m):G5b,2.86,1.03,11.7
C1226,18,Dầm chủ Super-T (15 phiến L=38.2m):G5d,3.9,1.03,11.7
C1226,18,Dầm chủ Super-T (15 phiến L=38.2m):G5d,3.9,1.03,11.7
C1226,18,Dầm chủ Super-T (15 phiến L=38.2m):G5b,2.86,1.03,11.7
C1227,18,Dầm chủ Super-T (15 phiến L=38.2m):G5d,3.9,1.03,11.7
C1227,18,Dầm chủ Super-T (15 phiến L=38.2m):G5d,3.9,1.03,11.7
C1227,18,Dầm chủ Super-T (15 phiến L=38.2m):G5b,2.86,1.03,11.7
C1228,18,Dầm chủ Super-T (15 phiến L=38.2m):G5d,3.9,1.03,11.7
C1228,18,Dầm chủ Super-T (15 phiến L=38.2m):G5d,3.9,1.03,11.7
C1228,18,Dầm chủ Super-T (15 phiến L=38.2m):G5b,2.86,1.03,11.7
C1229,18,Dầm chủ Super-T (15 phiến L=38.2m):G5d,3.9,1.03,11.7
C1229,18,Dầm chủ Super-T (15 phiến L=38.2m):G5d,3.9,1.03,11.7
C1229,18,Dầm chủ Super-T (15 phiến L=38.2m):G5b,2.86,1.03,11.7
C1230,18,Dầm chủ Super-T (15 phiến L=38.2m):G5d,3.9,1.03,11.7
C1230,18,Dầm chủ Super-T (15 phiến L=38.2m):G5d,3.9,1.03,11.7
C1230,18,Dầm chủ Super-T (15 phiến L=38.2m):G5b,2.86,1.03,11.7
C1231,18,Dầm chủ Super-T (15 phiến L=38.2m):G5d,3.9,1.03,11.7
C1231,18,Dầm chủ Super-T (15 phiến L=38.2m):G5d,3.9,1.03,11.7
C1231,18,Dầm chủ Super-T (15 phiến L=38.2m):G5b,2.86,1.03,11.7
C1232,18,Dầm chủ Super-T (15 phiến L=38.2m):G5d,3.9,1.03,11.7
C1232,18,Dầm chủ Super-T (15 phiến L=38.2m):G5d,3.9,1.03,11.7
C1232,18,Dầm chủ Super-T (15 phiến L=38.2m):G5b,2.86,1.03,11.7
C1233,18,Dầm chủ Super-T (15 phiến L=38.2m):G5d,3.9,1.03,11.7
C1233,18,Dầm chủ Super-T (15 phiến L=38.2m):G5d,3.9,1.03,11.7
C1233,18,Dầm chủ Super-T (15 phiến L=38.2m):G5b,2.86,1.03,11.7
C1234,18,Dầm chủ Super-T (15 phiến L=38.2m):G5d,3.9,1.03,11.7
C1234,18,Dầm chủ Super-T (15 phiến L=38.2m):G5d,3.9,1.03,11.7
C1234,18,Dầm chủ Super-T (15 phiến L=38.2m):G5b,2.86,1.03,11.7
C1235,18,Dầm chủ Super-T (15 phiến L=38.2m):G5d,3.9,1.03,11.7
C1235,18,Dầm chủ Super-T (15 phiến L=38.2m):G5d,3.9,1.03,11.7
C1235,18,Dầm chủ Super-T (15 phiến L=38.2m):G5b,2.86,1.03,11.7
C1236,18,Dầm chủ Super-T (15 phiến L=38.2m):G5d,3.9,1.03,11.7
C1236,18,Dầm chủ Super-T (15 phiến L=38.2m):G5d,3.9,1.03,11.7
C1236,18,Dầm chủ Super-T (15 phiến L=38.2m):G5b,2.86,1.03,11.7
C1237,18,Dầm chủ Super-T (15 phiến L=38.2m):G5d,3.9,1.03,11.7
C1237,18,Dầm chủ Super-T (15 phiến L=38.2m):G5d,3.9,1.03,11.7
C1237,18,Dầm chủ Super-T (15 phiến L=38.2m):G5b,2.86,1.03,11.7
C1238,18,Dầm chủ Super-T (15 phiến L=38.2m):G5d,3.9,1.03,11.7
C1238,18,Dầm chủ Super-T (15 phiến L=38.2m):G5d,3.9,1.03,11.7
C1238,18,Dầm chủ Super-T (15 phiến L=38.2m):G5b,2.86,1.03,11.7
C1239,18,Dầm chủ Super-T (15 phiến L=38.2m):G5d,3.9,1.03,11.7
C1239,18,Dầm chủ Super-T (15 phiến L=38.2m):G5d,3.9,1.03,11.7
C1239,18,Dầm chủ Super-T (15 phiến L=38.2m):G5b,2.86,1.03,11.7
C1240,18,Dầm chủ Super-T (15 phiến L=38.2m):G5d,3.9,1.03,11.7
C1240,18,Dầm chủ Super-T (15 phiến L=38.2m):G5d,3.9,1.03,11.7
C1240,18,Dầm chủ Super-T (15 phiến L=38.2m):G5b,2.86,1.03,11.7
C1241,18,Dầm chủ Super-T (15 phiến L=38.2m):G5d,3.9,1.03,11.7
C1241,18,Dầm chủ Super-T (15 phiến L=38.2m):G5d,3.9,1.03,11.7
C1241,18,Dầm chủ Super-T (15 phiến L=38.2m):G5b,2.86,1.03,11.7
C1242,18,Dầm chủ Super-T (15 phiến L=38.2m):G5d,3.9,1.03,11.7
C1242,18,Dầm chủ Super-T (15 phiến L=38.2m):G5d,3.9,1.03,11.7
C1242,18,Dầm chủ Super-T (15 phiến L=38.2m):G5b,2.86,1.03,11.7
C1243,18,Dầm chủ Super-T (15 phiến L=38.2m):G5d,3.9,1.03,11.7
C1243,18,Dầm chủ Super-T (15 phiến L=38.2m):G5d,3.9,1.03,11.7
C1243,18,Dầm chủ Super-T (15 phiến L=38.2m):G5b,2.86,1.03,11.7
C1244,18,Dầm chủ Super-T (15 phiến L=38.2m):G5d,3.9,1.03,11.7
C1244,18,Dầm chủ Super-T (15 phiến L=38.2m):G5d,3.9,1.03,11.7
C1244,18,Dầm chủ Super-T (15 phiến L=38.2m):G5b,2.86,1.03,11.7
C1245,18,Dầm chủ Super-T (15 phiến L=38.2m):G5d,3.9,1.03,11.7
C1245,18,Dầm chủ Super-T (15 phiến L=38.2m):G5d,3.9,1.03,11.7
C1245,18,Dầm chủ Super-T (15 phiến L=38.2m):G5b,2.86,1.03,11.7
C1246,18,Dầm chủ Super-T (15 phiến L=38.2m):G5d,3.9,1.03,11.7
C1246,18,Dầm chủ Super-T (15 phiến L=38.2m):G5d,3.9,1.03,11.7
C1246,18,Dầm chủ Super-T (15 phiến L=38.2m):G5b,2.86,1.03,11.7
C1247,18,Dầm chủ Super-T (15 phiến L=38.2m):G5d,3.9,1.03,11.7
C1247,18,Dầm chủ Super-T (15 phiến L=38.2m):G5d,3.9,1.03,11.7
C1247,18,Dầm chủ Super-T (15 phiến L=38.2m):G5b,2.86,1.03,11.7
C1248,18,Dầm chủ Super-T (15 phiến L=38.2m):G5d,3.9,1.03,11.7
C1248,18,Dầm chủ Super-T (15 phiến L=38.2m):G5d,3.9,1.03,11.7
C1248,18,Dầm chủ Super-T (15 phiến L=38.2m):G5b,2.86,1.03,11.7
C1249,18,Dầm chủ Super-T (15 phiến L=38.2m):G5d,3.9,1.03,11.7
C1249,18,Dầm chủ Super-T (15 phiến L=38.2m):G5d,3.9,1.03,11.7
C1249,18,Dầm chủ Super-T (15 phiến L=38.2m):G5b,2.86,1.03,11.7
C1250,18,Dầm chủ Super-T (15 phiến L=38.2m):G5d,3.9,1.03,11.7
C1250,18,Dầm chủ Super-T (15 phiến L=38.2m):G5d,3.9,1.03,11.7
C1250,18,Dầm chủ Super-T (15 phiến L=38.2m):G5b,2.86,1.03,11.7
C1251,18,Dầm chủ Super-T (15 phiến L=38.2m):G5d,3.9,1.03,11.7
C1251,18,Dầm chủ Super-T (15 phiến L=38.2m):G5d,3.9,1.03,11.7
C1251,18,Dầm chủ Super-T (15 phiến L=38.2m):G5b,2.86,1.03,11.7
C1252,18,Dầm chủ Super-T (15 phiến L=38.2m):G5d,3.9,1.03,11.7
C1252,18,Dầm chủ Super-T (15 phiến L=38.2m):G5d,3.9,1.03,11.7
C1252,18,Dầm chủ Super-T (15 phiến L=38.2m):G5b,2.86,1.03,11.7
C1253,18,Dầm chủ Super-T (15 phiến L=38.2m):G5d,3.9,1.03,11.7
C1253,18,Dầm chủ Super-T (15 phiến L=38.2m):G5d,3.9,1.03,11.7
C1253,18,Dầm chủ Super-T (15 phiến L=38.2m):G5b,2.86,1.03,11.7
C1254,18,Dầm chủ Super-T (15 phiến L=38.2m):G5d,3.9,1.03,11.7
C1254,18,Dầm chủ Super-T (15 phiến L=38.2m):G5d,3.9,1.03,11.7
C1254,18,Dầm chủ Super-T (15 phiến L=38.2m):G5b,2.86,1.03,11.7
C1255,18,Dầm chủ Super-T (15 phiến L=38.2m):G5d,3.9,1.03,11.7
C1255,18,Dầm chủ Super-T (15 phiến L=38.2m):G5d,3.9,1.03,11.7
C1255,18,Dầm chủ Super-T (15 phiến L=38.2m):G5b,2.86,1.03,11.7
C1256,18,Dầm chủ Super-T (15 phiến L=38.2m):G5d,3.9,1.03,11.7
C1256,18,Dầm chủ Super-T (15 phiến L=38.2m):G5d,3.9,1.03,11.7
C1256,18,Dầm chủ Super-T (15 phiến L=38.2m):G5b,2.86,1.03,11.7
C1257,18,Dầm chủ Super-T (15 phiến L=38.2m):G5d,3.9,1.03,11.7
C1257,18,Dầm chủ Super-T (15 phiến L=38.2m):G5d,3.9,1.03,11.7
C1257,18,Dầm chủ Super-T (15 phiến L=38.2m):G5b,2.86,1.03,11.7
C1258,18,Dầm chủ Super-T (15 phiến L=38.2m):G5d,3.9,1.03,11.7
C1258,18,Dầm chủ Super-T (15 phiến L=38.2m):G5d,3.9,1.03,11.7
C1258,18,Dầm chủ Super-T (15 phiến L=38.2m):G5b,2.86,1.03,11.7
C1259,18,Dầm chủ Super-T (15 phiến L=38.2m):G5d,3.9,1.03,11.7
C1259,18,Dầm chủ Super-T (15 phiến L=38.2m):G5d,3.9,1.03,11.7
C1259,18,Dầm chủ Super-T (15 phiến L=38.2m):G5b,2.86,1.03,11.7
C1260,18,Dầm chủ Super-T (15 phiến L=38.2m):G5d,3.9,1.03,11.7
C1260,18,Dầm chủ Super-T (15 phiến L=38.2m):G5d,3.9,1.03,11.7
C1260,18,Dầm chủ Super-T (15 phiến L=38.2m):G5b,2.86,1.03,11.7
C1261,18,Dầm chủ Super-T (15 phiến L=38.2m):G5d,3.9,1.03,11.7
C1261,18,Dầm chủ Super-T (15 phiến L=38.2m):G5d,3.9,1.03,11.7
C1261,18,Dầm chủ Super-T (15 phiến L=38.2m):G5b,2.86,1.03,11.7
C1262,18,Dầm chủ Super-T (15 phiến L=38.2m):G5d,3.9,1.03,11.7
C1262,18,Dầm chủ Super-T (15 phiến L=38.2m):G5d,3.9,1.03,11.7
C1262,18,Dầm chủ Super-T (15 phiến L=38.2m):G5b,2.86,1.03,11.7
C1263,18,Dầm chủ Super-T (15 phiến L=38.2m):G5d,3.9,1.03,11.7
C1263,18,Dầm chủ Super-T (15 phiến L=38.2m):G5d,3.9,1.03,11.7
C1263,18,Dầm chủ Super-T (15 phiến L=38.2m):G5b,2.86,1.03,11.7
C1264,18,Dầm chủ Super-T (15 phiến L=38.2m):G5d,3.9,1.03,11.7
C1264,18,Dầm chủ Super-T (15 phiến L=38.2m):G5d,3.9,1.03,11.7
C1264,18,Dầm chủ Super-T (15 phiến L=38.2m):G5b,2.86,1.03,11.7
C1265,18,Dầm chủ Super-T (15 phiến L=38.2m):G5d,3.9,1.03,11.7
C1265,18,Dầm chủ Super-T (15 phiến L=38.2m):G5d,3.9,1.03,11.7
C1265,18,Dầm chủ Super-T (15 phiến L=38.2m):G5b,2.86,1.03,11.7
C1266,18,Dầm chủ Super-T (15 phiến L=38.2m):G5d,3.9,1.03,11.7
C1266,18,Dầm chủ Super-T (15 phiến L=38.2m):G5d,3.9,1.03,11.7
C1266,18,Dầm chủ Super-T (15 phiến L=38.2m):G5b,2.86,1.03,11.7
C1267,18,Dầm chủ Super-T (15 phiến L=38.2m):G5d,3.9,1.03,11.7
C1267,18,Dầm chủ Super-T (15 phiến L=38.2m):G5d,3.9,1.03,11.7
C1267,18,Dầm chủ Super-T (15 phiến L=38.2m):G5b,2.86,1.03,11.7
C1268,18,Dầm chủ Super-T (15 phiến L=38.2m):G5d,3.9,1.03,11.7
C1268,18,Dầm chủ Super-T (15 phiến L=38.2m):G5d,3.9,1.03,11.7
C1268,18,Dầm chủ Super-T (15 phiến L=38.2m):G5b,2.86,1.03,11.7
C1269,18,Dầm chủ Super-T (15 phiến L=38.2m):G5d,3.9,1.03,11.7
C1269,18,Dầm chủ Super-T (15 phiến L=38.2m):G5d,3.9,1.03,11.7
C1269,18,Dầm chủ Super-T (15 phiến L=38.2m):G5b,2.86,1.03,11.7
C1270,18,Dầm chủ Super-T (15 phiến L=38.2m):G5d,3.9,1.03,11.7
C1270,18,Dầm chủ Super-T (15 phiến L=38.2m):G5d,3.9,1.03,11.7
C1270,18,Dầm chủ Super-T (15 phiến L=38.2m):G5b,2.86,1.03,11.7
C1271,18,Dầm chủ Super-T (15 phiến L=38.2m):G5d,3.9,1.03,11.7
C1271,18,Dầm chủ Super-T (15 phiến L=38.2m):G5d,3.9,1.03,11.7
C1271,18,Dầm chủ Super-T (15 phiến L=38.2m):G5b,2.86,1.03,11.7
C1272,18,Dầm chủ Super-T (15 phiến L=38.2m):G5d,3.9,1.03,11.7
C1272,18,Dầm chủ Super-T (15 phiến L=38.2m):G5d,3.9,1.03,11.7
C1272,18,Dầm chủ Super-T (15 phiến L=38.2m):G5b,2.86,1.03,11.7
C1273,18,Dầm chủ Super-T (15 phiến L=38.2m):G5d,3.9,1.03,11.7
C1273,18,Dầm chủ Super-T (15 phiến L=38.2m):G5d,3.9,1.03,11.7
C1273,18,Dầm chủ Super-T (15 phiến L=38.2m):G5b,2.86,1.03,11.7
C1274,18,Dầm chủ Super-T (15 phiến L=38.2m):G5d,3.9,1.03,11.7
C1274,18,Dầm chủ Super-T (15 phiến L=38.2m):G5d,3.9,1.03,11.7
C1274,18,Dầm chủ Super-T (15 phiến L=38.2m):G5b,2.86,1.03,11.7
C1275,18,Dầm chủ Super-T (15 phiến L=38.2m):G5d,3.9,1.03,11.7
C1275,18,Dầm chủ Super-T (15 phiến L=38.2m):G5d,3.9,1.03,11.7
C1275,18,Dầm chủ Super-T (15 phiến L=38.2m):G5b,2.86,1.03,11.7
C1276,18,Dầm chủ Super-T (15 phiến L=38.2m):G5d,3.9,1.03,11.7
C1276,18,Dầm chủ Super-T (15 phiến L=38.2m):G5d,3.9,1.03,11.7
C1276,18,Dầm chủ Super-T (15 phiến L=38.2m):G5b,2.86,1.03,11.7
C1277,18,Dầm chủ Super-T (15 phiến L=38.2m):G5d,3.9,1.03,11.7
C1277,18,Dầm chủ Super-T (15 phiến L=38.2m):G5d,3.9,1.03,11.7
C1277,18,Dầm chủ Super-T (15 phiến L=38.2m):G5b,2.86,1.03,11.7
C1278,18,Dầm chủ Super-T (15 phiến L=38.2m):G5d,3.9,1.03,11.7
C1278,18,Dầm chủ Super-T (15 phiến L=38.2m):G5d,3.9,1.03,11.7
C1278,18,Dầm chủ Super-T (15 phiến L=38.2m):G5b,2.86,1.03,11.7
C1279,18,Dầm chủ Super-T (15 phiến L=38.2m):G5d,3.9,1.03,11.7
C1279,18,Dầm chủ Super-T (15 phiến L=38.2m):G5d,3.9,1.03,11.7
C1279,18,Dầm chủ Super-T (15 phiến L=38.2m):G5b,2.86,1.03,11.7
C1280,18,Dầm chủ Super-T (15 phiến L=38.2m):G5d,3.9,1.03,11.7
C1280,18,Dầm chủ Super-T (15 phiến L=38.2m):G5d,3.9,1.03,11.7
C1280,18,Dầm chủ Super-T (15 phiến L=38.2m):G5b,2.86,1.03,11.7
C1281,18,Dầm chủ Super-T (15 phiến L=38.2m):G5d,3.9,1.03,11.7
C1281,18,Dầm chủ Super-T (15 phiến L=38.2m):G5d,3.9,1.03,11.7
C1281,18,Dầm chủ Super-T (15 phiến L=38.2m):G5b,2.86,1.03,11.7
C1282,18,Dầm chủ Super-T (15 phiến L=38.2m):G5d,3.9,1.03,11.7
C1282,18,Dầm chủ Super-T (15 phiến L=38.2m):G5d,3.9,1.03,11.7
C1282,18,Dầm chủ Super-T (15 phiến L=38.2m):G5b,2.86,1.03,11.7
C1283,18,Dầm chủ Super-T (15 phiến L=38.2m):G5d,3.9,1.03,11.7
C1283,18,Dầm chủ Super-T (15 phiến L=38.2m):G5d,3.9,1.03,11.7
C1283,18,Dầm chủ Super-T (15 phiến L=38.2m):G5b,2.86,1.03,11.7
C1284,18,Dầm chủ Super-T (15 phiến L=38.2m):G5d,3.9,1.03,11.7
C1284,18,Dầm chủ Super-T (15 phiến L=38.2m):G5d,3.9,1.03,11.7
C1284,18,Dầm chủ Super-T (15 phiến L=38.2m):G5b,2.86,1.03,11.7
C1285,18,Dầm chủ Super-T (15 phiến L=38.2m):G5d,3.9,1.03,11.7
C1285,18,Dầm chủ Super-T (15 phiến L=38.2m):G5d,3.9,1.03,11.7
C1285,18,Dầm chủ Super-T (15 phiến L=38.2m):G5b,2.86,1.03,11.7
C1286,18,Dầm chủ Super-T (15 phiến L=38.2m):G5d,3.9,1.03,11.7
C1286,18,Dầm chủ Super-T (15 phiến L=38.2m):G5d,3.9,1.03,11.7
C1286,18,Dầm chủ Super-T (15 phiến L=38.2m):G5b,2.86,1.03,11.7
C1287,18,Dầm chủ Super-T (15 phiến L=38.2m):G5d,3.9,1.03,11.7
C1287,18,Dầm chủ Super-T (15 phiến L=38.2m):G5d,3.9,1.03,11.7
C1287,18,Dầm chủ Super-T (15 phiến L=38.2m):G5b,2.86,1.03,11.7
C1288,18,Dầm chủ Super-T (15 phiến L=38.2m):G5d,3.9,1.03,11.7
C1288,18,Dầm chủ Super-T (15 phiến L=38.2m):G5d,3.9,1.03,11.7
C1288,18,Dầm chủ Super-T (15 phiến L=38.2m):G5b,2.86,1.03,11.7
C1289,18,Dầm chủ Super-T (15 phiến L=38.2m):G5d,3.9,1.03,11.7
C1289,18,Dầm chủ Super-T (15 phiến L=38.2m):G5d,3.9,1.03,11.7
C1289,18,Dầm chủ Super-T (15 phiến L=38.2m):G5b,2.86,1.03,11.7
C1290,18,Dầm chủ Super-T (15 phiến L=38.2m):G5d,3.9,1.03,11.7
C1290,18,Dầm chủ Super-T (15 phiến L=38.2m):G5d,3.9,1.03,11.7
C1290,18,Dầm chủ Super-T (15 phiến L=38.2m):G5b,2.86,1.03,11.7
C1291,18,Dầm chủ Super-T (15 phiến L=38.2m):G5d,3.9,1.03,11.7
C1291,18,Dầm chủ Super-T (15 phiến L=38.2m):G5d,3.9,1.03,11.7
C1291,18,Dầm chủ Super-T (15 phiến L=38.2m):G5b,2.86,1.03,11.7
C1292,18,Dầm chủ Super-T (15 phiến L=38.2m):G5d,3.9,1.03,11.7
C1292,18,Dầm chủ Super-T (15 phiến L=38.2m):G5d,3.9,1.03,11.7
C1292,18,Dầm chủ Super-T (15 phiến L=38.2m):G5b,2.86,1.03,11.7
C1293,18,Dầm chủ Super-T (15 phiến L=38.2m):G5d,3.9,1.03,11.7
C1293,18,Dầm chủ Super-T (15 phiến L=38.2m):G5d,3.9,1.03,11.7
C1293,18,Dầm chủ Super-T (15 phiến L=38.2m):G5b,2.86,1.03,11.7
C1294,18,Dầm chủ Super-T (15 phiến L=38.2m):G5d,3.9,1.03,11.7
C1294,18,Dầm chủ Super-T (15 phiến L=38.2m):G5d,3.9,1.03,11.7
C1294,18,Dầm chủ Super-T (15 phiến L=38.2m):G5b,2.86,1.03,11.7
C1295,18,Dầm chủ Super-T (15 phiến L=38.2m):G5d,3.9,1.03,11.7
C1295,18,Dầm chủ Super-T (15 phiến L=38.2m):G5d,3.9,1.03,11.7
C1295,18,Dầm chủ Super-T (15 phiến L=38.2m):G5b,2.86,1.03,11.7
C1296,18,Dầm chủ Super-T (15 phiến L=38.2m):G5d,3.9,1.03,11.7
C1296,18,Dầm chủ Super-T (15 phiến L=38.2m):G5d,3.9,1.03,11.7
C1296,18,Dầm chủ Super-T (15 phiến L=38.2m):G5b,2.86,1.03,11.7
C1297,18,Dầm chủ Super-T (15 phiến L=38.2m):G5d,3.9,1.03,11.7
C1297,18,Dầm chủ Super-T (15 phiến L=38.2m):G5d,3.9,1.03,11.7
C1297,18,Dầm chủ Super-T (15 phiến L=38.2m):G5b,2.86,1.03,11.7
C1298,18,Dầm chủ Super-T (15 phiến L=38.2m):G5d,3.9,1.03,11.7
C1298,18,Dầm chủ Super-T (15 phiến L=38.2m):G5d,3.9,1.03,11.7
C1298,18,Dầm chủ Super-T (15 phiến L=38.2m):G5b,2.86,1.03,11.7
C1299,18,Dầm chủ Super-T (15 phiến L=38.2m):G5d,3.9,1.03,11.7
C1299,18,Dầm chủ Super-T (15 phiến L=38.2m):G5d,3.9,1.03,11.7
C1299,18,Dầm chủ Super-T (15 phiến L=38.2m):G5b,2.86,1.03,11.7
C1300,18,Dầm chủ Super-T (15 phiến L=38.2m):G5d,3.9,1.03,11.7
C1300,18,Dầm chủ Super-T (15 phiến L=38.2m):G5d,3.9,1.03,11.7
C1300,18,Dầm chủ Super-T (15 phiến L=38.2m):G5b,2.86,1.03,11.7
C1301,18,Dầm chủ Super-T (15 phiến L=38.2m):G5d,3.9,1.03,11.7
C1301,18,Dầm chủ Super-T (15 phiến L=38.2m):G5d,3.9,1.03,11.7
C1301,18,Dầm chủ Super-T (15 phiến L=38.2m):G5b,2.86,1.03,11.7
C1302,18,Dầm chủ Super-T (15 phiến L=38.2m):G5d,3.9,1.03,11.7
C1302,18,Dầm chủ Super-T (15 phiến L=38.2m):G5d,3.9,1.03,11.7
C1302,18,Dầm chủ Super-T (15 phiến L=38.2m):G5b,2.86,1.03,11.7
C1303,18,Dầm chủ Super-T (15 phiến L=38.2m):G5d,3.9,1.03,11.7
C1303,18,Dầm chủ Super-T (15 phiến L=38.2m):G5d,3.9,1.03,11.7
C1303,18,Dầm chủ Super-T (15 phiến L=38.2m):G5b,2.86,1.03,11.7
C1304,18,Dầm chủ Super-T (15 phiến L=38.2m):G5d,3.9,1.03,11.7
C1304,18,Dầm chủ Super-T (15 phiến L=38.2m):G5d,3.9,1.03,11.7
C1304,18,Dầm chủ Super-T (15 phiến L=38.2m):G5b,2.86,1.03,11.7
C1305,18,Dầm chủ Super-T (15 phiến L=38.2m):G5d,3.9,1.03,11.7
C1305,18,Dầm chủ Super-T (15 phiến L=38.2m):G5d,3.9,1.03,11.7
C1305,18,Dầm chủ Super-T (15 phiến L=38.2m):G5b,2.86,1.03,11.7
C1306,18,Dầm chủ Super-T (15 phiến L=38.2m):G5d,3.9,1.03,11.7
C1306,18,Dầm chủ Super-T (15 phiến L=38.2m):G5d,3.9,1.03,11.7
C1306,18,Dầm chủ Super-T (15 phiến L=38.2m):G5b,2.86,1.03,11.7
C1307,18,Dầm chủ Super-T (15 phiến L=38.2m):G5d,3.9,1.03,11.7
C1307,18,Dầm chủ Super-T (15 phiến L=38.2m):G5d,3.9,1.03,11.7
C1307,18,Dầm chủ Super-T (15 phiến L=38.2m):G5b,2.86,1.03,11.7
C1308,18,Dầm chủ Super-T (15 phiến L=38.2m):G5d,3.9,1.03,11.7
C1308,18,Dầm chủ Super-T (15 phiến L=38.2m):G5d,3.9,1.03,11.7
C1308,18,Dầm chủ Super-T (15 phiến L=38.2m):G5b,2.86,1.03,11.7
C1309,18,Dầm chủ Super-T (15 phiến L=38.2m):G5d,3.9,1.03,11.7
C1309,18,Dầm chủ Super-T (15 phiến L=38.2m):G5d,3.9,1.03,11.7
C1309,18,Dầm chủ Super-T (15 phiến L=38.2m):G5b,2.86,1.03,11.7
C1310,18,Dầm chủ Super-T (15 phiến L=38.2m):G5d,3.9,1.03,11.7
C1310,18,Dầm chủ Super-T (15 phiến L=38.2m):G5d,3.9,1.03,11.7
C1310,18,Dầm chủ Super-T (15 phiến L=38.2m):G5b,2.86,1.03,11.7
C1311,18,Dầm chủ Super-T (15 phiến L=38.2m):G5d,3.9,1.03,11.7
C1311,18,Dầm chủ Super-T (15 phiến L=38.2m):G5d,3.9,1.03,11.7
C1311,18,Dầm chủ Super-T (15 phiến L=38.2m):G5b,2.86,1.03,11.7
C1312,18,Dầm chủ Super-T (15 phiến L=38.2m):G5d,3.9,1.03,11.7
C1312,18,Dầm chủ Super-T (15 phiến L=38.2m):G5d,3.9,1.03,11.7
C1312,18,Dầm chủ Super-T (15 phiến L=38.2m):G5b,2.86,1.03,11.7
C1313,18,Dầm chủ Super-T (15 phiến L=38.2m):G5d,3.9,1.03,11.7
C1313,18,Dầm chủ Super-T (15 phiến L=38.2m):G5d,3.9,1.03,11.7
C1313,18,Dầm chủ Super-T (15 phiến L=38.2m):G5b,2.86,1.03,11.7
C1314,18,Dầm chủ Super-T (15 phiến L=38.2m):G5d,3.9,1.03,11.7
C1314,18,Dầm chủ Super-T (15 phiến L=38.2m):G5d,3.9,1.03,11.7
C1314,18,Dầm chủ Super-T (15 phiến L=38.2m):G5b,2.86,1.03,11.7
C1315,18,Dầm chủ Super-T (15 phiến L=38.2m):G5d,3.9,1.03,11.7
C1315,18,Dầm chủ Super-T (15 phiến L=38.2m):G5d,3.9,1.03,11.7
C1315,18,Dầm chủ Super-T (15 phiến L=38.2m):G5b,2.86,1.03,11.7
C1316,18,Dầm chủ Super-T (15 phiến L=38.2m):G5d,3.9,1.03,11.7
C1316,18,Dầm chủ Super-T (15 phiến L=38.2m):G5d,3.9,1.03,11.7
C1316,18,Dầm chủ Super-T (15 phiến L=38.2m):G5b,2.86,1.03,11.7
C1317,18,Dầm chủ Super-T (15 phiến L=38.2m):G5d,3.9,1.03,11.7
C1317,18,Dầm chủ Super-T (15 phiến L=38.2m):G5d,3.9,1.03,11.7
C1317,18,Dầm chủ Super-T (15 phiến L=38.2m):G5b,2.86,1.03,11.7
C1318,18,Dầm chủ Super-T (15 phiến L=38.2m):G5d,3.9,1.03,11.7
C1318,18,Dầm chủ Super-T (15 phiến L=38.2m):G5d,3.9,1.03,11.7
C1318,18,Dầm chủ Super-T (15 phiến L=38.2m):G5b,2.86,1.03,11.7
C1319,18,Dầm chủ Super-T (15 phiến L=38.2m):G5d,3.9,1.03,11.7
C1319,18,Dầm chủ Super-T (15 phiến L=38.2m):G5d,3.9,1.03,11.7
C1319,18,Dầm chủ Super-T (15 phiến L=38.2m):G5b,2.86,1.03,11.7
C1320,18,Dầm chủ Super-T (15 phiến L=38.2m):G5d,3.9,1.03,11.7
C1320,18,Dầm chủ Super-T (15 phiến L=38.2m):G5d,3.9,1.03,11.7
C1320,18,Dầm chủ Super-T (15 phiến L=38.2m):G5b,2.86,1.03,11.7
C1321,18,Dầm chủ Super-T (15 phiến L=38.2m):G5d,3.9,1.03,11.7
C1321,18,Dầm chủ Super-T (15 phiến L=38.2m):G5d,3.9,1.03,11.7
C1321,18,Dầm chủ Super-T (15 phiến L=38.2m):G5b,2.86,1.03,11.7
C1322,18,Mố M2:F3,6.336,1.459,11.7
C1322,18,Dầm chủ Super-T (15 phiến L=38.2m):G5d,3.9,1.459,11.7
C1323,18,Mố M2:F3,6.336,1.459,11.7
C1323,18,Dầm chủ Super-T (15 phiến L=38.2m):G5d,3.9,1.459,11.7
C1324,18,Mố M2:F3,6.336,1.459,11.7
C1324,18,Dầm chủ Super-T (15 phiến L=38.2m):G5d,3.9,1.459,11.7
C1325,18,Mố M2:F3,6.336,1.459,11.7
C1325,18,Dầm chủ Super-T (15 phiến L=38.2m):G5d,3.9,1.459,11.7
C1326,18,Mố M2:F3,6.336,1.459,11.7
C1326,18,Dầm chủ Super-T (15 phiến L=38.2m):G5d,3.9,1.459,11.7
C1327,18,Mố M2:F3,6.336,1.459,11.7
C1327,18,Dầm chủ Super-T (15 phiến L=38.2m):G5d,3.9,1.459,11.7
C1328,18,Mố M2:F3,6.336,1.459,11.7
C1328,18,Dầm chủ Super-T (15 phiến L=38.2m):G5d,3.9,1.459,11.7
C1329,18,Mố M2:F3,6.336,1.459,11.7
C1329,18,Dầm chủ Super-T (15 phiến L=38.2m):G5d,3.9,1.459,11.7
C1330,18,Mố M2:F3,6.336,1.459,11.7
C1330,18,Dầm chủ Super-T (15 phiến L=38.2m):G5d,3.9,1.459,11.7
C1331,18,Mố M2:F3,6.336,1.459,11.7
C1331,18,Dầm chủ Super-T (15 phiến L=38.2m):G5d,3.9,1.459,11.7
C1332,18,Mố M2:F3,6.336,1.459,11.7
C1332,18,Dầm chủ Super-T (15 phiến L=38.2m):G5d,3.9,1.459,11.7
C1333,18,Mố M2:F3,6.336,1.459,11.7
C1333,18,Dầm chủ Super-T (15 phiến L=38.2m):G5d,3.9,1.459,11.7
C1334,18,Dầm chủ Super-T (15 phiến L=38.2m):G5d,3.9,1.79,11.7
C1334,18,Dầm chủ Super-T (15 phiến L=38.2m):G5d,3.9,1.79,11.7
C1334,18,Bản mặt cầu (Deck Slab):S4,2.1,1.79,11.7
C1335,18,Dầm chủ Super-T (15 phiến L=38.2m):G5b,2.86,4.152,11.7
C1335,18,Gờ lan can BTCT:G2,2.578,4.152,11.7
C1335,18,Bản mặt cầu (Deck Slab):S4,2.1,4.152,11.7
