Mã cây,Đường kính Ø (mm),Thanh cắt (Mark),Chiều dài cắt (m),Thừa cuối cây (m),Mã cây gốc (11.7m)
C1,10,Cọc khoan nhồi D1200 (26 cọc L=872m):P1-P1D,3.39,0.158,11.7
C1,10,Cọc khoan nhồi D1200 (26 cọc L=872m):P1-P1D,3.39,0.158,11.7
C1,10,Cọc khoan nhồi D1200 (26 cọc L=872m):P1-P1D,3.39,0.158,11.7
C1,10,Bản quá độ Mố M1:A7,0.676,0.158,11.7
C1,10,Bản quá độ Mố M1:A7,0.676,0.158,11.7
C2,10,Cọc khoan nhồi D1200 (26 cọc L=872m):P1-P1D,3.39,0.158,11.7
C2,10,Cọc khoan nhồi D1200 (26 cọc L=872m):P1-P1D,3.39,0.158,11.7
C2,10,Cọc khoan nhồi D1200 (26 cọc L=872m):P1-P1D,3.39,0.158,11.7
C2,10,Bản quá độ Mố M1:A7,0.676,0.158,11.7
C2,10,Bản quá độ Mố M1:A7,0.676,0.158,11.7
C3,10,Cọc khoan nhồi D1200 (26 cọc L=872m):P1-P1D,3.39,0.158,11.7
C3,10,Cọc khoan nhồi D1200 (26 cọc L=872m):P1-P1D,3.39,0.158,11.7
C3,10,Cọc khoan nhồi D1200 (26 cọc L=872m):P1-P1D,3.39,0.158,11.7
C3,10,Bản quá độ Mố M1:A7,0.676,0.158,11.7
C3,10,Bản quá độ Mố M1:A7,0.676,0.158,11.7
C4,10,Cọc khoan nhồi D1200 (26 cọc L=872m):P1-P1D,3.39,0.158,11.7
C4,10,Cọc khoan nhồi D1200 (26 cọc L=872m):P1-P1D,3.39,0.158,11.7
C4,10,Cọc khoan nhồi D1200 (26 cọc L=872m):P1-P1D,3.39,0.158,11.7
C4,10,Bản quá độ Mố M1:A7,0.676,0.158,11.7
C4,10,Bản quá độ Mố M1:A7,0.676,0.158,11.7
C5,10,Cọc khoan nhồi D1200 (26 cọc L=872m):P1-P1D,3.39,0.158,11.7
C5,10,Cọc khoan nhồi D1200 (26 cọc L=872m):P1-P1D,3.39,0.158,11.7
C5,10,Cọc khoan nhồi D1200 (26 cọc L=872m):P1-P1D,3.39,0.158,11.7
C5,10,Bản quá độ Mố M1:A7,0.676,0.158,11.7
C5,10,Bản quá độ Mố M1:A7,0.676,0.158,11.7
C6,10,Cọc khoan nhồi D1200 (26 cọc L=872m):P1-P1D,3.39,0.158,11.7
C6,10,Cọc khoan nhồi D1200 (26 cọc L=872m):P1-P1D,3.39,0.158,11.7
C6,10,Cọc khoan nhồi D1200 (26 cọc L=872m):P1-P1D,3.39,0.158,11.7
C6,10,Bản quá độ Mố M1:A7,0.676,0.158,11.7
C6,10,Bản quá độ Mố M1:A7,0.676,0.158,11.7
C7,10,Cọc khoan nhồi D1200 (26 cọc L=872m):P1-P1D,3.39,0.158,11.7
C7,10,Cọc khoan nhồi D1200 (26 cọc L=872m):P1-P1D,3.39,0.158,11.7
C7,10,Cọc khoan nhồi D1200 (26 cọc L=872m):P1-P1D,3.39,0.158,11.7
C7,10,Bản quá độ Mố M1:A7,0.676,0.158,11.7
C7,10,Bản quá độ Mố M1:A7,0.676,0.158,11.7
C8,10,Cọc khoan nhồi D1200 (26 cọc L=872m):P1-P1D,3.39,0.158,11.7
C8,10,Cọc khoan nhồi D1200 (26 cọc L=872m):P1-P1D,3.39,0.158,11.7
C8,10,Cọc khoan nhồi D1200 (26 cọc L=872m):P1-P1D,3.39,0.158,11.7
C8,10,Bản quá độ Mố M1:A7,0.676,0.158,11.7
C8,10,Bản quá độ Mố M1:A7,0.676,0.158,11.7
C9,10,Cọc khoan nhồi D1200 (26 cọc L=872m):P1-P1D,3.39,0.158,11.7
C9,10,Cọc khoan nhồi D1200 (26 cọc L=872m):P1-P1D,3.39,0.158,11.7
C9,10,Cọc khoan nhồi D1200 (26 cọc L=872m):P1-P1D,3.39,0.158,11.7
C9,10,Bản quá độ Mố M1:A7,0.676,0.158,11.7
C9,10,Bản quá độ Mố M1:A7,0.676,0.158,11.7
C10,10,Cọc khoan nhồi D1200 (26 cọc L=872m):P1-P1D,3.39,0.158,11.7
C10,10,Cọc khoan nhồi D1200 (26 cọc L=872m):P1-P1D,3.39,0.158,11.7
C10,10,Cọc khoan nhồi D1200 (26 cọc L=872m):P1-P1D,3.39,0.158,11.7
C10,10,Bản quá độ Mố M1:A7,0.676,0.158,11.7
C10,10,Bản quá độ Mố M1:A7,0.676,0.158,11.7
C11,10,Cọc khoan nhồi D1200 (26 cọc L=872m):P1-P1D,3.39,0.158,11.7
C11,10,Cọc khoan nhồi D1200 (26 cọc L=872m):P1-P1D,3.39,0.158,11.7
C11,10,Cọc khoan nhồi D1200 (26 cọc L=872m):P1-P1D,3.39,0.158,11.7
C11,10,Bản quá độ Mố M1:A7,0.676,0.158,11.7
C11,10,Bản quá độ Mố M1:A7,0.676,0.158,11.7
C12,10,Cọc khoan nhồi D1200 (26 cọc L=872m):P1-P1D,3.39,0.158,11.7
C12,10,Cọc khoan nhồi D1200 (26 cọc L=872m):P1-P1D,3.39,0.158,11.7
C12,10,Cọc khoan nhồi D1200 (26 cọc L=872m):P1-P1D,3.39,0.158,11.7
C12,10,Bản quá độ Mố M1:A7,0.676,0.158,11.7
C12,10,Bản quá độ Mố M2:A7,0.676,0.158,11.7
C13,10,Cọc khoan nhồi D1200 (26 cọc L=872m):P1-P1D,3.39,0.158,11.7
C13,10,Cọc khoan nhồi D1200 (26 cọc L=872m):P1-P1D,3.39,0.158,11.7
C13,10,Cọc khoan nhồi D1200 (26 cọc L=872m):P1-P1D,3.39,0.158,11.7
C13,10,Bản quá độ Mố M2:A7,0.676,0.158,11.7
C13,10,Bản quá độ Mố M2:A7,0.676,0.158,11.7
C14,10,Cọc khoan nhồi D1200 (26 cọc L=872m):P1-P1D,3.39,0.158,11.7
C14,10,Cọc khoan nhồi D1200 (26 cọc L=872m):P1-P1D,3.39,0.158,11.7
C14,10,Cọc khoan nhồi D1200 (26 cọc L=872m):P1-P1D,3.39,0.158,11.7
C14,10,Bản quá độ Mố M2:A7,0.676,0.158,11.7
C14,10,Bản quá độ Mố M2:A7,0.676,0.158,11.7
C15,10,Cọc khoan nhồi D1200 (26 cọc L=872m):P1-P1D,3.39,0.158,11.7
C15,10,Cọc khoan nhồi D1200 (26 cọc L=872m):P1-P1D,3.39,0.158,11.7
C15,10,Cọc khoan nhồi D1200 (26 cọc L=872m):P1-P1D,3.39,0.158,11.7
C15,10,Bản quá độ Mố M2:A7,0.676,0.158,11.7
C15,10,Bản quá độ Mố M2:A7,0.676,0.158,11.7
C16,10,Cọc khoan nhồi D1200 (26 cọc L=872m):P1-P1D,3.39,0.158,11.7
C16,10,Cọc khoan nhồi D1200 (26 cọc L=872m):P1-P1D,3.39,0.158,11.7
C16,10,Cọc khoan nhồi D1200 (26 cọc L=872m):P1-P1D,3.39,0.158,11.7
C16,10,Bản quá độ Mố M2:A7,0.676,0.158,11.7
C16,10,Bản quá độ Mố M2:A7,0.676,0.158,11.7
C17,10,Cọc khoan nhồi D1200 (26 cọc L=872m):P1-P1D,3.39,0.158,11.7
C17,10,Cọc khoan nhồi D1200 (26 cọc L=872m):P1-P1D,3.39,0.158,11.7
C17,10,Cọc khoan nhồi D1200 (26 cọc L=872m):P1-P1D,3.39,0.158,11.7
C17,10,Bản quá độ Mố M2:A7,0.676,0.158,11.7
C17,10,Bản quá độ Mố M2:A7,0.676,0.158,11.7
C18,10,Cọc khoan nhồi D1200 (26 cọc L=872m):P1-P1D,3.39,0.158,11.7
C18,10,Cọc khoan nhồi D1200 (26 cọc L=872m):P1-P1D,3.39,0.158,11.7
C18,10,Cọc khoan nhồi D1200 (26 cọc L=872m):P1-P1D,3.39,0.158,11.7
C18,10,Bản quá độ Mố M2:A7,0.676,0.158,11.7
C18,10,Bản quá độ Mố M2:A7,0.676,0.158,11.7
C19,10,Cọc khoan nhồi D1200 (26 cọc L=872m):P1-P1D,3.39,0.158,11.7
C19,10,Cọc khoan nhồi D1200 (26 cọc L=872m):P1-P1D,3.39,0.158,11.7
C19,10,Cọc khoan nhồi D1200 (26 cọc L=872m):P1-P1D,3.39,0.158,11.7
C19,10,Bản quá độ Mố M2:A7,0.676,0.158,11.7
C19,10,Bản quá độ Mố M2:A7,0.676,0.158,11.7
C20,10,Cọc khoan nhồi D1200 (26 cọc L=872m):P1-P1D,3.39,0.158,11.7
C20,10,Cọc khoan nhồi D1200 (26 cọc L=872m):P1-P1D,3.39,0.158,11.7
C20,10,Cọc khoan nhồi D1200 (26 cọc L=872m):P1-P1D,3.39,0.158,11.7
C20,10,Bản quá độ Mố M2:A7,0.676,0.158,11.7
C20,10,Bản quá độ Mố M2:A7,0.676,0.158,11.7
C21,10,Cọc khoan nhồi D1200 (26 cọc L=872m):P1-P1D,3.39,0.158,11.7
C21,10,Cọc khoan nhồi D1200 (26 cọc L=872m):P1-P1D,3.39,0.158,11.7
C21,10,Cọc khoan nhồi D1200 (26 cọc L=872m):P1-P1D,3.39,0.158,11.7
C21,10,Bản quá độ Mố M2:A7,0.676,0.158,11.7
C21,10,Bản quá độ Mố M2:A7,0.676,0.158,11.7
C22,10,Cọc khoan nhồi D1200 (26 cọc L=872m):P1-P1D,3.39,0.158,11.7
C22,10,Cọc khoan nhồi D1200 (26 cọc L=872m):P1-P1D,3.39,0.158,11.7
C22,10,Cọc khoan nhồi D1200 (26 cọc L=872m):P1-P1D,3.39,0.158,11.7
C22,10,Bản quá độ Mố M2:A7,0.676,0.158,11.7
C22,10,Bản quá độ Mố M2:A7,0.676,0.158,11.7
C23,10,Cọc khoan nhồi D1200 (26 cọc L=872m):P1-P1D,3.39,0.158,11.7
C23,10,Cọc khoan nhồi D1200 (26 cọc L=872m):P1-P1D,3.39,0.158,11.7
C23,10,Cọc khoan nhồi D1200 (26 cọc L=872m):P1-P1D,3.39,0.158,11.7
C23,10,Bản quá độ Mố M2:A7,0.676,0.158,11.7
C23,10,Bản quá độ Mố M2:A7,0.676,0.158,11.7
C24,10,Cọc khoan nhồi D1200 (26 cọc L=872m):P1-P1D,3.39,0.18,11.7
C24,10,Cọc khoan nhồi D1200 (26 cọc L=872m):P1-P1D,3.39,0.18,11.7
C24,10,Cọc khoan nhồi D1200 (26 cọc L=872m):P1-P1D,3.39,0.18,11.7
C24,10,Bản mặt cầu (Deck Slab):S3,0.33,0.18,11.7
C24,10,Bản mặt cầu (Deck Slab):S3,0.33,0.18,11.7
C24,10,Bản mặt cầu (Deck Slab):S3,0.33,0.18,11.7
C24,10,Bản mặt cầu (Deck Slab):S3,0.33,0.18,11.7
C25,10,Cọc khoan nhồi D1200 (26 cọc L=872m):P1-P1D,3.39,0.18,11.7
C25,10,Cọc khoan nhồi D1200 (26 cọc L=872m):P1-P1D,3.39,0.18,11.7
C25,10,Cọc khoan nhồi D1200 (26 cọc L=872m):P1-P1D,3.39,0.18,11.7
C25,10,Bản mặt cầu (Deck Slab):S3,0.33,0.18,11.7
C25,10,Bản mặt cầu (Deck Slab):S3,0.33,0.18,11.7
C25,10,Bản mặt cầu (Deck Slab):S3,0.33,0.18,11.7
C25,10,Bản mặt cầu (Deck Slab):S3,0.33,0.18,11.7
C26,10,Cọc khoan nhồi D1200 (26 cọc L=872m):P1-P1D,3.39,0.18,11.7
C26,10,Cọc khoan nhồi D1200 (26 cọc L=872m):P1-P1D,3.39,0.18,11.7
C26,10,Cọc khoan nhồi D1200 (26 cọc L=872m):P1-P1D,3.39,0.18,11.7
C26,10,Bản mặt cầu (Deck Slab):S3,0.33,0.18,11.7
C26,10,Bản mặt cầu (Deck Slab):S3,0.33,0.18,11.7
C26,10,Bản mặt cầu (Deck Slab):S3,0.33,0.18,11.7
C26,10,Bản mặt cầu (Deck Slab):S3,0.33,0.18,11.7
C27,10,Cọc khoan nhồi D1200 (26 cọc L=872m):P1-P1D,3.39,0.18,11.7
C27,10,Cọc khoan nhồi D1200 (26 cọc L=872m):P1-P1D,3.39,0.18,11.7
C27,10,Cọc khoan nhồi D1200 (26 cọc L=872m):P1-P1D,3.39,0.18,11.7
C27,10,Bản mặt cầu (Deck Slab):S3,0.33,0.18,11.7
C27,10,Bản mặt cầu (Deck Slab):S3,0.33,0.18,11.7
C27,10,Bản mặt cầu (Deck Slab):S3,0.33,0.18,11.7
C27,10,Bản mặt cầu (Deck Slab):S3,0.33,0.18,11.7
C28,10,Cọc khoan nhồi D1200 (26 cọc L=872m):P1-P1D,3.39,0.18,11.7
C28,10,Cọc khoan nhồi D1200 (26 cọc L=872m):P1-P1D,3.39,0.18,11.7
C28,10,Cọc khoan nhồi D1200 (26 cọc L=872m):P1-P1D,3.39,0.18,11.7
C28,10,Bản mặt cầu (Deck Slab):S3,0.33,0.18,11.7
C28,10,Bản mặt cầu (Deck Slab):S3,0.33,0.18,11.7
C28,10,Bản mặt cầu (Deck Slab):S3,0.33,0.18,11.7
C28,10,Bản mặt cầu (Deck Slab):S3,0.33,0.18,11.7
C29,10,Cọc khoan nhồi D1200 (26 cọc L=872m):P1-P1D,3.39,0.18,11.7
C29,10,Cọc khoan nhồi D1200 (26 cọc L=872m):P1-P1D,3.39,0.18,11.7
C29,10,Cọc khoan nhồi D1200 (26 cọc L=872m):P1-P1D,3.39,0.18,11.7
C29,10,Bản mặt cầu (Deck Slab):S3,0.33,0.18,11.7
C29,10,Bản mặt cầu (Deck Slab):S3,0.33,0.18,11.7
C29,10,Bản mặt cầu (Deck Slab):S3,0.33,0.18,11.7
C29,10,Bản mặt cầu (Deck Slab):S3,0.33,0.18,11.7
C30,10,Cọc khoan nhồi D1200 (26 cọc L=872m):P1-P1D,3.39,0.18,11.7
C30,10,Cọc khoan nhồi D1200 (26 cọc L=872m):P1-P1D,3.39,0.18,11.7
C30,10,Cọc khoan nhồi D1200 (26 cọc L=872m):P1-P1D,3.39,0.18,11.7
C30,10,Bản mặt cầu (Deck Slab):S3,0.33,0.18,11.7
C30,10,Bản mặt cầu (Deck Slab):S3,0.33,0.18,11.7
C30,10,Bản mặt cầu (Deck Slab):S3,0.33,0.18,11.7
C30,10,Bản mặt cầu (Deck Slab):S3,0.33,0.18,11.7
C31,10,Cọc khoan nhồi D1200 (26 cọc L=872m):P1-P1D,3.39,0.18,11.7
C31,10,Cọc khoan nhồi D1200 (26 cọc L=872m):P1-P1D,3.39,0.18,11.7
C31,10,Cọc khoan nhồi D1200 (26 cọc L=872m):P1-P1D,3.39,0.18,11.7
C31,10,Bản mặt cầu (Deck Slab):S3,0.33,0.18,11.7
C31,10,Bản mặt cầu (Deck Slab):S3,0.33,0.18,11.7
C31,10,Bản mặt cầu (Deck Slab):S3,0.33,0.18,11.7
C31,10,Bản mặt cầu (Deck Slab):S3,0.33,0.18,11.7
C32,10,Cọc khoan nhồi D1200 (26 cọc L=872m):P1-P1D,3.39,0.18,11.7
C32,10,Cọc khoan nhồi D1200 (26 cọc L=872m):P1-P1D,3.39,0.18,11.7
C32,10,Cọc khoan nhồi D1200 (26 cọc L=872m):P1-P1D,3.39,0.18,11.7
C32,10,Bản mặt cầu (Deck Slab):S3,0.33,0.18,11.7
C32,10,Bản mặt cầu (Deck Slab):S3,0.33,0.18,11.7
C32,10,Bản mặt cầu (Deck Slab):S3,0.33,0.18,11.7
C32,10,Bản mặt cầu (Deck Slab):S3,0.33,0.18,11.7
C33,10,Cọc khoan nhồi D1200 (26 cọc L=872m):P1-P1D,3.39,0.18,11.7
C33,10,Cọc khoan nhồi D1200 (26 cọc L=872m):P1-P1D,3.39,0.18,11.7
C33,10,Cọc khoan nhồi D1200 (26 cọc L=872m):P1-P1D,3.39,0.18,11.7
C33,10,Bản mặt cầu (Deck Slab):S3,0.33,0.18,11.7
C33,10,Bản mặt cầu (Deck Slab):S3,0.33,0.18,11.7
C33,10,Bản mặt cầu (Deck Slab):S3,0.33,0.18,11.7
C33,10,Bản mặt cầu (Deck Slab):S3,0.33,0.18,11.7
C34,10,Cọc khoan nhồi D1200 (26 cọc L=872m):P1-P1D,3.39,0.18,11.7
C34,10,Cọc khoan nhồi D1200 (26 cọc L=872m):P1-P1D,3.39,0.18,11.7
C34,10,Cọc khoan nhồi D1200 (26 cọc L=872m):P1-P1D,3.39,0.18,11.7
C34,10,Bản mặt cầu (Deck Slab):S3,0.33,0.18,11.7
C34,10,Bản mặt cầu (Deck Slab):S3,0.33,0.18,11.7
C34,10,Bản mặt cầu (Deck Slab):S3,0.33,0.18,11.7
C34,10,Bản mặt cầu (Deck Slab):S3,0.33,0.18,11.7
C35,10,Cọc khoan nhồi D1200 (26 cọc L=872m):P1-P1D,3.39,0.18,11.7
C35,10,Cọc khoan nhồi D1200 (26 cọc L=872m):P1-P1D,3.39,0.18,11.7
C35,10,Cọc khoan nhồi D1200 (26 cọc L=872m):P1-P1D,3.39,0.18,11.7
C35,10,Bản mặt cầu (Deck Slab):S3,0.33,0.18,11.7
C35,10,Bản mặt cầu (Deck Slab):S3,0.33,0.18,11.7
C35,10,Bản mặt cầu (Deck Slab):S3,0.33,0.18,11.7
C35,10,Bản mặt cầu (Deck Slab):S3,0.33,0.18,11.7
C36,10,Cọc khoan nhồi D1200 (26 cọc L=872m):P1-P1D,3.39,0.18,11.7
C36,10,Cọc khoan nhồi D1200 (26 cọc L=872m):P1-P1D,3.39,0.18,11.7
C36,10,Cọc khoan nhồi D1200 (26 cọc L=872m):P1-P1D,3.39,0.18,11.7
C36,10,Bản mặt cầu (Deck Slab):S3,0.33,0.18,11.7
C36,10,Bản mặt cầu (Deck Slab):S3,0.33,0.18,11.7
C36,10,Bản mặt cầu (Deck Slab):S3,0.33,0.18,11.7
C36,10,Bản mặt cầu (Deck Slab):S3,0.33,0.18,11.7
C37,10,Cọc khoan nhồi D1200 (26 cọc L=872m):P1-P1D,3.39,0.18,11.7
C37,10,Cọc khoan nhồi D1200 (26 cọc L=872m):P1-P1D,3.39,0.18,11.7
C37,10,Cọc khoan nhồi D1200 (26 cọc L=872m):P1-P1D,3.39,0.18,11.7
C37,10,Bản mặt cầu (Deck Slab):S3,0.33,0.18,11.7
C37,10,Bản mặt cầu (Deck Slab):S3,0.33,0.18,11.7
C37,10,Bản mặt cầu (Deck Slab):S3,0.33,0.18,11.7
C37,10,Bản mặt cầu (Deck Slab):S3,0.33,0.18,11.7
C38,10,Cọc khoan nhồi D1200 (26 cọc L=872m):P1-P1D,3.39,0.18,11.7
C38,10,Cọc khoan nhồi D1200 (26 cọc L=872m):P1-P1D,3.39,0.18,11.7
C38,10,Cọc khoan nhồi D1200 (26 cọc L=872m):P1-P1D,3.39,0.18,11.7
C38,10,Bản mặt cầu (Deck Slab):S3,0.33,0.18,11.7
C38,10,Bản mặt cầu (Deck Slab):S3,0.33,0.18,11.7
C38,10,Bản mặt cầu (Deck Slab):S3,0.33,0.18,11.7
C38,10,Bản mặt cầu (Deck Slab):S3,0.33,0.18,11.7
C39,10,Cọc khoan nhồi D1200 (26 cọc L=872m):P1-P1D,3.39,0.18,11.7
C39,10,Cọc khoan nhồi D1200 (26 cọc L=872m):P1-P1D,3.39,0.18,11.7
C39,10,Cọc khoan nhồi D1200 (26 cọc L=872m):P1-P1D,3.39,0.18,11.7
C39,10,Bản mặt cầu (Deck Slab):S3,0.33,0.18,11.7
C39,10,Bản mặt cầu (Deck Slab):S3,0.33,0.18,11.7
C39,10,Bản mặt cầu (Deck Slab):S3,0.33,0.18,11.7
C39,10,Bản mặt cầu (Deck Slab):S3,0.33,0.18,11.7
C40,10,Cọc khoan nhồi D1200 (26 cọc L=872m):P1-P1D,3.39,0.18,11.7
C40,10,Cọc khoan nhồi D1200 (26 cọc L=872m):P1-P1D,3.39,0.18,11.7
C40,10,Cọc khoan nhồi D1200 (26 cọc L=872m):P1-P1D,3.39,0.18,11.7
C40,10,Bản mặt cầu (Deck Slab):S3,0.33,0.18,11.7
C40,10,Bản mặt cầu (Deck Slab):S3,0.33,0.18,11.7
C40,10,Bản mặt cầu (Deck Slab):S3,0.33,0.18,11.7
C40,10,Bản mặt cầu (Deck Slab):S3,0.33,0.18,11.7
C41,10,Cọc khoan nhồi D1200 (26 cọc L=872m):P1-P1D,3.39,0.18,11.7
C41,10,Cọc khoan nhồi D1200 (26 cọc L=872m):P1-P1D,3.39,0.18,11.7
C41,10,Cọc khoan nhồi D1200 (26 cọc L=872m):P1-P1D,3.39,0.18,11.7
C41,10,Bản mặt cầu (Deck Slab):S3,0.33,0.18,11.7
C41,10,Bản mặt cầu (Deck Slab):S3,0.33,0.18,11.7
C41,10,Bản mặt cầu (Deck Slab):S3,0.33,0.18,11.7
C41,10,Bản mặt cầu (Deck Slab):S3,0.33,0.18,11.7
C42,10,Cọc khoan nhồi D1200 (26 cọc L=872m):P1-P1D,3.39,0.18,11.7
C42,10,Cọc khoan nhồi D1200 (26 cọc L=872m):P1-P1D,3.39,0.18,11.7
C42,10,Cọc khoan nhồi D1200 (26 cọc L=872m):P1-P1D,3.39,0.18,11.7
C42,10,Bản mặt cầu (Deck Slab):S3,0.33,0.18,11.7
C42,10,Bản mặt cầu (Deck Slab):S3,0.33,0.18,11.7
C42,10,Bản mặt cầu (Deck Slab):S3,0.33,0.18,11.7
C42,10,Bản mặt cầu (Deck Slab):S3,0.33,0.18,11.7
C43,10,Cọc khoan nhồi D1200 (26 cọc L=872m):P1-P1D,3.39,0.18,11.7
C43,10,Cọc khoan nhồi D1200 (26 cọc L=872m):P1-P1D,3.39,0.18,11.7
C43,10,Cọc khoan nhồi D1200 (26 cọc L=872m):P1-P1D,3.39,0.18,11.7
C43,10,Bản mặt cầu (Deck Slab):S3,0.33,0.18,11.7
C43,10,Bản mặt cầu (Deck Slab):S3,0.33,0.18,11.7
C43,10,Bản mặt cầu (Deck Slab):S3,0.33,0.18,11.7
C43,10,Bản mặt cầu (Deck Slab):S3,0.33,0.18,11.7
C44,10,Cọc khoan nhồi D1200 (26 cọc L=872m):P1-P1D,3.39,0.18,11.7
C44,10,Cọc khoan nhồi D1200 (26 cọc L=872m):P1-P1D,3.39,0.18,11.7
C44,10,Cọc khoan nhồi D1200 (26 cọc L=872m):P1-P1D,3.39,0.18,11.7
C44,10,Bản mặt cầu (Deck Slab):S3,0.33,0.18,11.7
C44,10,Bản mặt cầu (Deck Slab):S3,0.33,0.18,11.7
C44,10,Bản mặt cầu (Deck Slab):S3,0.33,0.18,11.7
C44,10,Bản mặt cầu (Deck Slab):S3,0.33,0.18,11.7
C45,10,Cọc khoan nhồi D1200 (26 cọc L=872m):P1-P1D,3.39,0.18,11.7
C45,10,Cọc khoan nhồi D1200 (26 cọc L=872m):P1-P1D,3.39,0.18,11.7
C45,10,Cọc khoan nhồi D1200 (26 cọc L=872m):P1-P1D,3.39,0.18,11.7
C45,10,Bản mặt cầu (Deck Slab):S3,0.33,0.18,11.7
C45,10,Bản mặt cầu (Deck Slab):S3,0.33,0.18,11.7
C45,10,Bản mặt cầu (Deck Slab):S3,0.33,0.18,11.7
C45,10,Bản mặt cầu (Deck Slab):S3,0.33,0.18,11.7
C46,10,Cọc khoan nhồi D1200 (26 cọc L=872m):P1-P1D,3.39,0.18,11.7
C46,10,Cọc khoan nhồi D1200 (26 cọc L=872m):P1-P1D,3.39,0.18,11.7
C46,10,Cọc khoan nhồi D1200 (26 cọc L=872m):P1-P1D,3.39,0.18,11.7
C46,10,Bản mặt cầu (Deck Slab):S3,0.33,0.18,11.7
C46,10,Bản mặt cầu (Deck Slab):S3,0.33,0.18,11.7
C46,10,Bản mặt cầu (Deck Slab):S3,0.33,0.18,11.7
C46,10,Bản mặt cầu (Deck Slab):S3,0.33,0.18,11.7
C47,10,Cọc khoan nhồi D1200 (26 cọc L=872m):P1-P1D,3.39,0.18,11.7
C47,10,Cọc khoan nhồi D1200 (26 cọc L=872m):P1-P1D,3.39,0.18,11.7
C47,10,Cọc khoan nhồi D1200 (26 cọc L=872m):P1-P1D,3.39,0.18,11.7
C47,10,Bản mặt cầu (Deck Slab):S3,0.33,0.18,11.7
C47,10,Bản mặt cầu (Deck Slab):S3,0.33,0.18,11.7
C47,10,Bản mặt cầu (Deck Slab):S3,0.33,0.18,11.7
C47,10,Bản mặt cầu (Deck Slab):S3,0.33,0.18,11.7
C48,10,Cọc khoan nhồi D1200 (26 cọc L=872m):P1-P1D,3.39,0.18,11.7
C48,10,Cọc khoan nhồi D1200 (26 cọc L=872m):P1-P1D,3.39,0.18,11.7
C48,10,Cọc khoan nhồi D1200 (26 cọc L=872m):P1-P1D,3.39,0.18,11.7
C48,10,Bản mặt cầu (Deck Slab):S3,0.33,0.18,11.7
C48,10,Bản mặt cầu (Deck Slab):S3,0.33,0.18,11.7
C48,10,Bản mặt cầu (Deck Slab):S3,0.33,0.18,11.7
C48,10,Bản mặt cầu (Deck Slab):S3,0.33,0.18,11.7
C49,10,Cọc khoan nhồi D1200 (26 cọc L=872m):P1-P1D,3.39,0.18,11.7
C49,10,Cọc khoan nhồi D1200 (26 cọc L=872m):P1-P1D,3.39,0.18,11.7
C49,10,Cọc khoan nhồi D1200 (26 cọc L=872m):P1-P1D,3.39,0.18,11.7
C49,10,Bản mặt cầu (Deck Slab):S3,0.33,0.18,11.7
C49,10,Bản mặt cầu (Deck Slab):S3,0.33,0.18,11.7
C49,10,Bản mặt cầu (Deck Slab):S3,0.33,0.18,11.7
C49,10,Bản mặt cầu (Deck Slab):S3,0.33,0.18,11.7
C50,10,Cọc khoan nhồi D1200 (26 cọc L=872m):P1-P1D,3.39,0.18,11.7
C50,10,Cọc khoan nhồi D1200 (26 cọc L=872m):P1-P1D,3.39,0.18,11.7
C50,10,Cọc khoan nhồi D1200 (26 cọc L=872m):P1-P1D,3.39,0.18,11.7
C50,10,Bản mặt cầu (Deck Slab):S3,0.33,0.18,11.7
C50,10,Bản mặt cầu (Deck Slab):S3,0.33,0.18,11.7
C50,10,Bản mặt cầu (Deck Slab):S3,0.33,0.18,11.7
C50,10,Bản mặt cầu (Deck Slab):S3,0.33,0.18,11.7
C51,10,Cọc khoan nhồi D1200 (26 cọc L=872m):P1-P1D,3.39,0.18,11.7
C51,10,Cọc khoan nhồi D1200 (26 cọc L=872m):P1-P1D,3.39,0.18,11.7
C51,10,Cọc khoan nhồi D1200 (26 cọc L=872m):P1-P1D,3.39,0.18,11.7
C51,10,Bản mặt cầu (Deck Slab):S3,0.33,0.18,11.7
C51,10,Bản mặt cầu (Deck Slab):S3,0.33,0.18,11.7
C51,10,Bản mặt cầu (Deck Slab):S3,0.33,0.18,11.7
C51,10,Bản mặt cầu (Deck Slab):S3,0.33,0.18,11.7
C52,10,Cọc khoan nhồi D1200 (26 cọc L=872m):P1-P1D,3.39,0.18,11.7
C52,10,Cọc khoan nhồi D1200 (26 cọc L=872m):P1-P1D,3.39,0.18,11.7
C52,10,Cọc khoan nhồi D1200 (26 cọc L=872m):P1-P1D,3.39,0.18,11.7
C52,10,Bản mặt cầu (Deck Slab):S3,0.33,0.18,11.7
C52,10,Bản mặt cầu (Deck Slab):S3,0.33,0.18,11.7
C52,10,Bản mặt cầu (Deck Slab):S3,0.33,0.18,11.7
C52,10,Bản mặt cầu (Deck Slab):S3,0.33,0.18,11.7
C53,10,Cọc khoan nhồi D1200 (26 cọc L=872m):P1-P1D,3.39,0.18,11.7
C53,10,Cọc khoan nhồi D1200 (26 cọc L=872m):P1-P1D,3.39,0.18,11.7
C53,10,Cọc khoan nhồi D1200 (26 cọc L=872m):P1-P1D,3.39,0.18,11.7
C53,10,Bản mặt cầu (Deck Slab):S3,0.33,0.18,11.7
C53,10,Bản mặt cầu (Deck Slab):S3,0.33,0.18,11.7
C53,10,Bản mặt cầu (Deck Slab):S3,0.33,0.18,11.7
C53,10,Bản mặt cầu (Deck Slab):S3,0.33,0.18,11.7
C54,10,Cọc khoan nhồi D1200 (26 cọc L=872m):P1-P1D,3.39,0.18,11.7
C54,10,Cọc khoan nhồi D1200 (26 cọc L=872m):P1-P1D,3.39,0.18,11.7
C54,10,Cọc khoan nhồi D1200 (26 cọc L=872m):P1-P1D,3.39,0.18,11.7
C54,10,Bản mặt cầu (Deck Slab):S3,0.33,0.18,11.7
C54,10,Bản mặt cầu (Deck Slab):S3,0.33,0.18,11.7
C54,10,Bản mặt cầu (Deck Slab):S3,0.33,0.18,11.7
C54,10,Bản mặt cầu (Deck Slab):S3,0.33,0.18,11.7
C55,10,Cọc khoan nhồi D1200 (26 cọc L=872m):P1-P1D,3.39,0.18,11.7
C55,10,Cọc khoan nhồi D1200 (26 cọc L=872m):P1-P1D,3.39,0.18,11.7
C55,10,Cọc khoan nhồi D1200 (26 cọc L=872m):P1-P1D,3.39,0.18,11.7
C55,10,Bản mặt cầu (Deck Slab):S3,0.33,0.18,11.7
C55,10,Bản mặt cầu (Deck Slab):S3,0.33,0.18,11.7
C55,10,Bản mặt cầu (Deck Slab):S3,0.33,0.18,11.7
C55,10,Bản mặt cầu (Deck Slab):S3,0.33,0.18,11.7
C56,10,Cọc khoan nhồi D1200 (26 cọc L=872m):P1-P1D,3.39,0.18,11.7
C56,10,Cọc khoan nhồi D1200 (26 cọc L=872m):P1-P1D,3.39,0.18,11.7
C56,10,Cọc khoan nhồi D1200 (26 cọc L=872m):P1-P1D,3.39,0.18,11.7
C56,10,Bản mặt cầu (Deck Slab):S3,0.33,0.18,11.7
C56,10,Bản mặt cầu (Deck Slab):S3,0.33,0.18,11.7
C56,10,Bản mặt cầu (Deck Slab):S3,0.33,0.18,11.7
C56,10,Bản mặt cầu (Deck Slab):S3,0.33,0.18,11.7
C57,10,Cọc khoan nhồi D1200 (26 cọc L=872m):P1-P1D,3.39,0.18,11.7
C57,10,Cọc khoan nhồi D1200 (26 cọc L=872m):P1-P1D,3.39,0.18,11.7
C57,10,Cọc khoan nhồi D1200 (26 cọc L=872m):P1-P1D,3.39,0.18,11.7
C57,10,Bản mặt cầu (Deck Slab):S3,0.33,0.18,11.7
C57,10,Bản mặt cầu (Deck Slab):S3,0.33,0.18,11.7
C57,10,Bản mặt cầu (Deck Slab):S3,0.33,0.18,11.7
C57,10,Bản mặt cầu (Deck Slab):S3,0.33,0.18,11.7
C58,10,Cọc khoan nhồi D1200 (26 cọc L=872m):P1-P1D,3.39,0.18,11.7
C58,10,Cọc khoan nhồi D1200 (26 cọc L=872m):P1-P1D,3.39,0.18,11.7
C58,10,Cọc khoan nhồi D1200 (26 cọc L=872m):P1-P1D,3.39,0.18,11.7
C58,10,Bản mặt cầu (Deck Slab):S3,0.33,0.18,11.7
C58,10,Bản mặt cầu (Deck Slab):S3,0.33,0.18,11.7
C58,10,Bản mặt cầu (Deck Slab):S3,0.33,0.18,11.7
C58,10,Bản mặt cầu (Deck Slab):S3,0.33,0.18,11.7
C59,10,Cọc khoan nhồi D1200 (26 cọc L=872m):P1-P1D,3.39,0.18,11.7
C59,10,Cọc khoan nhồi D1200 (26 cọc L=872m):P1-P1D,3.39,0.18,11.7
C59,10,Cọc khoan nhồi D1200 (26 cọc L=872m):P1-P1D,3.39,0.18,11.7
C59,10,Bản mặt cầu (Deck Slab):S3,0.33,0.18,11.7
C59,10,Bản mặt cầu (Deck Slab):S3,0.33,0.18,11.7
C59,10,Bản mặt cầu (Deck Slab):S3,0.33,0.18,11.7
C59,10,Bản mặt cầu (Deck Slab):S3,0.33,0.18,11.7
C60,10,Cọc khoan nhồi D1200 (26 cọc L=872m):P1-P1D,3.39,0.18,11.7
C60,10,Cọc khoan nhồi D1200 (26 cọc L=872m):P1-P1D,3.39,0.18,11.7
C60,10,Cọc khoan nhồi D1200 (26 cọc L=872m):P1-P1D,3.39,0.18,11.7
C60,10,Bản mặt cầu (Deck Slab):S3,0.33,0.18,11.7
C60,10,Bản mặt cầu (Deck Slab):S3,0.33,0.18,11.7
C60,10,Bản mặt cầu (Deck Slab):S3,0.33,0.18,11.7
C60,10,Bản mặt cầu (Deck Slab):S3,0.33,0.18,11.7
C61,10,Cọc khoan nhồi D1200 (26 cọc L=872m):P1-P1D,3.39,0.18,11.7
C61,10,Cọc khoan nhồi D1200 (26 cọc L=872m):P1-P1D,3.39,0.18,11.7
C61,10,Cọc khoan nhồi D1200 (26 cọc L=872m):P1-P1D,3.39,0.18,11.7
C61,10,Bản mặt cầu (Deck Slab):S3,0.33,0.18,11.7
C61,10,Bản mặt cầu (Deck Slab):S3,0.33,0.18,11.7
C61,10,Bản mặt cầu (Deck Slab):S3,0.33,0.18,11.7
C61,10,Bản mặt cầu (Deck Slab):S3,0.33,0.18,11.7
C62,10,Cọc khoan nhồi D1200 (26 cọc L=872m):P1-P1D,3.39,0.18,11.7
C62,10,Cọc khoan nhồi D1200 (26 cọc L=872m):P1-P1D,3.39,0.18,11.7
C62,10,Cọc khoan nhồi D1200 (26 cọc L=872m):P1-P1D,3.39,0.18,11.7
C62,10,Bản mặt cầu (Deck Slab):S3,0.33,0.18,11.7
C62,10,Bản mặt cầu (Deck Slab):S3,0.33,0.18,11.7
C62,10,Bản mặt cầu (Deck Slab):S3,0.33,0.18,11.7
C62,10,Bản mặt cầu (Deck Slab):S3,0.33,0.18,11.7
C63,10,Cọc khoan nhồi D1200 (26 cọc L=872m):P1-P1D,3.39,0.18,11.7
C63,10,Cọc khoan nhồi D1200 (26 cọc L=872m):P1-P1D,3.39,0.18,11.7
C63,10,Cọc khoan nhồi D1200 (26 cọc L=872m):P1-P1D,3.39,0.18,11.7
C63,10,Bản mặt cầu (Deck Slab):S3,0.33,0.18,11.7
C63,10,Bản mặt cầu (Deck Slab):S3,0.33,0.18,11.7
C63,10,Bản mặt cầu (Deck Slab):S3,0.33,0.18,11.7
C63,10,Bản mặt cầu (Deck Slab):S3,0.33,0.18,11.7
C64,10,Cọc khoan nhồi D1200 (26 cọc L=872m):P1-P1D,3.39,0.18,11.7
C64,10,Cọc khoan nhồi D1200 (26 cọc L=872m):P1-P1D,3.39,0.18,11.7
C64,10,Cọc khoan nhồi D1200 (26 cọc L=872m):P1-P1D,3.39,0.18,11.7
C64,10,Bản mặt cầu (Deck Slab):S3,0.33,0.18,11.7
C64,10,Bản mặt cầu (Deck Slab):S3,0.33,0.18,11.7
C64,10,Bản mặt cầu (Deck Slab):S3,0.33,0.18,11.7
C64,10,Bản mặt cầu (Deck Slab):S3,0.33,0.18,11.7
C65,10,Cọc khoan nhồi D1200 (26 cọc L=872m):P1-P1D,3.39,0.18,11.7
C65,10,Cọc khoan nhồi D1200 (26 cọc L=872m):P1-P1D,3.39,0.18,11.7
C65,10,Cọc khoan nhồi D1200 (26 cọc L=872m):P1-P1D,3.39,0.18,11.7
C65,10,Bản mặt cầu (Deck Slab):S3,0.33,0.18,11.7
C65,10,Bản mặt cầu (Deck Slab):S3,0.33,0.18,11.7
C65,10,Bản mặt cầu (Deck Slab):S3,0.33,0.18,11.7
C65,10,Bản mặt cầu (Deck Slab):S3,0.33,0.18,11.7
C66,10,Cọc khoan nhồi D1200 (26 cọc L=872m):P1-P1D,3.39,0.18,11.7
C66,10,Cọc khoan nhồi D1200 (26 cọc L=872m):P1-P1D,3.39,0.18,11.7
C66,10,Cọc khoan nhồi D1200 (26 cọc L=872m):P1-P1D,3.39,0.18,11.7
C66,10,Bản mặt cầu (Deck Slab):S3,0.33,0.18,11.7
C66,10,Bản mặt cầu (Deck Slab):S3,0.33,0.18,11.7
C66,10,Bản mặt cầu (Deck Slab):S3,0.33,0.18,11.7
C66,10,Bản mặt cầu (Deck Slab):S3,0.33,0.18,11.7
C67,10,Cọc khoan nhồi D1200 (26 cọc L=872m):P1-P1D,3.39,0.18,11.7
C67,10,Cọc khoan nhồi D1200 (26 cọc L=872m):P1-P1D,3.39,0.18,11.7
C67,10,Cọc khoan nhồi D1200 (26 cọc L=872m):P1-P1D,3.39,0.18,11.7
C67,10,Bản mặt cầu (Deck Slab):S3,0.33,0.18,11.7
C67,10,Bản mặt cầu (Deck Slab):S3,0.33,0.18,11.7
C67,10,Bản mặt cầu (Deck Slab):S3,0.33,0.18,11.7
C67,10,Bản mặt cầu (Deck Slab):S3,0.33,0.18,11.7
C68,10,Cọc khoan nhồi D1200 (26 cọc L=872m):P1-P1D,3.39,0.18,11.7
C68,10,Cọc khoan nhồi D1200 (26 cọc L=872m):P1-P1D,3.39,0.18,11.7
C68,10,Cọc khoan nhồi D1200 (26 cọc L=872m):P1-P1D,3.39,0.18,11.7
C68,10,Bản mặt cầu (Deck Slab):S3,0.33,0.18,11.7
C68,10,Bản mặt cầu (Deck Slab):S3,0.33,0.18,11.7
C68,10,Bản mặt cầu (Deck Slab):S3,0.33,0.18,11.7
C68,10,Bản mặt cầu (Deck Slab):S3,0.33,0.18,11.7
C69,10,Cọc khoan nhồi D1200 (26 cọc L=872m):P1-P1D,3.39,0.18,11.7
C69,10,Cọc khoan nhồi D1200 (26 cọc L=872m):P1-P1D,3.39,0.18,11.7
C69,10,Cọc khoan nhồi D1200 (26 cọc L=872m):P1-P1D,3.39,0.18,11.7
C69,10,Bản mặt cầu (Deck Slab):S3,0.33,0.18,11.7
C69,10,Bản mặt cầu (Deck Slab):S3,0.33,0.18,11.7
C69,10,Bản mặt cầu (Deck Slab):S3,0.33,0.18,11.7
C69,10,Bản mặt cầu (Deck Slab):S3,0.33,0.18,11.7
C70,10,Cọc khoan nhồi D1200 (26 cọc L=872m):P1-P1D,3.39,0.18,11.7
C70,10,Cọc khoan nhồi D1200 (26 cọc L=872m):P1-P1D,3.39,0.18,11.7
C70,10,Cọc khoan nhồi D1200 (26 cọc L=872m):P1-P1D,3.39,0.18,11.7
C70,10,Bản mặt cầu (Deck Slab):S3,0.33,0.18,11.7
C70,10,Bản mặt cầu (Deck Slab):S3,0.33,0.18,11.7
C70,10,Bản mặt cầu (Deck Slab):S3,0.33,0.18,11.7
C70,10,Bản mặt cầu (Deck Slab):S3,0.33,0.18,11.7
C71,10,Cọc khoan nhồi D1200 (26 cọc L=872m):P1-P1D,3.39,0.18,11.7
C71,10,Cọc khoan nhồi D1200 (26 cọc L=872m):P1-P1D,3.39,0.18,11.7
C71,10,Cọc khoan nhồi D1200 (26 cọc L=872m):P1-P1D,3.39,0.18,11.7
C71,10,Bản mặt cầu (Deck Slab):S3,0.33,0.18,11.7
C71,10,Bản mặt cầu (Deck Slab):S3,0.33,0.18,11.7
C71,10,Bản mặt cầu (Deck Slab):S3,0.33,0.18,11.7
C71,10,Bản mặt cầu (Deck Slab):S3,0.33,0.18,11.7
C72,10,Cọc khoan nhồi D1200 (26 cọc L=872m):P1-P1D,3.39,0.18,11.7
C72,10,Cọc khoan nhồi D1200 (26 cọc L=872m):P1-P1D,3.39,0.18,11.7
C72,10,Cọc khoan nhồi D1200 (26 cọc L=872m):P1-P1D,3.39,0.18,11.7
C72,10,Bản mặt cầu (Deck Slab):S3,0.33,0.18,11.7
C72,10,Bản mặt cầu (Deck Slab):S3,0.33,0.18,11.7
C72,10,Bản mặt cầu (Deck Slab):S3,0.33,0.18,11.7
C72,10,Bản mặt cầu (Deck Slab):S3,0.33,0.18,11.7
C73,10,Cọc khoan nhồi D1200 (26 cọc L=872m):P1-P1D,3.39,0.18,11.7
C73,10,Cọc khoan nhồi D1200 (26 cọc L=872m):P1-P1D,3.39,0.18,11.7
C73,10,Cọc khoan nhồi D1200 (26 cọc L=872m):P1-P1D,3.39,0.18,11.7
C73,10,Bản mặt cầu (Deck Slab):S3,0.33,0.18,11.7
C73,10,Bản mặt cầu (Deck Slab):S3,0.33,0.18,11.7
C73,10,Bản mặt cầu (Deck Slab):S3,0.33,0.18,11.7
C73,10,Bản mặt cầu (Deck Slab):S3,0.33,0.18,11.7
C74,10,Cọc khoan nhồi D1200 (26 cọc L=872m):P1-P1D,3.39,0.18,11.7
C74,10,Cọc khoan nhồi D1200 (26 cọc L=872m):P1-P1D,3.39,0.18,11.7
C74,10,Cọc khoan nhồi D1200 (26 cọc L=872m):P1-P1D,3.39,0.18,11.7
C74,10,Bản mặt cầu (Deck Slab):S3,0.33,0.18,11.7
C74,10,Bản mặt cầu (Deck Slab):S3,0.33,0.18,11.7
C74,10,Bản mặt cầu (Deck Slab):S3,0.33,0.18,11.7
C74,10,Bản mặt cầu (Deck Slab):S3,0.33,0.18,11.7
C75,10,Cọc khoan nhồi D1200 (26 cọc L=872m):P1-P1D,3.39,0.18,11.7
C75,10,Cọc khoan nhồi D1200 (26 cọc L=872m):P1-P1D,3.39,0.18,11.7
C75,10,Cọc khoan nhồi D1200 (26 cọc L=872m):P1-P1D,3.39,0.18,11.7
C75,10,Bản mặt cầu (Deck Slab):S3,0.33,0.18,11.7
C75,10,Bản mặt cầu (Deck Slab):S3,0.33,0.18,11.7
C75,10,Bản mặt cầu (Deck Slab):S3,0.33,0.18,11.7
C75,10,Bản mặt cầu (Deck Slab):S3,0.33,0.18,11.7
C76,10,Cọc khoan nhồi D1200 (26 cọc L=872m):P1-P1D,3.39,0.18,11.7
C76,10,Cọc khoan nhồi D1200 (26 cọc L=872m):P1-P1D,3.39,0.18,11.7
C76,10,Cọc khoan nhồi D1200 (26 cọc L=872m):P1-P1D,3.39,0.18,11.7
C76,10,Bản mặt cầu (Deck Slab):S3,0.33,0.18,11.7
C76,10,Bản mặt cầu (Deck Slab):S3,0.33,0.18,11.7
C76,10,Bản mặt cầu (Deck Slab):S3,0.33,0.18,11.7
C76,10,Bản mặt cầu (Deck Slab):S3,0.33,0.18,11.7
C77,10,Cọc khoan nhồi D1200 (26 cọc L=872m):P1-P1D,3.39,0.18,11.7
C77,10,Cọc khoan nhồi D1200 (26 cọc L=872m):P1-P1D,3.39,0.18,11.7
C77,10,Cọc khoan nhồi D1200 (26 cọc L=872m):P1-P1D,3.39,0.18,11.7
C77,10,Bản mặt cầu (Deck Slab):S3,0.33,0.18,11.7
C77,10,Bản mặt cầu (Deck Slab):S3,0.33,0.18,11.7
C77,10,Bản mặt cầu (Deck Slab):S3,0.33,0.18,11.7
C77,10,Bản mặt cầu (Deck Slab):S3,0.33,0.18,11.7
C78,10,Cọc khoan nhồi D1200 (26 cọc L=872m):P1-P1D,3.39,0.18,11.7
C78,10,Cọc khoan nhồi D1200 (26 cọc L=872m):P1-P1D,3.39,0.18,11.7
C78,10,Cọc khoan nhồi D1200 (26 cọc L=872m):P1-P1D,3.39,0.18,11.7
C78,10,Bản mặt cầu (Deck Slab):S3,0.33,0.18,11.7
C78,10,Bản mặt cầu (Deck Slab):S3,0.33,0.18,11.7
C78,10,Bản mặt cầu (Deck Slab):S3,0.33,0.18,11.7
C78,10,Bản mặt cầu (Deck Slab):S3,0.33,0.18,11.7
C79,10,Cọc khoan nhồi D1200 (26 cọc L=872m):P1-P1D,3.39,0.18,11.7
C79,10,Cọc khoan nhồi D1200 (26 cọc L=872m):P1-P1D,3.39,0.18,11.7
C79,10,Cọc khoan nhồi D1200 (26 cọc L=872m):P1-P1D,3.39,0.18,11.7
C79,10,Bản mặt cầu (Deck Slab):S3,0.33,0.18,11.7
C79,10,Bản mặt cầu (Deck Slab):S3,0.33,0.18,11.7
C79,10,Bản mặt cầu (Deck Slab):S3,0.33,0.18,11.7
C79,10,Bản mặt cầu (Deck Slab):S3,0.33,0.18,11.7
C80,10,Cọc khoan nhồi D1200 (26 cọc L=872m):P1-P1D,3.39,0.18,11.7
C80,10,Cọc khoan nhồi D1200 (26 cọc L=872m):P1-P1D,3.39,0.18,11.7
C80,10,Cọc khoan nhồi D1200 (26 cọc L=872m):P1-P1D,3.39,0.18,11.7
C80,10,Bản mặt cầu (Deck Slab):S3,0.33,0.18,11.7
C80,10,Bản mặt cầu (Deck Slab):S3,0.33,0.18,11.7
C80,10,Bản mặt cầu (Deck Slab):S3,0.33,0.18,11.7
C80,10,Bản mặt cầu (Deck Slab):S3,0.33,0.18,11.7
C81,10,Cọc khoan nhồi D1200 (26 cọc L=872m):P1-P1D,3.39,0.18,11.7
C81,10,Cọc khoan nhồi D1200 (26 cọc L=872m):P1-P1D,3.39,0.18,11.7
C81,10,Cọc khoan nhồi D1200 (26 cọc L=872m):P1-P1D,3.39,0.18,11.7
C81,10,Bản mặt cầu (Deck Slab):S3,0.33,0.18,11.7
C81,10,Bản mặt cầu (Deck Slab):S3,0.33,0.18,11.7
C81,10,Bản mặt cầu (Deck Slab):S3,0.33,0.18,11.7
C81,10,Bản mặt cầu (Deck Slab):S3,0.33,0.18,11.7
C82,10,Cọc khoan nhồi D1200 (26 cọc L=872m):P1-P1D,3.39,0.18,11.7
C82,10,Cọc khoan nhồi D1200 (26 cọc L=872m):P1-P1D,3.39,0.18,11.7
C82,10,Cọc khoan nhồi D1200 (26 cọc L=872m):P1-P1D,3.39,0.18,11.7
C82,10,Bản mặt cầu (Deck Slab):S3,0.33,0.18,11.7
C82,10,Bản mặt cầu (Deck Slab):S3,0.33,0.18,11.7
C82,10,Bản mặt cầu (Deck Slab):S3,0.33,0.18,11.7
C82,10,Bản mặt cầu (Deck Slab):S3,0.33,0.18,11.7
C83,10,Cọc khoan nhồi D1200 (26 cọc L=872m):P1-P1D,3.39,0.18,11.7
C83,10,Cọc khoan nhồi D1200 (26 cọc L=872m):P1-P1D,3.39,0.18,11.7
C83,10,Cọc khoan nhồi D1200 (26 cọc L=872m):P1-P1D,3.39,0.18,11.7
C83,10,Bản mặt cầu (Deck Slab):S3,0.33,0.18,11.7
C83,10,Bản mặt cầu (Deck Slab):S3,0.33,0.18,11.7
C83,10,Bản mặt cầu (Deck Slab):S3,0.33,0.18,11.7
C83,10,Bản mặt cầu (Deck Slab):S3,0.33,0.18,11.7
C84,10,Cọc khoan nhồi D1200 (26 cọc L=872m):P1-P1D,3.39,0.18,11.7
C84,10,Cọc khoan nhồi D1200 (26 cọc L=872m):P1-P1D,3.39,0.18,11.7
C84,10,Cọc khoan nhồi D1200 (26 cọc L=872m):P1-P1D,3.39,0.18,11.7
C84,10,Bản mặt cầu (Deck Slab):S3,0.33,0.18,11.7
C84,10,Bản mặt cầu (Deck Slab):S3,0.33,0.18,11.7
C84,10,Bản mặt cầu (Deck Slab):S3,0.33,0.18,11.7
C84,10,Bản mặt cầu (Deck Slab):S3,0.33,0.18,11.7
C85,10,Cọc khoan nhồi D1200 (26 cọc L=872m):P1-P1D,3.39,0.18,11.7
C85,10,Cọc khoan nhồi D1200 (26 cọc L=872m):P1-P1D,3.39,0.18,11.7
C85,10,Cọc khoan nhồi D1200 (26 cọc L=872m):P1-P1D,3.39,0.18,11.7
C85,10,Bản mặt cầu (Deck Slab):S3,0.33,0.18,11.7
C85,10,Bản mặt cầu (Deck Slab):S3,0.33,0.18,11.7
C85,10,Bản mặt cầu (Deck Slab):S3,0.33,0.18,11.7
C85,10,Bản mặt cầu (Deck Slab):S3,0.33,0.18,11.7
C86,10,Cọc khoan nhồi D1200 (26 cọc L=872m):P1-P1D,3.39,0.18,11.7
C86,10,Cọc khoan nhồi D1200 (26 cọc L=872m):P1-P1D,3.39,0.18,11.7
C86,10,Cọc khoan nhồi D1200 (26 cọc L=872m):P1-P1D,3.39,0.18,11.7
C86,10,Bản mặt cầu (Deck Slab):S3,0.33,0.18,11.7
C86,10,Bản mặt cầu (Deck Slab):S3,0.33,0.18,11.7
C86,10,Bản mặt cầu (Deck Slab):S3,0.33,0.18,11.7
C86,10,Bản mặt cầu (Deck Slab):S3,0.33,0.18,11.7
C87,10,Cọc khoan nhồi D1200 (26 cọc L=872m):P1-P1D,3.39,0.18,11.7
C87,10,Cọc khoan nhồi D1200 (26 cọc L=872m):P1-P1D,3.39,0.18,11.7
C87,10,Cọc khoan nhồi D1200 (26 cọc L=872m):P1-P1D,3.39,0.18,11.7
C87,10,Bản mặt cầu (Deck Slab):S3,0.33,0.18,11.7
C87,10,Bản mặt cầu (Deck Slab):S3,0.33,0.18,11.7
C87,10,Bản mặt cầu (Deck Slab):S3,0.33,0.18,11.7
C87,10,Bản mặt cầu (Deck Slab):S3,0.33,0.18,11.7
C88,10,Cọc khoan nhồi D1200 (26 cọc L=872m):P1-P1D,3.39,0.18,11.7
C88,10,Cọc khoan nhồi D1200 (26 cọc L=872m):P1-P1D,3.39,0.18,11.7
C88,10,Cọc khoan nhồi D1200 (26 cọc L=872m):P1-P1D,3.39,0.18,11.7
C88,10,Bản mặt cầu (Deck Slab):S3,0.33,0.18,11.7
C88,10,Bản mặt cầu (Deck Slab):S3,0.33,0.18,11.7
C88,10,Bản mặt cầu (Deck Slab):S3,0.33,0.18,11.7
C88,10,Bản mặt cầu (Deck Slab):S3,0.33,0.18,11.7
C89,10,Cọc khoan nhồi D1200 (26 cọc L=872m):P1-P1D,3.39,0.18,11.7
C89,10,Cọc khoan nhồi D1200 (26 cọc L=872m):P1-P1D,3.39,0.18,11.7
C89,10,Cọc khoan nhồi D1200 (26 cọc L=872m):P1-P1D,3.39,0.18,11.7
C89,10,Bản mặt cầu (Deck Slab):S3,0.33,0.18,11.7
C89,10,Bản mặt cầu (Deck Slab):S3,0.33,0.18,11.7
C89,10,Bản mặt cầu (Deck Slab):S3,0.33,0.18,11.7
C89,10,Bản mặt cầu (Deck Slab):S3,0.33,0.18,11.7
C90,10,Cọc khoan nhồi D1200 (26 cọc L=872m):P1-P1D,3.39,0.18,11.7
C90,10,Cọc khoan nhồi D1200 (26 cọc L=872m):P1-P1D,3.39,0.18,11.7
C90,10,Cọc khoan nhồi D1200 (26 cọc L=872m):P1-P1D,3.39,0.18,11.7
C90,10,Bản mặt cầu (Deck Slab):S3,0.33,0.18,11.7
C90,10,Bản mặt cầu (Deck Slab):S3,0.33,0.18,11.7
C90,10,Bản mặt cầu (Deck Slab):S3,0.33,0.18,11.7
C90,10,Bản mặt cầu (Deck Slab):S3,0.33,0.18,11.7
C91,10,Cọc khoan nhồi D1200 (26 cọc L=872m):P1-P1D,3.39,0.18,11.7
C91,10,Cọc khoan nhồi D1200 (26 cọc L=872m):P1-P1D,3.39,0.18,11.7
C91,10,Cọc khoan nhồi D1200 (26 cọc L=872m):P1-P1D,3.39,0.18,11.7
C91,10,Bản mặt cầu (Deck Slab):S3,0.33,0.18,11.7
C91,10,Bản mặt cầu (Deck Slab):S3,0.33,0.18,11.7
C91,10,Bản mặt cầu (Deck Slab):S3,0.33,0.18,11.7
C91,10,Bản mặt cầu (Deck Slab):S3,0.33,0.18,11.7
C92,10,Cọc khoan nhồi D1200 (26 cọc L=872m):P1-P1D,3.39,0.18,11.7
C92,10,Cọc khoan nhồi D1200 (26 cọc L=872m):P1-P1D,3.39,0.18,11.7
C92,10,Cọc khoan nhồi D1200 (26 cọc L=872m):P1-P1D,3.39,0.18,11.7
C92,10,Bản mặt cầu (Deck Slab):S3,0.33,0.18,11.7
C92,10,Bản mặt cầu (Deck Slab):S3,0.33,0.18,11.7
C92,10,Bản mặt cầu (Deck Slab):S3,0.33,0.18,11.7
C92,10,Bản mặt cầu (Deck Slab):S3,0.33,0.18,11.7
C93,10,Cọc khoan nhồi D1200 (26 cọc L=872m):P1-P1D,3.39,0.18,11.7
C93,10,Cọc khoan nhồi D1200 (26 cọc L=872m):P1-P1D,3.39,0.18,11.7
C93,10,Cọc khoan nhồi D1200 (26 cọc L=872m):P1-P1D,3.39,0.18,11.7
C93,10,Bản mặt cầu (Deck Slab):S3,0.33,0.18,11.7
C93,10,Bản mặt cầu (Deck Slab):S3,0.33,0.18,11.7
C93,10,Bản mặt cầu (Deck Slab):S3,0.33,0.18,11.7
C93,10,Bản mặt cầu (Deck Slab):S3,0.33,0.18,11.7
C94,10,Cọc khoan nhồi D1200 (26 cọc L=872m):P1-P1D,3.39,0.18,11.7
C94,10,Cọc khoan nhồi D1200 (26 cọc L=872m):P1-P1D,3.39,0.18,11.7
C94,10,Cọc khoan nhồi D1200 (26 cọc L=872m):P1-P1D,3.39,0.18,11.7
C94,10,Bản mặt cầu (Deck Slab):S3,0.33,0.18,11.7
C94,10,Bản mặt cầu (Deck Slab):S3,0.33,0.18,11.7
C94,10,Bản mặt cầu (Deck Slab):S3,0.33,0.18,11.7
C94,10,Bản mặt cầu (Deck Slab):S3,0.33,0.18,11.7
C95,10,Cọc khoan nhồi D1200 (26 cọc L=872m):P1-P1D,3.39,0.18,11.7
C95,10,Cọc khoan nhồi D1200 (26 cọc L=872m):P1-P1D,3.39,0.18,11.7
C95,10,Cọc khoan nhồi D1200 (26 cọc L=872m):P1-P1D,3.39,0.18,11.7
C95,10,Bản mặt cầu (Deck Slab):S3,0.33,0.18,11.7
C95,10,Bản mặt cầu (Deck Slab):S3,0.33,0.18,11.7
C95,10,Bản mặt cầu (Deck Slab):S3,0.33,0.18,11.7
C95,10,Bản mặt cầu (Deck Slab):S3,0.33,0.18,11.7
C96,10,Cọc khoan nhồi D1200 (26 cọc L=872m):P1-P1D,3.39,0.18,11.7
C96,10,Cọc khoan nhồi D1200 (26 cọc L=872m):P1-P1D,3.39,0.18,11.7
C96,10,Cọc khoan nhồi D1200 (26 cọc L=872m):P1-P1D,3.39,0.18,11.7
C96,10,Bản mặt cầu (Deck Slab):S3,0.33,0.18,11.7
C96,10,Bản mặt cầu (Deck Slab):S3,0.33,0.18,11.7
C96,10,Bản mặt cầu (Deck Slab):S3,0.33,0.18,11.7
C96,10,Bản mặt cầu (Deck Slab):S3,0.33,0.18,11.7
C97,10,Cọc khoan nhồi D1200 (26 cọc L=872m):P1-P1D,3.39,0.18,11.7
C97,10,Cọc khoan nhồi D1200 (26 cọc L=872m):P1-P1D,3.39,0.18,11.7
C97,10,Cọc khoan nhồi D1200 (26 cọc L=872m):P1-P1D,3.39,0.18,11.7
C97,10,Bản mặt cầu (Deck Slab):S3,0.33,0.18,11.7
C97,10,Bản mặt cầu (Deck Slab):S3,0.33,0.18,11.7
C97,10,Bản mặt cầu (Deck Slab):S3,0.33,0.18,11.7
C97,10,Bản mặt cầu (Deck Slab):S3,0.33,0.18,11.7
C98,10,Cọc khoan nhồi D1200 (26 cọc L=872m):P1-P1D,3.39,0.18,11.7
C98,10,Cọc khoan nhồi D1200 (26 cọc L=872m):P1-P1D,3.39,0.18,11.7
C98,10,Cọc khoan nhồi D1200 (26 cọc L=872m):P1-P1D,3.39,0.18,11.7
C98,10,Bản mặt cầu (Deck Slab):S3,0.33,0.18,11.7
C98,10,Bản mặt cầu (Deck Slab):S3,0.33,0.18,11.7
C98,10,Bản mặt cầu (Deck Slab):S3,0.33,0.18,11.7
C98,10,Bản mặt cầu (Deck Slab):S3,0.33,0.18,11.7
C99,10,Cọc khoan nhồi D1200 (26 cọc L=872m):P1-P1D,3.39,0.18,11.7
C99,10,Cọc khoan nhồi D1200 (26 cọc L=872m):P1-P1D,3.39,0.18,11.7
C99,10,Cọc khoan nhồi D1200 (26 cọc L=872m):P1-P1D,3.39,0.18,11.7
C99,10,Bản mặt cầu (Deck Slab):S3,0.33,0.18,11.7
C99,10,Bản mặt cầu (Deck Slab):S3,0.33,0.18,11.7
C99,10,Bản mặt cầu (Deck Slab):S3,0.33,0.18,11.7
C99,10,Bản mặt cầu (Deck Slab):S3,0.33,0.18,11.7
C100,10,Cọc khoan nhồi D1200 (26 cọc L=872m):P1-P1D,3.39,0.18,11.7
C100,10,Cọc khoan nhồi D1200 (26 cọc L=872m):P1-P1D,3.39,0.18,11.7
C100,10,Cọc khoan nhồi D1200 (26 cọc L=872m):P1-P1D,3.39,0.18,11.7
C100,10,Bản mặt cầu (Deck Slab):S3,0.33,0.18,11.7
C100,10,Bản mặt cầu (Deck Slab):S3,0.33,0.18,11.7
C100,10,Bản mặt cầu (Deck Slab):S3,0.33,0.18,11.7
C100,10,Bản mặt cầu (Deck Slab):S3,0.33,0.18,11.7
C101,10,Cọc khoan nhồi D1200 (26 cọc L=872m):P1-P1D,3.39,0.18,11.7
C101,10,Cọc khoan nhồi D1200 (26 cọc L=872m):P1-P1D,3.39,0.18,11.7
C101,10,Cọc khoan nhồi D1200 (26 cọc L=872m):P1-P1D,3.39,0.18,11.7
C101,10,Bản mặt cầu (Deck Slab):S3,0.33,0.18,11.7
C101,10,Bản mặt cầu (Deck Slab):S3,0.33,0.18,11.7
C101,10,Bản mặt cầu (Deck Slab):S3,0.33,0.18,11.7
C101,10,Bản mặt cầu (Deck Slab):S3,0.33,0.18,11.7
C102,10,Cọc khoan nhồi D1200 (26 cọc L=872m):P1-P1D,3.39,0.18,11.7
C102,10,Cọc khoan nhồi D1200 (26 cọc L=872m):P1-P1D,3.39,0.18,11.7
C102,10,Cọc khoan nhồi D1200 (26 cọc L=872m):P1-P1D,3.39,0.18,11.7
C102,10,Bản mặt cầu (Deck Slab):S3,0.33,0.18,11.7
C102,10,Bản mặt cầu (Deck Slab):S3,0.33,0.18,11.7
C102,10,Bản mặt cầu (Deck Slab):S3,0.33,0.18,11.7
C102,10,Bản mặt cầu (Deck Slab):S3,0.33,0.18,11.7
C103,10,Cọc khoan nhồi D1200 (26 cọc L=872m):P1-P1D,3.39,0.18,11.7
C103,10,Cọc khoan nhồi D1200 (26 cọc L=872m):P1-P1D,3.39,0.18,11.7
C103,10,Cọc khoan nhồi D1200 (26 cọc L=872m):P1-P1D,3.39,0.18,11.7
C103,10,Bản mặt cầu (Deck Slab):S3,0.33,0.18,11.7
C103,10,Bản mặt cầu (Deck Slab):S3,0.33,0.18,11.7
C103,10,Bản mặt cầu (Deck Slab):S3,0.33,0.18,11.7
C103,10,Bản mặt cầu (Deck Slab):S3,0.33,0.18,11.7
C104,10,Cọc khoan nhồi D1200 (26 cọc L=872m):P1-P1D,3.39,0.18,11.7
C104,10,Cọc khoan nhồi D1200 (26 cọc L=872m):P1-P1D,3.39,0.18,11.7
C104,10,Cọc khoan nhồi D1200 (26 cọc L=872m):P1-P1D,3.39,0.18,11.7
C104,10,Bản mặt cầu (Deck Slab):S3,0.33,0.18,11.7
C104,10,Bản mặt cầu (Deck Slab):S3,0.33,0.18,11.7
C104,10,Bản mặt cầu (Deck Slab):S3,0.33,0.18,11.7
C104,10,Bản mặt cầu (Deck Slab):S3,0.33,0.18,11.7
C105,10,Cọc khoan nhồi D1200 (26 cọc L=872m):P1-P1D,3.39,0.18,11.7
C105,10,Cọc khoan nhồi D1200 (26 cọc L=872m):P1-P1D,3.39,0.18,11.7
C105,10,Cọc khoan nhồi D1200 (26 cọc L=872m):P1-P1D,3.39,0.18,11.7
C105,10,Bản mặt cầu (Deck Slab):S3,0.33,0.18,11.7
C105,10,Bản mặt cầu (Deck Slab):S3,0.33,0.18,11.7
C105,10,Bản mặt cầu (Deck Slab):S3,0.33,0.18,11.7
C105,10,Bản mặt cầu (Deck Slab):S3,0.33,0.18,11.7
C106,10,Cọc khoan nhồi D1200 (26 cọc L=872m):P1-P1D,3.39,0.18,11.7
C106,10,Cọc khoan nhồi D1200 (26 cọc L=872m):P1-P1D,3.39,0.18,11.7
C106,10,Cọc khoan nhồi D1200 (26 cọc L=872m):P1-P1D,3.39,0.18,11.7
C106,10,Bản mặt cầu (Deck Slab):S3,0.33,0.18,11.7
C106,10,Bản mặt cầu (Deck Slab):S3,0.33,0.18,11.7
C106,10,Bản mặt cầu (Deck Slab):S3,0.33,0.18,11.7
C106,10,Bản mặt cầu (Deck Slab):S3,0.33,0.18,11.7
C107,10,Cọc khoan nhồi D1200 (26 cọc L=872m):P1-P1D,3.39,0.18,11.7
C107,10,Cọc khoan nhồi D1200 (26 cọc L=872m):P1-P1D,3.39,0.18,11.7
C107,10,Cọc khoan nhồi D1200 (26 cọc L=872m):P1-P1D,3.39,0.18,11.7
C107,10,Bản mặt cầu (Deck Slab):S3,0.33,0.18,11.7
C107,10,Bản mặt cầu (Deck Slab):S3,0.33,0.18,11.7
C107,10,Bản mặt cầu (Deck Slab):S3,0.33,0.18,11.7
C107,10,Bản mặt cầu (Deck Slab):S3,0.33,0.18,11.7
C108,10,Cọc khoan nhồi D1200 (26 cọc L=872m):P1-P1D,3.39,0.18,11.7
C108,10,Cọc khoan nhồi D1200 (26 cọc L=872m):P1-P1D,3.39,0.18,11.7
C108,10,Cọc khoan nhồi D1200 (26 cọc L=872m):P1-P1D,3.39,0.18,11.7
C108,10,Bản mặt cầu (Deck Slab):S3,0.33,0.18,11.7
C108,10,Bản mặt cầu (Deck Slab):S3,0.33,0.18,11.7
C108,10,Bản mặt cầu (Deck Slab):S3,0.33,0.18,11.7
C108,10,Bản mặt cầu (Deck Slab):S3,0.33,0.18,11.7
C109,10,Cọc khoan nhồi D1200 (26 cọc L=872m):P1-P1D,3.39,0.18,11.7
C109,10,Cọc khoan nhồi D1200 (26 cọc L=872m):P1-P1D,3.39,0.18,11.7
C109,10,Cọc khoan nhồi D1200 (26 cọc L=872m):P1-P1D,3.39,0.18,11.7
C109,10,Bản mặt cầu (Deck Slab):S3,0.33,0.18,11.7
C109,10,Bản mặt cầu (Deck Slab):S3,0.33,0.18,11.7
C109,10,Bản mặt cầu (Deck Slab):S3,0.33,0.18,11.7
C109,10,Bản mặt cầu (Deck Slab):S3,0.33,0.18,11.7
C110,10,Cọc khoan nhồi D1200 (26 cọc L=872m):P1-P1D,3.39,0.18,11.7
C110,10,Cọc khoan nhồi D1200 (26 cọc L=872m):P1-P1D,3.39,0.18,11.7
C110,10,Cọc khoan nhồi D1200 (26 cọc L=872m):P1-P1D,3.39,0.18,11.7
C110,10,Bản mặt cầu (Deck Slab):S3,0.33,0.18,11.7
C110,10,Bản mặt cầu (Deck Slab):S3,0.33,0.18,11.7
C110,10,Bản mặt cầu (Deck Slab):S3,0.33,0.18,11.7
C110,10,Bản mặt cầu (Deck Slab):S3,0.33,0.18,11.7
C111,10,Cọc khoan nhồi D1200 (26 cọc L=872m):P1-P1D,3.39,0.18,11.7
C111,10,Cọc khoan nhồi D1200 (26 cọc L=872m):P1-P1D,3.39,0.18,11.7
C111,10,Cọc khoan nhồi D1200 (26 cọc L=872m):P1-P1D,3.39,0.18,11.7
C111,10,Bản mặt cầu (Deck Slab):S3,0.33,0.18,11.7
C111,10,Bản mặt cầu (Deck Slab):S3,0.33,0.18,11.7
C111,10,Bản mặt cầu (Deck Slab):S3,0.33,0.18,11.7
C111,10,Bản mặt cầu (Deck Slab):S3,0.33,0.18,11.7
C112,10,Cọc khoan nhồi D1200 (26 cọc L=872m):P1-P1D,3.39,0.18,11.7
C112,10,Cọc khoan nhồi D1200 (26 cọc L=872m):P1-P1D,3.39,0.18,11.7
C112,10,Cọc khoan nhồi D1200 (26 cọc L=872m):P1-P1D,3.39,0.18,11.7
C112,10,Bản mặt cầu (Deck Slab):S3,0.33,0.18,11.7
C112,10,Bản mặt cầu (Deck Slab):S3,0.33,0.18,11.7
C112,10,Bản mặt cầu (Deck Slab):S3,0.33,0.18,11.7
C112,10,Bản mặt cầu (Deck Slab):S3,0.33,0.18,11.7
C113,10,Cọc khoan nhồi D1200 (26 cọc L=872m):P1-P1D,3.39,0.18,11.7
C113,10,Cọc khoan nhồi D1200 (26 cọc L=872m):P1-P1D,3.39,0.18,11.7
C113,10,Cọc khoan nhồi D1200 (26 cọc L=872m):P1-P1D,3.39,0.18,11.7
C113,10,Bản mặt cầu (Deck Slab):S3,0.33,0.18,11.7
C113,10,Bản mặt cầu (Deck Slab):S3,0.33,0.18,11.7
C113,10,Bản mặt cầu (Deck Slab):S3,0.33,0.18,11.7
C113,10,Bản mặt cầu (Deck Slab):S3,0.33,0.18,11.7
C114,10,Cọc khoan nhồi D1200 (26 cọc L=872m):P1-P1D,3.39,0.18,11.7
C114,10,Cọc khoan nhồi D1200 (26 cọc L=872m):P1-P1D,3.39,0.18,11.7
C114,10,Cọc khoan nhồi D1200 (26 cọc L=872m):P1-P1D,3.39,0.18,11.7
C114,10,Bản mặt cầu (Deck Slab):S3,0.33,0.18,11.7
C114,10,Bản mặt cầu (Deck Slab):S3,0.33,0.18,11.7
C114,10,Bản mặt cầu (Deck Slab):S3,0.33,0.18,11.7
C114,10,Bản mặt cầu (Deck Slab):S3,0.33,0.18,11.7
C115,10,Cọc khoan nhồi D1200 (26 cọc L=872m):P1-P1D,3.39,0.18,11.7
C115,10,Cọc khoan nhồi D1200 (26 cọc L=872m):P1-P1D,3.39,0.18,11.7
C115,10,Cọc khoan nhồi D1200 (26 cọc L=872m):P1-P1D,3.39,0.18,11.7
C115,10,Bản mặt cầu (Deck Slab):S3,0.33,0.18,11.7
C115,10,Bản mặt cầu (Deck Slab):S3,0.33,0.18,11.7
C115,10,Bản mặt cầu (Deck Slab):S3,0.33,0.18,11.7
C115,10,Bản mặt cầu (Deck Slab):S3,0.33,0.18,11.7
C116,10,Cọc khoan nhồi D1200 (26 cọc L=872m):P1-P1D,3.39,0.18,11.7
C116,10,Cọc khoan nhồi D1200 (26 cọc L=872m):P1-P1D,3.39,0.18,11.7
C116,10,Cọc khoan nhồi D1200 (26 cọc L=872m):P1-P1D,3.39,0.18,11.7
C116,10,Bản mặt cầu (Deck Slab):S3,0.33,0.18,11.7
C116,10,Bản mặt cầu (Deck Slab):S3,0.33,0.18,11.7
C116,10,Bản mặt cầu (Deck Slab):S3,0.33,0.18,11.7
C116,10,Bản mặt cầu (Deck Slab):S3,0.33,0.18,11.7
C117,10,Cọc khoan nhồi D1200 (26 cọc L=872m):P1-P1D,3.39,0.18,11.7
C117,10,Cọc khoan nhồi D1200 (26 cọc L=872m):P1-P1D,3.39,0.18,11.7
C117,10,Cọc khoan nhồi D1200 (26 cọc L=872m):P1-P1D,3.39,0.18,11.7
C117,10,Bản mặt cầu (Deck Slab):S3,0.33,0.18,11.7
C117,10,Bản mặt cầu (Deck Slab):S3,0.33,0.18,11.7
C117,10,Bản mặt cầu (Deck Slab):S3,0.33,0.18,11.7
C117,10,Bản mặt cầu (Deck Slab):S3,0.33,0.18,11.7
C118,10,Cọc khoan nhồi D1200 (26 cọc L=872m):P1-P1D,3.39,0.18,11.7
C118,10,Cọc khoan nhồi D1200 (26 cọc L=872m):P1-P1D,3.39,0.18,11.7
C118,10,Cọc khoan nhồi D1200 (26 cọc L=872m):P1-P1D,3.39,0.18,11.7
C118,10,Bản mặt cầu (Deck Slab):S3,0.33,0.18,11.7
C118,10,Bản mặt cầu (Deck Slab):S3,0.33,0.18,11.7
C118,10,Bản mặt cầu (Deck Slab):S3,0.33,0.18,11.7
C118,10,Bản mặt cầu (Deck Slab):S3,0.33,0.18,11.7
C119,10,Cọc khoan nhồi D1200 (26 cọc L=872m):P1-P1D,3.39,0.18,11.7
C119,10,Cọc khoan nhồi D1200 (26 cọc L=872m):P1-P1D,3.39,0.18,11.7
C119,10,Cọc khoan nhồi D1200 (26 cọc L=872m):P1-P1D,3.39,0.18,11.7
C119,10,Bản mặt cầu (Deck Slab):S3,0.33,0.18,11.7
C119,10,Bản mặt cầu (Deck Slab):S3,0.33,0.18,11.7
C119,10,Bản mặt cầu (Deck Slab):S3,0.33,0.18,11.7
C119,10,Bản mặt cầu (Deck Slab):S3,0.33,0.18,11.7
C120,10,Cọc khoan nhồi D1200 (26 cọc L=872m):P1-P1D,3.39,0.18,11.7
C120,10,Cọc khoan nhồi D1200 (26 cọc L=872m):P1-P1D,3.39,0.18,11.7
C120,10,Cọc khoan nhồi D1200 (26 cọc L=872m):P1-P1D,3.39,0.18,11.7
C120,10,Bản mặt cầu (Deck Slab):S3,0.33,0.18,11.7
C120,10,Bản mặt cầu (Deck Slab):S3,0.33,0.18,11.7
C120,10,Bản mặt cầu (Deck Slab):S3,0.33,0.18,11.7
C120,10,Bản mặt cầu (Deck Slab):S3,0.33,0.18,11.7
C121,10,Cọc khoan nhồi D1200 (26 cọc L=872m):P1-P1D,3.39,0.18,11.7
C121,10,Cọc khoan nhồi D1200 (26 cọc L=872m):P1-P1D,3.39,0.18,11.7
C121,10,Cọc khoan nhồi D1200 (26 cọc L=872m):P1-P1D,3.39,0.18,11.7
C121,10,Bản mặt cầu (Deck Slab):S3,0.33,0.18,11.7
C121,10,Bản mặt cầu (Deck Slab):S3,0.33,0.18,11.7
C121,10,Bản mặt cầu (Deck Slab):S3,0.33,0.18,11.7
C121,10,Bản mặt cầu (Deck Slab):S3,0.33,0.18,11.7
C122,10,Cọc khoan nhồi D1200 (26 cọc L=872m):P1-P1D,3.39,0.18,11.7
C122,10,Cọc khoan nhồi D1200 (26 cọc L=872m):P1-P1D,3.39,0.18,11.7
C122,10,Cọc khoan nhồi D1200 (26 cọc L=872m):P1-P1D,3.39,0.18,11.7
C122,10,Bản mặt cầu (Deck Slab):S3,0.33,0.18,11.7
C122,10,Bản mặt cầu (Deck Slab):S3,0.33,0.18,11.7
C122,10,Bản mặt cầu (Deck Slab):S3,0.33,0.18,11.7
C122,10,Bản mặt cầu (Deck Slab):S3,0.33,0.18,11.7
C123,10,Cọc khoan nhồi D1200 (26 cọc L=872m):P1-P1D,3.39,0.18,11.7
C123,10,Cọc khoan nhồi D1200 (26 cọc L=872m):P1-P1D,3.39,0.18,11.7
C123,10,Cọc khoan nhồi D1200 (26 cọc L=872m):P1-P1D,3.39,0.18,11.7
C123,10,Bản mặt cầu (Deck Slab):S3,0.33,0.18,11.7
C123,10,Bản mặt cầu (Deck Slab):S3,0.33,0.18,11.7
C123,10,Bản mặt cầu (Deck Slab):S3,0.33,0.18,11.7
C123,10,Bản mặt cầu (Deck Slab):S3,0.33,0.18,11.7
C124,10,Cọc khoan nhồi D1200 (26 cọc L=872m):P1-P1D,3.39,0.18,11.7
C124,10,Cọc khoan nhồi D1200 (26 cọc L=872m):P1-P1D,3.39,0.18,11.7
C124,10,Cọc khoan nhồi D1200 (26 cọc L=872m):P1-P1D,3.39,0.18,11.7
C124,10,Bản mặt cầu (Deck Slab):S3,0.33,0.18,11.7
C124,10,Bản mặt cầu (Deck Slab):S3,0.33,0.18,11.7
C124,10,Bản mặt cầu (Deck Slab):S3,0.33,0.18,11.7
C124,10,Bản mặt cầu (Deck Slab):S3,0.33,0.18,11.7
C125,10,Cọc khoan nhồi D1200 (26 cọc L=872m):P1-P1D,3.39,0.18,11.7
C125,10,Cọc khoan nhồi D1200 (26 cọc L=872m):P1-P1D,3.39,0.18,11.7
C125,10,Cọc khoan nhồi D1200 (26 cọc L=872m):P1-P1D,3.39,0.18,11.7
C125,10,Bản mặt cầu (Deck Slab):S3,0.33,0.18,11.7
C125,10,Bản mặt cầu (Deck Slab):S3,0.33,0.18,11.7
C125,10,Bản mặt cầu (Deck Slab):S3,0.33,0.18,11.7
C125,10,Bản mặt cầu (Deck Slab):S3,0.33,0.18,11.7
C126,10,Cọc khoan nhồi D1200 (26 cọc L=872m):P1-P1D,3.39,0.18,11.7
C126,10,Cọc khoan nhồi D1200 (26 cọc L=872m):P1-P1D,3.39,0.18,11.7
C126,10,Cọc khoan nhồi D1200 (26 cọc L=872m):P1-P1D,3.39,0.18,11.7
C126,10,Bản mặt cầu (Deck Slab):S3,0.33,0.18,11.7
C126,10,Bản mặt cầu (Deck Slab):S3,0.33,0.18,11.7
C126,10,Bản mặt cầu (Deck Slab):S3,0.33,0.18,11.7
C126,10,Bản mặt cầu (Deck Slab):S3,0.33,0.18,11.7
C127,10,Cọc khoan nhồi D1200 (26 cọc L=872m):P1-P1D,3.39,0.18,11.7
C127,10,Cọc khoan nhồi D1200 (26 cọc L=872m):P1-P1D,3.39,0.18,11.7
C127,10,Cọc khoan nhồi D1200 (26 cọc L=872m):P1-P1D,3.39,0.18,11.7
C127,10,Bản mặt cầu (Deck Slab):S3,0.33,0.18,11.7
C127,10,Bản mặt cầu (Deck Slab):S3,0.33,0.18,11.7
C127,10,Bản mặt cầu (Deck Slab):S3,0.33,0.18,11.7
C127,10,Bản mặt cầu (Deck Slab):S3,0.33,0.18,11.7
C128,10,Cọc khoan nhồi D1200 (26 cọc L=872m):P1-P1D,3.39,0.18,11.7
C128,10,Cọc khoan nhồi D1200 (26 cọc L=872m):P1-P1D,3.39,0.18,11.7
C128,10,Cọc khoan nhồi D1200 (26 cọc L=872m):P1-P1D,3.39,0.18,11.7
C128,10,Bản mặt cầu (Deck Slab):S3,0.33,0.18,11.7
C128,10,Bản mặt cầu (Deck Slab):S3,0.33,0.18,11.7
C128,10,Bản mặt cầu (Deck Slab):S3,0.33,0.18,11.7
C128,10,Bản mặt cầu (Deck Slab):S3,0.33,0.18,11.7
C129,10,Cọc khoan nhồi D1200 (26 cọc L=872m):P1-P1D,3.39,0.18,11.7
C129,10,Cọc khoan nhồi D1200 (26 cọc L=872m):P1-P1D,3.39,0.18,11.7
C129,10,Cọc khoan nhồi D1200 (26 cọc L=872m):P1-P1D,3.39,0.18,11.7
C129,10,Bản mặt cầu (Deck Slab):S3,0.33,0.18,11.7
C129,10,Bản mặt cầu (Deck Slab):S3,0.33,0.18,11.7
C129,10,Bản mặt cầu (Deck Slab):S3,0.33,0.18,11.7
C129,10,Bản mặt cầu (Deck Slab):S3,0.33,0.18,11.7
C130,10,Cọc khoan nhồi D1200 (26 cọc L=872m):P1-P1D,3.39,0.18,11.7
C130,10,Cọc khoan nhồi D1200 (26 cọc L=872m):P1-P1D,3.39,0.18,11.7
C130,10,Cọc khoan nhồi D1200 (26 cọc L=872m):P1-P1D,3.39,0.18,11.7
C130,10,Bản mặt cầu (Deck Slab):S3,0.33,0.18,11.7
C130,10,Bản mặt cầu (Deck Slab):S3,0.33,0.18,11.7
C130,10,Bản mặt cầu (Deck Slab):S3,0.33,0.18,11.7
C130,10,Bản mặt cầu (Deck Slab):S3,0.33,0.18,11.7
C131,10,Cọc khoan nhồi D1200 (26 cọc L=872m):P1-P1D,3.39,0.18,11.7
C131,10,Cọc khoan nhồi D1200 (26 cọc L=872m):P1-P1D,3.39,0.18,11.7
C131,10,Cọc khoan nhồi D1200 (26 cọc L=872m):P1-P1D,3.39,0.18,11.7
C131,10,Bản mặt cầu (Deck Slab):S3,0.33,0.18,11.7
C131,10,Bản mặt cầu (Deck Slab):S3,0.33,0.18,11.7
C131,10,Bản mặt cầu (Deck Slab):S3,0.33,0.18,11.7
C131,10,Bản mặt cầu (Deck Slab):S3,0.33,0.18,11.7
C132,10,Cọc khoan nhồi D1200 (26 cọc L=872m):P1-P1D,3.39,0.18,11.7
C132,10,Cọc khoan nhồi D1200 (26 cọc L=872m):P1-P1D,3.39,0.18,11.7
C132,10,Cọc khoan nhồi D1200 (26 cọc L=872m):P1-P1D,3.39,0.18,11.7
C132,10,Bản mặt cầu (Deck Slab):S3,0.33,0.18,11.7
C132,10,Bản mặt cầu (Deck Slab):S3,0.33,0.18,11.7
C132,10,Bản mặt cầu (Deck Slab):S3,0.33,0.18,11.7
C132,10,Bản mặt cầu (Deck Slab):S3,0.33,0.18,11.7
C133,10,Cọc khoan nhồi D1200 (26 cọc L=872m):P1-P1D,3.39,0.18,11.7
C133,10,Cọc khoan nhồi D1200 (26 cọc L=872m):P1-P1D,3.39,0.18,11.7
C133,10,Cọc khoan nhồi D1200 (26 cọc L=872m):P1-P1D,3.39,0.18,11.7
C133,10,Bản mặt cầu (Deck Slab):S3,0.33,0.18,11.7
C133,10,Bản mặt cầu (Deck Slab):S3,0.33,0.18,11.7
C133,10,Bản mặt cầu (Deck Slab):S3,0.33,0.18,11.7
C133,10,Bản mặt cầu (Deck Slab):S3,0.33,0.18,11.7
C134,10,Cọc khoan nhồi D1200 (26 cọc L=872m):P1-P1D,3.39,0.18,11.7
C134,10,Cọc khoan nhồi D1200 (26 cọc L=872m):P1-P1D,3.39,0.18,11.7
C134,10,Cọc khoan nhồi D1200 (26 cọc L=872m):P1-P1D,3.39,0.18,11.7
C134,10,Bản mặt cầu (Deck Slab):S3,0.33,0.18,11.7
C134,10,Bản mặt cầu (Deck Slab):S3,0.33,0.18,11.7
C134,10,Bản mặt cầu (Deck Slab):S3,0.33,0.18,11.7
C134,10,Bản mặt cầu (Deck Slab):S3,0.33,0.18,11.7
C135,10,Cọc khoan nhồi D1200 (26 cọc L=872m):P1-P1D,3.39,0.18,11.7
C135,10,Cọc khoan nhồi D1200 (26 cọc L=872m):P1-P1D,3.39,0.18,11.7
C135,10,Cọc khoan nhồi D1200 (26 cọc L=872m):P1-P1D,3.39,0.18,11.7
C135,10,Bản mặt cầu (Deck Slab):S3,0.33,0.18,11.7
C135,10,Bản mặt cầu (Deck Slab):S3,0.33,0.18,11.7
C135,10,Bản mặt cầu (Deck Slab):S3,0.33,0.18,11.7
C135,10,Bản mặt cầu (Deck Slab):S3,0.33,0.18,11.7
C136,10,Cọc khoan nhồi D1200 (26 cọc L=872m):P1-P1D,3.39,0.18,11.7
C136,10,Cọc khoan nhồi D1200 (26 cọc L=872m):P1-P1D,3.39,0.18,11.7
C136,10,Cọc khoan nhồi D1200 (26 cọc L=872m):P1-P1D,3.39,0.18,11.7
C136,10,Bản mặt cầu (Deck Slab):S3,0.33,0.18,11.7
C136,10,Bản mặt cầu (Deck Slab):S3,0.33,0.18,11.7
C136,10,Bản mặt cầu (Deck Slab):S3,0.33,0.18,11.7
C136,10,Bản mặt cầu (Deck Slab):S3,0.33,0.18,11.7
C137,10,Cọc khoan nhồi D1200 (26 cọc L=872m):P1-P1D,3.39,0.18,11.7
C137,10,Cọc khoan nhồi D1200 (26 cọc L=872m):P1-P1D,3.39,0.18,11.7
C137,10,Cọc khoan nhồi D1200 (26 cọc L=872m):P1-P1D,3.39,0.18,11.7
C137,10,Bản mặt cầu (Deck Slab):S3,0.33,0.18,11.7
C137,10,Bản mặt cầu (Deck Slab):S3,0.33,0.18,11.7
C137,10,Bản mặt cầu (Deck Slab):S3,0.33,0.18,11.7
C137,10,Bản mặt cầu (Deck Slab):S3,0.33,0.18,11.7
C138,10,Cọc khoan nhồi D1200 (26 cọc L=872m):P1-P1D,3.39,0.18,11.7
C138,10,Cọc khoan nhồi D1200 (26 cọc L=872m):P1-P1D,3.39,0.18,11.7
C138,10,Cọc khoan nhồi D1200 (26 cọc L=872m):P1-P1D,3.39,0.18,11.7
C138,10,Bản mặt cầu (Deck Slab):S3,0.33,0.18,11.7
C138,10,Bản mặt cầu (Deck Slab):S3,0.33,0.18,11.7
C138,10,Bản mặt cầu (Deck Slab):S3,0.33,0.18,11.7
C138,10,Bản mặt cầu (Deck Slab):S3,0.33,0.18,11.7
C139,10,Cọc khoan nhồi D1200 (26 cọc L=872m):P1-P1D,3.39,0.18,11.7
C139,10,Cọc khoan nhồi D1200 (26 cọc L=872m):P1-P1D,3.39,0.18,11.7
C139,10,Cọc khoan nhồi D1200 (26 cọc L=872m):P1-P1D,3.39,0.18,11.7
C139,10,Bản mặt cầu (Deck Slab):S3,0.33,0.18,11.7
C139,10,Bản mặt cầu (Deck Slab):S3,0.33,0.18,11.7
C139,10,Bản mặt cầu (Deck Slab):S3,0.33,0.18,11.7
C139,10,Bản mặt cầu (Deck Slab):S3,0.33,0.18,11.7
C140,10,Cọc khoan nhồi D1200 (26 cọc L=872m):P1-P1D,3.39,0.18,11.7
C140,10,Cọc khoan nhồi D1200 (26 cọc L=872m):P1-P1D,3.39,0.18,11.7
C140,10,Cọc khoan nhồi D1200 (26 cọc L=872m):P1-P1D,3.39,0.18,11.7
C140,10,Bản mặt cầu (Deck Slab):S3,0.33,0.18,11.7
C140,10,Bản mặt cầu (Deck Slab):S3,0.33,0.18,11.7
C140,10,Bản mặt cầu (Deck Slab):S3,0.33,0.18,11.7
C140,10,Bản mặt cầu (Deck Slab):S3,0.33,0.18,11.7
C141,10,Cọc khoan nhồi D1200 (26 cọc L=872m):P1-P1D,3.39,0.18,11.7
C141,10,Cọc khoan nhồi D1200 (26 cọc L=872m):P1-P1D,3.39,0.18,11.7
C141,10,Cọc khoan nhồi D1200 (26 cọc L=872m):P1-P1D,3.39,0.18,11.7
C141,10,Bản mặt cầu (Deck Slab):S3,0.33,0.18,11.7
C141,10,Bản mặt cầu (Deck Slab):S3,0.33,0.18,11.7
C141,10,Bản mặt cầu (Deck Slab):S3,0.33,0.18,11.7
C141,10,Bản mặt cầu (Deck Slab):S3,0.33,0.18,11.7
C142,10,Cọc khoan nhồi D1200 (26 cọc L=872m):P1-P1D,3.39,0.18,11.7
C142,10,Cọc khoan nhồi D1200 (26 cọc L=872m):P1-P1D,3.39,0.18,11.7
C142,10,Cọc khoan nhồi D1200 (26 cọc L=872m):P1-P1D,3.39,0.18,11.7
C142,10,Bản mặt cầu (Deck Slab):S3,0.33,0.18,11.7
C142,10,Bản mặt cầu (Deck Slab):S3,0.33,0.18,11.7
C142,10,Bản mặt cầu (Deck Slab):S3,0.33,0.18,11.7
C142,10,Bản mặt cầu (Deck Slab):S3,0.33,0.18,11.7
C143,10,Cọc khoan nhồi D1200 (26 cọc L=872m):P1-P1D,3.39,0.18,11.7
C143,10,Cọc khoan nhồi D1200 (26 cọc L=872m):P1-P1D,3.39,0.18,11.7
C143,10,Cọc khoan nhồi D1200 (26 cọc L=872m):P1-P1D,3.39,0.18,11.7
C143,10,Bản mặt cầu (Deck Slab):S3,0.33,0.18,11.7
C143,10,Bản mặt cầu (Deck Slab):S3,0.33,0.18,11.7
C143,10,Bản mặt cầu (Deck Slab):S3,0.33,0.18,11.7
C143,10,Bản mặt cầu (Deck Slab):S3,0.33,0.18,11.7
C144,10,Cọc khoan nhồi D1200 (26 cọc L=872m):P1-P1D,3.39,0.18,11.7
C144,10,Cọc khoan nhồi D1200 (26 cọc L=872m):P1-P1D,3.39,0.18,11.7
C144,10,Cọc khoan nhồi D1200 (26 cọc L=872m):P1-P1D,3.39,0.18,11.7
C144,10,Bản mặt cầu (Deck Slab):S3,0.33,0.18,11.7
C144,10,Bản mặt cầu (Deck Slab):S3,0.33,0.18,11.7
C144,10,Bản mặt cầu (Deck Slab):S3,0.33,0.18,11.7
C144,10,Bản mặt cầu (Deck Slab):S3,0.33,0.18,11.7
C145,10,Cọc khoan nhồi D1200 (26 cọc L=872m):P1-P1D,3.39,0.18,11.7
C145,10,Cọc khoan nhồi D1200 (26 cọc L=872m):P1-P1D,3.39,0.18,11.7
C145,10,Cọc khoan nhồi D1200 (26 cọc L=872m):P1-P1D,3.39,0.18,11.7
C145,10,Bản mặt cầu (Deck Slab):S3,0.33,0.18,11.7
C145,10,Bản mặt cầu (Deck Slab):S3,0.33,0.18,11.7
C145,10,Bản mặt cầu (Deck Slab):S3,0.33,0.18,11.7
C145,10,Bản mặt cầu (Deck Slab):S3,0.33,0.18,11.7
C146,10,Cọc khoan nhồi D1200 (26 cọc L=872m):P1-P1D,3.39,0.18,11.7
C146,10,Cọc khoan nhồi D1200 (26 cọc L=872m):P1-P1D,3.39,0.18,11.7
C146,10,Cọc khoan nhồi D1200 (26 cọc L=872m):P1-P1D,3.39,0.18,11.7
C146,10,Bản mặt cầu (Deck Slab):S3,0.33,0.18,11.7
C146,10,Bản mặt cầu (Deck Slab):S3,0.33,0.18,11.7
C146,10,Bản mặt cầu (Deck Slab):S3,0.33,0.18,11.7
C146,10,Bản mặt cầu (Deck Slab):S3,0.33,0.18,11.7
C147,10,Cọc khoan nhồi D1200 (26 cọc L=872m):P1-P1D,3.39,0.18,11.7
C147,10,Cọc khoan nhồi D1200 (26 cọc L=872m):P1-P1D,3.39,0.18,11.7
C147,10,Cọc khoan nhồi D1200 (26 cọc L=872m):P1-P1D,3.39,0.18,11.7
C147,10,Bản mặt cầu (Deck Slab):S3,0.33,0.18,11.7
C147,10,Bản mặt cầu (Deck Slab):S3,0.33,0.18,11.7
C147,10,Bản mặt cầu (Deck Slab):S3,0.33,0.18,11.7
C147,10,Bản mặt cầu (Deck Slab):S3,0.33,0.18,11.7
C148,10,Cọc khoan nhồi D1200 (26 cọc L=872m):P1-P1D,3.39,0.18,11.7
C148,10,Cọc khoan nhồi D1200 (26 cọc L=872m):P1-P1D,3.39,0.18,11.7
C148,10,Cọc khoan nhồi D1200 (26 cọc L=872m):P1-P1D,3.39,0.18,11.7
C148,10,Bản mặt cầu (Deck Slab):S3,0.33,0.18,11.7
C148,10,Bản mặt cầu (Deck Slab):S3,0.33,0.18,11.7
C148,10,Bản mặt cầu (Deck Slab):S3,0.33,0.18,11.7
C148,10,Bản mặt cầu (Deck Slab):S3,0.33,0.18,11.7
C149,10,Cọc khoan nhồi D1200 (26 cọc L=872m):P1-P1D,3.39,0.18,11.7
C149,10,Cọc khoan nhồi D1200 (26 cọc L=872m):P1-P1D,3.39,0.18,11.7
C149,10,Cọc khoan nhồi D1200 (26 cọc L=872m):P1-P1D,3.39,0.18,11.7
C149,10,Bản mặt cầu (Deck Slab):S3,0.33,0.18,11.7
C149,10,Bản mặt cầu (Deck Slab):S3,0.33,0.18,11.7
C149,10,Bản mặt cầu (Deck Slab):S3,0.33,0.18,11.7
C149,10,Bản mặt cầu (Deck Slab):S3,0.33,0.18,11.7
C150,10,Cọc khoan nhồi D1200 (26 cọc L=872m):P1-P1D,3.39,0.18,11.7
C150,10,Cọc khoan nhồi D1200 (26 cọc L=872m):P1-P1D,3.39,0.18,11.7
C150,10,Cọc khoan nhồi D1200 (26 cọc L=872m):P1-P1D,3.39,0.18,11.7
C150,10,Bản mặt cầu (Deck Slab):S3,0.33,0.18,11.7
C150,10,Bản mặt cầu (Deck Slab):S3,0.33,0.18,11.7
C150,10,Bản mặt cầu (Deck Slab):S3,0.33,0.18,11.7
C150,10,Bản mặt cầu (Deck Slab):S3,0.33,0.18,11.7
C151,10,Cọc khoan nhồi D1200 (26 cọc L=872m):P1-P1D,3.39,0.18,11.7
C151,10,Cọc khoan nhồi D1200 (26 cọc L=872m):P1-P1D,3.39,0.18,11.7
C151,10,Cọc khoan nhồi D1200 (26 cọc L=872m):P1-P1D,3.39,0.18,11.7
C151,10,Bản mặt cầu (Deck Slab):S3,0.33,0.18,11.7
C151,10,Bản mặt cầu (Deck Slab):S3,0.33,0.18,11.7
C151,10,Bản mặt cầu (Deck Slab):S3,0.33,0.18,11.7
C151,10,Bản mặt cầu (Deck Slab):S3,0.33,0.18,11.7
C152,10,Cọc khoan nhồi D1200 (26 cọc L=872m):P1-P1D,3.39,0.18,11.7
C152,10,Cọc khoan nhồi D1200 (26 cọc L=872m):P1-P1D,3.39,0.18,11.7
C152,10,Cọc khoan nhồi D1200 (26 cọc L=872m):P1-P1D,3.39,0.18,11.7
C152,10,Bản mặt cầu (Deck Slab):S3,0.33,0.18,11.7
C152,10,Bản mặt cầu (Deck Slab):S3,0.33,0.18,11.7
C152,10,Bản mặt cầu (Deck Slab):S3,0.33,0.18,11.7
C152,10,Bản mặt cầu (Deck Slab):S3,0.33,0.18,11.7
C153,10,Cọc khoan nhồi D1200 (26 cọc L=872m):P1-P1D,3.39,0.18,11.7
C153,10,Cọc khoan nhồi D1200 (26 cọc L=872m):P1-P1D,3.39,0.18,11.7
C153,10,Cọc khoan nhồi D1200 (26 cọc L=872m):P1-P1D,3.39,0.18,11.7
C153,10,Bản mặt cầu (Deck Slab):S3,0.33,0.18,11.7
C153,10,Bản mặt cầu (Deck Slab):S3,0.33,0.18,11.7
C153,10,Bản mặt cầu (Deck Slab):S3,0.33,0.18,11.7
C153,10,Bản mặt cầu (Deck Slab):S3,0.33,0.18,11.7
C154,10,Cọc khoan nhồi D1200 (26 cọc L=872m):P1-P1D,3.39,0.18,11.7
C154,10,Cọc khoan nhồi D1200 (26 cọc L=872m):P1-P1D,3.39,0.18,11.7
C154,10,Cọc khoan nhồi D1200 (26 cọc L=872m):P1-P1D,3.39,0.18,11.7
C154,10,Bản mặt cầu (Deck Slab):S3,0.33,0.18,11.7
C154,10,Bản mặt cầu (Deck Slab):S3,0.33,0.18,11.7
C154,10,Bản mặt cầu (Deck Slab):S3,0.33,0.18,11.7
C154,10,Bản mặt cầu (Deck Slab):S3,0.33,0.18,11.7
C155,10,Cọc khoan nhồi D1200 (26 cọc L=872m):P1-P1D,3.39,0.18,11.7
C155,10,Cọc khoan nhồi D1200 (26 cọc L=872m):P1-P1D,3.39,0.18,11.7
C155,10,Cọc khoan nhồi D1200 (26 cọc L=872m):P1-P1D,3.39,0.18,11.7
C155,10,Bản mặt cầu (Deck Slab):S3,0.33,0.18,11.7
C155,10,Bản mặt cầu (Deck Slab):S3,0.33,0.18,11.7
C155,10,Bản mặt cầu (Deck Slab):S3,0.33,0.18,11.7
C155,10,Bản mặt cầu (Deck Slab):S3,0.33,0.18,11.7
C156,10,Cọc khoan nhồi D1200 (26 cọc L=872m):P1-P1D,3.39,0.18,11.7
C156,10,Cọc khoan nhồi D1200 (26 cọc L=872m):P1-P1D,3.39,0.18,11.7
C156,10,Cọc khoan nhồi D1200 (26 cọc L=872m):P1-P1D,3.39,0.18,11.7
C156,10,Bản mặt cầu (Deck Slab):S3,0.33,0.18,11.7
C156,10,Bản mặt cầu (Deck Slab):S3,0.33,0.18,11.7
C156,10,Bản mặt cầu (Deck Slab):S3,0.33,0.18,11.7
C156,10,Bản mặt cầu (Deck Slab):S3,0.33,0.18,11.7
C157,10,Cọc khoan nhồi D1200 (26 cọc L=872m):P1-P1D,3.39,0.18,11.7
C157,10,Cọc khoan nhồi D1200 (26 cọc L=872m):P1-P1D,3.39,0.18,11.7
C157,10,Cọc khoan nhồi D1200 (26 cọc L=872m):P1-P1D,3.39,0.18,11.7
C157,10,Bản mặt cầu (Deck Slab):S3,0.33,0.18,11.7
C157,10,Bản mặt cầu (Deck Slab):S3,0.33,0.18,11.7
C157,10,Bản mặt cầu (Deck Slab):S3,0.33,0.18,11.7
C157,10,Bản mặt cầu (Deck Slab):S3,0.33,0.18,11.7
C158,10,Cọc khoan nhồi D1200 (26 cọc L=872m):P1-P1D,3.39,0.18,11.7
C158,10,Cọc khoan nhồi D1200 (26 cọc L=872m):P1-P1D,3.39,0.18,11.7
C158,10,Cọc khoan nhồi D1200 (26 cọc L=872m):P1-P1D,3.39,0.18,11.7
C158,10,Bản mặt cầu (Deck Slab):S3,0.33,0.18,11.7
C158,10,Bản mặt cầu (Deck Slab):S3,0.33,0.18,11.7
C158,10,Bản mặt cầu (Deck Slab):S3,0.33,0.18,11.7
C158,10,Bản mặt cầu (Deck Slab):S3,0.33,0.18,11.7
C159,10,Cọc khoan nhồi D1200 (26 cọc L=872m):P1-P1D,3.39,0.18,11.7
C159,10,Cọc khoan nhồi D1200 (26 cọc L=872m):P1-P1D,3.39,0.18,11.7
C159,10,Cọc khoan nhồi D1200 (26 cọc L=872m):P1-P1D,3.39,0.18,11.7
C159,10,Bản mặt cầu (Deck Slab):S3,0.33,0.18,11.7
C159,10,Bản mặt cầu (Deck Slab):S3,0.33,0.18,11.7
C159,10,Bản mặt cầu (Deck Slab):S3,0.33,0.18,11.7
C159,10,Bản mặt cầu (Deck Slab):S3,0.33,0.18,11.7
C160,10,Cọc khoan nhồi D1200 (26 cọc L=872m):P1-P1D,3.39,0.18,11.7
C160,10,Cọc khoan nhồi D1200 (26 cọc L=872m):P1-P1D,3.39,0.18,11.7
C160,10,Cọc khoan nhồi D1200 (26 cọc L=872m):P1-P1D,3.39,0.18,11.7
C160,10,Bản mặt cầu (Deck Slab):S3,0.33,0.18,11.7
C160,10,Bản mặt cầu (Deck Slab):S3,0.33,0.18,11.7
C160,10,Bản mặt cầu (Deck Slab):S3,0.33,0.18,11.7
C160,10,Bản mặt cầu (Deck Slab):S3,0.33,0.18,11.7
C161,10,Cọc khoan nhồi D1200 (26 cọc L=872m):P1-P1D,3.39,0.18,11.7
C161,10,Cọc khoan nhồi D1200 (26 cọc L=872m):P1-P1D,3.39,0.18,11.7
C161,10,Cọc khoan nhồi D1200 (26 cọc L=872m):P1-P1D,3.39,0.18,11.7
C161,10,Bản mặt cầu (Deck Slab):S3,0.33,0.18,11.7
C161,10,Bản mặt cầu (Deck Slab):S3,0.33,0.18,11.7
C161,10,Bản mặt cầu (Deck Slab):S3,0.33,0.18,11.7
C161,10,Bản mặt cầu (Deck Slab):S3,0.33,0.18,11.7
C162,10,Cọc khoan nhồi D1200 (26 cọc L=872m):P1-P1D,3.39,0.18,11.7
C162,10,Cọc khoan nhồi D1200 (26 cọc L=872m):P1-P1D,3.39,0.18,11.7
C162,10,Cọc khoan nhồi D1200 (26 cọc L=872m):P1-P1D,3.39,0.18,11.7
C162,10,Bản mặt cầu (Deck Slab):S3,0.33,0.18,11.7
C162,10,Bản mặt cầu (Deck Slab):S3,0.33,0.18,11.7
C162,10,Bản mặt cầu (Deck Slab):S3,0.33,0.18,11.7
C162,10,Bản mặt cầu (Deck Slab):S3,0.33,0.18,11.7
C163,10,Cọc khoan nhồi D1200 (26 cọc L=872m):P1-P1D,3.39,0.18,11.7
C163,10,Cọc khoan nhồi D1200 (26 cọc L=872m):P1-P1D,3.39,0.18,11.7
C163,10,Cọc khoan nhồi D1200 (26 cọc L=872m):P1-P1D,3.39,0.18,11.7
C163,10,Bản mặt cầu (Deck Slab):S3,0.33,0.18,11.7
C163,10,Bản mặt cầu (Deck Slab):S3,0.33,0.18,11.7
C163,10,Bản mặt cầu (Deck Slab):S3,0.33,0.18,11.7
C163,10,Bản mặt cầu (Deck Slab):S3,0.33,0.18,11.7
C164,10,Cọc khoan nhồi D1200 (26 cọc L=872m):P1-P1D,3.39,0.18,11.7
C164,10,Cọc khoan nhồi D1200 (26 cọc L=872m):P1-P1D,3.39,0.18,11.7
C164,10,Cọc khoan nhồi D1200 (26 cọc L=872m):P1-P1D,3.39,0.18,11.7
C164,10,Bản mặt cầu (Deck Slab):S3,0.33,0.18,11.7
C164,10,Bản mặt cầu (Deck Slab):S3,0.33,0.18,11.7
C164,10,Bản mặt cầu (Deck Slab):S3,0.33,0.18,11.7
C164,10,Bản mặt cầu (Deck Slab):S3,0.33,0.18,11.7
C165,10,Cọc khoan nhồi D1200 (26 cọc L=872m):P1-P1D,3.39,0.18,11.7
C165,10,Cọc khoan nhồi D1200 (26 cọc L=872m):P1-P1D,3.39,0.18,11.7
C165,10,Cọc khoan nhồi D1200 (26 cọc L=872m):P1-P1D,3.39,0.18,11.7
C165,10,Bản mặt cầu (Deck Slab):S3,0.33,0.18,11.7
C165,10,Bản mặt cầu (Deck Slab):S3,0.33,0.18,11.7
C165,10,Bản mặt cầu (Deck Slab):S3,0.33,0.18,11.7
C165,10,Bản mặt cầu (Deck Slab):S3,0.33,0.18,11.7
C166,10,Cọc khoan nhồi D1200 (26 cọc L=872m):P1-P1D,3.39,0.18,11.7
C166,10,Cọc khoan nhồi D1200 (26 cọc L=872m):P1-P1D,3.39,0.18,11.7
C166,10,Cọc khoan nhồi D1200 (26 cọc L=872m):P1-P1D,3.39,0.18,11.7
C166,10,Bản mặt cầu (Deck Slab):S3,0.33,0.18,11.7
C166,10,Bản mặt cầu (Deck Slab):S3,0.33,0.18,11.7
C166,10,Bản mặt cầu (Deck Slab):S3,0.33,0.18,11.7
C166,10,Bản mặt cầu (Deck Slab):S3,0.33,0.18,11.7
C167,10,Cọc khoan nhồi D1200 (26 cọc L=872m):P1-P1D,3.39,0.18,11.7
C167,10,Cọc khoan nhồi D1200 (26 cọc L=872m):P1-P1D,3.39,0.18,11.7
C167,10,Cọc khoan nhồi D1200 (26 cọc L=872m):P1-P1D,3.39,0.18,11.7
C167,10,Bản mặt cầu (Deck Slab):S3,0.33,0.18,11.7
C167,10,Bản mặt cầu (Deck Slab):S3,0.33,0.18,11.7
C167,10,Bản mặt cầu (Deck Slab):S3,0.33,0.18,11.7
C167,10,Bản mặt cầu (Deck Slab):S3,0.33,0.18,11.7
C168,10,Cọc khoan nhồi D1200 (26 cọc L=872m):P1-P1D,3.39,0.18,11.7
C168,10,Cọc khoan nhồi D1200 (26 cọc L=872m):P1-P1D,3.39,0.18,11.7
C168,10,Cọc khoan nhồi D1200 (26 cọc L=872m):P1-P1D,3.39,0.18,11.7
C168,10,Bản mặt cầu (Deck Slab):S3,0.33,0.18,11.7
C168,10,Bản mặt cầu (Deck Slab):S3,0.33,0.18,11.7
C168,10,Bản mặt cầu (Deck Slab):S3,0.33,0.18,11.7
C168,10,Bản mặt cầu (Deck Slab):S3,0.33,0.18,11.7
C169,10,Cọc khoan nhồi D1200 (26 cọc L=872m):P1-P1D,3.39,0.18,11.7
C169,10,Cọc khoan nhồi D1200 (26 cọc L=872m):P1-P1D,3.39,0.18,11.7
C169,10,Cọc khoan nhồi D1200 (26 cọc L=872m):P1-P1D,3.39,0.18,11.7
C169,10,Bản mặt cầu (Deck Slab):S3,0.33,0.18,11.7
C169,10,Bản mặt cầu (Deck Slab):S3,0.33,0.18,11.7
C169,10,Bản mặt cầu (Deck Slab):S3,0.33,0.18,11.7
C169,10,Bản mặt cầu (Deck Slab):S3,0.33,0.18,11.7
C170,10,Cọc khoan nhồi D1200 (26 cọc L=872m):P1-P1D,3.39,0.18,11.7
C170,10,Cọc khoan nhồi D1200 (26 cọc L=872m):P1-P1D,3.39,0.18,11.7
C170,10,Cọc khoan nhồi D1200 (26 cọc L=872m):P1-P1D,3.39,0.18,11.7
C170,10,Bản mặt cầu (Deck Slab):S3,0.33,0.18,11.7
C170,10,Bản mặt cầu (Deck Slab):S3,0.33,0.18,11.7
C170,10,Bản mặt cầu (Deck Slab):S3,0.33,0.18,11.7
C170,10,Bản mặt cầu (Deck Slab):S3,0.33,0.18,11.7
C171,10,Cọc khoan nhồi D1200 (26 cọc L=872m):P1-P1D,3.39,0.18,11.7
C171,10,Cọc khoan nhồi D1200 (26 cọc L=872m):P1-P1D,3.39,0.18,11.7
C171,10,Cọc khoan nhồi D1200 (26 cọc L=872m):P1-P1D,3.39,0.18,11.7
C171,10,Bản mặt cầu (Deck Slab):S3,0.33,0.18,11.7
C171,10,Bản mặt cầu (Deck Slab):S3,0.33,0.18,11.7
C171,10,Bản mặt cầu (Deck Slab):S3,0.33,0.18,11.7
C171,10,Bản mặt cầu (Deck Slab):S3,0.33,0.18,11.7
C172,10,Cọc khoan nhồi D1200 (26 cọc L=872m):P1-P1D,3.39,0.18,11.7
C172,10,Cọc khoan nhồi D1200 (26 cọc L=872m):P1-P1D,3.39,0.18,11.7
C172,10,Cọc khoan nhồi D1200 (26 cọc L=872m):P1-P1D,3.39,0.18,11.7
C172,10,Bản mặt cầu (Deck Slab):S3,0.33,0.18,11.7
C172,10,Bản mặt cầu (Deck Slab):S3,0.33,0.18,11.7
C172,10,Bản mặt cầu (Deck Slab):S3,0.33,0.18,11.7
C172,10,Bản mặt cầu (Deck Slab):S3,0.33,0.18,11.7
C173,10,Cọc khoan nhồi D1200 (26 cọc L=872m):P1-P1D,3.39,0.18,11.7
C173,10,Cọc khoan nhồi D1200 (26 cọc L=872m):P1-P1D,3.39,0.18,11.7
C173,10,Cọc khoan nhồi D1200 (26 cọc L=872m):P1-P1D,3.39,0.18,11.7
C173,10,Bản mặt cầu (Deck Slab):S3,0.33,0.18,11.7
C173,10,Bản mặt cầu (Deck Slab):S3,0.33,0.18,11.7
C173,10,Bản mặt cầu (Deck Slab):S3,0.33,0.18,11.7
C173,10,Bản mặt cầu (Deck Slab):S3,0.33,0.18,11.7
C174,10,Cọc khoan nhồi D1200 (26 cọc L=872m):P1-P1D,3.39,0.18,11.7
C174,10,Cọc khoan nhồi D1200 (26 cọc L=872m):P1-P1D,3.39,0.18,11.7
C174,10,Cọc khoan nhồi D1200 (26 cọc L=872m):P1-P1D,3.39,0.18,11.7
C174,10,Bản mặt cầu (Deck Slab):S3,0.33,0.18,11.7
C174,10,Bản mặt cầu (Deck Slab):S3,0.33,0.18,11.7
C174,10,Bản mặt cầu (Deck Slab):S3,0.33,0.18,11.7
C174,10,Bản mặt cầu (Deck Slab):S3,0.33,0.18,11.7
C175,10,Cọc khoan nhồi D1200 (26 cọc L=872m):P1-P1D,3.39,0.18,11.7
C175,10,Cọc khoan nhồi D1200 (26 cọc L=872m):P1-P1D,3.39,0.18,11.7
C175,10,Cọc khoan nhồi D1200 (26 cọc L=872m):P1-P1D,3.39,0.18,11.7
C175,10,Bản mặt cầu (Deck Slab):S3,0.33,0.18,11.7
C175,10,Bản mặt cầu (Deck Slab):S3,0.33,0.18,11.7
C175,10,Bản mặt cầu (Deck Slab):S3,0.33,0.18,11.7
C175,10,Bản mặt cầu (Deck Slab):S3,0.33,0.18,11.7
C176,10,Cọc khoan nhồi D1200 (26 cọc L=872m):P1-P1D,3.39,0.18,11.7
C176,10,Cọc khoan nhồi D1200 (26 cọc L=872m):P1-P1D,3.39,0.18,11.7
C176,10,Cọc khoan nhồi D1200 (26 cọc L=872m):P1-P1D,3.39,0.18,11.7
C176,10,Bản mặt cầu (Deck Slab):S3,0.33,0.18,11.7
C176,10,Bản mặt cầu (Deck Slab):S3,0.33,0.18,11.7
C176,10,Bản mặt cầu (Deck Slab):S3,0.33,0.18,11.7
C176,10,Bản mặt cầu (Deck Slab):S3,0.33,0.18,11.7
C177,10,Cọc khoan nhồi D1200 (26 cọc L=872m):P1-P1D,3.39,0.18,11.7
C177,10,Cọc khoan nhồi D1200 (26 cọc L=872m):P1-P1D,3.39,0.18,11.7
C177,10,Cọc khoan nhồi D1200 (26 cọc L=872m):P1-P1D,3.39,0.18,11.7
C177,10,Bản mặt cầu (Deck Slab):S3,0.33,0.18,11.7
C177,10,Bản mặt cầu (Deck Slab):S3,0.33,0.18,11.7
C177,10,Bản mặt cầu (Deck Slab):S3,0.33,0.18,11.7
C177,10,Bản mặt cầu (Deck Slab):S3,0.33,0.18,11.7
C178,10,Cọc khoan nhồi D1200 (26 cọc L=872m):P1-P1D,3.39,0.18,11.7
C178,10,Cọc khoan nhồi D1200 (26 cọc L=872m):P1-P1D,3.39,0.18,11.7
C178,10,Cọc khoan nhồi D1200 (26 cọc L=872m):P1-P1D,3.39,0.18,11.7
C178,10,Bản mặt cầu (Deck Slab):S3,0.33,0.18,11.7
C178,10,Bản mặt cầu (Deck Slab):S3,0.33,0.18,11.7
C178,10,Bản mặt cầu (Deck Slab):S3,0.33,0.18,11.7
C178,10,Bản mặt cầu (Deck Slab):S3,0.33,0.18,11.7
C179,10,Cọc khoan nhồi D1200 (26 cọc L=872m):P1-P1D,3.39,0.18,11.7
C179,10,Cọc khoan nhồi D1200 (26 cọc L=872m):P1-P1D,3.39,0.18,11.7
C179,10,Cọc khoan nhồi D1200 (26 cọc L=872m):P1-P1D,3.39,0.18,11.7
C179,10,Bản mặt cầu (Deck Slab):S3,0.33,0.18,11.7
C179,10,Bản mặt cầu (Deck Slab):S3,0.33,0.18,11.7
C179,10,Bản mặt cầu (Deck Slab):S3,0.33,0.18,11.7
C179,10,Bản mặt cầu (Deck Slab):S3,0.33,0.18,11.7
C180,10,Cọc khoan nhồi D1200 (26 cọc L=872m):P1-P1D,3.39,0.18,11.7
C180,10,Cọc khoan nhồi D1200 (26 cọc L=872m):P1-P1D,3.39,0.18,11.7
C180,10,Cọc khoan nhồi D1200 (26 cọc L=872m):P1-P1D,3.39,0.18,11.7
C180,10,Bản mặt cầu (Deck Slab):S3,0.33,0.18,11.7
C180,10,Bản mặt cầu (Deck Slab):S3,0.33,0.18,11.7
C180,10,Bản mặt cầu (Deck Slab):S3,0.33,0.18,11.7
C180,10,Bản mặt cầu (Deck Slab):S3,0.33,0.18,11.7
C181,10,Cọc khoan nhồi D1200 (26 cọc L=872m):P1-P1D,3.39,0.18,11.7
C181,10,Cọc khoan nhồi D1200 (26 cọc L=872m):P1-P1D,3.39,0.18,11.7
C181,10,Cọc khoan nhồi D1200 (26 cọc L=872m):P1-P1D,3.39,0.18,11.7
C181,10,Bản mặt cầu (Deck Slab):S3,0.33,0.18,11.7
C181,10,Bản mặt cầu (Deck Slab):S3,0.33,0.18,11.7
C181,10,Bản mặt cầu (Deck Slab):S3,0.33,0.18,11.7
C181,10,Bản mặt cầu (Deck Slab):S3,0.33,0.18,11.7
C182,10,Cọc khoan nhồi D1200 (26 cọc L=872m):P1-P1D,3.39,0.18,11.7
C182,10,Cọc khoan nhồi D1200 (26 cọc L=872m):P1-P1D,3.39,0.18,11.7
C182,10,Cọc khoan nhồi D1200 (26 cọc L=872m):P1-P1D,3.39,0.18,11.7
C182,10,Bản mặt cầu (Deck Slab):S3,0.33,0.18,11.7
C182,10,Bản mặt cầu (Deck Slab):S3,0.33,0.18,11.7
C182,10,Bản mặt cầu (Deck Slab):S3,0.33,0.18,11.7
C182,10,Bản mặt cầu (Deck Slab):S3,0.33,0.18,11.7
C183,10,Cọc khoan nhồi D1200 (26 cọc L=872m):P1-P1D,3.39,0.18,11.7
C183,10,Cọc khoan nhồi D1200 (26 cọc L=872m):P1-P1D,3.39,0.18,11.7
C183,10,Cọc khoan nhồi D1200 (26 cọc L=872m):P1-P1D,3.39,0.18,11.7
C183,10,Bản mặt cầu (Deck Slab):S3,0.33,0.18,11.7
C183,10,Bản mặt cầu (Deck Slab):S3,0.33,0.18,11.7
C183,10,Bản mặt cầu (Deck Slab):S3,0.33,0.18,11.7
C183,10,Bản mặt cầu (Deck Slab):S3,0.33,0.18,11.7
C184,10,Cọc khoan nhồi D1200 (26 cọc L=872m):P1-P1D,3.39,0.18,11.7
C184,10,Cọc khoan nhồi D1200 (26 cọc L=872m):P1-P1D,3.39,0.18,11.7
C184,10,Cọc khoan nhồi D1200 (26 cọc L=872m):P1-P1D,3.39,0.18,11.7
C184,10,Bản mặt cầu (Deck Slab):S3,0.33,0.18,11.7
C184,10,Bản mặt cầu (Deck Slab):S3,0.33,0.18,11.7
C184,10,Bản mặt cầu (Deck Slab):S3,0.33,0.18,11.7
C184,10,Bản mặt cầu (Deck Slab):S3,0.33,0.18,11.7
C185,10,Cọc khoan nhồi D1200 (26 cọc L=872m):P1-P1D,3.39,0.18,11.7
C185,10,Cọc khoan nhồi D1200 (26 cọc L=872m):P1-P1D,3.39,0.18,11.7
C185,10,Cọc khoan nhồi D1200 (26 cọc L=872m):P1-P1D,3.39,0.18,11.7
C185,10,Bản mặt cầu (Deck Slab):S3,0.33,0.18,11.7
C185,10,Bản mặt cầu (Deck Slab):S3,0.33,0.18,11.7
C185,10,Bản mặt cầu (Deck Slab):S3,0.33,0.18,11.7
C185,10,Bản mặt cầu (Deck Slab):S3,0.33,0.18,11.7
C186,10,Cọc khoan nhồi D1200 (26 cọc L=872m):P1-P1D,3.39,0.18,11.7
C186,10,Cọc khoan nhồi D1200 (26 cọc L=872m):P1-P1D,3.39,0.18,11.7
C186,10,Cọc khoan nhồi D1200 (26 cọc L=872m):P1-P1D,3.39,0.18,11.7
C186,10,Bản mặt cầu (Deck Slab):S3,0.33,0.18,11.7
C186,10,Bản mặt cầu (Deck Slab):S3,0.33,0.18,11.7
C186,10,Bản mặt cầu (Deck Slab):S3,0.33,0.18,11.7
C186,10,Bản mặt cầu (Deck Slab):S3,0.33,0.18,11.7
C187,10,Cọc khoan nhồi D1200 (26 cọc L=872m):P1-P1D,3.39,0.18,11.7
C187,10,Cọc khoan nhồi D1200 (26 cọc L=872m):P1-P1D,3.39,0.18,11.7
C187,10,Cọc khoan nhồi D1200 (26 cọc L=872m):P1-P1D,3.39,0.18,11.7
C187,10,Bản mặt cầu (Deck Slab):S3,0.33,0.18,11.7
C187,10,Bản mặt cầu (Deck Slab):S3,0.33,0.18,11.7
C187,10,Bản mặt cầu (Deck Slab):S3,0.33,0.18,11.7
C187,10,Bản mặt cầu (Deck Slab):S3,0.33,0.18,11.7
C188,10,Cọc khoan nhồi D1200 (26 cọc L=872m):P1-P1D,3.39,0.18,11.7
C188,10,Cọc khoan nhồi D1200 (26 cọc L=872m):P1-P1D,3.39,0.18,11.7
C188,10,Cọc khoan nhồi D1200 (26 cọc L=872m):P1-P1D,3.39,0.18,11.7
C188,10,Bản mặt cầu (Deck Slab):S3,0.33,0.18,11.7
C188,10,Bản mặt cầu (Deck Slab):S3,0.33,0.18,11.7
C188,10,Bản mặt cầu (Deck Slab):S3,0.33,0.18,11.7
C188,10,Bản mặt cầu (Deck Slab):S3,0.33,0.18,11.7
C189,10,Cọc khoan nhồi D1200 (26 cọc L=872m):P1-P1D,3.39,0.18,11.7
C189,10,Cọc khoan nhồi D1200 (26 cọc L=872m):P1-P1D,3.39,0.18,11.7
C189,10,Cọc khoan nhồi D1200 (26 cọc L=872m):P1-P1D,3.39,0.18,11.7
C189,10,Bản mặt cầu (Deck Slab):S3,0.33,0.18,11.7
C189,10,Bản mặt cầu (Deck Slab):S3,0.33,0.18,11.7
C189,10,Bản mặt cầu (Deck Slab):S3,0.33,0.18,11.7
C189,10,Bản mặt cầu (Deck Slab):S3,0.33,0.18,11.7
C190,10,Cọc khoan nhồi D1200 (26 cọc L=872m):P1-P1D,3.39,0.18,11.7
C190,10,Cọc khoan nhồi D1200 (26 cọc L=872m):P1-P1D,3.39,0.18,11.7
C190,10,Cọc khoan nhồi D1200 (26 cọc L=872m):P1-P1D,3.39,0.18,11.7
C190,10,Bản mặt cầu (Deck Slab):S3,0.33,0.18,11.7
C190,10,Bản mặt cầu (Deck Slab):S3,0.33,0.18,11.7
C190,10,Bản mặt cầu (Deck Slab):S3,0.33,0.18,11.7
C190,10,Bản mặt cầu (Deck Slab):S3,0.33,0.18,11.7
C191,10,Cọc khoan nhồi D1200 (26 cọc L=872m):P1-P1D,3.39,0.18,11.7
C191,10,Cọc khoan nhồi D1200 (26 cọc L=872m):P1-P1D,3.39,0.18,11.7
C191,10,Cọc khoan nhồi D1200 (26 cọc L=872m):P1-P1D,3.39,0.18,11.7
C191,10,Bản mặt cầu (Deck Slab):S3,0.33,0.18,11.7
C191,10,Bản mặt cầu (Deck Slab):S3,0.33,0.18,11.7
C191,10,Bản mặt cầu (Deck Slab):S3,0.33,0.18,11.7
C191,10,Bản mặt cầu (Deck Slab):S3,0.33,0.18,11.7
C192,10,Cọc khoan nhồi D1200 (26 cọc L=872m):P1-P1D,3.39,0.18,11.7
C192,10,Cọc khoan nhồi D1200 (26 cọc L=872m):P1-P1D,3.39,0.18,11.7
C192,10,Cọc khoan nhồi D1200 (26 cọc L=872m):P1-P1D,3.39,0.18,11.7
C192,10,Bản mặt cầu (Deck Slab):S3,0.33,0.18,11.7
C192,10,Bản mặt cầu (Deck Slab):S3,0.33,0.18,11.7
C192,10,Bản mặt cầu (Deck Slab):S3,0.33,0.18,11.7
C192,10,Bản mặt cầu (Deck Slab):S3,0.33,0.18,11.7
C193,10,Cọc khoan nhồi D1200 (26 cọc L=872m):P1-P1D,3.39,0.18,11.7
C193,10,Cọc khoan nhồi D1200 (26 cọc L=872m):P1-P1D,3.39,0.18,11.7
C193,10,Cọc khoan nhồi D1200 (26 cọc L=872m):P1-P1D,3.39,0.18,11.7
C193,10,Bản mặt cầu (Deck Slab):S3,0.33,0.18,11.7
C193,10,Bản mặt cầu (Deck Slab):S3,0.33,0.18,11.7
C193,10,Bản mặt cầu (Deck Slab):S3,0.33,0.18,11.7
C193,10,Bản mặt cầu (Deck Slab):S3,0.33,0.18,11.7
C194,10,Cọc khoan nhồi D1200 (26 cọc L=872m):P1-P1D,3.39,0.18,11.7
C194,10,Cọc khoan nhồi D1200 (26 cọc L=872m):P1-P1D,3.39,0.18,11.7
C194,10,Cọc khoan nhồi D1200 (26 cọc L=872m):P1-P1D,3.39,0.18,11.7
C194,10,Bản mặt cầu (Deck Slab):S3,0.33,0.18,11.7
C194,10,Bản mặt cầu (Deck Slab):S3,0.33,0.18,11.7
C194,10,Bản mặt cầu (Deck Slab):S3,0.33,0.18,11.7
C194,10,Bản mặt cầu (Deck Slab):S3,0.33,0.18,11.7
C195,10,Cọc khoan nhồi D1200 (26 cọc L=872m):P1-P1D,3.39,0.18,11.7
C195,10,Cọc khoan nhồi D1200 (26 cọc L=872m):P1-P1D,3.39,0.18,11.7
C195,10,Cọc khoan nhồi D1200 (26 cọc L=872m):P1-P1D,3.39,0.18,11.7
C195,10,Bản mặt cầu (Deck Slab):S3,0.33,0.18,11.7
C195,10,Bản mặt cầu (Deck Slab):S3,0.33,0.18,11.7
C195,10,Bản mặt cầu (Deck Slab):S3,0.33,0.18,11.7
C195,10,Bản mặt cầu (Deck Slab):S3,0.33,0.18,11.7
C196,10,Cọc khoan nhồi D1200 (26 cọc L=872m):P1-P1D,3.39,0.18,11.7
C196,10,Cọc khoan nhồi D1200 (26 cọc L=872m):P1-P1D,3.39,0.18,11.7
C196,10,Cọc khoan nhồi D1200 (26 cọc L=872m):P1-P1D,3.39,0.18,11.7
C196,10,Bản mặt cầu (Deck Slab):S3,0.33,0.18,11.7
C196,10,Bản mặt cầu (Deck Slab):S3,0.33,0.18,11.7
C196,10,Bản mặt cầu (Deck Slab):S3,0.33,0.18,11.7
C196,10,Bản mặt cầu (Deck Slab):S3,0.33,0.18,11.7
C197,10,Cọc khoan nhồi D1200 (26 cọc L=872m):P1-P1D,3.39,0.18,11.7
C197,10,Cọc khoan nhồi D1200 (26 cọc L=872m):P1-P1D,3.39,0.18,11.7
C197,10,Cọc khoan nhồi D1200 (26 cọc L=872m):P1-P1D,3.39,0.18,11.7
C197,10,Bản mặt cầu (Deck Slab):S3,0.33,0.18,11.7
C197,10,Bản mặt cầu (Deck Slab):S3,0.33,0.18,11.7
C197,10,Bản mặt cầu (Deck Slab):S3,0.33,0.18,11.7
C197,10,Bản mặt cầu (Deck Slab):S3,0.33,0.18,11.7
C198,10,Cọc khoan nhồi D1200 (26 cọc L=872m):P1-P1D,3.39,0.18,11.7
C198,10,Cọc khoan nhồi D1200 (26 cọc L=872m):P1-P1D,3.39,0.18,11.7
C198,10,Cọc khoan nhồi D1200 (26 cọc L=872m):P1-P1D,3.39,0.18,11.7
C198,10,Bản mặt cầu (Deck Slab):S3,0.33,0.18,11.7
C198,10,Bản mặt cầu (Deck Slab):S3,0.33,0.18,11.7
C198,10,Bản mặt cầu (Deck Slab):S3,0.33,0.18,11.7
C198,10,Bản mặt cầu (Deck Slab):S3,0.33,0.18,11.7
C199,10,Cọc khoan nhồi D1200 (26 cọc L=872m):P1-P1D,3.39,0.18,11.7
C199,10,Cọc khoan nhồi D1200 (26 cọc L=872m):P1-P1D,3.39,0.18,11.7
C199,10,Cọc khoan nhồi D1200 (26 cọc L=872m):P1-P1D,3.39,0.18,11.7
C199,10,Bản mặt cầu (Deck Slab):S3,0.33,0.18,11.7
C199,10,Bản mặt cầu (Deck Slab):S3,0.33,0.18,11.7
C199,10,Bản mặt cầu (Deck Slab):S3,0.33,0.18,11.7
C199,10,Bản mặt cầu (Deck Slab):S3,0.33,0.18,11.7
C200,10,Cọc khoan nhồi D1200 (26 cọc L=872m):P1-P1D,3.39,0.18,11.7
C200,10,Cọc khoan nhồi D1200 (26 cọc L=872m):P1-P1D,3.39,0.18,11.7
C200,10,Cọc khoan nhồi D1200 (26 cọc L=872m):P1-P1D,3.39,0.18,11.7
C200,10,Bản mặt cầu (Deck Slab):S3,0.33,0.18,11.7
C200,10,Bản mặt cầu (Deck Slab):S3,0.33,0.18,11.7
C200,10,Bản mặt cầu (Deck Slab):S3,0.33,0.18,11.7
C200,10,Bản mặt cầu (Deck Slab):S3,0.33,0.18,11.7
C201,10,Cọc khoan nhồi D1200 (26 cọc L=872m):P1-P1D,3.39,0.18,11.7
C201,10,Cọc khoan nhồi D1200 (26 cọc L=872m):P1-P1D,3.39,0.18,11.7
C201,10,Cọc khoan nhồi D1200 (26 cọc L=872m):P1-P1D,3.39,0.18,11.7
C201,10,Bản mặt cầu (Deck Slab):S3,0.33,0.18,11.7
C201,10,Bản mặt cầu (Deck Slab):S3,0.33,0.18,11.7
C201,10,Bản mặt cầu (Deck Slab):S3,0.33,0.18,11.7
C201,10,Bản mặt cầu (Deck Slab):S3,0.33,0.18,11.7
C202,10,Cọc khoan nhồi D1200 (26 cọc L=872m):P1-P1D,3.39,0.18,11.7
C202,10,Cọc khoan nhồi D1200 (26 cọc L=872m):P1-P1D,3.39,0.18,11.7
C202,10,Cọc khoan nhồi D1200 (26 cọc L=872m):P1-P1D,3.39,0.18,11.7
C202,10,Bản mặt cầu (Deck Slab):S3,0.33,0.18,11.7
C202,10,Bản mặt cầu (Deck Slab):S3,0.33,0.18,11.7
C202,10,Bản mặt cầu (Deck Slab):S3,0.33,0.18,11.7
C202,10,Bản mặt cầu (Deck Slab):S3,0.33,0.18,11.7
C203,10,Cọc khoan nhồi D1200 (26 cọc L=872m):P1-P1D,3.39,0.18,11.7
C203,10,Cọc khoan nhồi D1200 (26 cọc L=872m):P1-P1D,3.39,0.18,11.7
C203,10,Cọc khoan nhồi D1200 (26 cọc L=872m):P1-P1D,3.39,0.18,11.7
C203,10,Bản mặt cầu (Deck Slab):S3,0.33,0.18,11.7
C203,10,Bản mặt cầu (Deck Slab):S3,0.33,0.18,11.7
C203,10,Bản mặt cầu (Deck Slab):S3,0.33,0.18,11.7
C203,10,Bản mặt cầu (Deck Slab):S3,0.33,0.18,11.7
C204,10,Cọc khoan nhồi D1200 (26 cọc L=872m):P1-P1D,3.39,0.18,11.7
C204,10,Cọc khoan nhồi D1200 (26 cọc L=872m):P1-P1D,3.39,0.18,11.7
C204,10,Cọc khoan nhồi D1200 (26 cọc L=872m):P1-P1D,3.39,0.18,11.7
C204,10,Bản mặt cầu (Deck Slab):S3,0.33,0.18,11.7
C204,10,Bản mặt cầu (Deck Slab):S3,0.33,0.18,11.7
C204,10,Bản mặt cầu (Deck Slab):S3,0.33,0.18,11.7
C204,10,Bản mặt cầu (Deck Slab):S3,0.33,0.18,11.7
C205,10,Cọc khoan nhồi D1200 (26 cọc L=872m):P1-P1D,3.39,0.18,11.7
C205,10,Cọc khoan nhồi D1200 (26 cọc L=872m):P1-P1D,3.39,0.18,11.7
C205,10,Cọc khoan nhồi D1200 (26 cọc L=872m):P1-P1D,3.39,0.18,11.7
C205,10,Bản mặt cầu (Deck Slab):S3,0.33,0.18,11.7
C205,10,Bản mặt cầu (Deck Slab):S3,0.33,0.18,11.7
C205,10,Bản mặt cầu (Deck Slab):S3,0.33,0.18,11.7
C205,10,Bản mặt cầu (Deck Slab):S3,0.33,0.18,11.7
C206,10,Cọc khoan nhồi D1200 (26 cọc L=872m):P1-P1D,3.39,0.18,11.7
C206,10,Cọc khoan nhồi D1200 (26 cọc L=872m):P1-P1D,3.39,0.18,11.7
C206,10,Cọc khoan nhồi D1200 (26 cọc L=872m):P1-P1D,3.39,0.18,11.7
C206,10,Bản mặt cầu (Deck Slab):S3,0.33,0.18,11.7
C206,10,Bản mặt cầu (Deck Slab):S3,0.33,0.18,11.7
C206,10,Bản mặt cầu (Deck Slab):S3,0.33,0.18,11.7
C206,10,Bản mặt cầu (Deck Slab):S3,0.33,0.18,11.7
C207,10,Cọc khoan nhồi D1200 (26 cọc L=872m):P1-P1D,3.39,0.18,11.7
C207,10,Cọc khoan nhồi D1200 (26 cọc L=872m):P1-P1D,3.39,0.18,11.7
C207,10,Cọc khoan nhồi D1200 (26 cọc L=872m):P1-P1D,3.39,0.18,11.7
C207,10,Bản mặt cầu (Deck Slab):S3,0.33,0.18,11.7
C207,10,Bản mặt cầu (Deck Slab):S3,0.33,0.18,11.7
C207,10,Bản mặt cầu (Deck Slab):S3,0.33,0.18,11.7
C207,10,Bản mặt cầu (Deck Slab):S3,0.33,0.18,11.7
C208,10,Cọc khoan nhồi D1200 (26 cọc L=872m):P1-P1D,3.39,0.18,11.7
C208,10,Cọc khoan nhồi D1200 (26 cọc L=872m):P1-P1D,3.39,0.18,11.7
C208,10,Cọc khoan nhồi D1200 (26 cọc L=872m):P1-P1D,3.39,0.18,11.7
C208,10,Bản mặt cầu (Deck Slab):S3,0.33,0.18,11.7
C208,10,Bản mặt cầu (Deck Slab):S3,0.33,0.18,11.7
C208,10,Bản mặt cầu (Deck Slab):S3,0.33,0.18,11.7
C208,10,Bản mặt cầu (Deck Slab):S3,0.33,0.18,11.7
C209,10,Cọc khoan nhồi D1200 (26 cọc L=872m):P1-P1D,3.39,0.18,11.7
C209,10,Cọc khoan nhồi D1200 (26 cọc L=872m):P1-P1D,3.39,0.18,11.7
C209,10,Cọc khoan nhồi D1200 (26 cọc L=872m):P1-P1D,3.39,0.18,11.7
C209,10,Bản mặt cầu (Deck Slab):S3,0.33,0.18,11.7
C209,10,Bản mặt cầu (Deck Slab):S3,0.33,0.18,11.7
C209,10,Bản mặt cầu (Deck Slab):S3,0.33,0.18,11.7
C209,10,Bản mặt cầu (Deck Slab):S3,0.33,0.18,11.7
C210,10,Cọc khoan nhồi D1200 (26 cọc L=872m):P1-P1D,3.39,0.18,11.7
C210,10,Cọc khoan nhồi D1200 (26 cọc L=872m):P1-P1D,3.39,0.18,11.7
C210,10,Cọc khoan nhồi D1200 (26 cọc L=872m):P1-P1D,3.39,0.18,11.7
C210,10,Bản mặt cầu (Deck Slab):S3,0.33,0.18,11.7
C210,10,Bản mặt cầu (Deck Slab):S3,0.33,0.18,11.7
C210,10,Bản mặt cầu (Deck Slab):S3,0.33,0.18,11.7
C210,10,Bản mặt cầu (Deck Slab):S3,0.33,0.18,11.7
C211,10,Cọc khoan nhồi D1200 (26 cọc L=872m):P1-P1D,3.39,0.18,11.7
C211,10,Cọc khoan nhồi D1200 (26 cọc L=872m):P1-P1D,3.39,0.18,11.7
C211,10,Cọc khoan nhồi D1200 (26 cọc L=872m):P1-P1D,3.39,0.18,11.7
C211,10,Bản mặt cầu (Deck Slab):S3,0.33,0.18,11.7
C211,10,Bản mặt cầu (Deck Slab):S3,0.33,0.18,11.7
C211,10,Bản mặt cầu (Deck Slab):S3,0.33,0.18,11.7
C211,10,Bản mặt cầu (Deck Slab):S3,0.33,0.18,11.7
C212,10,Cọc khoan nhồi D1200 (26 cọc L=872m):P1-P1D,3.39,0.18,11.7
C212,10,Cọc khoan nhồi D1200 (26 cọc L=872m):P1-P1D,3.39,0.18,11.7
C212,10,Cọc khoan nhồi D1200 (26 cọc L=872m):P1-P1D,3.39,0.18,11.7
C212,10,Bản mặt cầu (Deck Slab):S3,0.33,0.18,11.7
C212,10,Bản mặt cầu (Deck Slab):S3,0.33,0.18,11.7
C212,10,Bản mặt cầu (Deck Slab):S3,0.33,0.18,11.7
C212,10,Bản mặt cầu (Deck Slab):S3,0.33,0.18,11.7
C213,10,Cọc khoan nhồi D1200 (26 cọc L=872m):P1-P1D,3.39,0.18,11.7
C213,10,Cọc khoan nhồi D1200 (26 cọc L=872m):P1-P1D,3.39,0.18,11.7
C213,10,Cọc khoan nhồi D1200 (26 cọc L=872m):P1-P1D,3.39,0.18,11.7
C213,10,Bản mặt cầu (Deck Slab):S3,0.33,0.18,11.7
C213,10,Bản mặt cầu (Deck Slab):S3,0.33,0.18,11.7
C213,10,Bản mặt cầu (Deck Slab):S3,0.33,0.18,11.7
C213,10,Bản mặt cầu (Deck Slab):S3,0.33,0.18,11.7
C214,10,Cọc khoan nhồi D1200 (26 cọc L=872m):P1-P1D,3.39,0.18,11.7
C214,10,Cọc khoan nhồi D1200 (26 cọc L=872m):P1-P1D,3.39,0.18,11.7
C214,10,Cọc khoan nhồi D1200 (26 cọc L=872m):P1-P1D,3.39,0.18,11.7
C214,10,Bản mặt cầu (Deck Slab):S3,0.33,0.18,11.7
C214,10,Bản mặt cầu (Deck Slab):S3,0.33,0.18,11.7
C214,10,Bản mặt cầu (Deck Slab):S3,0.33,0.18,11.7
C214,10,Bản mặt cầu (Deck Slab):S3,0.33,0.18,11.7
C215,10,Cọc khoan nhồi D1200 (26 cọc L=872m):P1-P1D,3.39,0.18,11.7
C215,10,Cọc khoan nhồi D1200 (26 cọc L=872m):P1-P1D,3.39,0.18,11.7
C215,10,Cọc khoan nhồi D1200 (26 cọc L=872m):P1-P1D,3.39,0.18,11.7
C215,10,Bản mặt cầu (Deck Slab):S3,0.33,0.18,11.7
C215,10,Bản mặt cầu (Deck Slab):S3,0.33,0.18,11.7
C215,10,Bản mặt cầu (Deck Slab):S3,0.33,0.18,11.7
C215,10,Bản mặt cầu (Deck Slab):S3,0.33,0.18,11.7
C216,10,Cọc khoan nhồi D1200 (26 cọc L=872m):P1-P1D,3.39,0.18,11.7
C216,10,Cọc khoan nhồi D1200 (26 cọc L=872m):P1-P1D,3.39,0.18,11.7
C216,10,Cọc khoan nhồi D1200 (26 cọc L=872m):P1-P1D,3.39,0.18,11.7
C216,10,Bản mặt cầu (Deck Slab):S3,0.33,0.18,11.7
C216,10,Bản mặt cầu (Deck Slab):S3,0.33,0.18,11.7
C216,10,Bản mặt cầu (Deck Slab):S3,0.33,0.18,11.7
C216,10,Bản mặt cầu (Deck Slab):S3,0.33,0.18,11.7
C217,10,Cọc khoan nhồi D1200 (26 cọc L=872m):P1-P1D,3.39,0.18,11.7
C217,10,Cọc khoan nhồi D1200 (26 cọc L=872m):P1-P1D,3.39,0.18,11.7
C217,10,Cọc khoan nhồi D1200 (26 cọc L=872m):P1-P1D,3.39,0.18,11.7
C217,10,Bản mặt cầu (Deck Slab):S3,0.33,0.18,11.7
C217,10,Bản mặt cầu (Deck Slab):S3,0.33,0.18,11.7
C217,10,Bản mặt cầu (Deck Slab):S3,0.33,0.18,11.7
C217,10,Bản mặt cầu (Deck Slab):S3,0.33,0.18,11.7
C218,10,Cọc khoan nhồi D1200 (26 cọc L=872m):P1-P1D,3.39,0.18,11.7
C218,10,Cọc khoan nhồi D1200 (26 cọc L=872m):P1-P1D,3.39,0.18,11.7
C218,10,Cọc khoan nhồi D1200 (26 cọc L=872m):P1-P1D,3.39,0.18,11.7
C218,10,Bản mặt cầu (Deck Slab):S3,0.33,0.18,11.7
C218,10,Bản mặt cầu (Deck Slab):S3,0.33,0.18,11.7
C218,10,Bản mặt cầu (Deck Slab):S3,0.33,0.18,11.7
C218,10,Bản mặt cầu (Deck Slab):S3,0.33,0.18,11.7
C219,10,Cọc khoan nhồi D1200 (26 cọc L=872m):P1-P1D,3.39,0.18,11.7
C219,10,Cọc khoan nhồi D1200 (26 cọc L=872m):P1-P1D,3.39,0.18,11.7
C219,10,Cọc khoan nhồi D1200 (26 cọc L=872m):P1-P1D,3.39,0.18,11.7
C219,10,Bản mặt cầu (Deck Slab):S3,0.33,0.18,11.7
C219,10,Bản mặt cầu (Deck Slab):S3,0.33,0.18,11.7
C219,10,Bản mặt cầu (Deck Slab):S3,0.33,0.18,11.7
C219,10,Bản mặt cầu (Deck Slab):S3,0.33,0.18,11.7
C220,10,Cọc khoan nhồi D1200 (26 cọc L=872m):P1-P1D,3.39,0.18,11.7
C220,10,Cọc khoan nhồi D1200 (26 cọc L=872m):P1-P1D,3.39,0.18,11.7
C220,10,Cọc khoan nhồi D1200 (26 cọc L=872m):P1-P1D,3.39,0.18,11.7
C220,10,Bản mặt cầu (Deck Slab):S3,0.33,0.18,11.7
C220,10,Bản mặt cầu (Deck Slab):S3,0.33,0.18,11.7
C220,10,Bản mặt cầu (Deck Slab):S3,0.33,0.18,11.7
C220,10,Bản mặt cầu (Deck Slab):S3,0.33,0.18,11.7
C221,10,Cọc khoan nhồi D1200 (26 cọc L=872m):P1-P1D,3.39,0.18,11.7
C221,10,Cọc khoan nhồi D1200 (26 cọc L=872m):P1-P1D,3.39,0.18,11.7
C221,10,Cọc khoan nhồi D1200 (26 cọc L=872m):P1-P1D,3.39,0.18,11.7
C221,10,Bản mặt cầu (Deck Slab):S3,0.33,0.18,11.7
C221,10,Bản mặt cầu (Deck Slab):S3,0.33,0.18,11.7
C221,10,Bản mặt cầu (Deck Slab):S3,0.33,0.18,11.7
C221,10,Bản mặt cầu (Deck Slab):S3,0.33,0.18,11.7
C222,10,Cọc khoan nhồi D1200 (26 cọc L=872m):P1-P1D,3.39,0.18,11.7
C222,10,Cọc khoan nhồi D1200 (26 cọc L=872m):P1-P1D,3.39,0.18,11.7
C222,10,Cọc khoan nhồi D1200 (26 cọc L=872m):P1-P1D,3.39,0.18,11.7
C222,10,Bản mặt cầu (Deck Slab):S3,0.33,0.18,11.7
C222,10,Bản mặt cầu (Deck Slab):S3,0.33,0.18,11.7
C222,10,Bản mặt cầu (Deck Slab):S3,0.33,0.18,11.7
C222,10,Bản mặt cầu (Deck Slab):S3,0.33,0.18,11.7
C223,10,Cọc khoan nhồi D1200 (26 cọc L=872m):P1-P1D,3.39,0.18,11.7
C223,10,Cọc khoan nhồi D1200 (26 cọc L=872m):P1-P1D,3.39,0.18,11.7
C223,10,Cọc khoan nhồi D1200 (26 cọc L=872m):P1-P1D,3.39,0.18,11.7
C223,10,Bản mặt cầu (Deck Slab):S3,0.33,0.18,11.7
C223,10,Bản mặt cầu (Deck Slab):S3,0.33,0.18,11.7
C223,10,Bản mặt cầu (Deck Slab):S3,0.33,0.18,11.7
C223,10,Bản mặt cầu (Deck Slab):S3,0.33,0.18,11.7
C224,10,Cọc khoan nhồi D1200 (26 cọc L=872m):P1-P1D,3.39,0.18,11.7
C224,10,Cọc khoan nhồi D1200 (26 cọc L=872m):P1-P1D,3.39,0.18,11.7
C224,10,Cọc khoan nhồi D1200 (26 cọc L=872m):P1-P1D,3.39,0.18,11.7
C224,10,Bản mặt cầu (Deck Slab):S3,0.33,0.18,11.7
C224,10,Bản mặt cầu (Deck Slab):S3,0.33,0.18,11.7
C224,10,Bản mặt cầu (Deck Slab):S3,0.33,0.18,11.7
C224,10,Bản mặt cầu (Deck Slab):S3,0.33,0.18,11.7
C225,10,Cọc khoan nhồi D1200 (26 cọc L=872m):P1-P1D,3.39,0.18,11.7
C225,10,Cọc khoan nhồi D1200 (26 cọc L=872m):P1-P1D,3.39,0.18,11.7
C225,10,Cọc khoan nhồi D1200 (26 cọc L=872m):P1-P1D,3.39,0.18,11.7
C225,10,Bản mặt cầu (Deck Slab):S3,0.33,0.18,11.7
C225,10,Bản mặt cầu (Deck Slab):S3,0.33,0.18,11.7
C225,10,Bản mặt cầu (Deck Slab):S3,0.33,0.18,11.7
C225,10,Bản mặt cầu (Deck Slab):S3,0.33,0.18,11.7
C226,10,Cọc khoan nhồi D1200 (26 cọc L=872m):P1-P1D,3.39,0.18,11.7
C226,10,Cọc khoan nhồi D1200 (26 cọc L=872m):P1-P1D,3.39,0.18,11.7
C226,10,Cọc khoan nhồi D1200 (26 cọc L=872m):P1-P1D,3.39,0.18,11.7
C226,10,Bản mặt cầu (Deck Slab):S3,0.33,0.18,11.7
C226,10,Bản mặt cầu (Deck Slab):S3,0.33,0.18,11.7
C226,10,Bản mặt cầu (Deck Slab):S3,0.33,0.18,11.7
C226,10,Bản mặt cầu (Deck Slab):S3,0.33,0.18,11.7
C227,10,Cọc khoan nhồi D1200 (26 cọc L=872m):P1-P1D,3.39,0.18,11.7
C227,10,Cọc khoan nhồi D1200 (26 cọc L=872m):P1-P1D,3.39,0.18,11.7
C227,10,Cọc khoan nhồi D1200 (26 cọc L=872m):P1-P1D,3.39,0.18,11.7
C227,10,Bản mặt cầu (Deck Slab):S3,0.33,0.18,11.7
C227,10,Bản mặt cầu (Deck Slab):S3,0.33,0.18,11.7
C227,10,Bản mặt cầu (Deck Slab):S3,0.33,0.18,11.7
C227,10,Bản mặt cầu (Deck Slab):S3,0.33,0.18,11.7
C228,10,Cọc khoan nhồi D1200 (26 cọc L=872m):P1-P1D,3.39,0.18,11.7
C228,10,Cọc khoan nhồi D1200 (26 cọc L=872m):P1-P1D,3.39,0.18,11.7
C228,10,Cọc khoan nhồi D1200 (26 cọc L=872m):P1-P1D,3.39,0.18,11.7
C228,10,Bản mặt cầu (Deck Slab):S3,0.33,0.18,11.7
C228,10,Bản mặt cầu (Deck Slab):S3,0.33,0.18,11.7
C228,10,Bản mặt cầu (Deck Slab):S3,0.33,0.18,11.7
C228,10,Bản mặt cầu (Deck Slab):S3,0.33,0.18,11.7
C229,10,Cọc khoan nhồi D1200 (26 cọc L=872m):P1-P1D,3.39,0.18,11.7
C229,10,Cọc khoan nhồi D1200 (26 cọc L=872m):P1-P1D,3.39,0.18,11.7
C229,10,Cọc khoan nhồi D1200 (26 cọc L=872m):P1-P1D,3.39,0.18,11.7
C229,10,Bản mặt cầu (Deck Slab):S3,0.33,0.18,11.7
C229,10,Bản mặt cầu (Deck Slab):S3,0.33,0.18,11.7
C229,10,Bản mặt cầu (Deck Slab):S3,0.33,0.18,11.7
C229,10,Bản mặt cầu (Deck Slab):S3,0.33,0.18,11.7
C230,10,Cọc khoan nhồi D1200 (26 cọc L=872m):P1-P1D,3.39,0.18,11.7
C230,10,Cọc khoan nhồi D1200 (26 cọc L=872m):P1-P1D,3.39,0.18,11.7
C230,10,Cọc khoan nhồi D1200 (26 cọc L=872m):P1-P1D,3.39,0.18,11.7
C230,10,Bản mặt cầu (Deck Slab):S3,0.33,0.18,11.7
C230,10,Bản mặt cầu (Deck Slab):S3,0.33,0.18,11.7
C230,10,Bản mặt cầu (Deck Slab):S3,0.33,0.18,11.7
C230,10,Bản mặt cầu (Deck Slab):S3,0.33,0.18,11.7
C231,10,Cọc khoan nhồi D1200 (26 cọc L=872m):P1-P1D,3.39,0.18,11.7
C231,10,Cọc khoan nhồi D1200 (26 cọc L=872m):P1-P1D,3.39,0.18,11.7
C231,10,Cọc khoan nhồi D1200 (26 cọc L=872m):P1-P1D,3.39,0.18,11.7
C231,10,Bản mặt cầu (Deck Slab):S3,0.33,0.18,11.7
C231,10,Bản mặt cầu (Deck Slab):S3,0.33,0.18,11.7
C231,10,Bản mặt cầu (Deck Slab):S3,0.33,0.18,11.7
C231,10,Bản mặt cầu (Deck Slab):S3,0.33,0.18,11.7
C232,10,Cọc khoan nhồi D1200 (26 cọc L=872m):P1-P1D,3.39,0.18,11.7
C232,10,Cọc khoan nhồi D1200 (26 cọc L=872m):P1-P1D,3.39,0.18,11.7
C232,10,Cọc khoan nhồi D1200 (26 cọc L=872m):P1-P1D,3.39,0.18,11.7
C232,10,Bản mặt cầu (Deck Slab):S3,0.33,0.18,11.7
C232,10,Bản mặt cầu (Deck Slab):S3,0.33,0.18,11.7
C232,10,Bản mặt cầu (Deck Slab):S3,0.33,0.18,11.7
C232,10,Bản mặt cầu (Deck Slab):S3,0.33,0.18,11.7
C233,10,Cọc khoan nhồi D1200 (26 cọc L=872m):P1-P1D,3.39,0.18,11.7
C233,10,Cọc khoan nhồi D1200 (26 cọc L=872m):P1-P1D,3.39,0.18,11.7
C233,10,Cọc khoan nhồi D1200 (26 cọc L=872m):P1-P1D,3.39,0.18,11.7
C233,10,Bản mặt cầu (Deck Slab):S3,0.33,0.18,11.7
C233,10,Bản mặt cầu (Deck Slab):S3,0.33,0.18,11.7
C233,10,Bản mặt cầu (Deck Slab):S3,0.33,0.18,11.7
C233,10,Bản mặt cầu (Deck Slab):S3,0.33,0.18,11.7
C234,10,Cọc khoan nhồi D1200 (26 cọc L=872m):P1-P1D,3.39,0.18,11.7
C234,10,Cọc khoan nhồi D1200 (26 cọc L=872m):P1-P1D,3.39,0.18,11.7
C234,10,Cọc khoan nhồi D1200 (26 cọc L=872m):P1-P1D,3.39,0.18,11.7
C234,10,Bản mặt cầu (Deck Slab):S3,0.33,0.18,11.7
C234,10,Bản mặt cầu (Deck Slab):S3,0.33,0.18,11.7
C234,10,Bản mặt cầu (Deck Slab):S3,0.33,0.18,11.7
C234,10,Bản mặt cầu (Deck Slab):S3,0.33,0.18,11.7
C235,10,Cọc khoan nhồi D1200 (26 cọc L=872m):P1-P1D,3.39,0.18,11.7
C235,10,Cọc khoan nhồi D1200 (26 cọc L=872m):P1-P1D,3.39,0.18,11.7
C235,10,Cọc khoan nhồi D1200 (26 cọc L=872m):P1-P1D,3.39,0.18,11.7
C235,10,Bản mặt cầu (Deck Slab):S3,0.33,0.18,11.7
C235,10,Bản mặt cầu (Deck Slab):S3,0.33,0.18,11.7
C235,10,Bản mặt cầu (Deck Slab):S3,0.33,0.18,11.7
C235,10,Bản mặt cầu (Deck Slab):S3,0.33,0.18,11.7
C236,10,Cọc khoan nhồi D1200 (26 cọc L=872m):P1-P1D,3.39,0.18,11.7
C236,10,Cọc khoan nhồi D1200 (26 cọc L=872m):P1-P1D,3.39,0.18,11.7
C236,10,Cọc khoan nhồi D1200 (26 cọc L=872m):P1-P1D,3.39,0.18,11.7
C236,10,Bản mặt cầu (Deck Slab):S3,0.33,0.18,11.7
C236,10,Bản mặt cầu (Deck Slab):S3,0.33,0.18,11.7
C236,10,Bản mặt cầu (Deck Slab):S3,0.33,0.18,11.7
C236,10,Bản mặt cầu (Deck Slab):S3,0.33,0.18,11.7
C237,10,Cọc khoan nhồi D1200 (26 cọc L=872m):P1-P1D,3.39,0.18,11.7
C237,10,Cọc khoan nhồi D1200 (26 cọc L=872m):P1-P1D,3.39,0.18,11.7
C237,10,Cọc khoan nhồi D1200 (26 cọc L=872m):P1-P1D,3.39,0.18,11.7
C237,10,Bản mặt cầu (Deck Slab):S3,0.33,0.18,11.7
C237,10,Bản mặt cầu (Deck Slab):S3,0.33,0.18,11.7
C237,10,Bản mặt cầu (Deck Slab):S3,0.33,0.18,11.7
C237,10,Bản mặt cầu (Deck Slab):S3,0.33,0.18,11.7
C238,10,Cọc khoan nhồi D1200 (26 cọc L=872m):P1-P1D,3.39,0.18,11.7
C238,10,Cọc khoan nhồi D1200 (26 cọc L=872m):P1-P1D,3.39,0.18,11.7
C238,10,Cọc khoan nhồi D1200 (26 cọc L=872m):P1-P1D,3.39,0.18,11.7
C238,10,Bản mặt cầu (Deck Slab):S3,0.33,0.18,11.7
C238,10,Bản mặt cầu (Deck Slab):S3,0.33,0.18,11.7
C238,10,Bản mặt cầu (Deck Slab):S3,0.33,0.18,11.7
C238,10,Bản mặt cầu (Deck Slab):S3,0.33,0.18,11.7
C239,10,Cọc khoan nhồi D1200 (26 cọc L=872m):P1-P1D,3.39,0.18,11.7
C239,10,Cọc khoan nhồi D1200 (26 cọc L=872m):P1-P1D,3.39,0.18,11.7
C239,10,Cọc khoan nhồi D1200 (26 cọc L=872m):P1-P1D,3.39,0.18,11.7
C239,10,Bản mặt cầu (Deck Slab):S3,0.33,0.18,11.7
C239,10,Bản mặt cầu (Deck Slab):S3,0.33,0.18,11.7
C239,10,Bản mặt cầu (Deck Slab):S3,0.33,0.18,11.7
C239,10,Bản mặt cầu (Deck Slab):S3,0.33,0.18,11.7
C240,10,Cọc khoan nhồi D1200 (26 cọc L=872m):P1-P1D,3.39,0.18,11.7
C240,10,Cọc khoan nhồi D1200 (26 cọc L=872m):P1-P1D,3.39,0.18,11.7
C240,10,Cọc khoan nhồi D1200 (26 cọc L=872m):P1-P1D,3.39,0.18,11.7
C240,10,Bản mặt cầu (Deck Slab):S3,0.33,0.18,11.7
C240,10,Bản mặt cầu (Deck Slab):S3,0.33,0.18,11.7
C240,10,Bản mặt cầu (Deck Slab):S3,0.33,0.18,11.7
C240,10,Bản mặt cầu (Deck Slab):S3,0.33,0.18,11.7
C241,10,Cọc khoan nhồi D1200 (26 cọc L=872m):P1-P1D,3.39,0.18,11.7
C241,10,Cọc khoan nhồi D1200 (26 cọc L=872m):P1-P1D,3.39,0.18,11.7
C241,10,Cọc khoan nhồi D1200 (26 cọc L=872m):P1-P1D,3.39,0.18,11.7
C241,10,Bản mặt cầu (Deck Slab):S3,0.33,0.18,11.7
C241,10,Bản mặt cầu (Deck Slab):S3,0.33,0.18,11.7
C241,10,Bản mặt cầu (Deck Slab):S3,0.33,0.18,11.7
C241,10,Bản mặt cầu (Deck Slab):S3,0.33,0.18,11.7
C242,10,Cọc khoan nhồi D1200 (26 cọc L=872m):P1-P1D,3.39,0.18,11.7
C242,10,Cọc khoan nhồi D1200 (26 cọc L=872m):P1-P1D,3.39,0.18,11.7
C242,10,Cọc khoan nhồi D1200 (26 cọc L=872m):P1-P1D,3.39,0.18,11.7
C242,10,Bản mặt cầu (Deck Slab):S3,0.33,0.18,11.7
C242,10,Bản mặt cầu (Deck Slab):S3,0.33,0.18,11.7
C242,10,Bản mặt cầu (Deck Slab):S3,0.33,0.18,11.7
C242,10,Bản mặt cầu (Deck Slab):S3,0.33,0.18,11.7
C243,10,Cọc khoan nhồi D1200 (26 cọc L=872m):P1-P1D,3.39,0.18,11.7
C243,10,Cọc khoan nhồi D1200 (26 cọc L=872m):P1-P1D,3.39,0.18,11.7
C243,10,Cọc khoan nhồi D1200 (26 cọc L=872m):P1-P1D,3.39,0.18,11.7
C243,10,Bản mặt cầu (Deck Slab):S3,0.33,0.18,11.7
C243,10,Bản mặt cầu (Deck Slab):S3,0.33,0.18,11.7
C243,10,Bản mặt cầu (Deck Slab):S3,0.33,0.18,11.7
C243,10,Bản mặt cầu (Deck Slab):S3,0.33,0.18,11.7
C244,10,Cọc khoan nhồi D1200 (26 cọc L=872m):P1-P1D,3.39,0.18,11.7
C244,10,Cọc khoan nhồi D1200 (26 cọc L=872m):P1-P1D,3.39,0.18,11.7
C244,10,Cọc khoan nhồi D1200 (26 cọc L=872m):P1-P1D,3.39,0.18,11.7
C244,10,Bản mặt cầu (Deck Slab):S3,0.33,0.18,11.7
C244,10,Bản mặt cầu (Deck Slab):S3,0.33,0.18,11.7
C244,10,Bản mặt cầu (Deck Slab):S3,0.33,0.18,11.7
C244,10,Bản mặt cầu (Deck Slab):S3,0.33,0.18,11.7
C245,10,Cọc khoan nhồi D1200 (26 cọc L=872m):P1-P1D,3.39,0.18,11.7
C245,10,Cọc khoan nhồi D1200 (26 cọc L=872m):P1-P1D,3.39,0.18,11.7
C245,10,Cọc khoan nhồi D1200 (26 cọc L=872m):P1-P1D,3.39,0.18,11.7
C245,10,Bản mặt cầu (Deck Slab):S3,0.33,0.18,11.7
C245,10,Bản mặt cầu (Deck Slab):S3,0.33,0.18,11.7
C245,10,Bản mặt cầu (Deck Slab):S3,0.33,0.18,11.7
C245,10,Bản mặt cầu (Deck Slab):S3,0.33,0.18,11.7
C246,10,Cọc khoan nhồi D1200 (26 cọc L=872m):P1-P1D,3.39,0.18,11.7
C246,10,Cọc khoan nhồi D1200 (26 cọc L=872m):P1-P1D,3.39,0.18,11.7
C246,10,Cọc khoan nhồi D1200 (26 cọc L=872m):P1-P1D,3.39,0.18,11.7
C246,10,Bản mặt cầu (Deck Slab):S3,0.33,0.18,11.7
C246,10,Bản mặt cầu (Deck Slab):S3,0.33,0.18,11.7
C246,10,Bản mặt cầu (Deck Slab):S3,0.33,0.18,11.7
C246,10,Bản mặt cầu (Deck Slab):S3,0.33,0.18,11.7
C247,10,Cọc khoan nhồi D1200 (26 cọc L=872m):P1-P1D,3.39,0.18,11.7
C247,10,Cọc khoan nhồi D1200 (26 cọc L=872m):P1-P1D,3.39,0.18,11.7
C247,10,Cọc khoan nhồi D1200 (26 cọc L=872m):P1-P1D,3.39,0.18,11.7
C247,10,Bản mặt cầu (Deck Slab):S3,0.33,0.18,11.7
C247,10,Bản mặt cầu (Deck Slab):S3,0.33,0.18,11.7
C247,10,Bản mặt cầu (Deck Slab):S3,0.33,0.18,11.7
C247,10,Bản mặt cầu (Deck Slab):S3,0.33,0.18,11.7
C248,10,Cọc khoan nhồi D1200 (26 cọc L=872m):P1-P1D,3.39,0.18,11.7
C248,10,Cọc khoan nhồi D1200 (26 cọc L=872m):P1-P1D,3.39,0.18,11.7
C248,10,Cọc khoan nhồi D1200 (26 cọc L=872m):P1-P1D,3.39,0.18,11.7
C248,10,Bản mặt cầu (Deck Slab):S3,0.33,0.18,11.7
C248,10,Bản mặt cầu (Deck Slab):S3,0.33,0.18,11.7
C248,10,Bản mặt cầu (Deck Slab):S3,0.33,0.18,11.7
C248,10,Bản mặt cầu (Deck Slab):S3,0.33,0.18,11.7
C249,10,Cọc khoan nhồi D1200 (26 cọc L=872m):P1-P1D,3.39,0.18,11.7
C249,10,Cọc khoan nhồi D1200 (26 cọc L=872m):P1-P1D,3.39,0.18,11.7
C249,10,Cọc khoan nhồi D1200 (26 cọc L=872m):P1-P1D,3.39,0.18,11.7
C249,10,Bản mặt cầu (Deck Slab):S3,0.33,0.18,11.7
C249,10,Bản mặt cầu (Deck Slab):S3,0.33,0.18,11.7
C249,10,Bản mặt cầu (Deck Slab):S3,0.33,0.18,11.7
C249,10,Bản mặt cầu (Deck Slab):S3,0.33,0.18,11.7
C250,10,Cọc khoan nhồi D1200 (26 cọc L=872m):P1-P1D,3.39,0.18,11.7
C250,10,Cọc khoan nhồi D1200 (26 cọc L=872m):P1-P1D,3.39,0.18,11.7
C250,10,Cọc khoan nhồi D1200 (26 cọc L=872m):P1-P1D,3.39,0.18,11.7
C250,10,Bản mặt cầu (Deck Slab):S3,0.33,0.18,11.7
C250,10,Bản mặt cầu (Deck Slab):S3,0.33,0.18,11.7
C250,10,Bản mặt cầu (Deck Slab):S3,0.33,0.18,11.7
C250,10,Bản mặt cầu (Deck Slab):S3,0.33,0.18,11.7
C251,10,Cọc khoan nhồi D1200 (26 cọc L=872m):P1-P1D,3.39,0.18,11.7
C251,10,Cọc khoan nhồi D1200 (26 cọc L=872m):P1-P1D,3.39,0.18,11.7
C251,10,Cọc khoan nhồi D1200 (26 cọc L=872m):P1-P1D,3.39,0.18,11.7
C251,10,Bản mặt cầu (Deck Slab):S3,0.33,0.18,11.7
C251,10,Bản mặt cầu (Deck Slab):S3,0.33,0.18,11.7
C251,10,Bản mặt cầu (Deck Slab):S3,0.33,0.18,11.7
C251,10,Bản mặt cầu (Deck Slab):S3,0.33,0.18,11.7
C252,10,Cọc khoan nhồi D1200 (26 cọc L=872m):P1-P1D,3.39,0.18,11.7
C252,10,Cọc khoan nhồi D1200 (26 cọc L=872m):P1-P1D,3.39,0.18,11.7
C252,10,Cọc khoan nhồi D1200 (26 cọc L=872m):P1-P1D,3.39,0.18,11.7
C252,10,Bản mặt cầu (Deck Slab):S3,0.33,0.18,11.7
C252,10,Bản mặt cầu (Deck Slab):S3,0.33,0.18,11.7
C252,10,Bản mặt cầu (Deck Slab):S3,0.33,0.18,11.7
C252,10,Bản mặt cầu (Deck Slab):S3,0.33,0.18,11.7
C253,10,Cọc khoan nhồi D1200 (26 cọc L=872m):P1-P1D,3.39,0.18,11.7
C253,10,Cọc khoan nhồi D1200 (26 cọc L=872m):P1-P1D,3.39,0.18,11.7
C253,10,Cọc khoan nhồi D1200 (26 cọc L=872m):P1-P1D,3.39,0.18,11.7
C253,10,Bản mặt cầu (Deck Slab):S3,0.33,0.18,11.7
C253,10,Bản mặt cầu (Deck Slab):S3,0.33,0.18,11.7
C253,10,Bản mặt cầu (Deck Slab):S3,0.33,0.18,11.7
C253,10,Bản mặt cầu (Deck Slab):S3,0.33,0.18,11.7
C254,10,Cọc khoan nhồi D1200 (26 cọc L=872m):P1-P1D,3.39,0.18,11.7
C254,10,Cọc khoan nhồi D1200 (26 cọc L=872m):P1-P1D,3.39,0.18,11.7
C254,10,Cọc khoan nhồi D1200 (26 cọc L=872m):P1-P1D,3.39,0.18,11.7
C254,10,Bản mặt cầu (Deck Slab):S3,0.33,0.18,11.7
C254,10,Bản mặt cầu (Deck Slab):S3,0.33,0.18,11.7
C254,10,Bản mặt cầu (Deck Slab):S3,0.33,0.18,11.7
C254,10,Bản mặt cầu (Deck Slab):S3,0.33,0.18,11.7
C255,10,Cọc khoan nhồi D1200 (26 cọc L=872m):P1-P1D,3.39,0.18,11.7
C255,10,Cọc khoan nhồi D1200 (26 cọc L=872m):P1-P1D,3.39,0.18,11.7
C255,10,Cọc khoan nhồi D1200 (26 cọc L=872m):P1-P1D,3.39,0.18,11.7
C255,10,Bản mặt cầu (Deck Slab):S3,0.33,0.18,11.7
C255,10,Bản mặt cầu (Deck Slab):S3,0.33,0.18,11.7
C255,10,Bản mặt cầu (Deck Slab):S3,0.33,0.18,11.7
C255,10,Bản mặt cầu (Deck Slab):S3,0.33,0.18,11.7
C256,10,Cọc khoan nhồi D1200 (26 cọc L=872m):P1-P1D,3.39,0.18,11.7
C256,10,Cọc khoan nhồi D1200 (26 cọc L=872m):P1-P1D,3.39,0.18,11.7
C256,10,Cọc khoan nhồi D1200 (26 cọc L=872m):P1-P1D,3.39,0.18,11.7
C256,10,Bản mặt cầu (Deck Slab):S3,0.33,0.18,11.7
C256,10,Bản mặt cầu (Deck Slab):S3,0.33,0.18,11.7
C256,10,Bản mặt cầu (Deck Slab):S3,0.33,0.18,11.7
C256,10,Bản mặt cầu (Deck Slab):S3,0.33,0.18,11.7
C257,10,Cọc khoan nhồi D1200 (26 cọc L=872m):P1-P1D,3.39,0.18,11.7
C257,10,Cọc khoan nhồi D1200 (26 cọc L=872m):P1-P1D,3.39,0.18,11.7
C257,10,Cọc khoan nhồi D1200 (26 cọc L=872m):P1-P1D,3.39,0.18,11.7
C257,10,Bản mặt cầu (Deck Slab):S3,0.33,0.18,11.7
C257,10,Bản mặt cầu (Deck Slab):S3,0.33,0.18,11.7
C257,10,Bản mặt cầu (Deck Slab):S3,0.33,0.18,11.7
C257,10,Bản mặt cầu (Deck Slab):S3,0.33,0.18,11.7
C258,10,Cọc khoan nhồi D1200 (26 cọc L=872m):P1-P1D,3.39,0.18,11.7
C258,10,Cọc khoan nhồi D1200 (26 cọc L=872m):P1-P1D,3.39,0.18,11.7
C258,10,Cọc khoan nhồi D1200 (26 cọc L=872m):P1-P1D,3.39,0.18,11.7
C258,10,Bản mặt cầu (Deck Slab):S3,0.33,0.18,11.7
C258,10,Bản mặt cầu (Deck Slab):S3,0.33,0.18,11.7
C258,10,Bản mặt cầu (Deck Slab):S3,0.33,0.18,11.7
C258,10,Bản mặt cầu (Deck Slab):S3,0.33,0.18,11.7
C259,10,Cọc khoan nhồi D1200 (26 cọc L=872m):P1-P1D,3.39,0.18,11.7
C259,10,Cọc khoan nhồi D1200 (26 cọc L=872m):P1-P1D,3.39,0.18,11.7
C259,10,Cọc khoan nhồi D1200 (26 cọc L=872m):P1-P1D,3.39,0.18,11.7
C259,10,Bản mặt cầu (Deck Slab):S3,0.33,0.18,11.7
C259,10,Bản mặt cầu (Deck Slab):S3,0.33,0.18,11.7
C259,10,Bản mặt cầu (Deck Slab):S3,0.33,0.18,11.7
C259,10,Bản mặt cầu (Deck Slab):S3,0.33,0.18,11.7
C260,10,Cọc khoan nhồi D1200 (26 cọc L=872m):P1-P1D,3.39,0.18,11.7
C260,10,Cọc khoan nhồi D1200 (26 cọc L=872m):P1-P1D,3.39,0.18,11.7
C260,10,Cọc khoan nhồi D1200 (26 cọc L=872m):P1-P1D,3.39,0.18,11.7
C260,10,Bản mặt cầu (Deck Slab):S3,0.33,0.18,11.7
C260,10,Bản mặt cầu (Deck Slab):S3,0.33,0.18,11.7
C260,10,Bản mặt cầu (Deck Slab):S3,0.33,0.18,11.7
C260,10,Bản mặt cầu (Deck Slab):S3,0.33,0.18,11.7
C261,10,Cọc khoan nhồi D1200 (26 cọc L=872m):P1-P1D,3.39,0.18,11.7
C261,10,Cọc khoan nhồi D1200 (26 cọc L=872m):P1-P1D,3.39,0.18,11.7
C261,10,Cọc khoan nhồi D1200 (26 cọc L=872m):P1-P1D,3.39,0.18,11.7
C261,10,Bản mặt cầu (Deck Slab):S3,0.33,0.18,11.7
C261,10,Bản mặt cầu (Deck Slab):S3,0.33,0.18,11.7
C261,10,Bản mặt cầu (Deck Slab):S3,0.33,0.18,11.7
C261,10,Bản mặt cầu (Deck Slab):S3,0.33,0.18,11.7
C262,10,Cọc khoan nhồi D1200 (26 cọc L=872m):P1-P1D,3.39,0.18,11.7
C262,10,Cọc khoan nhồi D1200 (26 cọc L=872m):P1-P1D,3.39,0.18,11.7
C262,10,Cọc khoan nhồi D1200 (26 cọc L=872m):P1-P1D,3.39,0.18,11.7
C262,10,Bản mặt cầu (Deck Slab):S3,0.33,0.18,11.7
C262,10,Bản mặt cầu (Deck Slab):S3,0.33,0.18,11.7
C262,10,Bản mặt cầu (Deck Slab):S3,0.33,0.18,11.7
C262,10,Bản mặt cầu (Deck Slab):S3,0.33,0.18,11.7
C263,10,Cọc khoan nhồi D1200 (26 cọc L=872m):P1-P1D,3.39,0.18,11.7
C263,10,Cọc khoan nhồi D1200 (26 cọc L=872m):P1-P1D,3.39,0.18,11.7
C263,10,Cọc khoan nhồi D1200 (26 cọc L=872m):P1-P1D,3.39,0.18,11.7
C263,10,Bản mặt cầu (Deck Slab):S3,0.33,0.18,11.7
C263,10,Bản mặt cầu (Deck Slab):S3,0.33,0.18,11.7
C263,10,Bản mặt cầu (Deck Slab):S3,0.33,0.18,11.7
C263,10,Bản mặt cầu (Deck Slab):S3,0.33,0.18,11.7
C264,10,Cọc khoan nhồi D1200 (26 cọc L=872m):P1-P1D,3.39,0.18,11.7
C264,10,Cọc khoan nhồi D1200 (26 cọc L=872m):P1-P1D,3.39,0.18,11.7
C264,10,Cọc khoan nhồi D1200 (26 cọc L=872m):P1-P1D,3.39,0.18,11.7
C264,10,Bản mặt cầu (Deck Slab):S3,0.33,0.18,11.7
C264,10,Bản mặt cầu (Deck Slab):S3,0.33,0.18,11.7
C264,10,Bản mặt cầu (Deck Slab):S3,0.33,0.18,11.7
C264,10,Bản mặt cầu (Deck Slab):S3,0.33,0.18,11.7
C265,10,Cọc khoan nhồi D1200 (26 cọc L=872m):P1-P1D,3.39,0.18,11.7
C265,10,Cọc khoan nhồi D1200 (26 cọc L=872m):P1-P1D,3.39,0.18,11.7
C265,10,Cọc khoan nhồi D1200 (26 cọc L=872m):P1-P1D,3.39,0.18,11.7
C265,10,Bản mặt cầu (Deck Slab):S3,0.33,0.18,11.7
C265,10,Bản mặt cầu (Deck Slab):S3,0.33,0.18,11.7
C265,10,Bản mặt cầu (Deck Slab):S3,0.33,0.18,11.7
C265,10,Bản mặt cầu (Deck Slab):S3,0.33,0.18,11.7
C266,10,Cọc khoan nhồi D1200 (26 cọc L=872m):P1-P1D,3.39,0.18,11.7
C266,10,Cọc khoan nhồi D1200 (26 cọc L=872m):P1-P1D,3.39,0.18,11.7
C266,10,Cọc khoan nhồi D1200 (26 cọc L=872m):P1-P1D,3.39,0.18,11.7
C266,10,Bản mặt cầu (Deck Slab):S3,0.33,0.18,11.7
C266,10,Bản mặt cầu (Deck Slab):S3,0.33,0.18,11.7
C266,10,Bản mặt cầu (Deck Slab):S3,0.33,0.18,11.7
C266,10,Bản mặt cầu (Deck Slab):S3,0.33,0.18,11.7
C267,10,Cọc khoan nhồi D1200 (26 cọc L=872m):P1-P1D,3.39,0.18,11.7
C267,10,Cọc khoan nhồi D1200 (26 cọc L=872m):P1-P1D,3.39,0.18,11.7
C267,10,Cọc khoan nhồi D1200 (26 cọc L=872m):P1-P1D,3.39,0.18,11.7
C267,10,Bản mặt cầu (Deck Slab):S3,0.33,0.18,11.7
C267,10,Bản mặt cầu (Deck Slab):S3,0.33,0.18,11.7
C267,10,Bản mặt cầu (Deck Slab):S3,0.33,0.18,11.7
C267,10,Bản mặt cầu (Deck Slab):S3,0.33,0.18,11.7
C268,10,Cọc khoan nhồi D1200 (26 cọc L=872m):P1-P1D,3.39,0.18,11.7
C268,10,Cọc khoan nhồi D1200 (26 cọc L=872m):P1-P1D,3.39,0.18,11.7
C268,10,Cọc khoan nhồi D1200 (26 cọc L=872m):P1-P1D,3.39,0.18,11.7
C268,10,Bản mặt cầu (Deck Slab):S3,0.33,0.18,11.7
C268,10,Bản mặt cầu (Deck Slab):S3,0.33,0.18,11.7
C268,10,Bản mặt cầu (Deck Slab):S3,0.33,0.18,11.7
C268,10,Bản mặt cầu (Deck Slab):S3,0.33,0.18,11.7
C269,10,Cọc khoan nhồi D1200 (26 cọc L=872m):P1-P1D,3.39,0.18,11.7
C269,10,Cọc khoan nhồi D1200 (26 cọc L=872m):P1-P1D,3.39,0.18,11.7
C269,10,Cọc khoan nhồi D1200 (26 cọc L=872m):P1-P1D,3.39,0.18,11.7
C269,10,Bản mặt cầu (Deck Slab):S3,0.33,0.18,11.7
C269,10,Bản mặt cầu (Deck Slab):S3,0.33,0.18,11.7
C269,10,Bản mặt cầu (Deck Slab):S3,0.33,0.18,11.7
C269,10,Bản mặt cầu (Deck Slab):S3,0.33,0.18,11.7
C270,10,Cọc khoan nhồi D1200 (26 cọc L=872m):P1-P1D,3.39,0.18,11.7
C270,10,Cọc khoan nhồi D1200 (26 cọc L=872m):P1-P1D,3.39,0.18,11.7
C270,10,Cọc khoan nhồi D1200 (26 cọc L=872m):P1-P1D,3.39,0.18,11.7
C270,10,Bản mặt cầu (Deck Slab):S3,0.33,0.18,11.7
C270,10,Bản mặt cầu (Deck Slab):S3,0.33,0.18,11.7
C270,10,Bản mặt cầu (Deck Slab):S3,0.33,0.18,11.7
C270,10,Bản mặt cầu (Deck Slab):S3,0.33,0.18,11.7
C271,10,Cọc khoan nhồi D1200 (26 cọc L=872m):P1-P1D,3.39,0.18,11.7
C271,10,Cọc khoan nhồi D1200 (26 cọc L=872m):P1-P1D,3.39,0.18,11.7
C271,10,Cọc khoan nhồi D1200 (26 cọc L=872m):P1-P1D,3.39,0.18,11.7
C271,10,Bản mặt cầu (Deck Slab):S3,0.33,0.18,11.7
C271,10,Bản mặt cầu (Deck Slab):S3,0.33,0.18,11.7
C271,10,Bản mặt cầu (Deck Slab):S3,0.33,0.18,11.7
C271,10,Bản mặt cầu (Deck Slab):S3,0.33,0.18,11.7
C272,10,Cọc khoan nhồi D1200 (26 cọc L=872m):P1-P1D,3.39,0.18,11.7
C272,10,Cọc khoan nhồi D1200 (26 cọc L=872m):P1-P1D,3.39,0.18,11.7
C272,10,Cọc khoan nhồi D1200 (26 cọc L=872m):P1-P1D,3.39,0.18,11.7
C272,10,Bản mặt cầu (Deck Slab):S3,0.33,0.18,11.7
C272,10,Bản mặt cầu (Deck Slab):S3,0.33,0.18,11.7
C272,10,Bản mặt cầu (Deck Slab):S3,0.33,0.18,11.7
C272,10,Bản mặt cầu (Deck Slab):S3,0.33,0.18,11.7
C273,10,Cọc khoan nhồi D1200 (26 cọc L=872m):P1-P1D,3.39,0.18,11.7
C273,10,Cọc khoan nhồi D1200 (26 cọc L=872m):P1-P1D,3.39,0.18,11.7
C273,10,Cọc khoan nhồi D1200 (26 cọc L=872m):P1-P1D,3.39,0.18,11.7
C273,10,Bản mặt cầu (Deck Slab):S3,0.33,0.18,11.7
C273,10,Bản mặt cầu (Deck Slab):S3,0.33,0.18,11.7
C273,10,Bản mặt cầu (Deck Slab):S3,0.33,0.18,11.7
C273,10,Bản mặt cầu (Deck Slab):S3,0.33,0.18,11.7
C274,10,Cọc khoan nhồi D1200 (26 cọc L=872m):P1-P1D,3.39,0.18,11.7
C274,10,Cọc khoan nhồi D1200 (26 cọc L=872m):P1-P1D,3.39,0.18,11.7
C274,10,Cọc khoan nhồi D1200 (26 cọc L=872m):P1-P1D,3.39,0.18,11.7
C274,10,Bản mặt cầu (Deck Slab):S3,0.33,0.18,11.7
C274,10,Bản mặt cầu (Deck Slab):S3,0.33,0.18,11.7
C274,10,Bản mặt cầu (Deck Slab):S3,0.33,0.18,11.7
C274,10,Bản mặt cầu (Deck Slab):S3,0.33,0.18,11.7
C275,10,Cọc khoan nhồi D1200 (26 cọc L=872m):P1-P1D,3.39,0.18,11.7
C275,10,Cọc khoan nhồi D1200 (26 cọc L=872m):P1-P1D,3.39,0.18,11.7
C275,10,Cọc khoan nhồi D1200 (26 cọc L=872m):P1-P1D,3.39,0.18,11.7
C275,10,Bản mặt cầu (Deck Slab):S3,0.33,0.18,11.7
C275,10,Bản mặt cầu (Deck Slab):S3,0.33,0.18,11.7
C275,10,Bản mặt cầu (Deck Slab):S3,0.33,0.18,11.7
C275,10,Bản mặt cầu (Deck Slab):S3,0.33,0.18,11.7
C276,10,Cọc khoan nhồi D1200 (26 cọc L=872m):P1-P1D,3.39,0.18,11.7
C276,10,Cọc khoan nhồi D1200 (26 cọc L=872m):P1-P1D,3.39,0.18,11.7
C276,10,Cọc khoan nhồi D1200 (26 cọc L=872m):P1-P1D,3.39,0.18,11.7
C276,10,Bản mặt cầu (Deck Slab):S3,0.33,0.18,11.7
C276,10,Bản mặt cầu (Deck Slab):S3,0.33,0.18,11.7
C276,10,Bản mặt cầu (Deck Slab):S3,0.33,0.18,11.7
C276,10,Bản mặt cầu (Deck Slab):S3,0.33,0.18,11.7
C277,10,Cọc khoan nhồi D1200 (26 cọc L=872m):P1-P1D,3.39,0.18,11.7
C277,10,Cọc khoan nhồi D1200 (26 cọc L=872m):P1-P1D,3.39,0.18,11.7
C277,10,Cọc khoan nhồi D1200 (26 cọc L=872m):P1-P1D,3.39,0.18,11.7
C277,10,Bản mặt cầu (Deck Slab):S3,0.33,0.18,11.7
C277,10,Bản mặt cầu (Deck Slab):S3,0.33,0.18,11.7
C277,10,Bản mặt cầu (Deck Slab):S3,0.33,0.18,11.7
C277,10,Bản mặt cầu (Deck Slab):S3,0.33,0.18,11.7
C278,10,Cọc khoan nhồi D1200 (26 cọc L=872m):P1-P1D,3.39,0.18,11.7
C278,10,Cọc khoan nhồi D1200 (26 cọc L=872m):P1-P1D,3.39,0.18,11.7
C278,10,Cọc khoan nhồi D1200 (26 cọc L=872m):P1-P1D,3.39,0.18,11.7
C278,10,Bản mặt cầu (Deck Slab):S3,0.33,0.18,11.7
C278,10,Bản mặt cầu (Deck Slab):S3,0.33,0.18,11.7
C278,10,Bản mặt cầu (Deck Slab):S3,0.33,0.18,11.7
C278,10,Bản mặt cầu (Deck Slab):S3,0.33,0.18,11.7
C279,10,Cọc khoan nhồi D1200 (26 cọc L=872m):P1-P1D,3.39,0.18,11.7
C279,10,Cọc khoan nhồi D1200 (26 cọc L=872m):P1-P1D,3.39,0.18,11.7
C279,10,Cọc khoan nhồi D1200 (26 cọc L=872m):P1-P1D,3.39,0.18,11.7
C279,10,Bản mặt cầu (Deck Slab):S3,0.33,0.18,11.7
C279,10,Bản mặt cầu (Deck Slab):S3,0.33,0.18,11.7
C279,10,Bản mặt cầu (Deck Slab):S3,0.33,0.18,11.7
C279,10,Bản mặt cầu (Deck Slab):S3,0.33,0.18,11.7
C280,10,Cọc khoan nhồi D1200 (26 cọc L=872m):P1-P1D,3.39,0.18,11.7
C280,10,Cọc khoan nhồi D1200 (26 cọc L=872m):P1-P1D,3.39,0.18,11.7
C280,10,Cọc khoan nhồi D1200 (26 cọc L=872m):P1-P1D,3.39,0.18,11.7
C280,10,Bản mặt cầu (Deck Slab):S3,0.33,0.18,11.7
C280,10,Bản mặt cầu (Deck Slab):S3,0.33,0.18,11.7
C280,10,Bản mặt cầu (Deck Slab):S3,0.33,0.18,11.7
C280,10,Bản mặt cầu (Deck Slab):S3,0.33,0.18,11.7
C281,10,Cọc khoan nhồi D1200 (26 cọc L=872m):P1-P1D,3.39,0.18,11.7
C281,10,Cọc khoan nhồi D1200 (26 cọc L=872m):P1-P1D,3.39,0.18,11.7
C281,10,Cọc khoan nhồi D1200 (26 cọc L=872m):P1-P1D,3.39,0.18,11.7
C281,10,Bản mặt cầu (Deck Slab):S3,0.33,0.18,11.7
C281,10,Bản mặt cầu (Deck Slab):S3,0.33,0.18,11.7
C281,10,Bản mặt cầu (Deck Slab):S3,0.33,0.18,11.7
C281,10,Bản mặt cầu (Deck Slab):S3,0.33,0.18,11.7
C282,10,Cọc khoan nhồi D1200 (26 cọc L=872m):P1-P1D,3.39,0.18,11.7
C282,10,Cọc khoan nhồi D1200 (26 cọc L=872m):P1-P1D,3.39,0.18,11.7
C282,10,Cọc khoan nhồi D1200 (26 cọc L=872m):P1-P1D,3.39,0.18,11.7
C282,10,Bản mặt cầu (Deck Slab):S3,0.33,0.18,11.7
C282,10,Bản mặt cầu (Deck Slab):S3,0.33,0.18,11.7
C282,10,Bản mặt cầu (Deck Slab):S3,0.33,0.18,11.7
C282,10,Bản mặt cầu (Deck Slab):S3,0.33,0.18,11.7
C283,10,Cọc khoan nhồi D1200 (26 cọc L=872m):P1-P1D,3.39,0.18,11.7
C283,10,Cọc khoan nhồi D1200 (26 cọc L=872m):P1-P1D,3.39,0.18,11.7
C283,10,Cọc khoan nhồi D1200 (26 cọc L=872m):P1-P1D,3.39,0.18,11.7
C283,10,Bản mặt cầu (Deck Slab):S3,0.33,0.18,11.7
C283,10,Bản mặt cầu (Deck Slab):S3,0.33,0.18,11.7
C283,10,Bản mặt cầu (Deck Slab):S3,0.33,0.18,11.7
C283,10,Bản mặt cầu (Deck Slab):S3,0.33,0.18,11.7
C284,10,Cọc khoan nhồi D1200 (26 cọc L=872m):P1-P1D,3.39,0.18,11.7
C284,10,Cọc khoan nhồi D1200 (26 cọc L=872m):P1-P1D,3.39,0.18,11.7
C284,10,Cọc khoan nhồi D1200 (26 cọc L=872m):P1-P1D,3.39,0.18,11.7
C284,10,Bản mặt cầu (Deck Slab):S3,0.33,0.18,11.7
C284,10,Bản mặt cầu (Deck Slab):S3,0.33,0.18,11.7
C284,10,Bản mặt cầu (Deck Slab):S3,0.33,0.18,11.7
C284,10,Bản mặt cầu (Deck Slab):S3,0.33,0.18,11.7
C285,10,Cọc khoan nhồi D1200 (26 cọc L=872m):P1-P1D,3.39,0.18,11.7
C285,10,Cọc khoan nhồi D1200 (26 cọc L=872m):P1-P1D,3.39,0.18,11.7
C285,10,Cọc khoan nhồi D1200 (26 cọc L=872m):P1-P1D,3.39,0.18,11.7
C285,10,Bản mặt cầu (Deck Slab):S3,0.33,0.18,11.7
C285,10,Bản mặt cầu (Deck Slab):S3,0.33,0.18,11.7
C285,10,Bản mặt cầu (Deck Slab):S3,0.33,0.18,11.7
C285,10,Bản mặt cầu (Deck Slab):S3,0.33,0.18,11.7
C286,10,Cọc khoan nhồi D1200 (26 cọc L=872m):P1-P1D,3.39,0.18,11.7
C286,10,Cọc khoan nhồi D1200 (26 cọc L=872m):P1-P1D,3.39,0.18,11.7
C286,10,Cọc khoan nhồi D1200 (26 cọc L=872m):P1-P1D,3.39,0.18,11.7
C286,10,Bản mặt cầu (Deck Slab):S3,0.33,0.18,11.7
C286,10,Bản mặt cầu (Deck Slab):S3,0.33,0.18,11.7
C286,10,Bản mặt cầu (Deck Slab):S3,0.33,0.18,11.7
C286,10,Bản mặt cầu (Deck Slab):S3,0.33,0.18,11.7
C287,10,Cọc khoan nhồi D1200 (26 cọc L=872m):P1-P1D,3.39,0.18,11.7
C287,10,Cọc khoan nhồi D1200 (26 cọc L=872m):P1-P1D,3.39,0.18,11.7
C287,10,Cọc khoan nhồi D1200 (26 cọc L=872m):P1-P1D,3.39,0.18,11.7
C287,10,Bản mặt cầu (Deck Slab):S3,0.33,0.18,11.7
C287,10,Bản mặt cầu (Deck Slab):S3,0.33,0.18,11.7
C287,10,Bản mặt cầu (Deck Slab):S3,0.33,0.18,11.7
C287,10,Bản mặt cầu (Deck Slab):S3,0.33,0.18,11.7
C288,10,Cọc khoan nhồi D1200 (26 cọc L=872m):P1-P1D,3.39,0.18,11.7
C288,10,Cọc khoan nhồi D1200 (26 cọc L=872m):P1-P1D,3.39,0.18,11.7
C288,10,Cọc khoan nhồi D1200 (26 cọc L=872m):P1-P1D,3.39,0.18,11.7
C288,10,Bản mặt cầu (Deck Slab):S3,0.33,0.18,11.7
C288,10,Bản mặt cầu (Deck Slab):S3,0.33,0.18,11.7
C288,10,Bản mặt cầu (Deck Slab):S3,0.33,0.18,11.7
C288,10,Bản mặt cầu (Deck Slab):S3,0.33,0.18,11.7
C289,10,Cọc khoan nhồi D1200 (26 cọc L=872m):P1-P1D,3.39,0.18,11.7
C289,10,Cọc khoan nhồi D1200 (26 cọc L=872m):P1-P1D,3.39,0.18,11.7
C289,10,Cọc khoan nhồi D1200 (26 cọc L=872m):P1-P1D,3.39,0.18,11.7
C289,10,Bản mặt cầu (Deck Slab):S3,0.33,0.18,11.7
C289,10,Bản mặt cầu (Deck Slab):S3,0.33,0.18,11.7
C289,10,Bản mặt cầu (Deck Slab):S3,0.33,0.18,11.7
C289,10,Bản mặt cầu (Deck Slab):S3,0.33,0.18,11.7
C290,10,Cọc khoan nhồi D1200 (26 cọc L=872m):P1-P1D,3.39,0.18,11.7
C290,10,Cọc khoan nhồi D1200 (26 cọc L=872m):P1-P1D,3.39,0.18,11.7
C290,10,Cọc khoan nhồi D1200 (26 cọc L=872m):P1-P1D,3.39,0.18,11.7
C290,10,Bản mặt cầu (Deck Slab):S3,0.33,0.18,11.7
C290,10,Bản mặt cầu (Deck Slab):S3,0.33,0.18,11.7
C290,10,Bản mặt cầu (Deck Slab):S3,0.33,0.18,11.7
C290,10,Bản mặt cầu (Deck Slab):S3,0.33,0.18,11.7
C291,10,Cọc khoan nhồi D1200 (26 cọc L=872m):P1-P1D,3.39,0.18,11.7
C291,10,Cọc khoan nhồi D1200 (26 cọc L=872m):P1-P1D,3.39,0.18,11.7
C291,10,Cọc khoan nhồi D1200 (26 cọc L=872m):P1-P1D,3.39,0.18,11.7
C291,10,Bản mặt cầu (Deck Slab):S3,0.33,0.18,11.7
C291,10,Bản mặt cầu (Deck Slab):S3,0.33,0.18,11.7
C291,10,Bản mặt cầu (Deck Slab):S3,0.33,0.18,11.7
C291,10,Bản mặt cầu (Deck Slab):S3,0.33,0.18,11.7
C292,10,Cọc khoan nhồi D1200 (26 cọc L=872m):P1-P1D,3.39,0.18,11.7
C292,10,Cọc khoan nhồi D1200 (26 cọc L=872m):P1-P1D,3.39,0.18,11.7
C292,10,Cọc khoan nhồi D1200 (26 cọc L=872m):P1-P1D,3.39,0.18,11.7
C292,10,Bản mặt cầu (Deck Slab):S3,0.33,0.18,11.7
C292,10,Bản mặt cầu (Deck Slab):S3,0.33,0.18,11.7
C292,10,Bản mặt cầu (Deck Slab):S3,0.33,0.18,11.7
C292,10,Bản mặt cầu (Deck Slab):S3,0.33,0.18,11.7
C293,10,Cọc khoan nhồi D1200 (26 cọc L=872m):P1-P1D,3.39,0.18,11.7
C293,10,Cọc khoan nhồi D1200 (26 cọc L=872m):P1-P1D,3.39,0.18,11.7
C293,10,Cọc khoan nhồi D1200 (26 cọc L=872m):P1-P1D,3.39,0.18,11.7
C293,10,Bản mặt cầu (Deck Slab):S3,0.33,0.18,11.7
C293,10,Bản mặt cầu (Deck Slab):S3,0.33,0.18,11.7
C293,10,Bản mặt cầu (Deck Slab):S3,0.33,0.18,11.7
C293,10,Bản mặt cầu (Deck Slab):S3,0.33,0.18,11.7
C294,10,Cọc khoan nhồi D1200 (26 cọc L=872m):P1-P1D,3.39,0.18,11.7
C294,10,Cọc khoan nhồi D1200 (26 cọc L=872m):P1-P1D,3.39,0.18,11.7
C294,10,Cọc khoan nhồi D1200 (26 cọc L=872m):P1-P1D,3.39,0.18,11.7
C294,10,Bản mặt cầu (Deck Slab):S3,0.33,0.18,11.7
C294,10,Bản mặt cầu (Deck Slab):S3,0.33,0.18,11.7
C294,10,Bản mặt cầu (Deck Slab):S3,0.33,0.18,11.7
C294,10,Bản mặt cầu (Deck Slab):S3,0.33,0.18,11.7
C295,10,Cọc khoan nhồi D1200 (26 cọc L=872m):P1-P1D,3.39,0.18,11.7
C295,10,Cọc khoan nhồi D1200 (26 cọc L=872m):P1-P1D,3.39,0.18,11.7
C295,10,Cọc khoan nhồi D1200 (26 cọc L=872m):P1-P1D,3.39,0.18,11.7
C295,10,Bản mặt cầu (Deck Slab):S3,0.33,0.18,11.7
C295,10,Bản mặt cầu (Deck Slab):S3,0.33,0.18,11.7
C295,10,Bản mặt cầu (Deck Slab):S3,0.33,0.18,11.7
C295,10,Bản mặt cầu (Deck Slab):S3,0.33,0.18,11.7
C296,10,Cọc khoan nhồi D1200 (26 cọc L=872m):P1-P1D,3.39,0.18,11.7
C296,10,Cọc khoan nhồi D1200 (26 cọc L=872m):P1-P1D,3.39,0.18,11.7
C296,10,Cọc khoan nhồi D1200 (26 cọc L=872m):P1-P1D,3.39,0.18,11.7
C296,10,Bản mặt cầu (Deck Slab):S3,0.33,0.18,11.7
C296,10,Bản mặt cầu (Deck Slab):S3,0.33,0.18,11.7
C296,10,Bản mặt cầu (Deck Slab):S3,0.33,0.18,11.7
C296,10,Bản mặt cầu (Deck Slab):S3,0.33,0.18,11.7
C297,10,Cọc khoan nhồi D1200 (26 cọc L=872m):P1-P1D,3.39,0.18,11.7
C297,10,Cọc khoan nhồi D1200 (26 cọc L=872m):P1-P1D,3.39,0.18,11.7
C297,10,Cọc khoan nhồi D1200 (26 cọc L=872m):P1-P1D,3.39,0.18,11.7
C297,10,Bản mặt cầu (Deck Slab):S3,0.33,0.18,11.7
C297,10,Bản mặt cầu (Deck Slab):S3,0.33,0.18,11.7
C297,10,Bản mặt cầu (Deck Slab):S3,0.33,0.18,11.7
C297,10,Bản mặt cầu (Deck Slab):S3,0.33,0.18,11.7
C298,10,Cọc khoan nhồi D1200 (26 cọc L=872m):P1-P1D,3.39,0.18,11.7
C298,10,Cọc khoan nhồi D1200 (26 cọc L=872m):P1-P1D,3.39,0.18,11.7
C298,10,Cọc khoan nhồi D1200 (26 cọc L=872m):P1-P1D,3.39,0.18,11.7
C298,10,Bản mặt cầu (Deck Slab):S3,0.33,0.18,11.7
C298,10,Bản mặt cầu (Deck Slab):S3,0.33,0.18,11.7
C298,10,Bản mặt cầu (Deck Slab):S3,0.33,0.18,11.7
C298,10,Bản mặt cầu (Deck Slab):S3,0.33,0.18,11.7
C299,10,Cọc khoan nhồi D1200 (26 cọc L=872m):P1-P1D,3.39,0.18,11.7
C299,10,Cọc khoan nhồi D1200 (26 cọc L=872m):P1-P1D,3.39,0.18,11.7
C299,10,Cọc khoan nhồi D1200 (26 cọc L=872m):P1-P1D,3.39,0.18,11.7
C299,10,Bản mặt cầu (Deck Slab):S3,0.33,0.18,11.7
C299,10,Bản mặt cầu (Deck Slab):S3,0.33,0.18,11.7
C299,10,Bản mặt cầu (Deck Slab):S3,0.33,0.18,11.7
C299,10,Bản mặt cầu (Deck Slab):S3,0.33,0.18,11.7
C300,10,Cọc khoan nhồi D1200 (26 cọc L=872m):P1-P1D,3.39,0.18,11.7
C300,10,Cọc khoan nhồi D1200 (26 cọc L=872m):P1-P1D,3.39,0.18,11.7
C300,10,Cọc khoan nhồi D1200 (26 cọc L=872m):P1-P1D,3.39,0.18,11.7
C300,10,Bản mặt cầu (Deck Slab):S3,0.33,0.18,11.7
C300,10,Bản mặt cầu (Deck Slab):S3,0.33,0.18,11.7
C300,10,Bản mặt cầu (Deck Slab):S3,0.33,0.18,11.7
C300,10,Bản mặt cầu (Deck Slab):S3,0.33,0.18,11.7
C301,10,Cọc khoan nhồi D1200 (26 cọc L=872m):P1-P1D,3.39,0.18,11.7
C301,10,Cọc khoan nhồi D1200 (26 cọc L=872m):P1-P1D,3.39,0.18,11.7
C301,10,Cọc khoan nhồi D1200 (26 cọc L=872m):P1-P1D,3.39,0.18,11.7
C301,10,Bản mặt cầu (Deck Slab):S3,0.33,0.18,11.7
C301,10,Bản mặt cầu (Deck Slab):S3,0.33,0.18,11.7
C301,10,Bản mặt cầu (Deck Slab):S3,0.33,0.18,11.7
C301,10,Bản mặt cầu (Deck Slab):S3,0.33,0.18,11.7
C302,10,Cọc khoan nhồi D1200 (26 cọc L=872m):P1-P1D,3.39,0.18,11.7
C302,10,Cọc khoan nhồi D1200 (26 cọc L=872m):P1-P1D,3.39,0.18,11.7
C302,10,Cọc khoan nhồi D1200 (26 cọc L=872m):P1-P1D,3.39,0.18,11.7
C302,10,Bản mặt cầu (Deck Slab):S3,0.33,0.18,11.7
C302,10,Bản mặt cầu (Deck Slab):S3,0.33,0.18,11.7
C302,10,Bản mặt cầu (Deck Slab):S3,0.33,0.18,11.7
C302,10,Bản mặt cầu (Deck Slab):S3,0.33,0.18,11.7
C303,10,Cọc khoan nhồi D1200 (26 cọc L=872m):P1-P1D,3.39,0.18,11.7
C303,10,Cọc khoan nhồi D1200 (26 cọc L=872m):P1-P1D,3.39,0.18,11.7
C303,10,Cọc khoan nhồi D1200 (26 cọc L=872m):P1-P1D,3.39,0.18,11.7
C303,10,Bản mặt cầu (Deck Slab):S3,0.33,0.18,11.7
C303,10,Bản mặt cầu (Deck Slab):S3,0.33,0.18,11.7
C303,10,Bản mặt cầu (Deck Slab):S3,0.33,0.18,11.7
C303,10,Bản mặt cầu (Deck Slab):S3,0.33,0.18,11.7
C304,10,Cọc khoan nhồi D1200 (26 cọc L=872m):P1-P1D,3.39,0.18,11.7
C304,10,Cọc khoan nhồi D1200 (26 cọc L=872m):P1-P1D,3.39,0.18,11.7
C304,10,Cọc khoan nhồi D1200 (26 cọc L=872m):P1-P1D,3.39,0.18,11.7
C304,10,Bản mặt cầu (Deck Slab):S3,0.33,0.18,11.7
C304,10,Bản mặt cầu (Deck Slab):S3,0.33,0.18,11.7
C304,10,Bản mặt cầu (Deck Slab):S3,0.33,0.18,11.7
C304,10,Bản mặt cầu (Deck Slab):S3,0.33,0.18,11.7
C305,10,Cọc khoan nhồi D1200 (26 cọc L=872m):P1-P1D,3.39,0.18,11.7
C305,10,Cọc khoan nhồi D1200 (26 cọc L=872m):P1-P1D,3.39,0.18,11.7
C305,10,Cọc khoan nhồi D1200 (26 cọc L=872m):P1-P1D,3.39,0.18,11.7
C305,10,Bản mặt cầu (Deck Slab):S3,0.33,0.18,11.7
C305,10,Bản mặt cầu (Deck Slab):S3,0.33,0.18,11.7
C305,10,Bản mặt cầu (Deck Slab):S3,0.33,0.18,11.7
C305,10,Bản mặt cầu (Deck Slab):S3,0.33,0.18,11.7
C306,10,Cọc khoan nhồi D1200 (26 cọc L=872m):P1-P1D,3.39,0.18,11.7
C306,10,Cọc khoan nhồi D1200 (26 cọc L=872m):P1-P1D,3.39,0.18,11.7
C306,10,Cọc khoan nhồi D1200 (26 cọc L=872m):P1-P1D,3.39,0.18,11.7
C306,10,Bản mặt cầu (Deck Slab):S3,0.33,0.18,11.7
C306,10,Bản mặt cầu (Deck Slab):S3,0.33,0.18,11.7
C306,10,Bản mặt cầu (Deck Slab):S3,0.33,0.18,11.7
C306,10,Bản mặt cầu (Deck Slab):S3,0.33,0.18,11.7
C307,10,Cọc khoan nhồi D1200 (26 cọc L=872m):P1-P1D,3.39,0.18,11.7
C307,10,Cọc khoan nhồi D1200 (26 cọc L=872m):P1-P1D,3.39,0.18,11.7
C307,10,Cọc khoan nhồi D1200 (26 cọc L=872m):P1-P1D,3.39,0.18,11.7
C307,10,Bản mặt cầu (Deck Slab):S3,0.33,0.18,11.7
C307,10,Bản mặt cầu (Deck Slab):S3,0.33,0.18,11.7
C307,10,Bản mặt cầu (Deck Slab):S3,0.33,0.18,11.7
C307,10,Bản mặt cầu (Deck Slab):S3,0.33,0.18,11.7
C308,10,Cọc khoan nhồi D1200 (26 cọc L=872m):P1-P1D,3.39,0.18,11.7
C308,10,Cọc khoan nhồi D1200 (26 cọc L=872m):P1-P1D,3.39,0.18,11.7
C308,10,Cọc khoan nhồi D1200 (26 cọc L=872m):P1-P1D,3.39,0.18,11.7
C308,10,Bản mặt cầu (Deck Slab):S3,0.33,0.18,11.7
C308,10,Bản mặt cầu (Deck Slab):S3,0.33,0.18,11.7
C308,10,Bản mặt cầu (Deck Slab):S3,0.33,0.18,11.7
C308,10,Bản mặt cầu (Deck Slab):S3,0.33,0.18,11.7
C309,10,Cọc khoan nhồi D1200 (26 cọc L=872m):P1-P1D,3.39,0.18,11.7
C309,10,Cọc khoan nhồi D1200 (26 cọc L=872m):P1-P1D,3.39,0.18,11.7
C309,10,Cọc khoan nhồi D1200 (26 cọc L=872m):P1-P1D,3.39,0.18,11.7
C309,10,Bản mặt cầu (Deck Slab):S3,0.33,0.18,11.7
C309,10,Bản mặt cầu (Deck Slab):S3,0.33,0.18,11.7
C309,10,Bản mặt cầu (Deck Slab):S3,0.33,0.18,11.7
C309,10,Bản mặt cầu (Deck Slab):S3,0.33,0.18,11.7
C310,10,Cọc khoan nhồi D1200 (26 cọc L=872m):P1-P1D,3.39,0.18,11.7
C310,10,Cọc khoan nhồi D1200 (26 cọc L=872m):P1-P1D,3.39,0.18,11.7
C310,10,Cọc khoan nhồi D1200 (26 cọc L=872m):P1-P1D,3.39,0.18,11.7
C310,10,Bản mặt cầu (Deck Slab):S3,0.33,0.18,11.7
C310,10,Bản mặt cầu (Deck Slab):S3,0.33,0.18,11.7
C310,10,Bản mặt cầu (Deck Slab):S3,0.33,0.18,11.7
C310,10,Bản mặt cầu (Deck Slab):S3,0.33,0.18,11.7
C311,10,Cọc khoan nhồi D1200 (26 cọc L=872m):P1-P1D,3.39,0.18,11.7
C311,10,Cọc khoan nhồi D1200 (26 cọc L=872m):P1-P1D,3.39,0.18,11.7
C311,10,Cọc khoan nhồi D1200 (26 cọc L=872m):P1-P1D,3.39,0.18,11.7
C311,10,Bản mặt cầu (Deck Slab):S3,0.33,0.18,11.7
C311,10,Bản mặt cầu (Deck Slab):S3,0.33,0.18,11.7
C311,10,Bản mặt cầu (Deck Slab):S3,0.33,0.18,11.7
C311,10,Bản mặt cầu (Deck Slab):S3,0.33,0.18,11.7
C312,10,Cọc khoan nhồi D1200 (26 cọc L=872m):P1-P1D,3.39,0.18,11.7
C312,10,Cọc khoan nhồi D1200 (26 cọc L=872m):P1-P1D,3.39,0.18,11.7
C312,10,Cọc khoan nhồi D1200 (26 cọc L=872m):P1-P1D,3.39,0.18,11.7
C312,10,Bản mặt cầu (Deck Slab):S3,0.33,0.18,11.7
C312,10,Bản mặt cầu (Deck Slab):S3,0.33,0.18,11.7
C312,10,Bản mặt cầu (Deck Slab):S3,0.33,0.18,11.7
C312,10,Bản mặt cầu (Deck Slab):S3,0.33,0.18,11.7
C313,10,Cọc khoan nhồi D1200 (26 cọc L=872m):P1-P1D,3.39,0.18,11.7
C313,10,Cọc khoan nhồi D1200 (26 cọc L=872m):P1-P1D,3.39,0.18,11.7
C313,10,Cọc khoan nhồi D1200 (26 cọc L=872m):P1-P1D,3.39,0.18,11.7
C313,10,Bản mặt cầu (Deck Slab):S3,0.33,0.18,11.7
C313,10,Bản mặt cầu (Deck Slab):S3,0.33,0.18,11.7
C313,10,Bản mặt cầu (Deck Slab):S3,0.33,0.18,11.7
C313,10,Bản mặt cầu (Deck Slab):S3,0.33,0.18,11.7
C314,10,Cọc khoan nhồi D1200 (26 cọc L=872m):P1-P1D,3.39,0.18,11.7
C314,10,Cọc khoan nhồi D1200 (26 cọc L=872m):P1-P1D,3.39,0.18,11.7
C314,10,Cọc khoan nhồi D1200 (26 cọc L=872m):P1-P1D,3.39,0.18,11.7
C314,10,Bản mặt cầu (Deck Slab):S3,0.33,0.18,11.7
C314,10,Bản mặt cầu (Deck Slab):S3,0.33,0.18,11.7
C314,10,Bản mặt cầu (Deck Slab):S3,0.33,0.18,11.7
C314,10,Bản mặt cầu (Deck Slab):S3,0.33,0.18,11.7
C315,10,Cọc khoan nhồi D1200 (26 cọc L=872m):P1-P1D,3.39,0.18,11.7
C315,10,Cọc khoan nhồi D1200 (26 cọc L=872m):P1-P1D,3.39,0.18,11.7
C315,10,Cọc khoan nhồi D1200 (26 cọc L=872m):P1-P1D,3.39,0.18,11.7
C315,10,Bản mặt cầu (Deck Slab):S3,0.33,0.18,11.7
C315,10,Bản mặt cầu (Deck Slab):S3,0.33,0.18,11.7
C315,10,Bản mặt cầu (Deck Slab):S3,0.33,0.18,11.7
C315,10,Bản mặt cầu (Deck Slab):S3,0.33,0.18,11.7
C316,10,Cọc khoan nhồi D1200 (26 cọc L=872m):P1-P1D,3.39,0.18,11.7
C316,10,Cọc khoan nhồi D1200 (26 cọc L=872m):P1-P1D,3.39,0.18,11.7
C316,10,Cọc khoan nhồi D1200 (26 cọc L=872m):P1-P1D,3.39,0.18,11.7
C316,10,Bản mặt cầu (Deck Slab):S3,0.33,0.18,11.7
C316,10,Bản mặt cầu (Deck Slab):S3,0.33,0.18,11.7
C316,10,Bản mặt cầu (Deck Slab):S3,0.33,0.18,11.7
C316,10,Bản mặt cầu (Deck Slab):S3,0.33,0.18,11.7
C317,10,Cọc khoan nhồi D1200 (26 cọc L=872m):P1-P1D,3.39,0.18,11.7
C317,10,Cọc khoan nhồi D1200 (26 cọc L=872m):P1-P1D,3.39,0.18,11.7
C317,10,Cọc khoan nhồi D1200 (26 cọc L=872m):P1-P1D,3.39,0.18,11.7
C317,10,Bản mặt cầu (Deck Slab):S3,0.33,0.18,11.7
C317,10,Bản mặt cầu (Deck Slab):S3,0.33,0.18,11.7
C317,10,Bản mặt cầu (Deck Slab):S3,0.33,0.18,11.7
C317,10,Bản mặt cầu (Deck Slab):S3,0.33,0.18,11.7
C318,10,Cọc khoan nhồi D1200 (26 cọc L=872m):P1-P1D,3.39,0.18,11.7
C318,10,Cọc khoan nhồi D1200 (26 cọc L=872m):P1-P1D,3.39,0.18,11.7
C318,10,Cọc khoan nhồi D1200 (26 cọc L=872m):P1-P1D,3.39,0.18,11.7
C318,10,Bản mặt cầu (Deck Slab):S3,0.33,0.18,11.7
C318,10,Bản mặt cầu (Deck Slab):S3,0.33,0.18,11.7
C318,10,Bản mặt cầu (Deck Slab):S3,0.33,0.18,11.7
C318,10,Bản mặt cầu (Deck Slab):S3,0.33,0.18,11.7
C319,10,Cọc khoan nhồi D1200 (26 cọc L=872m):P1-P1D,3.39,0.18,11.7
C319,10,Cọc khoan nhồi D1200 (26 cọc L=872m):P1-P1D,3.39,0.18,11.7
C319,10,Cọc khoan nhồi D1200 (26 cọc L=872m):P1-P1D,3.39,0.18,11.7
C319,10,Bản mặt cầu (Deck Slab):S3,0.33,0.18,11.7
C319,10,Bản mặt cầu (Deck Slab):S3,0.33,0.18,11.7
C319,10,Bản mặt cầu (Deck Slab):S3,0.33,0.18,11.7
C319,10,Bản mặt cầu (Deck Slab):S3,0.33,0.18,11.7
C320,10,Cọc khoan nhồi D1200 (26 cọc L=872m):P1-P1D,3.39,0.18,11.7
C320,10,Cọc khoan nhồi D1200 (26 cọc L=872m):P1-P1D,3.39,0.18,11.7
C320,10,Cọc khoan nhồi D1200 (26 cọc L=872m):P1-P1D,3.39,0.18,11.7
C320,10,Bản mặt cầu (Deck Slab):S3,0.33,0.18,11.7
C320,10,Bản mặt cầu (Deck Slab):S3,0.33,0.18,11.7
C320,10,Bản mặt cầu (Deck Slab):S3,0.33,0.18,11.7
C320,10,Bản mặt cầu (Deck Slab):S3,0.33,0.18,11.7
C321,10,Cọc khoan nhồi D1200 (26 cọc L=872m):P1-P1D,3.39,0.18,11.7
C321,10,Cọc khoan nhồi D1200 (26 cọc L=872m):P1-P1D,3.39,0.18,11.7
C321,10,Cọc khoan nhồi D1200 (26 cọc L=872m):P1-P1D,3.39,0.18,11.7
C321,10,Bản mặt cầu (Deck Slab):S3,0.33,0.18,11.7
C321,10,Bản mặt cầu (Deck Slab):S3,0.33,0.18,11.7
C321,10,Bản mặt cầu (Deck Slab):S3,0.33,0.18,11.7
C321,10,Bản mặt cầu (Deck Slab):S3,0.33,0.18,11.7
C322,10,Cọc khoan nhồi D1200 (26 cọc L=872m):P1-P1D,3.39,0.18,11.7
C322,10,Cọc khoan nhồi D1200 (26 cọc L=872m):P1-P1D,3.39,0.18,11.7
C322,10,Cọc khoan nhồi D1200 (26 cọc L=872m):P1-P1D,3.39,0.18,11.7
C322,10,Bản mặt cầu (Deck Slab):S3,0.33,0.18,11.7
C322,10,Bản mặt cầu (Deck Slab):S3,0.33,0.18,11.7
C322,10,Bản mặt cầu (Deck Slab):S3,0.33,0.18,11.7
C322,10,Bản mặt cầu (Deck Slab):S3,0.33,0.18,11.7
C323,10,Cọc khoan nhồi D1200 (26 cọc L=872m):P1-P1D,3.39,0.18,11.7
C323,10,Cọc khoan nhồi D1200 (26 cọc L=872m):P1-P1D,3.39,0.18,11.7
C323,10,Cọc khoan nhồi D1200 (26 cọc L=872m):P1-P1D,3.39,0.18,11.7
C323,10,Bản mặt cầu (Deck Slab):S3,0.33,0.18,11.7
C323,10,Bản mặt cầu (Deck Slab):S3,0.33,0.18,11.7
C323,10,Bản mặt cầu (Deck Slab):S3,0.33,0.18,11.7
C323,10,Bản mặt cầu (Deck Slab):S3,0.33,0.18,11.7
C324,10,Cọc khoan nhồi D1200 (26 cọc L=872m):P1-P1D,3.39,0.18,11.7
C324,10,Cọc khoan nhồi D1200 (26 cọc L=872m):P1-P1D,3.39,0.18,11.7
C324,10,Cọc khoan nhồi D1200 (26 cọc L=872m):P1-P1D,3.39,0.18,11.7
C324,10,Bản mặt cầu (Deck Slab):S3,0.33,0.18,11.7
C324,10,Bản mặt cầu (Deck Slab):S3,0.33,0.18,11.7
C324,10,Bản mặt cầu (Deck Slab):S3,0.33,0.18,11.7
C324,10,Bản mặt cầu (Deck Slab):S3,0.33,0.18,11.7
C325,10,Cọc khoan nhồi D1200 (26 cọc L=872m):P1-P1D,3.39,0.18,11.7
C325,10,Cọc khoan nhồi D1200 (26 cọc L=872m):P1-P1D,3.39,0.18,11.7
C325,10,Cọc khoan nhồi D1200 (26 cọc L=872m):P1-P1D,3.39,0.18,11.7
C325,10,Bản mặt cầu (Deck Slab):S3,0.33,0.18,11.7
C325,10,Bản mặt cầu (Deck Slab):S3,0.33,0.18,11.7
C325,10,Bản mặt cầu (Deck Slab):S3,0.33,0.18,11.7
C325,10,Bản mặt cầu (Deck Slab):S3,0.33,0.18,11.7
C326,10,Cọc khoan nhồi D1200 (26 cọc L=872m):P1-P1D,3.39,0.18,11.7
C326,10,Cọc khoan nhồi D1200 (26 cọc L=872m):P1-P1D,3.39,0.18,11.7
C326,10,Cọc khoan nhồi D1200 (26 cọc L=872m):P1-P1D,3.39,0.18,11.7
C326,10,Bản mặt cầu (Deck Slab):S3,0.33,0.18,11.7
C326,10,Bản mặt cầu (Deck Slab):S3,0.33,0.18,11.7
C326,10,Bản mặt cầu (Deck Slab):S3,0.33,0.18,11.7
C326,10,Bản mặt cầu (Deck Slab):S3,0.33,0.18,11.7
C327,10,Cọc khoan nhồi D1200 (26 cọc L=872m):P1-P1D,3.39,0.18,11.7
C327,10,Cọc khoan nhồi D1200 (26 cọc L=872m):P1-P1D,3.39,0.18,11.7
C327,10,Cọc khoan nhồi D1200 (26 cọc L=872m):P1-P1D,3.39,0.18,11.7
C327,10,Bản mặt cầu (Deck Slab):S3,0.33,0.18,11.7
C327,10,Bản mặt cầu (Deck Slab):S3,0.33,0.18,11.7
C327,10,Bản mặt cầu (Deck Slab):S3,0.33,0.18,11.7
C327,10,Bản mặt cầu (Deck Slab):S3,0.33,0.18,11.7
C328,10,Cọc khoan nhồi D1200 (26 cọc L=872m):P1-P1D,3.39,0.18,11.7
C328,10,Cọc khoan nhồi D1200 (26 cọc L=872m):P1-P1D,3.39,0.18,11.7
C328,10,Cọc khoan nhồi D1200 (26 cọc L=872m):P1-P1D,3.39,0.18,11.7
C328,10,Bản mặt cầu (Deck Slab):S3,0.33,0.18,11.7
C328,10,Bản mặt cầu (Deck Slab):S3,0.33,0.18,11.7
C328,10,Bản mặt cầu (Deck Slab):S3,0.33,0.18,11.7
C328,10,Bản mặt cầu (Deck Slab):S3,0.33,0.18,11.7
C329,10,Cọc khoan nhồi D1200 (26 cọc L=872m):P1-P1D,3.39,0.18,11.7
C329,10,Cọc khoan nhồi D1200 (26 cọc L=872m):P1-P1D,3.39,0.18,11.7
C329,10,Cọc khoan nhồi D1200 (26 cọc L=872m):P1-P1D,3.39,0.18,11.7
C329,10,Bản mặt cầu (Deck Slab):S3,0.33,0.18,11.7
C329,10,Bản mặt cầu (Deck Slab):S3,0.33,0.18,11.7
C329,10,Bản mặt cầu (Deck Slab):S3,0.33,0.18,11.7
C329,10,Bản mặt cầu (Deck Slab):S3,0.33,0.18,11.7
C330,10,Cọc khoan nhồi D1200 (26 cọc L=872m):P1-P1D,3.39,0.18,11.7
C330,10,Cọc khoan nhồi D1200 (26 cọc L=872m):P1-P1D,3.39,0.18,11.7
C330,10,Cọc khoan nhồi D1200 (26 cọc L=872m):P1-P1D,3.39,0.18,11.7
C330,10,Bản mặt cầu (Deck Slab):S3,0.33,0.18,11.7
C330,10,Bản mặt cầu (Deck Slab):S3,0.33,0.18,11.7
C330,10,Bản mặt cầu (Deck Slab):S3,0.33,0.18,11.7
C330,10,Bản mặt cầu (Deck Slab):S3,0.33,0.18,11.7
C331,10,Cọc khoan nhồi D1200 (26 cọc L=872m):P1-P1D,3.39,0.18,11.7
C331,10,Cọc khoan nhồi D1200 (26 cọc L=872m):P1-P1D,3.39,0.18,11.7
C331,10,Cọc khoan nhồi D1200 (26 cọc L=872m):P1-P1D,3.39,0.18,11.7
C331,10,Bản mặt cầu (Deck Slab):S3,0.33,0.18,11.7
C331,10,Bản mặt cầu (Deck Slab):S3,0.33,0.18,11.7
C331,10,Bản mặt cầu (Deck Slab):S3,0.33,0.18,11.7
C331,10,Bản mặt cầu (Deck Slab):S3,0.33,0.18,11.7
C332,10,Cọc khoan nhồi D1200 (26 cọc L=872m):P1-P1D,3.39,0.18,11.7
C332,10,Cọc khoan nhồi D1200 (26 cọc L=872m):P1-P1D,3.39,0.18,11.7
C332,10,Cọc khoan nhồi D1200 (26 cọc L=872m):P1-P1D,3.39,0.18,11.7
C332,10,Bản mặt cầu (Deck Slab):S3,0.33,0.18,11.7
C332,10,Bản mặt cầu (Deck Slab):S3,0.33,0.18,11.7
C332,10,Bản mặt cầu (Deck Slab):S3,0.33,0.18,11.7
C332,10,Bản mặt cầu (Deck Slab):S3,0.33,0.18,11.7
C333,10,Cọc khoan nhồi D1200 (26 cọc L=872m):P1-P1D,3.39,0.18,11.7
C333,10,Cọc khoan nhồi D1200 (26 cọc L=872m):P1-P1D,3.39,0.18,11.7
C333,10,Cọc khoan nhồi D1200 (26 cọc L=872m):P1-P1D,3.39,0.18,11.7
C333,10,Bản mặt cầu (Deck Slab):S3,0.33,0.18,11.7
C333,10,Bản mặt cầu (Deck Slab):S3,0.33,0.18,11.7
C333,10,Bản mặt cầu (Deck Slab):S3,0.33,0.18,11.7
C333,10,Bản mặt cầu (Deck Slab):S3,0.33,0.18,11.7
C334,10,Cọc khoan nhồi D1200 (26 cọc L=872m):P1-P1D,3.39,0.18,11.7
C334,10,Cọc khoan nhồi D1200 (26 cọc L=872m):P1-P1D,3.39,0.18,11.7
C334,10,Cọc khoan nhồi D1200 (26 cọc L=872m):P1-P1D,3.39,0.18,11.7
C334,10,Bản mặt cầu (Deck Slab):S3,0.33,0.18,11.7
C334,10,Bản mặt cầu (Deck Slab):S3,0.33,0.18,11.7
C334,10,Bản mặt cầu (Deck Slab):S3,0.33,0.18,11.7
C334,10,Bản mặt cầu (Deck Slab):S3,0.33,0.18,11.7
C335,10,Cọc khoan nhồi D1200 (26 cọc L=872m):P1-P1D,3.39,0.18,11.7
C335,10,Cọc khoan nhồi D1200 (26 cọc L=872m):P1-P1D,3.39,0.18,11.7
C335,10,Cọc khoan nhồi D1200 (26 cọc L=872m):P1-P1D,3.39,0.18,11.7
C335,10,Bản mặt cầu (Deck Slab):S3,0.33,0.18,11.7
C335,10,Bản mặt cầu (Deck Slab):S3,0.33,0.18,11.7
C335,10,Bản mặt cầu (Deck Slab):S3,0.33,0.18,11.7
C335,10,Bản mặt cầu (Deck Slab):S3,0.33,0.18,11.7
C336,10,Cọc khoan nhồi D1200 (26 cọc L=872m):P1-P1D,3.39,0.18,11.7
C336,10,Cọc khoan nhồi D1200 (26 cọc L=872m):P1-P1D,3.39,0.18,11.7
C336,10,Cọc khoan nhồi D1200 (26 cọc L=872m):P1-P1D,3.39,0.18,11.7
C336,10,Bản mặt cầu (Deck Slab):S3,0.33,0.18,11.7
C336,10,Bản mặt cầu (Deck Slab):S3,0.33,0.18,11.7
C336,10,Bản mặt cầu (Deck Slab):S3,0.33,0.18,11.7
C336,10,Bản mặt cầu (Deck Slab):S3,0.33,0.18,11.7
C337,10,Cọc khoan nhồi D1200 (26 cọc L=872m):P1-P1D,3.39,0.18,11.7
C337,10,Cọc khoan nhồi D1200 (26 cọc L=872m):P1-P1D,3.39,0.18,11.7
C337,10,Cọc khoan nhồi D1200 (26 cọc L=872m):P1-P1D,3.39,0.18,11.7
C337,10,Bản mặt cầu (Deck Slab):S3,0.33,0.18,11.7
C337,10,Bản mặt cầu (Deck Slab):S3,0.33,0.18,11.7
C337,10,Bản mặt cầu (Deck Slab):S3,0.33,0.18,11.7
C337,10,Bản mặt cầu (Deck Slab):S3,0.33,0.18,11.7
C338,10,Cọc khoan nhồi D1200 (26 cọc L=872m):P1-P1D,3.39,0.18,11.7
C338,10,Cọc khoan nhồi D1200 (26 cọc L=872m):P1-P1D,3.39,0.18,11.7
C338,10,Cọc khoan nhồi D1200 (26 cọc L=872m):P1-P1D,3.39,0.18,11.7
C338,10,Bản mặt cầu (Deck Slab):S3,0.33,0.18,11.7
C338,10,Bản mặt cầu (Deck Slab):S3,0.33,0.18,11.7
C338,10,Bản mặt cầu (Deck Slab):S3,0.33,0.18,11.7
C338,10,Bản mặt cầu (Deck Slab):S3,0.33,0.18,11.7
C339,10,Cọc khoan nhồi D1200 (26 cọc L=872m):P1-P1D,3.39,0.18,11.7
C339,10,Cọc khoan nhồi D1200 (26 cọc L=872m):P1-P1D,3.39,0.18,11.7
C339,10,Cọc khoan nhồi D1200 (26 cọc L=872m):P1-P1D,3.39,0.18,11.7
C339,10,Bản mặt cầu (Deck Slab):S3,0.33,0.18,11.7
C339,10,Bản mặt cầu (Deck Slab):S3,0.33,0.18,11.7
C339,10,Bản mặt cầu (Deck Slab):S3,0.33,0.18,11.7
C339,10,Bản mặt cầu (Deck Slab):S3,0.33,0.18,11.7
C340,10,Cọc khoan nhồi D1200 (26 cọc L=872m):P1-P1D,3.39,0.18,11.7
C340,10,Cọc khoan nhồi D1200 (26 cọc L=872m):P1-P1D,3.39,0.18,11.7
C340,10,Cọc khoan nhồi D1200 (26 cọc L=872m):P1-P1D,3.39,0.18,11.7
C340,10,Bản mặt cầu (Deck Slab):S3,0.33,0.18,11.7
C340,10,Bản mặt cầu (Deck Slab):S3,0.33,0.18,11.7
C340,10,Bản mặt cầu (Deck Slab):S3,0.33,0.18,11.7
C340,10,Bản mặt cầu (Deck Slab):S3,0.33,0.18,11.7
C341,10,Cọc khoan nhồi D1200 (26 cọc L=872m):P1-P1D,3.39,0.18,11.7
C341,10,Cọc khoan nhồi D1200 (26 cọc L=872m):P1-P1D,3.39,0.18,11.7
C341,10,Cọc khoan nhồi D1200 (26 cọc L=872m):P1-P1D,3.39,0.18,11.7
C341,10,Bản mặt cầu (Deck Slab):S3,0.33,0.18,11.7
C341,10,Bản mặt cầu (Deck Slab):S3,0.33,0.18,11.7
C341,10,Bản mặt cầu (Deck Slab):S3,0.33,0.18,11.7
C341,10,Bản mặt cầu (Deck Slab):S3,0.33,0.18,11.7
C342,10,Cọc khoan nhồi D1200 (26 cọc L=872m):P1-P1D,3.39,0.18,11.7
C342,10,Cọc khoan nhồi D1200 (26 cọc L=872m):P1-P1D,3.39,0.18,11.7
C342,10,Cọc khoan nhồi D1200 (26 cọc L=872m):P1-P1D,3.39,0.18,11.7
C342,10,Bản mặt cầu (Deck Slab):S3,0.33,0.18,11.7
C342,10,Bản mặt cầu (Deck Slab):S3,0.33,0.18,11.7
C342,10,Bản mặt cầu (Deck Slab):S3,0.33,0.18,11.7
C342,10,Bản mặt cầu (Deck Slab):S3,0.33,0.18,11.7
C343,10,Cọc khoan nhồi D1200 (26 cọc L=872m):P1-P1D,3.39,0.18,11.7
C343,10,Cọc khoan nhồi D1200 (26 cọc L=872m):P1-P1D,3.39,0.18,11.7
C343,10,Cọc khoan nhồi D1200 (26 cọc L=872m):P1-P1D,3.39,0.18,11.7
C343,10,Bản mặt cầu (Deck Slab):S3,0.33,0.18,11.7
C343,10,Bản mặt cầu (Deck Slab):S3,0.33,0.18,11.7
C343,10,Bản mặt cầu (Deck Slab):S3,0.33,0.18,11.7
C343,10,Bản mặt cầu (Deck Slab):S3,0.33,0.18,11.7
C344,10,Cọc khoan nhồi D1200 (26 cọc L=872m):P1-P1D,3.39,0.18,11.7
C344,10,Cọc khoan nhồi D1200 (26 cọc L=872m):P1-P1D,3.39,0.18,11.7
C344,10,Cọc khoan nhồi D1200 (26 cọc L=872m):P1-P1D,3.39,0.18,11.7
C344,10,Bản mặt cầu (Deck Slab):S3,0.33,0.18,11.7
C344,10,Bản mặt cầu (Deck Slab):S3,0.33,0.18,11.7
C344,10,Bản mặt cầu (Deck Slab):S3,0.33,0.18,11.7
C344,10,Bản mặt cầu (Deck Slab):S3,0.33,0.18,11.7
C345,10,Cọc khoan nhồi D1200 (26 cọc L=872m):P1-P1D,3.39,0.18,11.7
C345,10,Cọc khoan nhồi D1200 (26 cọc L=872m):P1-P1D,3.39,0.18,11.7
C345,10,Cọc khoan nhồi D1200 (26 cọc L=872m):P1-P1D,3.39,0.18,11.7
C345,10,Bản mặt cầu (Deck Slab):S3,0.33,0.18,11.7
C345,10,Bản mặt cầu (Deck Slab):S3,0.33,0.18,11.7
C345,10,Bản mặt cầu (Deck Slab):S3,0.33,0.18,11.7
C345,10,Bản mặt cầu (Deck Slab):S3,0.33,0.18,11.7
C346,10,Cọc khoan nhồi D1200 (26 cọc L=872m):P1-P1D,3.39,0.18,11.7
C346,10,Cọc khoan nhồi D1200 (26 cọc L=872m):P1-P1D,3.39,0.18,11.7
C346,10,Cọc khoan nhồi D1200 (26 cọc L=872m):P1-P1D,3.39,0.18,11.7
C346,10,Bản mặt cầu (Deck Slab):S3,0.33,0.18,11.7
C346,10,Bản mặt cầu (Deck Slab):S3,0.33,0.18,11.7
C346,10,Bản mặt cầu (Deck Slab):S3,0.33,0.18,11.7
C346,10,Bản mặt cầu (Deck Slab):S3,0.33,0.18,11.7
C347,10,Cọc khoan nhồi D1200 (26 cọc L=872m):P1-P1D,3.39,0.18,11.7
C347,10,Cọc khoan nhồi D1200 (26 cọc L=872m):P1-P1D,3.39,0.18,11.7
C347,10,Cọc khoan nhồi D1200 (26 cọc L=872m):P1-P1D,3.39,0.18,11.7
C347,10,Bản mặt cầu (Deck Slab):S3,0.33,0.18,11.7
C347,10,Bản mặt cầu (Deck Slab):S3,0.33,0.18,11.7
C347,10,Bản mặt cầu (Deck Slab):S3,0.33,0.18,11.7
C347,10,Bản mặt cầu (Deck Slab):S3,0.33,0.18,11.7
C348,10,Cọc khoan nhồi D1200 (26 cọc L=872m):P1-P1D,3.39,0.18,11.7
C348,10,Cọc khoan nhồi D1200 (26 cọc L=872m):P1-P1D,3.39,0.18,11.7
C348,10,Cọc khoan nhồi D1200 (26 cọc L=872m):P1-P1D,3.39,0.18,11.7
C348,10,Bản mặt cầu (Deck Slab):S3,0.33,0.18,11.7
C348,10,Bản mặt cầu (Deck Slab):S3,0.33,0.18,11.7
C348,10,Bản mặt cầu (Deck Slab):S3,0.33,0.18,11.7
C348,10,Bản mặt cầu (Deck Slab):S3,0.33,0.18,11.7
C349,10,Cọc khoan nhồi D1200 (26 cọc L=872m):P1-P1D,3.39,0.18,11.7
C349,10,Cọc khoan nhồi D1200 (26 cọc L=872m):P1-P1D,3.39,0.18,11.7
C349,10,Cọc khoan nhồi D1200 (26 cọc L=872m):P1-P1D,3.39,0.18,11.7
C349,10,Bản mặt cầu (Deck Slab):S3,0.33,0.18,11.7
C349,10,Bản mặt cầu (Deck Slab):S3,0.33,0.18,11.7
C349,10,Bản mặt cầu (Deck Slab):S3,0.33,0.18,11.7
C349,10,Bản mặt cầu (Deck Slab):S3,0.33,0.18,11.7
C350,10,Cọc khoan nhồi D1200 (26 cọc L=872m):P1-P1D,3.39,0.18,11.7
C350,10,Cọc khoan nhồi D1200 (26 cọc L=872m):P1-P1D,3.39,0.18,11.7
C350,10,Cọc khoan nhồi D1200 (26 cọc L=872m):P1-P1D,3.39,0.18,11.7
C350,10,Bản mặt cầu (Deck Slab):S3,0.33,0.18,11.7
C350,10,Bản mặt cầu (Deck Slab):S3,0.33,0.18,11.7
C350,10,Bản mặt cầu (Deck Slab):S3,0.33,0.18,11.7
C350,10,Bản mặt cầu (Deck Slab):S3,0.33,0.18,11.7
C351,10,Cọc khoan nhồi D1200 (26 cọc L=872m):P1-P1D,3.39,0.18,11.7
C351,10,Cọc khoan nhồi D1200 (26 cọc L=872m):P1-P1D,3.39,0.18,11.7
C351,10,Cọc khoan nhồi D1200 (26 cọc L=872m):P1-P1D,3.39,0.18,11.7
C351,10,Bản mặt cầu (Deck Slab):S3,0.33,0.18,11.7
C351,10,Bản mặt cầu (Deck Slab):S3,0.33,0.18,11.7
C351,10,Bản mặt cầu (Deck Slab):S3,0.33,0.18,11.7
C351,10,Bản mặt cầu (Deck Slab):S3,0.33,0.18,11.7
C352,10,Cọc khoan nhồi D1200 (26 cọc L=872m):P1-P1D,3.39,0.18,11.7
C352,10,Cọc khoan nhồi D1200 (26 cọc L=872m):P1-P1D,3.39,0.18,11.7
C352,10,Cọc khoan nhồi D1200 (26 cọc L=872m):P1-P1D,3.39,0.18,11.7
C352,10,Bản mặt cầu (Deck Slab):S3,0.33,0.18,11.7
C352,10,Bản mặt cầu (Deck Slab):S3,0.33,0.18,11.7
C352,10,Bản mặt cầu (Deck Slab):S3,0.33,0.18,11.7
C352,10,Bản mặt cầu (Deck Slab):S3,0.33,0.18,11.7
C353,10,Cọc khoan nhồi D1200 (26 cọc L=872m):P1-P1D,3.39,0.18,11.7
C353,10,Cọc khoan nhồi D1200 (26 cọc L=872m):P1-P1D,3.39,0.18,11.7
C353,10,Cọc khoan nhồi D1200 (26 cọc L=872m):P1-P1D,3.39,0.18,11.7
C353,10,Bản mặt cầu (Deck Slab):S3,0.33,0.18,11.7
C353,10,Bản mặt cầu (Deck Slab):S3,0.33,0.18,11.7
C353,10,Bản mặt cầu (Deck Slab):S3,0.33,0.18,11.7
C353,10,Bản mặt cầu (Deck Slab):S3,0.33,0.18,11.7
C354,10,Cọc khoan nhồi D1200 (26 cọc L=872m):P1-P1D,3.39,0.18,11.7
C354,10,Cọc khoan nhồi D1200 (26 cọc L=872m):P1-P1D,3.39,0.18,11.7
C354,10,Cọc khoan nhồi D1200 (26 cọc L=872m):P1-P1D,3.39,0.18,11.7
C354,10,Bản mặt cầu (Deck Slab):S3,0.33,0.18,11.7
C354,10,Bản mặt cầu (Deck Slab):S3,0.33,0.18,11.7
C354,10,Bản mặt cầu (Deck Slab):S3,0.33,0.18,11.7
C354,10,Bản mặt cầu (Deck Slab):S3,0.33,0.18,11.7
C355,10,Cọc khoan nhồi D1200 (26 cọc L=872m):P1-P1D,3.39,0.18,11.7
C355,10,Cọc khoan nhồi D1200 (26 cọc L=872m):P1-P1D,3.39,0.18,11.7
C355,10,Cọc khoan nhồi D1200 (26 cọc L=872m):P1-P1D,3.39,0.18,11.7
C355,10,Bản mặt cầu (Deck Slab):S3,0.33,0.18,11.7
C355,10,Bản mặt cầu (Deck Slab):S3,0.33,0.18,11.7
C355,10,Bản mặt cầu (Deck Slab):S3,0.33,0.18,11.7
C355,10,Bản mặt cầu (Deck Slab):S3,0.33,0.18,11.7
C356,10,Cọc khoan nhồi D1200 (26 cọc L=872m):P1-P1D,3.39,0.18,11.7
C356,10,Cọc khoan nhồi D1200 (26 cọc L=872m):P1-P1D,3.39,0.18,11.7
C356,10,Cọc khoan nhồi D1200 (26 cọc L=872m):P1-P1D,3.39,0.18,11.7
C356,10,Bản mặt cầu (Deck Slab):S3,0.33,0.18,11.7
C356,10,Bản mặt cầu (Deck Slab):S3,0.33,0.18,11.7
C356,10,Bản mặt cầu (Deck Slab):S3,0.33,0.18,11.7
C356,10,Bản mặt cầu (Deck Slab):S3,0.33,0.18,11.7
C357,10,Cọc khoan nhồi D1200 (26 cọc L=872m):P1-P1D,3.39,0.18,11.7
C357,10,Cọc khoan nhồi D1200 (26 cọc L=872m):P1-P1D,3.39,0.18,11.7
C357,10,Cọc khoan nhồi D1200 (26 cọc L=872m):P1-P1D,3.39,0.18,11.7
C357,10,Bản mặt cầu (Deck Slab):S3,0.33,0.18,11.7
C357,10,Bản mặt cầu (Deck Slab):S3,0.33,0.18,11.7
C357,10,Bản mặt cầu (Deck Slab):S3,0.33,0.18,11.7
C357,10,Bản mặt cầu (Deck Slab):S3,0.33,0.18,11.7
C358,10,Cọc khoan nhồi D1200 (26 cọc L=872m):P1-P1D,3.39,0.18,11.7
C358,10,Cọc khoan nhồi D1200 (26 cọc L=872m):P1-P1D,3.39,0.18,11.7
C358,10,Cọc khoan nhồi D1200 (26 cọc L=872m):P1-P1D,3.39,0.18,11.7
C358,10,Bản mặt cầu (Deck Slab):S3,0.33,0.18,11.7
C358,10,Bản mặt cầu (Deck Slab):S3,0.33,0.18,11.7
C358,10,Bản mặt cầu (Deck Slab):S3,0.33,0.18,11.7
C358,10,Bản mặt cầu (Deck Slab):S3,0.33,0.18,11.7
C359,10,Cọc khoan nhồi D1200 (26 cọc L=872m):P1-P1D,3.39,0.18,11.7
C359,10,Cọc khoan nhồi D1200 (26 cọc L=872m):P1-P1D,3.39,0.18,11.7
C359,10,Cọc khoan nhồi D1200 (26 cọc L=872m):P1-P1D,3.39,0.18,11.7
C359,10,Bản mặt cầu (Deck Slab):S3,0.33,0.18,11.7
C359,10,Bản mặt cầu (Deck Slab):S3,0.33,0.18,11.7
C359,10,Bản mặt cầu (Deck Slab):S3,0.33,0.18,11.7
C359,10,Bản mặt cầu (Deck Slab):S3,0.33,0.18,11.7
C360,10,Cọc khoan nhồi D1200 (26 cọc L=872m):P1-P1D,3.39,0.18,11.7
C360,10,Cọc khoan nhồi D1200 (26 cọc L=872m):P1-P1D,3.39,0.18,11.7
C360,10,Cọc khoan nhồi D1200 (26 cọc L=872m):P1-P1D,3.39,0.18,11.7
C360,10,Bản mặt cầu (Deck Slab):S3,0.33,0.18,11.7
C360,10,Bản mặt cầu (Deck Slab):S3,0.33,0.18,11.7
C360,10,Bản mặt cầu (Deck Slab):S3,0.33,0.18,11.7
C360,10,Bản mặt cầu (Deck Slab):S3,0.33,0.18,11.7
C361,10,Cọc khoan nhồi D1200 (26 cọc L=872m):P1-P1D,3.39,0.18,11.7
C361,10,Cọc khoan nhồi D1200 (26 cọc L=872m):P1-P1D,3.39,0.18,11.7
C361,10,Cọc khoan nhồi D1200 (26 cọc L=872m):P1-P1D,3.39,0.18,11.7
C361,10,Bản mặt cầu (Deck Slab):S3,0.33,0.18,11.7
C361,10,Bản mặt cầu (Deck Slab):S3,0.33,0.18,11.7
C361,10,Bản mặt cầu (Deck Slab):S3,0.33,0.18,11.7
C361,10,Bản mặt cầu (Deck Slab):S3,0.33,0.18,11.7
C362,10,Cọc khoan nhồi D1200 (26 cọc L=872m):P1-P1D,3.39,0.18,11.7
C362,10,Cọc khoan nhồi D1200 (26 cọc L=872m):P1-P1D,3.39,0.18,11.7
C362,10,Cọc khoan nhồi D1200 (26 cọc L=872m):P1-P1D,3.39,0.18,11.7
C362,10,Bản mặt cầu (Deck Slab):S3,0.33,0.18,11.7
C362,10,Bản mặt cầu (Deck Slab):S3,0.33,0.18,11.7
C362,10,Bản mặt cầu (Deck Slab):S3,0.33,0.18,11.7
C362,10,Bản mặt cầu (Deck Slab):S3,0.33,0.18,11.7
C363,10,Cọc khoan nhồi D1200 (26 cọc L=872m):P1-P1D,3.39,0.18,11.7
C363,10,Cọc khoan nhồi D1200 (26 cọc L=872m):P1-P1D,3.39,0.18,11.7
C363,10,Cọc khoan nhồi D1200 (26 cọc L=872m):P1-P1D,3.39,0.18,11.7
C363,10,Bản mặt cầu (Deck Slab):S3,0.33,0.18,11.7
C363,10,Bản mặt cầu (Deck Slab):S3,0.33,0.18,11.7
C363,10,Bản mặt cầu (Deck Slab):S3,0.33,0.18,11.7
C363,10,Bản mặt cầu (Deck Slab):S3,0.33,0.18,11.7
C364,10,Cọc khoan nhồi D1200 (26 cọc L=872m):P1-P1D,3.39,0.18,11.7
C364,10,Cọc khoan nhồi D1200 (26 cọc L=872m):P1-P1D,3.39,0.18,11.7
C364,10,Cọc khoan nhồi D1200 (26 cọc L=872m):P1-P1D,3.39,0.18,11.7
C364,10,Bản mặt cầu (Deck Slab):S3,0.33,0.18,11.7
C364,10,Bản mặt cầu (Deck Slab):S3,0.33,0.18,11.7
C364,10,Bản mặt cầu (Deck Slab):S3,0.33,0.18,11.7
C364,10,Bản mặt cầu (Deck Slab):S3,0.33,0.18,11.7
C365,10,Cọc khoan nhồi D1200 (26 cọc L=872m):P1-P1D,3.39,0.18,11.7
C365,10,Cọc khoan nhồi D1200 (26 cọc L=872m):P1-P1D,3.39,0.18,11.7
C365,10,Cọc khoan nhồi D1200 (26 cọc L=872m):P1-P1D,3.39,0.18,11.7
C365,10,Bản mặt cầu (Deck Slab):S3,0.33,0.18,11.7
C365,10,Bản mặt cầu (Deck Slab):S3,0.33,0.18,11.7
C365,10,Bản mặt cầu (Deck Slab):S3,0.33,0.18,11.7
C365,10,Bản mặt cầu (Deck Slab):S3,0.33,0.18,11.7
C366,10,Cọc khoan nhồi D1200 (26 cọc L=872m):P1-P1D,3.39,0.18,11.7
C366,10,Cọc khoan nhồi D1200 (26 cọc L=872m):P1-P1D,3.39,0.18,11.7
C366,10,Cọc khoan nhồi D1200 (26 cọc L=872m):P1-P1D,3.39,0.18,11.7
C366,10,Bản mặt cầu (Deck Slab):S3,0.33,0.18,11.7
C366,10,Bản mặt cầu (Deck Slab):S3,0.33,0.18,11.7
C366,10,Bản mặt cầu (Deck Slab):S3,0.33,0.18,11.7
C366,10,Bản mặt cầu (Deck Slab):S3,0.33,0.18,11.7
C367,10,Cọc khoan nhồi D1200 (26 cọc L=872m):P1-P1D,3.39,0.18,11.7
C367,10,Cọc khoan nhồi D1200 (26 cọc L=872m):P1-P1D,3.39,0.18,11.7
C367,10,Cọc khoan nhồi D1200 (26 cọc L=872m):P1-P1D,3.39,0.18,11.7
C367,10,Bản mặt cầu (Deck Slab):S3,0.33,0.18,11.7
C367,10,Bản mặt cầu (Deck Slab):S3,0.33,0.18,11.7
C367,10,Bản mặt cầu (Deck Slab):S3,0.33,0.18,11.7
C367,10,Bản mặt cầu (Deck Slab):S3,0.33,0.18,11.7
C368,10,Cọc khoan nhồi D1200 (26 cọc L=872m):P1-P1D,3.39,0.18,11.7
C368,10,Cọc khoan nhồi D1200 (26 cọc L=872m):P1-P1D,3.39,0.18,11.7
C368,10,Cọc khoan nhồi D1200 (26 cọc L=872m):P1-P1D,3.39,0.18,11.7
C368,10,Bản mặt cầu (Deck Slab):S3,0.33,0.18,11.7
C368,10,Bản mặt cầu (Deck Slab):S3,0.33,0.18,11.7
C368,10,Bản mặt cầu (Deck Slab):S3,0.33,0.18,11.7
C368,10,Bản mặt cầu (Deck Slab):S3,0.33,0.18,11.7
C369,10,Cọc khoan nhồi D1200 (26 cọc L=872m):P1-P1D,3.39,0.18,11.7
C369,10,Cọc khoan nhồi D1200 (26 cọc L=872m):P1-P1D,3.39,0.18,11.7
C369,10,Cọc khoan nhồi D1200 (26 cọc L=872m):P1-P1D,3.39,0.18,11.7
C369,10,Bản mặt cầu (Deck Slab):S3,0.33,0.18,11.7
C369,10,Bản mặt cầu (Deck Slab):S3,0.33,0.18,11.7
C369,10,Bản mặt cầu (Deck Slab):S3,0.33,0.18,11.7
C369,10,Bản mặt cầu (Deck Slab):S3,0.33,0.18,11.7
C370,10,Cọc khoan nhồi D1200 (26 cọc L=872m):P1-P1D,3.39,0.18,11.7
C370,10,Cọc khoan nhồi D1200 (26 cọc L=872m):P1-P1D,3.39,0.18,11.7
C370,10,Cọc khoan nhồi D1200 (26 cọc L=872m):P1-P1D,3.39,0.18,11.7
C370,10,Bản mặt cầu (Deck Slab):S3,0.33,0.18,11.7
C370,10,Bản mặt cầu (Deck Slab):S3,0.33,0.18,11.7
C370,10,Bản mặt cầu (Deck Slab):S3,0.33,0.18,11.7
C370,10,Bản mặt cầu (Deck Slab):S3,0.33,0.18,11.7
C371,10,Cọc khoan nhồi D1200 (26 cọc L=872m):P1-P1D,3.39,0.18,11.7
C371,10,Cọc khoan nhồi D1200 (26 cọc L=872m):P1-P1D,3.39,0.18,11.7
C371,10,Cọc khoan nhồi D1200 (26 cọc L=872m):P1-P1D,3.39,0.18,11.7
C371,10,Bản mặt cầu (Deck Slab):S3,0.33,0.18,11.7
C371,10,Bản mặt cầu (Deck Slab):S3,0.33,0.18,11.7
C371,10,Bản mặt cầu (Deck Slab):S3,0.33,0.18,11.7
C371,10,Bản mặt cầu (Deck Slab):S3,0.33,0.18,11.7
C372,10,Cọc khoan nhồi D1200 (26 cọc L=872m):P1-P1D,3.39,0.18,11.7
C372,10,Cọc khoan nhồi D1200 (26 cọc L=872m):P1-P1D,3.39,0.18,11.7
C372,10,Cọc khoan nhồi D1200 (26 cọc L=872m):P1-P1D,3.39,0.18,11.7
C372,10,Bản mặt cầu (Deck Slab):S3,0.33,0.18,11.7
C372,10,Bản mặt cầu (Deck Slab):S3,0.33,0.18,11.7
C372,10,Bản mặt cầu (Deck Slab):S3,0.33,0.18,11.7
C372,10,Bản mặt cầu (Deck Slab):S3,0.33,0.18,11.7
C373,10,Cọc khoan nhồi D1200 (26 cọc L=872m):P1-P1D,3.39,0.18,11.7
C373,10,Cọc khoan nhồi D1200 (26 cọc L=872m):P1-P1D,3.39,0.18,11.7
C373,10,Cọc khoan nhồi D1200 (26 cọc L=872m):P1-P1D,3.39,0.18,11.7
C373,10,Bản mặt cầu (Deck Slab):S3,0.33,0.18,11.7
C373,10,Bản mặt cầu (Deck Slab):S3,0.33,0.18,11.7
C373,10,Bản mặt cầu (Deck Slab):S3,0.33,0.18,11.7
C373,10,Bản mặt cầu (Deck Slab):S3,0.33,0.18,11.7
C374,10,Cọc khoan nhồi D1200 (26 cọc L=872m):P1-P1D,3.39,0.18,11.7
C374,10,Cọc khoan nhồi D1200 (26 cọc L=872m):P1-P1D,3.39,0.18,11.7
C374,10,Cọc khoan nhồi D1200 (26 cọc L=872m):P1-P1D,3.39,0.18,11.7
C374,10,Bản mặt cầu (Deck Slab):S3,0.33,0.18,11.7
C374,10,Bản mặt cầu (Deck Slab):S3,0.33,0.18,11.7
C374,10,Bản mặt cầu (Deck Slab):S3,0.33,0.18,11.7
C374,10,Bản mặt cầu (Deck Slab):S3,0.33,0.18,11.7
C375,10,Cọc khoan nhồi D1200 (26 cọc L=872m):P1-P1D,3.39,0.18,11.7
C375,10,Cọc khoan nhồi D1200 (26 cọc L=872m):P1-P1D,3.39,0.18,11.7
C375,10,Cọc khoan nhồi D1200 (26 cọc L=872m):P1-P1D,3.39,0.18,11.7
C375,10,Bản mặt cầu (Deck Slab):S3,0.33,0.18,11.7
C375,10,Bản mặt cầu (Deck Slab):S3,0.33,0.18,11.7
C375,10,Bản mặt cầu (Deck Slab):S3,0.33,0.18,11.7
C375,10,Bản mặt cầu (Deck Slab):S3,0.33,0.18,11.7
C376,10,Cọc khoan nhồi D1200 (26 cọc L=872m):P1-P1D,3.39,0.18,11.7
C376,10,Cọc khoan nhồi D1200 (26 cọc L=872m):P1-P1D,3.39,0.18,11.7
C376,10,Cọc khoan nhồi D1200 (26 cọc L=872m):P1-P1D,3.39,0.18,11.7
C376,10,Bản mặt cầu (Deck Slab):S3,0.33,0.18,11.7
C376,10,Bản mặt cầu (Deck Slab):S3,0.33,0.18,11.7
C376,10,Bản mặt cầu (Deck Slab):S3,0.33,0.18,11.7
C376,10,Bản mặt cầu (Deck Slab):S3,0.33,0.18,11.7
C377,10,Cọc khoan nhồi D1200 (26 cọc L=872m):P1-P1D,3.39,0.18,11.7
C377,10,Cọc khoan nhồi D1200 (26 cọc L=872m):P1-P1D,3.39,0.18,11.7
C377,10,Cọc khoan nhồi D1200 (26 cọc L=872m):P1-P1D,3.39,0.18,11.7
C377,10,Bản mặt cầu (Deck Slab):S3,0.33,0.18,11.7
C377,10,Bản mặt cầu (Deck Slab):S3,0.33,0.18,11.7
C377,10,Bản mặt cầu (Deck Slab):S3,0.33,0.18,11.7
C377,10,Bản mặt cầu (Deck Slab):S3,0.33,0.18,11.7
C378,10,Cọc khoan nhồi D1200 (26 cọc L=872m):P1-P1D,3.39,0.18,11.7
C378,10,Cọc khoan nhồi D1200 (26 cọc L=872m):P1-P1D,3.39,0.18,11.7
C378,10,Cọc khoan nhồi D1200 (26 cọc L=872m):P1-P1D,3.39,0.18,11.7
C378,10,Bản mặt cầu (Deck Slab):S3,0.33,0.18,11.7
C378,10,Bản mặt cầu (Deck Slab):S3,0.33,0.18,11.7
C378,10,Bản mặt cầu (Deck Slab):S3,0.33,0.18,11.7
C378,10,Bản mặt cầu (Deck Slab):S3,0.33,0.18,11.7
C379,10,Cọc khoan nhồi D1200 (26 cọc L=872m):P1-P1D,3.39,0.18,11.7
C379,10,Cọc khoan nhồi D1200 (26 cọc L=872m):P1-P1D,3.39,0.18,11.7
C379,10,Cọc khoan nhồi D1200 (26 cọc L=872m):P1-P1D,3.39,0.18,11.7
C379,10,Bản mặt cầu (Deck Slab):S3,0.33,0.18,11.7
C379,10,Bản mặt cầu (Deck Slab):S3,0.33,0.18,11.7
C379,10,Bản mặt cầu (Deck Slab):S3,0.33,0.18,11.7
C379,10,Bản mặt cầu (Deck Slab):S3,0.33,0.18,11.7
C380,10,Cọc khoan nhồi D1200 (26 cọc L=872m):P1-P1D,3.39,0.18,11.7
C380,10,Cọc khoan nhồi D1200 (26 cọc L=872m):P1-P1D,3.39,0.18,11.7
C380,10,Cọc khoan nhồi D1200 (26 cọc L=872m):P1-P1D,3.39,0.18,11.7
C380,10,Bản mặt cầu (Deck Slab):S3,0.33,0.18,11.7
C380,10,Bản mặt cầu (Deck Slab):S3,0.33,0.18,11.7
C380,10,Bản mặt cầu (Deck Slab):S3,0.33,0.18,11.7
C380,10,Bản mặt cầu (Deck Slab):S3,0.33,0.18,11.7
C381,10,Cọc khoan nhồi D1200 (26 cọc L=872m):P1-P1D,3.39,0.18,11.7
C381,10,Cọc khoan nhồi D1200 (26 cọc L=872m):P1-P1D,3.39,0.18,11.7
C381,10,Cọc khoan nhồi D1200 (26 cọc L=872m):P1-P1D,3.39,0.18,11.7
C381,10,Bản mặt cầu (Deck Slab):S3,0.33,0.18,11.7
C381,10,Bản mặt cầu (Deck Slab):S3,0.33,0.18,11.7
C381,10,Bản mặt cầu (Deck Slab):S3,0.33,0.18,11.7
C381,10,Bản mặt cầu (Deck Slab):S3,0.33,0.18,11.7
C382,10,Cọc khoan nhồi D1200 (26 cọc L=872m):P1-P1D,3.39,0.18,11.7
C382,10,Cọc khoan nhồi D1200 (26 cọc L=872m):P1-P1D,3.39,0.18,11.7
C382,10,Cọc khoan nhồi D1200 (26 cọc L=872m):P1-P1D,3.39,0.18,11.7
C382,10,Bản mặt cầu (Deck Slab):S3,0.33,0.18,11.7
C382,10,Bản mặt cầu (Deck Slab):S3,0.33,0.18,11.7
C382,10,Bản mặt cầu (Deck Slab):S3,0.33,0.18,11.7
C382,10,Bản mặt cầu (Deck Slab):S3,0.33,0.18,11.7
C383,10,Cọc khoan nhồi D1200 (26 cọc L=872m):P1-P1D,3.39,0.18,11.7
C383,10,Cọc khoan nhồi D1200 (26 cọc L=872m):P1-P1D,3.39,0.18,11.7
C383,10,Cọc khoan nhồi D1200 (26 cọc L=872m):P1-P1D,3.39,0.18,11.7
C383,10,Bản mặt cầu (Deck Slab):S3,0.33,0.18,11.7
C383,10,Bản mặt cầu (Deck Slab):S3,0.33,0.18,11.7
C383,10,Bản mặt cầu (Deck Slab):S3,0.33,0.18,11.7
C383,10,Bản mặt cầu (Deck Slab):S3,0.33,0.18,11.7
C384,10,Cọc khoan nhồi D1200 (26 cọc L=872m):P1-P1D,3.39,0.18,11.7
C384,10,Cọc khoan nhồi D1200 (26 cọc L=872m):P1-P1D,3.39,0.18,11.7
C384,10,Cọc khoan nhồi D1200 (26 cọc L=872m):P1-P1D,3.39,0.18,11.7
C384,10,Bản mặt cầu (Deck Slab):S3,0.33,0.18,11.7
C384,10,Bản mặt cầu (Deck Slab):S3,0.33,0.18,11.7
C384,10,Bản mặt cầu (Deck Slab):S3,0.33,0.18,11.7
C384,10,Bản mặt cầu (Deck Slab):S3,0.33,0.18,11.7
C385,10,Cọc khoan nhồi D1200 (26 cọc L=872m):P1-P1D,3.39,0.18,11.7
C385,10,Cọc khoan nhồi D1200 (26 cọc L=872m):P1-P1D,3.39,0.18,11.7
C385,10,Cọc khoan nhồi D1200 (26 cọc L=872m):P1-P1D,3.39,0.18,11.7
C385,10,Bản mặt cầu (Deck Slab):S3,0.33,0.18,11.7
C385,10,Bản mặt cầu (Deck Slab):S3,0.33,0.18,11.7
C385,10,Bản mặt cầu (Deck Slab):S3,0.33,0.18,11.7
C385,10,Bản mặt cầu (Deck Slab):S3,0.33,0.18,11.7
C386,10,Cọc khoan nhồi D1200 (26 cọc L=872m):P1-P1D,3.39,0.18,11.7
C386,10,Cọc khoan nhồi D1200 (26 cọc L=872m):P1-P1D,3.39,0.18,11.7
C386,10,Cọc khoan nhồi D1200 (26 cọc L=872m):P1-P1D,3.39,0.18,11.7
C386,10,Bản mặt cầu (Deck Slab):S3,0.33,0.18,11.7
C386,10,Bản mặt cầu (Deck Slab):S3,0.33,0.18,11.7
C386,10,Bản mặt cầu (Deck Slab):S3,0.33,0.18,11.7
C386,10,Bản mặt cầu (Deck Slab):S3,0.33,0.18,11.7
C387,10,Cọc khoan nhồi D1200 (26 cọc L=872m):P1-P1D,3.39,0.18,11.7
C387,10,Cọc khoan nhồi D1200 (26 cọc L=872m):P1-P1D,3.39,0.18,11.7
C387,10,Cọc khoan nhồi D1200 (26 cọc L=872m):P1-P1D,3.39,0.18,11.7
C387,10,Bản mặt cầu (Deck Slab):S3,0.33,0.18,11.7
C387,10,Bản mặt cầu (Deck Slab):S3,0.33,0.18,11.7
C387,10,Bản mặt cầu (Deck Slab):S3,0.33,0.18,11.7
C387,10,Bản mặt cầu (Deck Slab):S3,0.33,0.18,11.7
C388,10,Cọc khoan nhồi D1200 (26 cọc L=872m):P1-P1D,3.39,0.18,11.7
C388,10,Cọc khoan nhồi D1200 (26 cọc L=872m):P1-P1D,3.39,0.18,11.7
C388,10,Cọc khoan nhồi D1200 (26 cọc L=872m):P1-P1D,3.39,0.18,11.7
C388,10,Bản mặt cầu (Deck Slab):S3,0.33,0.18,11.7
C388,10,Bản mặt cầu (Deck Slab):S3,0.33,0.18,11.7
C388,10,Bản mặt cầu (Deck Slab):S3,0.33,0.18,11.7
C388,10,Bản mặt cầu (Deck Slab):S3,0.33,0.18,11.7
C389,10,Cọc khoan nhồi D1200 (26 cọc L=872m):P1-P1D,3.39,0.18,11.7
C389,10,Cọc khoan nhồi D1200 (26 cọc L=872m):P1-P1D,3.39,0.18,11.7
C389,10,Cọc khoan nhồi D1200 (26 cọc L=872m):P1-P1D,3.39,0.18,11.7
C389,10,Bản mặt cầu (Deck Slab):S3,0.33,0.18,11.7
C389,10,Bản mặt cầu (Deck Slab):S3,0.33,0.18,11.7
C389,10,Bản mặt cầu (Deck Slab):S3,0.33,0.18,11.7
C389,10,Bản mặt cầu (Deck Slab):S3,0.33,0.18,11.7
C390,10,Cọc khoan nhồi D1200 (26 cọc L=872m):P1-P1D,3.39,0.18,11.7
C390,10,Cọc khoan nhồi D1200 (26 cọc L=872m):P1-P1D,3.39,0.18,11.7
C390,10,Cọc khoan nhồi D1200 (26 cọc L=872m):P1-P1D,3.39,0.18,11.7
C390,10,Bản mặt cầu (Deck Slab):S3,0.33,0.18,11.7
C390,10,Bản mặt cầu (Deck Slab):S3,0.33,0.18,11.7
C390,10,Bản mặt cầu (Deck Slab):S3,0.33,0.18,11.7
C390,10,Bản mặt cầu (Deck Slab):S3,0.33,0.18,11.7
C391,10,Cọc khoan nhồi D1200 (26 cọc L=872m):P1-P1D,3.39,0.18,11.7
C391,10,Cọc khoan nhồi D1200 (26 cọc L=872m):P1-P1D,3.39,0.18,11.7
C391,10,Cọc khoan nhồi D1200 (26 cọc L=872m):P1-P1D,3.39,0.18,11.7
C391,10,Bản mặt cầu (Deck Slab):S3,0.33,0.18,11.7
C391,10,Bản mặt cầu (Deck Slab):S3,0.33,0.18,11.7
C391,10,Bản mặt cầu (Deck Slab):S3,0.33,0.18,11.7
C391,10,Bản mặt cầu (Deck Slab):S3,0.33,0.18,11.7
C392,10,Cọc khoan nhồi D1200 (26 cọc L=872m):P1-P1D,3.39,0.18,11.7
C392,10,Cọc khoan nhồi D1200 (26 cọc L=872m):P1-P1D,3.39,0.18,11.7
C392,10,Cọc khoan nhồi D1200 (26 cọc L=872m):P1-P1D,3.39,0.18,11.7
C392,10,Bản mặt cầu (Deck Slab):S3,0.33,0.18,11.7
C392,10,Bản mặt cầu (Deck Slab):S3,0.33,0.18,11.7
C392,10,Bản mặt cầu (Deck Slab):S3,0.33,0.18,11.7
C392,10,Bản mặt cầu (Deck Slab):S3,0.33,0.18,11.7
C393,10,Cọc khoan nhồi D1200 (26 cọc L=872m):P1-P1D,3.39,0.18,11.7
C393,10,Cọc khoan nhồi D1200 (26 cọc L=872m):P1-P1D,3.39,0.18,11.7
C393,10,Cọc khoan nhồi D1200 (26 cọc L=872m):P1-P1D,3.39,0.18,11.7
C393,10,Bản mặt cầu (Deck Slab):S3,0.33,0.18,11.7
C393,10,Bản mặt cầu (Deck Slab):S3,0.33,0.18,11.7
C393,10,Bản mặt cầu (Deck Slab):S3,0.33,0.18,11.7
C393,10,Bản mặt cầu (Deck Slab):S3,0.33,0.18,11.7
C394,10,Cọc khoan nhồi D1200 (26 cọc L=872m):P1-P1D,3.39,0.18,11.7
C394,10,Cọc khoan nhồi D1200 (26 cọc L=872m):P1-P1D,3.39,0.18,11.7
C394,10,Cọc khoan nhồi D1200 (26 cọc L=872m):P1-P1D,3.39,0.18,11.7
C394,10,Bản mặt cầu (Deck Slab):S3,0.33,0.18,11.7
C394,10,Bản mặt cầu (Deck Slab):S3,0.33,0.18,11.7
C394,10,Bản mặt cầu (Deck Slab):S3,0.33,0.18,11.7
C394,10,Bản mặt cầu (Deck Slab):S3,0.33,0.18,11.7
C395,10,Cọc khoan nhồi D1200 (26 cọc L=872m):P1-P1D,3.39,0.18,11.7
C395,10,Cọc khoan nhồi D1200 (26 cọc L=872m):P1-P1D,3.39,0.18,11.7
C395,10,Cọc khoan nhồi D1200 (26 cọc L=872m):P1-P1D,3.39,0.18,11.7
C395,10,Bản mặt cầu (Deck Slab):S3,0.33,0.18,11.7
C395,10,Bản mặt cầu (Deck Slab):S3,0.33,0.18,11.7
C395,10,Bản mặt cầu (Deck Slab):S3,0.33,0.18,11.7
C395,10,Bản mặt cầu (Deck Slab):S3,0.33,0.18,11.7
C396,10,Cọc khoan nhồi D1200 (26 cọc L=872m):P1-P1D,3.39,0.18,11.7
C396,10,Cọc khoan nhồi D1200 (26 cọc L=872m):P1-P1D,3.39,0.18,11.7
C396,10,Cọc khoan nhồi D1200 (26 cọc L=872m):P1-P1D,3.39,0.18,11.7
C396,10,Bản mặt cầu (Deck Slab):S3,0.33,0.18,11.7
C396,10,Bản mặt cầu (Deck Slab):S3,0.33,0.18,11.7
C396,10,Bản mặt cầu (Deck Slab):S3,0.33,0.18,11.7
C396,10,Bản mặt cầu (Deck Slab):S3,0.33,0.18,11.7
C397,10,Cọc khoan nhồi D1200 (26 cọc L=872m):P1-P1D,3.39,0.18,11.7
C397,10,Cọc khoan nhồi D1200 (26 cọc L=872m):P1-P1D,3.39,0.18,11.7
C397,10,Cọc khoan nhồi D1200 (26 cọc L=872m):P1-P1D,3.39,0.18,11.7
C397,10,Bản mặt cầu (Deck Slab):S3,0.33,0.18,11.7
C397,10,Bản mặt cầu (Deck Slab):S3,0.33,0.18,11.7
C397,10,Bản mặt cầu (Deck Slab):S3,0.33,0.18,11.7
C397,10,Bản mặt cầu (Deck Slab):S3,0.33,0.18,11.7
C398,10,Cọc khoan nhồi D1200 (26 cọc L=872m):P1-P1D,3.39,0.18,11.7
C398,10,Cọc khoan nhồi D1200 (26 cọc L=872m):P1-P1D,3.39,0.18,11.7
C398,10,Cọc khoan nhồi D1200 (26 cọc L=872m):P1-P1D,3.39,0.18,11.7
C398,10,Bản mặt cầu (Deck Slab):S3,0.33,0.18,11.7
C398,10,Bản mặt cầu (Deck Slab):S3,0.33,0.18,11.7
C398,10,Bản mặt cầu (Deck Slab):S3,0.33,0.18,11.7
C398,10,Bản mặt cầu (Deck Slab):S3,0.33,0.18,11.7
C399,10,Cọc khoan nhồi D1200 (26 cọc L=872m):P1-P1D,3.39,0.18,11.7
C399,10,Cọc khoan nhồi D1200 (26 cọc L=872m):P1-P1D,3.39,0.18,11.7
C399,10,Cọc khoan nhồi D1200 (26 cọc L=872m):P1-P1D,3.39,0.18,11.7
C399,10,Bản mặt cầu (Deck Slab):S3,0.33,0.18,11.7
C399,10,Bản mặt cầu (Deck Slab):S3,0.33,0.18,11.7
C399,10,Bản mặt cầu (Deck Slab):S3,0.33,0.18,11.7
C399,10,Bản mặt cầu (Deck Slab):S3,0.33,0.18,11.7
C400,10,Cọc khoan nhồi D1200 (26 cọc L=872m):P1-P1D,3.39,0.18,11.7
C400,10,Cọc khoan nhồi D1200 (26 cọc L=872m):P1-P1D,3.39,0.18,11.7
C400,10,Cọc khoan nhồi D1200 (26 cọc L=872m):P1-P1D,3.39,0.18,11.7
C400,10,Bản mặt cầu (Deck Slab):S3,0.33,0.18,11.7
C400,10,Bản mặt cầu (Deck Slab):S3,0.33,0.18,11.7
C400,10,Bản mặt cầu (Deck Slab):S3,0.33,0.18,11.7
C400,10,Bản mặt cầu (Deck Slab):S3,0.33,0.18,11.7
C401,10,Cọc khoan nhồi D1200 (26 cọc L=872m):P1-P1D,3.39,0.18,11.7
C401,10,Cọc khoan nhồi D1200 (26 cọc L=872m):P1-P1D,3.39,0.18,11.7
C401,10,Cọc khoan nhồi D1200 (26 cọc L=872m):P1-P1D,3.39,0.18,11.7
C401,10,Bản mặt cầu (Deck Slab):S3,0.33,0.18,11.7
C401,10,Bản mặt cầu (Deck Slab):S3,0.33,0.18,11.7
C401,10,Bản mặt cầu (Deck Slab):S3,0.33,0.18,11.7
C401,10,Bản mặt cầu (Deck Slab):S3,0.33,0.18,11.7
C402,10,Cọc khoan nhồi D1200 (26 cọc L=872m):P1-P1D,3.39,0.18,11.7
C402,10,Cọc khoan nhồi D1200 (26 cọc L=872m):P1-P1D,3.39,0.18,11.7
C402,10,Cọc khoan nhồi D1200 (26 cọc L=872m):P1-P1D,3.39,0.18,11.7
C402,10,Bản mặt cầu (Deck Slab):S3,0.33,0.18,11.7
C402,10,Bản mặt cầu (Deck Slab):S3,0.33,0.18,11.7
C402,10,Bản mặt cầu (Deck Slab):S3,0.33,0.18,11.7
C402,10,Bản mặt cầu (Deck Slab):S3,0.33,0.18,11.7
C403,10,Cọc khoan nhồi D1200 (26 cọc L=872m):P1-P1D,3.39,0.18,11.7
C403,10,Cọc khoan nhồi D1200 (26 cọc L=872m):P1-P1D,3.39,0.18,11.7
C403,10,Cọc khoan nhồi D1200 (26 cọc L=872m):P1-P1D,3.39,0.18,11.7
C403,10,Bản mặt cầu (Deck Slab):S3,0.33,0.18,11.7
C403,10,Bản mặt cầu (Deck Slab):S3,0.33,0.18,11.7
C403,10,Bản mặt cầu (Deck Slab):S3,0.33,0.18,11.7
C403,10,Bản mặt cầu (Deck Slab):S3,0.33,0.18,11.7
C404,10,Cọc khoan nhồi D1200 (26 cọc L=872m):P1-P1D,3.39,0.18,11.7
C404,10,Cọc khoan nhồi D1200 (26 cọc L=872m):P1-P1D,3.39,0.18,11.7
C404,10,Cọc khoan nhồi D1200 (26 cọc L=872m):P1-P1D,3.39,0.18,11.7
C404,10,Bản mặt cầu (Deck Slab):S3,0.33,0.18,11.7
C404,10,Bản mặt cầu (Deck Slab):S3,0.33,0.18,11.7
C404,10,Bản mặt cầu (Deck Slab):S3,0.33,0.18,11.7
C404,10,Bản mặt cầu (Deck Slab):S3,0.33,0.18,11.7
C405,10,Cọc khoan nhồi D1200 (26 cọc L=872m):P1-P1D,3.39,0.18,11.7
C405,10,Cọc khoan nhồi D1200 (26 cọc L=872m):P1-P1D,3.39,0.18,11.7
C405,10,Cọc khoan nhồi D1200 (26 cọc L=872m):P1-P1D,3.39,0.18,11.7
C405,10,Bản mặt cầu (Deck Slab):S3,0.33,0.18,11.7
C405,10,Bản mặt cầu (Deck Slab):S3,0.33,0.18,11.7
C405,10,Bản mặt cầu (Deck Slab):S3,0.33,0.18,11.7
C405,10,Bản mặt cầu (Deck Slab):S3,0.33,0.18,11.7
C406,10,Cọc khoan nhồi D1200 (26 cọc L=872m):P1-P1D,3.39,0.18,11.7
C406,10,Cọc khoan nhồi D1200 (26 cọc L=872m):P1-P1D,3.39,0.18,11.7
C406,10,Cọc khoan nhồi D1200 (26 cọc L=872m):P1-P1D,3.39,0.18,11.7
C406,10,Bản mặt cầu (Deck Slab):S3,0.33,0.18,11.7
C406,10,Bản mặt cầu (Deck Slab):S3,0.33,0.18,11.7
C406,10,Bản mặt cầu (Deck Slab):S3,0.33,0.18,11.7
C406,10,Bản mặt cầu (Deck Slab):S3,0.33,0.18,11.7
C407,10,Cọc khoan nhồi D1200 (26 cọc L=872m):P1-P1D,3.39,0.18,11.7
C407,10,Cọc khoan nhồi D1200 (26 cọc L=872m):P1-P1D,3.39,0.18,11.7
C407,10,Cọc khoan nhồi D1200 (26 cọc L=872m):P1-P1D,3.39,0.18,11.7
C407,10,Bản mặt cầu (Deck Slab):S3,0.33,0.18,11.7
C407,10,Bản mặt cầu (Deck Slab):S3,0.33,0.18,11.7
C407,10,Bản mặt cầu (Deck Slab):S3,0.33,0.18,11.7
C407,10,Bản mặt cầu (Deck Slab):S3,0.33,0.18,11.7
C408,10,Cọc khoan nhồi D1200 (26 cọc L=872m):P1-P1D,3.39,0.18,11.7
C408,10,Cọc khoan nhồi D1200 (26 cọc L=872m):P1-P1D,3.39,0.18,11.7
C408,10,Cọc khoan nhồi D1200 (26 cọc L=872m):P1-P1D,3.39,0.18,11.7
C408,10,Bản mặt cầu (Deck Slab):S3,0.33,0.18,11.7
C408,10,Bản mặt cầu (Deck Slab):S3,0.33,0.18,11.7
C408,10,Bản mặt cầu (Deck Slab):S3,0.33,0.18,11.7
C408,10,Bản mặt cầu (Deck Slab):S3,0.33,0.18,11.7
C409,10,Cọc khoan nhồi D1200 (26 cọc L=872m):P1-P1D,3.39,0.18,11.7
C409,10,Cọc khoan nhồi D1200 (26 cọc L=872m):P1-P1D,3.39,0.18,11.7
C409,10,Cọc khoan nhồi D1200 (26 cọc L=872m):P1-P1D,3.39,0.18,11.7
C409,10,Bản mặt cầu (Deck Slab):S3,0.33,0.18,11.7
C409,10,Bản mặt cầu (Deck Slab):S3,0.33,0.18,11.7
C409,10,Bản mặt cầu (Deck Slab):S3,0.33,0.18,11.7
C409,10,Bản mặt cầu (Deck Slab):S3,0.33,0.18,11.7
C410,10,Cọc khoan nhồi D1200 (26 cọc L=872m):P1-P1D,3.39,0.18,11.7
C410,10,Cọc khoan nhồi D1200 (26 cọc L=872m):P1-P1D,3.39,0.18,11.7
C410,10,Cọc khoan nhồi D1200 (26 cọc L=872m):P1-P1D,3.39,0.18,11.7
C410,10,Bản mặt cầu (Deck Slab):S3,0.33,0.18,11.7
C410,10,Bản mặt cầu (Deck Slab):S3,0.33,0.18,11.7
C410,10,Bản mặt cầu (Deck Slab):S3,0.33,0.18,11.7
C410,10,Bản mặt cầu (Deck Slab):S3,0.33,0.18,11.7
C411,10,Cọc khoan nhồi D1200 (26 cọc L=872m):P1-P1D,3.39,0.18,11.7
C411,10,Cọc khoan nhồi D1200 (26 cọc L=872m):P1-P1D,3.39,0.18,11.7
C411,10,Cọc khoan nhồi D1200 (26 cọc L=872m):P1-P1D,3.39,0.18,11.7
C411,10,Bản mặt cầu (Deck Slab):S3,0.33,0.18,11.7
C411,10,Bản mặt cầu (Deck Slab):S3,0.33,0.18,11.7
C411,10,Bản mặt cầu (Deck Slab):S3,0.33,0.18,11.7
C411,10,Bản mặt cầu (Deck Slab):S3,0.33,0.18,11.7
C412,10,Cọc khoan nhồi D1200 (26 cọc L=872m):P1-P1D,3.39,0.18,11.7
C412,10,Cọc khoan nhồi D1200 (26 cọc L=872m):P1-P1D,3.39,0.18,11.7
C412,10,Cọc khoan nhồi D1200 (26 cọc L=872m):P1-P1D,3.39,0.18,11.7
C412,10,Bản mặt cầu (Deck Slab):S3,0.33,0.18,11.7
C412,10,Bản mặt cầu (Deck Slab):S3,0.33,0.18,11.7
C412,10,Bản mặt cầu (Deck Slab):S3,0.33,0.18,11.7
C412,10,Bản mặt cầu (Deck Slab):S3,0.33,0.18,11.7
C413,10,Cọc khoan nhồi D1200 (26 cọc L=872m):P1-P1D,3.39,0.18,11.7
C413,10,Cọc khoan nhồi D1200 (26 cọc L=872m):P1-P1D,3.39,0.18,11.7
C413,10,Cọc khoan nhồi D1200 (26 cọc L=872m):P1-P1D,3.39,0.18,11.7
C413,10,Bản mặt cầu (Deck Slab):S3,0.33,0.18,11.7
C413,10,Bản mặt cầu (Deck Slab):S3,0.33,0.18,11.7
C413,10,Bản mặt cầu (Deck Slab):S3,0.33,0.18,11.7
C413,10,Bản mặt cầu (Deck Slab):S3,0.33,0.18,11.7
C414,10,Cọc khoan nhồi D1200 (26 cọc L=872m):P1-P1D,3.39,0.18,11.7
C414,10,Cọc khoan nhồi D1200 (26 cọc L=872m):P1-P1D,3.39,0.18,11.7
C414,10,Cọc khoan nhồi D1200 (26 cọc L=872m):P1-P1D,3.39,0.18,11.7
C414,10,Bản mặt cầu (Deck Slab):S3,0.33,0.18,11.7
C414,10,Bản mặt cầu (Deck Slab):S3,0.33,0.18,11.7
C414,10,Bản mặt cầu (Deck Slab):S3,0.33,0.18,11.7
C414,10,Bản mặt cầu (Deck Slab):S3,0.33,0.18,11.7
C415,10,Cọc khoan nhồi D1200 (26 cọc L=872m):P1-P1D,3.39,0.18,11.7
C415,10,Cọc khoan nhồi D1200 (26 cọc L=872m):P1-P1D,3.39,0.18,11.7
C415,10,Cọc khoan nhồi D1200 (26 cọc L=872m):P1-P1D,3.39,0.18,11.7
C415,10,Bản mặt cầu (Deck Slab):S3,0.33,0.18,11.7
C415,10,Bản mặt cầu (Deck Slab):S3,0.33,0.18,11.7
C415,10,Bản mặt cầu (Deck Slab):S3,0.33,0.18,11.7
C415,10,Bản mặt cầu (Deck Slab):S3,0.33,0.18,11.7
C416,10,Cọc khoan nhồi D1200 (26 cọc L=872m):P1-P1D,3.39,0.18,11.7
C416,10,Cọc khoan nhồi D1200 (26 cọc L=872m):P1-P1D,3.39,0.18,11.7
C416,10,Cọc khoan nhồi D1200 (26 cọc L=872m):P1-P1D,3.39,0.18,11.7
C416,10,Bản mặt cầu (Deck Slab):S3,0.33,0.18,11.7
C416,10,Bản mặt cầu (Deck Slab):S3,0.33,0.18,11.7
C416,10,Bản mặt cầu (Deck Slab):S3,0.33,0.18,11.7
C416,10,Bản mặt cầu (Deck Slab):S3,0.33,0.18,11.7
C417,10,Cọc khoan nhồi D1200 (26 cọc L=872m):P1-P1D,3.39,0.18,11.7
C417,10,Cọc khoan nhồi D1200 (26 cọc L=872m):P1-P1D,3.39,0.18,11.7
C417,10,Cọc khoan nhồi D1200 (26 cọc L=872m):P1-P1D,3.39,0.18,11.7
C417,10,Bản mặt cầu (Deck Slab):S3,0.33,0.18,11.7
C417,10,Bản mặt cầu (Deck Slab):S3,0.33,0.18,11.7
C417,10,Bản mặt cầu (Deck Slab):S3,0.33,0.18,11.7
C417,10,Bản mặt cầu (Deck Slab):S3,0.33,0.18,11.7
C418,10,Cọc khoan nhồi D1200 (26 cọc L=872m):P1-P1D,3.39,0.18,11.7
C418,10,Cọc khoan nhồi D1200 (26 cọc L=872m):P1-P1D,3.39,0.18,11.7
C418,10,Cọc khoan nhồi D1200 (26 cọc L=872m):P1-P1D,3.39,0.18,11.7
C418,10,Bản mặt cầu (Deck Slab):S3,0.33,0.18,11.7
C418,10,Bản mặt cầu (Deck Slab):S3,0.33,0.18,11.7
C418,10,Bản mặt cầu (Deck Slab):S3,0.33,0.18,11.7
C418,10,Bản mặt cầu (Deck Slab):S3,0.33,0.18,11.7
C419,10,Cọc khoan nhồi D1200 (26 cọc L=872m):P1-P1D,3.39,0.18,11.7
C419,10,Cọc khoan nhồi D1200 (26 cọc L=872m):P1-P1D,3.39,0.18,11.7
C419,10,Cọc khoan nhồi D1200 (26 cọc L=872m):P1-P1D,3.39,0.18,11.7
C419,10,Bản mặt cầu (Deck Slab):S3,0.33,0.18,11.7
C419,10,Bản mặt cầu (Deck Slab):S3,0.33,0.18,11.7
C419,10,Bản mặt cầu (Deck Slab):S3,0.33,0.18,11.7
C419,10,Bản mặt cầu (Deck Slab):S3,0.33,0.18,11.7
C420,10,Cọc khoan nhồi D1200 (26 cọc L=872m):P1-P1D,3.39,0.18,11.7
C420,10,Cọc khoan nhồi D1200 (26 cọc L=872m):P1-P1D,3.39,0.18,11.7
C420,10,Cọc khoan nhồi D1200 (26 cọc L=872m):P1-P1D,3.39,0.18,11.7
C420,10,Bản mặt cầu (Deck Slab):S3,0.33,0.18,11.7
C420,10,Bản mặt cầu (Deck Slab):S3,0.33,0.18,11.7
C420,10,Bản mặt cầu (Deck Slab):S3,0.33,0.18,11.7
C420,10,Bản mặt cầu (Deck Slab):S3,0.33,0.18,11.7
C421,10,Cọc khoan nhồi D1200 (26 cọc L=872m):P1-P1D,3.39,0.18,11.7
C421,10,Cọc khoan nhồi D1200 (26 cọc L=872m):P1-P1D,3.39,0.18,11.7
C421,10,Cọc khoan nhồi D1200 (26 cọc L=872m):P1-P1D,3.39,0.18,11.7
C421,10,Bản mặt cầu (Deck Slab):S3,0.33,0.18,11.7
C421,10,Bản mặt cầu (Deck Slab):S3,0.33,0.18,11.7
C421,10,Bản mặt cầu (Deck Slab):S3,0.33,0.18,11.7
C421,10,Bản mặt cầu (Deck Slab):S3,0.33,0.18,11.7
C422,10,Cọc khoan nhồi D1200 (26 cọc L=872m):P1-P1D,3.39,0.18,11.7
C422,10,Cọc khoan nhồi D1200 (26 cọc L=872m):P1-P1D,3.39,0.18,11.7
C422,10,Cọc khoan nhồi D1200 (26 cọc L=872m):P1-P1D,3.39,0.18,11.7
C422,10,Bản mặt cầu (Deck Slab):S3,0.33,0.18,11.7
C422,10,Bản mặt cầu (Deck Slab):S3,0.33,0.18,11.7
C422,10,Bản mặt cầu (Deck Slab):S3,0.33,0.18,11.7
C422,10,Bản mặt cầu (Deck Slab):S3,0.33,0.18,11.7
C423,10,Cọc khoan nhồi D1200 (26 cọc L=872m):P1-P1D,3.39,0.18,11.7
C423,10,Cọc khoan nhồi D1200 (26 cọc L=872m):P1-P1D,3.39,0.18,11.7
C423,10,Cọc khoan nhồi D1200 (26 cọc L=872m):P1-P1D,3.39,0.18,11.7
C423,10,Bản mặt cầu (Deck Slab):S3,0.33,0.18,11.7
C423,10,Bản mặt cầu (Deck Slab):S3,0.33,0.18,11.7
C423,10,Bản mặt cầu (Deck Slab):S3,0.33,0.18,11.7
C423,10,Bản mặt cầu (Deck Slab):S3,0.33,0.18,11.7
C424,10,Cọc khoan nhồi D1200 (26 cọc L=872m):P1-P1D,3.39,0.18,11.7
C424,10,Cọc khoan nhồi D1200 (26 cọc L=872m):P1-P1D,3.39,0.18,11.7
C424,10,Cọc khoan nhồi D1200 (26 cọc L=872m):P1-P1D,3.39,0.18,11.7
C424,10,Bản mặt cầu (Deck Slab):S3,0.33,0.18,11.7
C424,10,Bản mặt cầu (Deck Slab):S3,0.33,0.18,11.7
C424,10,Bản mặt cầu (Deck Slab):S3,0.33,0.18,11.7
C424,10,Bản mặt cầu (Deck Slab):S3,0.33,0.18,11.7
C425,10,Cọc khoan nhồi D1200 (26 cọc L=872m):P1-P1D,3.39,0.18,11.7
C425,10,Cọc khoan nhồi D1200 (26 cọc L=872m):P1-P1D,3.39,0.18,11.7
C425,10,Cọc khoan nhồi D1200 (26 cọc L=872m):P1-P1D,3.39,0.18,11.7
C425,10,Bản mặt cầu (Deck Slab):S3,0.33,0.18,11.7
C425,10,Bản mặt cầu (Deck Slab):S3,0.33,0.18,11.7
C425,10,Bản mặt cầu (Deck Slab):S3,0.33,0.18,11.7
C425,10,Bản mặt cầu (Deck Slab):S3,0.33,0.18,11.7
C426,10,Cọc khoan nhồi D1200 (26 cọc L=872m):P1-P1D,3.39,0.18,11.7
C426,10,Cọc khoan nhồi D1200 (26 cọc L=872m):P1-P1D,3.39,0.18,11.7
C426,10,Cọc khoan nhồi D1200 (26 cọc L=872m):P1-P1D,3.39,0.18,11.7
C426,10,Bản mặt cầu (Deck Slab):S3,0.33,0.18,11.7
C426,10,Bản mặt cầu (Deck Slab):S3,0.33,0.18,11.7
C426,10,Bản mặt cầu (Deck Slab):S3,0.33,0.18,11.7
C426,10,Bản mặt cầu (Deck Slab):S3,0.33,0.18,11.7
C427,10,Cọc khoan nhồi D1200 (26 cọc L=872m):P1-P1D,3.39,0.18,11.7
C427,10,Cọc khoan nhồi D1200 (26 cọc L=872m):P1-P1D,3.39,0.18,11.7
C427,10,Cọc khoan nhồi D1200 (26 cọc L=872m):P1-P1D,3.39,0.18,11.7
C427,10,Bản mặt cầu (Deck Slab):S3,0.33,0.18,11.7
C427,10,Bản mặt cầu (Deck Slab):S3,0.33,0.18,11.7
C427,10,Bản mặt cầu (Deck Slab):S3,0.33,0.18,11.7
C427,10,Bản mặt cầu (Deck Slab):S3,0.33,0.18,11.7
C428,10,Cọc khoan nhồi D1200 (26 cọc L=872m):P1-P1D,3.39,0.18,11.7
C428,10,Cọc khoan nhồi D1200 (26 cọc L=872m):P1-P1D,3.39,0.18,11.7
C428,10,Cọc khoan nhồi D1200 (26 cọc L=872m):P1-P1D,3.39,0.18,11.7
C428,10,Bản mặt cầu (Deck Slab):S3,0.33,0.18,11.7
C428,10,Bản mặt cầu (Deck Slab):S3,0.33,0.18,11.7
C428,10,Bản mặt cầu (Deck Slab):S3,0.33,0.18,11.7
C428,10,Bản mặt cầu (Deck Slab):S3,0.33,0.18,11.7
C429,10,Cọc khoan nhồi D1200 (26 cọc L=872m):P1-P1D,3.39,0.18,11.7
C429,10,Cọc khoan nhồi D1200 (26 cọc L=872m):P1-P1D,3.39,0.18,11.7
C429,10,Cọc khoan nhồi D1200 (26 cọc L=872m):P1-P1D,3.39,0.18,11.7
C429,10,Bản mặt cầu (Deck Slab):S3,0.33,0.18,11.7
C429,10,Bản mặt cầu (Deck Slab):S3,0.33,0.18,11.7
C429,10,Bản mặt cầu (Deck Slab):S3,0.33,0.18,11.7
C429,10,Bản mặt cầu (Deck Slab):S3,0.33,0.18,11.7
C430,10,Cọc khoan nhồi D1200 (26 cọc L=872m):P1-P1D,3.39,0.18,11.7
C430,10,Cọc khoan nhồi D1200 (26 cọc L=872m):P1-P1D,3.39,0.18,11.7
C430,10,Cọc khoan nhồi D1200 (26 cọc L=872m):P1-P1D,3.39,0.18,11.7
C430,10,Bản mặt cầu (Deck Slab):S3,0.33,0.18,11.7
C430,10,Bản mặt cầu (Deck Slab):S3,0.33,0.18,11.7
C430,10,Bản mặt cầu (Deck Slab):S3,0.33,0.18,11.7
C430,10,Bản mặt cầu (Deck Slab):S3,0.33,0.18,11.7
C431,10,Cọc khoan nhồi D1200 (26 cọc L=872m):P1-P1D,3.39,0.18,11.7
C431,10,Cọc khoan nhồi D1200 (26 cọc L=872m):P1-P1D,3.39,0.18,11.7
C431,10,Cọc khoan nhồi D1200 (26 cọc L=872m):P1-P1D,3.39,0.18,11.7
C431,10,Bản mặt cầu (Deck Slab):S3,0.33,0.18,11.7
C431,10,Bản mặt cầu (Deck Slab):S3,0.33,0.18,11.7
C431,10,Bản mặt cầu (Deck Slab):S3,0.33,0.18,11.7
C431,10,Bản mặt cầu (Deck Slab):S3,0.33,0.18,11.7
C432,10,Cọc khoan nhồi D1200 (26 cọc L=872m):P1-P1D,3.39,0.18,11.7
C432,10,Cọc khoan nhồi D1200 (26 cọc L=872m):P1-P1D,3.39,0.18,11.7
C432,10,Cọc khoan nhồi D1200 (26 cọc L=872m):P1-P1D,3.39,0.18,11.7
C432,10,Bản mặt cầu (Deck Slab):S3,0.33,0.18,11.7
C432,10,Bản mặt cầu (Deck Slab):S3,0.33,0.18,11.7
C432,10,Bản mặt cầu (Deck Slab):S3,0.33,0.18,11.7
C432,10,Bản mặt cầu (Deck Slab):S3,0.33,0.18,11.7
C433,10,Cọc khoan nhồi D1200 (26 cọc L=872m):P1-P1D,3.39,0.18,11.7
C433,10,Cọc khoan nhồi D1200 (26 cọc L=872m):P1-P1D,3.39,0.18,11.7
C433,10,Cọc khoan nhồi D1200 (26 cọc L=872m):P1-P1D,3.39,0.18,11.7
C433,10,Bản mặt cầu (Deck Slab):S3,0.33,0.18,11.7
C433,10,Bản mặt cầu (Deck Slab):S3,0.33,0.18,11.7
C433,10,Bản mặt cầu (Deck Slab):S3,0.33,0.18,11.7
C433,10,Bản mặt cầu (Deck Slab):S3,0.33,0.18,11.7
C434,10,Cọc khoan nhồi D1200 (26 cọc L=872m):P1-P1D,3.39,0.18,11.7
C434,10,Cọc khoan nhồi D1200 (26 cọc L=872m):P1-P1D,3.39,0.18,11.7
C434,10,Cọc khoan nhồi D1200 (26 cọc L=872m):P1-P1D,3.39,0.18,11.7
C434,10,Bản mặt cầu (Deck Slab):S3,0.33,0.18,11.7
C434,10,Bản mặt cầu (Deck Slab):S3,0.33,0.18,11.7
C434,10,Bản mặt cầu (Deck Slab):S3,0.33,0.18,11.7
C434,10,Bản mặt cầu (Deck Slab):S3,0.33,0.18,11.7
C435,10,Cọc khoan nhồi D1200 (26 cọc L=872m):P1-P1D,3.39,0.18,11.7
C435,10,Cọc khoan nhồi D1200 (26 cọc L=872m):P1-P1D,3.39,0.18,11.7
C435,10,Cọc khoan nhồi D1200 (26 cọc L=872m):P1-P1D,3.39,0.18,11.7
C435,10,Bản mặt cầu (Deck Slab):S3,0.33,0.18,11.7
C435,10,Bản mặt cầu (Deck Slab):S3,0.33,0.18,11.7
C435,10,Bản mặt cầu (Deck Slab):S3,0.33,0.18,11.7
C435,10,Bản mặt cầu (Deck Slab):S3,0.33,0.18,11.7
C436,10,Cọc khoan nhồi D1200 (26 cọc L=872m):P1-P1D,3.39,0.18,11.7
C436,10,Cọc khoan nhồi D1200 (26 cọc L=872m):P1-P1D,3.39,0.18,11.7
C436,10,Cọc khoan nhồi D1200 (26 cọc L=872m):P1-P1D,3.39,0.18,11.7
C436,10,Bản mặt cầu (Deck Slab):S3,0.33,0.18,11.7
C436,10,Bản mặt cầu (Deck Slab):S3,0.33,0.18,11.7
C436,10,Bản mặt cầu (Deck Slab):S3,0.33,0.18,11.7
C436,10,Bản mặt cầu (Deck Slab):S3,0.33,0.18,11.7
C437,10,Cọc khoan nhồi D1200 (26 cọc L=872m):P1-P1D,3.39,0.18,11.7
C437,10,Cọc khoan nhồi D1200 (26 cọc L=872m):P1-P1D,3.39,0.18,11.7
C437,10,Cọc khoan nhồi D1200 (26 cọc L=872m):P1-P1D,3.39,0.18,11.7
C437,10,Bản mặt cầu (Deck Slab):S3,0.33,0.18,11.7
C437,10,Bản mặt cầu (Deck Slab):S3,0.33,0.18,11.7
C437,10,Bản mặt cầu (Deck Slab):S3,0.33,0.18,11.7
C437,10,Bản mặt cầu (Deck Slab):S3,0.33,0.18,11.7
C438,10,Cọc khoan nhồi D1200 (26 cọc L=872m):P1-P1D,3.39,0.18,11.7
C438,10,Cọc khoan nhồi D1200 (26 cọc L=872m):P1-P1D,3.39,0.18,11.7
C438,10,Cọc khoan nhồi D1200 (26 cọc L=872m):P1-P1D,3.39,0.18,11.7
C438,10,Bản mặt cầu (Deck Slab):S3,0.33,0.18,11.7
C438,10,Bản mặt cầu (Deck Slab):S3,0.33,0.18,11.7
C438,10,Bản mặt cầu (Deck Slab):S3,0.33,0.18,11.7
C438,10,Bản mặt cầu (Deck Slab):S3,0.33,0.18,11.7
C439,10,Cọc khoan nhồi D1200 (26 cọc L=872m):P1-P1D,3.39,0.18,11.7
C439,10,Cọc khoan nhồi D1200 (26 cọc L=872m):P1-P1D,3.39,0.18,11.7
C439,10,Cọc khoan nhồi D1200 (26 cọc L=872m):P1-P1D,3.39,0.18,11.7
C439,10,Bản mặt cầu (Deck Slab):S3,0.33,0.18,11.7
C439,10,Bản mặt cầu (Deck Slab):S3,0.33,0.18,11.7
C439,10,Bản mặt cầu (Deck Slab):S3,0.33,0.18,11.7
C439,10,Bản mặt cầu (Deck Slab):S3,0.33,0.18,11.7
C440,10,Cọc khoan nhồi D1200 (26 cọc L=872m):P1-P1D,3.39,0.18,11.7
C440,10,Cọc khoan nhồi D1200 (26 cọc L=872m):P1-P1D,3.39,0.18,11.7
C440,10,Cọc khoan nhồi D1200 (26 cọc L=872m):P1-P1D,3.39,0.18,11.7
C440,10,Bản mặt cầu (Deck Slab):S3,0.33,0.18,11.7
C440,10,Bản mặt cầu (Deck Slab):S3,0.33,0.18,11.7
C440,10,Bản mặt cầu (Deck Slab):S3,0.33,0.18,11.7
C440,10,Bản mặt cầu (Deck Slab):S3,0.33,0.18,11.7
C441,10,Cọc khoan nhồi D1200 (26 cọc L=872m):P1-P1D,3.39,0.18,11.7
C441,10,Cọc khoan nhồi D1200 (26 cọc L=872m):P1-P1D,3.39,0.18,11.7
C441,10,Cọc khoan nhồi D1200 (26 cọc L=872m):P1-P1D,3.39,0.18,11.7
C441,10,Bản mặt cầu (Deck Slab):S3,0.33,0.18,11.7
C441,10,Bản mặt cầu (Deck Slab):S3,0.33,0.18,11.7
C441,10,Bản mặt cầu (Deck Slab):S3,0.33,0.18,11.7
C441,10,Bản mặt cầu (Deck Slab):S3,0.33,0.18,11.7
C442,10,Cọc khoan nhồi D1200 (26 cọc L=872m):P1-P1D,3.39,0.18,11.7
C442,10,Cọc khoan nhồi D1200 (26 cọc L=872m):P1-P1D,3.39,0.18,11.7
C442,10,Cọc khoan nhồi D1200 (26 cọc L=872m):P1-P1D,3.39,0.18,11.7
C442,10,Bản mặt cầu (Deck Slab):S3,0.33,0.18,11.7
C442,10,Bản mặt cầu (Deck Slab):S3,0.33,0.18,11.7
C442,10,Bản mặt cầu (Deck Slab):S3,0.33,0.18,11.7
C442,10,Bản mặt cầu (Deck Slab):S3,0.33,0.18,11.7
C443,10,Cọc khoan nhồi D1200 (26 cọc L=872m):P1-P1D,3.39,0.18,11.7
C443,10,Cọc khoan nhồi D1200 (26 cọc L=872m):P1-P1D,3.39,0.18,11.7
C443,10,Cọc khoan nhồi D1200 (26 cọc L=872m):P1-P1D,3.39,0.18,11.7
C443,10,Bản mặt cầu (Deck Slab):S3,0.33,0.18,11.7
C443,10,Bản mặt cầu (Deck Slab):S3,0.33,0.18,11.7
C443,10,Bản mặt cầu (Deck Slab):S3,0.33,0.18,11.7
C443,10,Bản mặt cầu (Deck Slab):S3,0.33,0.18,11.7
C444,10,Cọc khoan nhồi D1200 (26 cọc L=872m):P1-P1D,3.39,0.18,11.7
C444,10,Cọc khoan nhồi D1200 (26 cọc L=872m):P1-P1D,3.39,0.18,11.7
C444,10,Cọc khoan nhồi D1200 (26 cọc L=872m):P1-P1D,3.39,0.18,11.7
C444,10,Bản mặt cầu (Deck Slab):S3,0.33,0.18,11.7
C444,10,Bản mặt cầu (Deck Slab):S3,0.33,0.18,11.7
C444,10,Bản mặt cầu (Deck Slab):S3,0.33,0.18,11.7
C444,10,Bản mặt cầu (Deck Slab):S3,0.33,0.18,11.7
C445,10,Cọc khoan nhồi D1200 (26 cọc L=872m):P1-P1D,3.39,0.18,11.7
C445,10,Cọc khoan nhồi D1200 (26 cọc L=872m):P1-P1D,3.39,0.18,11.7
C445,10,Cọc khoan nhồi D1200 (26 cọc L=872m):P1-P1D,3.39,0.18,11.7
C445,10,Bản mặt cầu (Deck Slab):S3,0.33,0.18,11.7
C445,10,Bản mặt cầu (Deck Slab):S3,0.33,0.18,11.7
C445,10,Bản mặt cầu (Deck Slab):S3,0.33,0.18,11.7
C445,10,Bản mặt cầu (Deck Slab):S3,0.33,0.18,11.7
C446,10,Cọc khoan nhồi D1200 (26 cọc L=872m):P1-P1D,3.39,0.18,11.7
C446,10,Cọc khoan nhồi D1200 (26 cọc L=872m):P1-P1D,3.39,0.18,11.7
C446,10,Cọc khoan nhồi D1200 (26 cọc L=872m):P1-P1D,3.39,0.18,11.7
C446,10,Bản mặt cầu (Deck Slab):S3,0.33,0.18,11.7
C446,10,Bản mặt cầu (Deck Slab):S3,0.33,0.18,11.7
C446,10,Bản mặt cầu (Deck Slab):S3,0.33,0.18,11.7
C446,10,Bản mặt cầu (Deck Slab):S3,0.33,0.18,11.7
C447,10,Cọc khoan nhồi D1200 (26 cọc L=872m):P1-P1D,3.39,0.18,11.7
C447,10,Cọc khoan nhồi D1200 (26 cọc L=872m):P1-P1D,3.39,0.18,11.7
C447,10,Cọc khoan nhồi D1200 (26 cọc L=872m):P1-P1D,3.39,0.18,11.7
C447,10,Bản mặt cầu (Deck Slab):S3,0.33,0.18,11.7
C447,10,Bản mặt cầu (Deck Slab):S3,0.33,0.18,11.7
C447,10,Bản mặt cầu (Deck Slab):S3,0.33,0.18,11.7
C447,10,Bản mặt cầu (Deck Slab):S3,0.33,0.18,11.7
C448,10,Cọc khoan nhồi D1200 (26 cọc L=872m):P1-P1D,3.39,0.18,11.7
C448,10,Cọc khoan nhồi D1200 (26 cọc L=872m):P1-P1D,3.39,0.18,11.7
C448,10,Cọc khoan nhồi D1200 (26 cọc L=872m):P1-P1D,3.39,0.18,11.7
C448,10,Bản mặt cầu (Deck Slab):S3,0.33,0.18,11.7
C448,10,Bản mặt cầu (Deck Slab):S3,0.33,0.18,11.7
C448,10,Bản mặt cầu (Deck Slab):S3,0.33,0.18,11.7
C448,10,Bản mặt cầu (Deck Slab):S3,0.33,0.18,11.7
C449,10,Cọc khoan nhồi D1200 (26 cọc L=872m):P1-P1D,3.39,0.18,11.7
C449,10,Cọc khoan nhồi D1200 (26 cọc L=872m):P1-P1D,3.39,0.18,11.7
C449,10,Cọc khoan nhồi D1200 (26 cọc L=872m):P1-P1D,3.39,0.18,11.7
C449,10,Bản mặt cầu (Deck Slab):S3,0.33,0.18,11.7
C449,10,Bản mặt cầu (Deck Slab):S3,0.33,0.18,11.7
C449,10,Bản mặt cầu (Deck Slab):S3,0.33,0.18,11.7
C449,10,Bản mặt cầu (Deck Slab):S3,0.33,0.18,11.7
C450,10,Cọc khoan nhồi D1200 (26 cọc L=872m):P1-P1D,3.39,0.18,11.7
C450,10,Cọc khoan nhồi D1200 (26 cọc L=872m):P1-P1D,3.39,0.18,11.7
C450,10,Cọc khoan nhồi D1200 (26 cọc L=872m):P1-P1D,3.39,0.18,11.7
C450,10,Bản mặt cầu (Deck Slab):S3,0.33,0.18,11.7
C450,10,Bản mặt cầu (Deck Slab):S3,0.33,0.18,11.7
C450,10,Bản mặt cầu (Deck Slab):S3,0.33,0.18,11.7
C450,10,Bản mặt cầu (Deck Slab):S3,0.33,0.18,11.7
C451,10,Cọc khoan nhồi D1200 (26 cọc L=872m):P1-P1D,3.39,0.18,11.7
C451,10,Cọc khoan nhồi D1200 (26 cọc L=872m):P1-P1D,3.39,0.18,11.7
C451,10,Cọc khoan nhồi D1200 (26 cọc L=872m):P1-P1D,3.39,0.18,11.7
C451,10,Bản mặt cầu (Deck Slab):S3,0.33,0.18,11.7
C451,10,Bản mặt cầu (Deck Slab):S3,0.33,0.18,11.7
C451,10,Bản mặt cầu (Deck Slab):S3,0.33,0.18,11.7
C451,10,Bản mặt cầu (Deck Slab):S3,0.33,0.18,11.7
C452,10,Cọc khoan nhồi D1200 (26 cọc L=872m):P1-P1D,3.39,0.18,11.7
C452,10,Cọc khoan nhồi D1200 (26 cọc L=872m):P1-P1D,3.39,0.18,11.7
C452,10,Cọc khoan nhồi D1200 (26 cọc L=872m):P1-P1D,3.39,0.18,11.7
C452,10,Bản mặt cầu (Deck Slab):S3,0.33,0.18,11.7
C452,10,Bản mặt cầu (Deck Slab):S3,0.33,0.18,11.7
C452,10,Bản mặt cầu (Deck Slab):S3,0.33,0.18,11.7
C452,10,Bản mặt cầu (Deck Slab):S3,0.33,0.18,11.7
C453,10,Cọc khoan nhồi D1200 (26 cọc L=872m):P1-P1D,3.39,0.18,11.7
C453,10,Cọc khoan nhồi D1200 (26 cọc L=872m):P1-P1D,3.39,0.18,11.7
C453,10,Cọc khoan nhồi D1200 (26 cọc L=872m):P1-P1D,3.39,0.18,11.7
C453,10,Bản mặt cầu (Deck Slab):S3,0.33,0.18,11.7
C453,10,Bản mặt cầu (Deck Slab):S3,0.33,0.18,11.7
C453,10,Bản mặt cầu (Deck Slab):S3,0.33,0.18,11.7
C453,10,Bản mặt cầu (Deck Slab):S3,0.33,0.18,11.7
C454,10,Cọc khoan nhồi D1200 (26 cọc L=872m):P1-P1D,3.39,0.18,11.7
C454,10,Cọc khoan nhồi D1200 (26 cọc L=872m):P1-P1D,3.39,0.18,11.7
C454,10,Cọc khoan nhồi D1200 (26 cọc L=872m):P1-P1D,3.39,0.18,11.7
C454,10,Bản mặt cầu (Deck Slab):S3,0.33,0.18,11.7
C454,10,Bản mặt cầu (Deck Slab):S3,0.33,0.18,11.7
C454,10,Bản mặt cầu (Deck Slab):S3,0.33,0.18,11.7
C454,10,Bản mặt cầu (Deck Slab):S3,0.33,0.18,11.7
C455,10,Cọc khoan nhồi D1200 (26 cọc L=872m):P1-P1D,3.39,0.18,11.7
C455,10,Cọc khoan nhồi D1200 (26 cọc L=872m):P1-P1D,3.39,0.18,11.7
C455,10,Cọc khoan nhồi D1200 (26 cọc L=872m):P1-P1D,3.39,0.18,11.7
C455,10,Bản mặt cầu (Deck Slab):S3,0.33,0.18,11.7
C455,10,Bản mặt cầu (Deck Slab):S3,0.33,0.18,11.7
C455,10,Bản mặt cầu (Deck Slab):S3,0.33,0.18,11.7
C455,10,Bản mặt cầu (Deck Slab):S3,0.33,0.18,11.7
C456,10,Cọc khoan nhồi D1200 (26 cọc L=872m):P1-P1D,3.39,0.18,11.7
C456,10,Cọc khoan nhồi D1200 (26 cọc L=872m):P1-P1D,3.39,0.18,11.7
C456,10,Cọc khoan nhồi D1200 (26 cọc L=872m):P1-P1D,3.39,0.18,11.7
C456,10,Bản mặt cầu (Deck Slab):S3,0.33,0.18,11.7
C456,10,Bản mặt cầu (Deck Slab):S3,0.33,0.18,11.7
C456,10,Bản mặt cầu (Deck Slab):S3,0.33,0.18,11.7
C456,10,Bản mặt cầu (Deck Slab):S3,0.33,0.18,11.7
C457,10,Cọc khoan nhồi D1200 (26 cọc L=872m):P1-P1D,3.39,0.18,11.7
C457,10,Cọc khoan nhồi D1200 (26 cọc L=872m):P1-P1D,3.39,0.18,11.7
C457,10,Cọc khoan nhồi D1200 (26 cọc L=872m):P1-P1D,3.39,0.18,11.7
C457,10,Bản mặt cầu (Deck Slab):S3,0.33,0.18,11.7
C457,10,Bản mặt cầu (Deck Slab):S3,0.33,0.18,11.7
C457,10,Bản mặt cầu (Deck Slab):S3,0.33,0.18,11.7
C457,10,Bản mặt cầu (Deck Slab):S3,0.33,0.18,11.7
C458,10,Cọc khoan nhồi D1200 (26 cọc L=872m):P1-P1D,3.39,0.18,11.7
C458,10,Cọc khoan nhồi D1200 (26 cọc L=872m):P1-P1D,3.39,0.18,11.7
C458,10,Cọc khoan nhồi D1200 (26 cọc L=872m):P1-P1D,3.39,0.18,11.7
C458,10,Bản mặt cầu (Deck Slab):S3,0.33,0.18,11.7
C458,10,Bản mặt cầu (Deck Slab):S3,0.33,0.18,11.7
C458,10,Bản mặt cầu (Deck Slab):S3,0.33,0.18,11.7
C458,10,Bản mặt cầu (Deck Slab):S3,0.33,0.18,11.7
C459,10,Cọc khoan nhồi D1200 (26 cọc L=872m):P1-P1D,3.39,0.18,11.7
C459,10,Cọc khoan nhồi D1200 (26 cọc L=872m):P1-P1D,3.39,0.18,11.7
C459,10,Cọc khoan nhồi D1200 (26 cọc L=872m):P1-P1D,3.39,0.18,11.7
C459,10,Bản mặt cầu (Deck Slab):S3,0.33,0.18,11.7
C459,10,Bản mặt cầu (Deck Slab):S3,0.33,0.18,11.7
C459,10,Bản mặt cầu (Deck Slab):S3,0.33,0.18,11.7
C459,10,Bản mặt cầu (Deck Slab):S3,0.33,0.18,11.7
C460,10,Cọc khoan nhồi D1200 (26 cọc L=872m):P1-P1D,3.39,0.18,11.7
C460,10,Cọc khoan nhồi D1200 (26 cọc L=872m):P1-P1D,3.39,0.18,11.7
C460,10,Cọc khoan nhồi D1200 (26 cọc L=872m):P1-P1D,3.39,0.18,11.7
C460,10,Bản mặt cầu (Deck Slab):S3,0.33,0.18,11.7
C460,10,Bản mặt cầu (Deck Slab):S3,0.33,0.18,11.7
C460,10,Bản mặt cầu (Deck Slab):S3,0.33,0.18,11.7
C460,10,Bản mặt cầu (Deck Slab):S3,0.33,0.18,11.7
C461,10,Cọc khoan nhồi D1200 (26 cọc L=872m):P1-P1D,3.39,0.18,11.7
C461,10,Cọc khoan nhồi D1200 (26 cọc L=872m):P1-P1D,3.39,0.18,11.7
C461,10,Cọc khoan nhồi D1200 (26 cọc L=872m):P1-P1D,3.39,0.18,11.7
C461,10,Bản mặt cầu (Deck Slab):S3,0.33,0.18,11.7
C461,10,Bản mặt cầu (Deck Slab):S3,0.33,0.18,11.7
C461,10,Bản mặt cầu (Deck Slab):S3,0.33,0.18,11.7
C461,10,Bản mặt cầu (Deck Slab):S3,0.33,0.18,11.7
C462,10,Cọc khoan nhồi D1200 (26 cọc L=872m):P1-P1D,3.39,0.18,11.7
C462,10,Cọc khoan nhồi D1200 (26 cọc L=872m):P1-P1D,3.39,0.18,11.7
C462,10,Cọc khoan nhồi D1200 (26 cọc L=872m):P1-P1D,3.39,0.18,11.7
C462,10,Bản mặt cầu (Deck Slab):S3,0.33,0.18,11.7
C462,10,Bản mặt cầu (Deck Slab):S3,0.33,0.18,11.7
C462,10,Bản mặt cầu (Deck Slab):S3,0.33,0.18,11.7
C462,10,Bản mặt cầu (Deck Slab):S3,0.33,0.18,11.7
C463,10,Cọc khoan nhồi D1200 (26 cọc L=872m):P1-P1D,3.39,0.18,11.7
C463,10,Cọc khoan nhồi D1200 (26 cọc L=872m):P1-P1D,3.39,0.18,11.7
C463,10,Cọc khoan nhồi D1200 (26 cọc L=872m):P1-P1D,3.39,0.18,11.7
C463,10,Bản mặt cầu (Deck Slab):S3,0.33,0.18,11.7
C463,10,Bản mặt cầu (Deck Slab):S3,0.33,0.18,11.7
C463,10,Bản mặt cầu (Deck Slab):S3,0.33,0.18,11.7
C463,10,Bản mặt cầu (Deck Slab):S3,0.33,0.18,11.7
C464,10,Cọc khoan nhồi D1200 (26 cọc L=872m):P1-P1D,3.39,0.18,11.7
C464,10,Cọc khoan nhồi D1200 (26 cọc L=872m):P1-P1D,3.39,0.18,11.7
C464,10,Cọc khoan nhồi D1200 (26 cọc L=872m):P1-P1D,3.39,0.18,11.7
C464,10,Bản mặt cầu (Deck Slab):S3,0.33,0.18,11.7
C464,10,Bản mặt cầu (Deck Slab):S3,0.33,0.18,11.7
C464,10,Bản mặt cầu (Deck Slab):S3,0.33,0.18,11.7
C464,10,Bản mặt cầu (Deck Slab):S3,0.33,0.18,11.7
C465,10,Cọc khoan nhồi D1200 (26 cọc L=872m):P1-P1D,3.39,0.18,11.7
C465,10,Cọc khoan nhồi D1200 (26 cọc L=872m):P1-P1D,3.39,0.18,11.7
C465,10,Cọc khoan nhồi D1200 (26 cọc L=872m):P1-P1D,3.39,0.18,11.7
C465,10,Bản mặt cầu (Deck Slab):S3,0.33,0.18,11.7
C465,10,Bản mặt cầu (Deck Slab):S3,0.33,0.18,11.7
C465,10,Bản mặt cầu (Deck Slab):S3,0.33,0.18,11.7
C465,10,Bản mặt cầu (Deck Slab):S3,0.33,0.18,11.7
C466,10,Cọc khoan nhồi D1200 (26 cọc L=872m):P1-P1D,3.39,0.18,11.7
C466,10,Cọc khoan nhồi D1200 (26 cọc L=872m):P1-P1D,3.39,0.18,11.7
C466,10,Cọc khoan nhồi D1200 (26 cọc L=872m):P1-P1D,3.39,0.18,11.7
C466,10,Bản mặt cầu (Deck Slab):S3,0.33,0.18,11.7
C466,10,Bản mặt cầu (Deck Slab):S3,0.33,0.18,11.7
C466,10,Bản mặt cầu (Deck Slab):S3,0.33,0.18,11.7
C466,10,Bản mặt cầu (Deck Slab):S3,0.33,0.18,11.7
C467,10,Cọc khoan nhồi D1200 (26 cọc L=872m):P1-P1D,3.39,0.18,11.7
C467,10,Cọc khoan nhồi D1200 (26 cọc L=872m):P1-P1D,3.39,0.18,11.7
C467,10,Cọc khoan nhồi D1200 (26 cọc L=872m):P1-P1D,3.39,0.18,11.7
C467,10,Bản mặt cầu (Deck Slab):S3,0.33,0.18,11.7
C467,10,Bản mặt cầu (Deck Slab):S3,0.33,0.18,11.7
C467,10,Bản mặt cầu (Deck Slab):S3,0.33,0.18,11.7
C467,10,Bản mặt cầu (Deck Slab):S3,0.33,0.18,11.7
C468,10,Cọc khoan nhồi D1200 (26 cọc L=872m):P1-P1D,3.39,0.18,11.7
C468,10,Cọc khoan nhồi D1200 (26 cọc L=872m):P1-P1D,3.39,0.18,11.7
C468,10,Cọc khoan nhồi D1200 (26 cọc L=872m):P1-P1D,3.39,0.18,11.7
C468,10,Bản mặt cầu (Deck Slab):S3,0.33,0.18,11.7
C468,10,Bản mặt cầu (Deck Slab):S3,0.33,0.18,11.7
C468,10,Bản mặt cầu (Deck Slab):S3,0.33,0.18,11.7
C468,10,Bản mặt cầu (Deck Slab):S3,0.33,0.18,11.7
C469,10,Cọc khoan nhồi D1200 (26 cọc L=872m):P1-P1D,3.39,0.18,11.7
C469,10,Cọc khoan nhồi D1200 (26 cọc L=872m):P1-P1D,3.39,0.18,11.7
C469,10,Cọc khoan nhồi D1200 (26 cọc L=872m):P1-P1D,3.39,0.18,11.7
C469,10,Bản mặt cầu (Deck Slab):S3,0.33,0.18,11.7
C469,10,Bản mặt cầu (Deck Slab):S3,0.33,0.18,11.7
C469,10,Bản mặt cầu (Deck Slab):S3,0.33,0.18,11.7
C469,10,Bản mặt cầu (Deck Slab):S3,0.33,0.18,11.7
C470,10,Cọc khoan nhồi D1200 (26 cọc L=872m):P1-P1D,3.39,0.18,11.7
C470,10,Cọc khoan nhồi D1200 (26 cọc L=872m):P1-P1D,3.39,0.18,11.7
C470,10,Cọc khoan nhồi D1200 (26 cọc L=872m):P1-P1D,3.39,0.18,11.7
C470,10,Bản mặt cầu (Deck Slab):S3,0.33,0.18,11.7
C470,10,Bản mặt cầu (Deck Slab):S3,0.33,0.18,11.7
C470,10,Bản mặt cầu (Deck Slab):S3,0.33,0.18,11.7
C470,10,Bản mặt cầu (Deck Slab):S3,0.33,0.18,11.7
C471,10,Cọc khoan nhồi D1200 (26 cọc L=872m):P1-P1D,3.39,0.18,11.7
C471,10,Cọc khoan nhồi D1200 (26 cọc L=872m):P1-P1D,3.39,0.18,11.7
C471,10,Cọc khoan nhồi D1200 (26 cọc L=872m):P1-P1D,3.39,0.18,11.7
C471,10,Bản mặt cầu (Deck Slab):S3,0.33,0.18,11.7
C471,10,Bản mặt cầu (Deck Slab):S3,0.33,0.18,11.7
C471,10,Bản mặt cầu (Deck Slab):S3,0.33,0.18,11.7
C471,10,Bản mặt cầu (Deck Slab):S3,0.33,0.18,11.7
C472,10,Cọc khoan nhồi D1200 (26 cọc L=872m):P1-P1D,3.39,0.18,11.7
C472,10,Cọc khoan nhồi D1200 (26 cọc L=872m):P1-P1D,3.39,0.18,11.7
C472,10,Cọc khoan nhồi D1200 (26 cọc L=872m):P1-P1D,3.39,0.18,11.7
C472,10,Bản mặt cầu (Deck Slab):S3,0.33,0.18,11.7
C472,10,Bản mặt cầu (Deck Slab):S3,0.33,0.18,11.7
C472,10,Bản mặt cầu (Deck Slab):S3,0.33,0.18,11.7
C472,10,Bản mặt cầu (Deck Slab):S3,0.33,0.18,11.7
C473,10,Cọc khoan nhồi D1200 (26 cọc L=872m):P1-P1D,3.39,0.18,11.7
C473,10,Cọc khoan nhồi D1200 (26 cọc L=872m):P1-P1D,3.39,0.18,11.7
C473,10,Cọc khoan nhồi D1200 (26 cọc L=872m):P1-P1D,3.39,0.18,11.7
C473,10,Bản mặt cầu (Deck Slab):S3,0.33,0.18,11.7
C473,10,Bản mặt cầu (Deck Slab):S3,0.33,0.18,11.7
C473,10,Bản mặt cầu (Deck Slab):S3,0.33,0.18,11.7
C473,10,Bản mặt cầu (Deck Slab):S3,0.33,0.18,11.7
C474,10,Cọc khoan nhồi D1200 (26 cọc L=872m):P1-P1D,3.39,0.18,11.7
C474,10,Cọc khoan nhồi D1200 (26 cọc L=872m):P1-P1D,3.39,0.18,11.7
C474,10,Cọc khoan nhồi D1200 (26 cọc L=872m):P1-P1D,3.39,0.18,11.7
C474,10,Bản mặt cầu (Deck Slab):S3,0.33,0.18,11.7
C474,10,Bản mặt cầu (Deck Slab):S3,0.33,0.18,11.7
C474,10,Bản mặt cầu (Deck Slab):S3,0.33,0.18,11.7
C474,10,Bản mặt cầu (Deck Slab):S3,0.33,0.18,11.7
C475,10,Cọc khoan nhồi D1200 (26 cọc L=872m):P1-P1D,3.39,0.18,11.7
C475,10,Cọc khoan nhồi D1200 (26 cọc L=872m):P1-P1D,3.39,0.18,11.7
C475,10,Cọc khoan nhồi D1200 (26 cọc L=872m):P1-P1D,3.39,0.18,11.7
C475,10,Bản mặt cầu (Deck Slab):S3,0.33,0.18,11.7
C475,10,Bản mặt cầu (Deck Slab):S3,0.33,0.18,11.7
C475,10,Bản mặt cầu (Deck Slab):S3,0.33,0.18,11.7
C475,10,Bản mặt cầu (Deck Slab):S3,0.33,0.18,11.7
C476,10,Cọc khoan nhồi D1200 (26 cọc L=872m):P1-P1D,3.39,0.18,11.7
C476,10,Cọc khoan nhồi D1200 (26 cọc L=872m):P1-P1D,3.39,0.18,11.7
C476,10,Cọc khoan nhồi D1200 (26 cọc L=872m):P1-P1D,3.39,0.18,11.7
C476,10,Bản mặt cầu (Deck Slab):S3,0.33,0.18,11.7
C476,10,Bản mặt cầu (Deck Slab):S3,0.33,0.18,11.7
C476,10,Bản mặt cầu (Deck Slab):S3,0.33,0.18,11.7
C476,10,Bản mặt cầu (Deck Slab):S3,0.33,0.18,11.7
C477,10,Cọc khoan nhồi D1200 (26 cọc L=872m):P1-P1D,3.39,0.18,11.7
C477,10,Cọc khoan nhồi D1200 (26 cọc L=872m):P1-P1D,3.39,0.18,11.7
C477,10,Cọc khoan nhồi D1200 (26 cọc L=872m):P1-P1D,3.39,0.18,11.7
C477,10,Bản mặt cầu (Deck Slab):S3,0.33,0.18,11.7
C477,10,Bản mặt cầu (Deck Slab):S3,0.33,0.18,11.7
C477,10,Bản mặt cầu (Deck Slab):S3,0.33,0.18,11.7
C477,10,Bản mặt cầu (Deck Slab):S3,0.33,0.18,11.7
C478,10,Cọc khoan nhồi D1200 (26 cọc L=872m):P1-P1D,3.39,0.18,11.7
C478,10,Cọc khoan nhồi D1200 (26 cọc L=872m):P1-P1D,3.39,0.18,11.7
C478,10,Cọc khoan nhồi D1200 (26 cọc L=872m):P1-P1D,3.39,0.18,11.7
C478,10,Bản mặt cầu (Deck Slab):S3,0.33,0.18,11.7
C478,10,Bản mặt cầu (Deck Slab):S3,0.33,0.18,11.7
C478,10,Bản mặt cầu (Deck Slab):S3,0.33,0.18,11.7
C478,10,Bản mặt cầu (Deck Slab):S3,0.33,0.18,11.7
C479,10,Cọc khoan nhồi D1200 (26 cọc L=872m):P1-P1D,3.39,0.18,11.7
C479,10,Cọc khoan nhồi D1200 (26 cọc L=872m):P1-P1D,3.39,0.18,11.7
C479,10,Cọc khoan nhồi D1200 (26 cọc L=872m):P1-P1D,3.39,0.18,11.7
C479,10,Bản mặt cầu (Deck Slab):S3,0.33,0.18,11.7
C479,10,Bản mặt cầu (Deck Slab):S3,0.33,0.18,11.7
C479,10,Bản mặt cầu (Deck Slab):S3,0.33,0.18,11.7
C479,10,Bản mặt cầu (Deck Slab):S3,0.33,0.18,11.7
C480,10,Cọc khoan nhồi D1200 (26 cọc L=872m):P1-P1D,3.39,0.18,11.7
C480,10,Cọc khoan nhồi D1200 (26 cọc L=872m):P1-P1D,3.39,0.18,11.7
C480,10,Cọc khoan nhồi D1200 (26 cọc L=872m):P1-P1D,3.39,0.18,11.7
C480,10,Bản mặt cầu (Deck Slab):S3,0.33,0.18,11.7
C480,10,Bản mặt cầu (Deck Slab):S3,0.33,0.18,11.7
C480,10,Bản mặt cầu (Deck Slab):S3,0.33,0.18,11.7
C480,10,Bản mặt cầu (Deck Slab):S3,0.33,0.18,11.7
C481,10,Cọc khoan nhồi D1200 (26 cọc L=872m):P1-P1D,3.39,0.18,11.7
C481,10,Cọc khoan nhồi D1200 (26 cọc L=872m):P1-P1D,3.39,0.18,11.7
C481,10,Cọc khoan nhồi D1200 (26 cọc L=872m):P1-P1D,3.39,0.18,11.7
C481,10,Bản mặt cầu (Deck Slab):S3,0.33,0.18,11.7
C481,10,Bản mặt cầu (Deck Slab):S3,0.33,0.18,11.7
C481,10,Bản mặt cầu (Deck Slab):S3,0.33,0.18,11.7
C481,10,Bản mặt cầu (Deck Slab):S3,0.33,0.18,11.7
C482,10,Cọc khoan nhồi D1200 (26 cọc L=872m):P1-P1D,3.39,0.18,11.7
C482,10,Cọc khoan nhồi D1200 (26 cọc L=872m):P1-P1D,3.39,0.18,11.7
C482,10,Cọc khoan nhồi D1200 (26 cọc L=872m):P1-P1D,3.39,0.18,11.7
C482,10,Bản mặt cầu (Deck Slab):S3,0.33,0.18,11.7
C482,10,Bản mặt cầu (Deck Slab):S3,0.33,0.18,11.7
C482,10,Bản mặt cầu (Deck Slab):S3,0.33,0.18,11.7
C482,10,Bản mặt cầu (Deck Slab):S3,0.33,0.18,11.7
C483,10,Cọc khoan nhồi D1200 (26 cọc L=872m):P1-P1D,3.39,0.18,11.7
C483,10,Cọc khoan nhồi D1200 (26 cọc L=872m):P1-P1D,3.39,0.18,11.7
C483,10,Cọc khoan nhồi D1200 (26 cọc L=872m):P1-P1D,3.39,0.18,11.7
C483,10,Bản mặt cầu (Deck Slab):S3,0.33,0.18,11.7
C483,10,Bản mặt cầu (Deck Slab):S3,0.33,0.18,11.7
C483,10,Bản mặt cầu (Deck Slab):S3,0.33,0.18,11.7
C483,10,Bản mặt cầu (Deck Slab):S3,0.33,0.18,11.7
C484,10,Cọc khoan nhồi D1200 (26 cọc L=872m):P1-P1D,3.39,0.18,11.7
C484,10,Cọc khoan nhồi D1200 (26 cọc L=872m):P1-P1D,3.39,0.18,11.7
C484,10,Cọc khoan nhồi D1200 (26 cọc L=872m):P1-P1D,3.39,0.18,11.7
C484,10,Bản mặt cầu (Deck Slab):S3,0.33,0.18,11.7
C484,10,Bản mặt cầu (Deck Slab):S3,0.33,0.18,11.7
C484,10,Bản mặt cầu (Deck Slab):S3,0.33,0.18,11.7
C484,10,Bản mặt cầu (Deck Slab):S3,0.33,0.18,11.7
C485,10,Cọc khoan nhồi D1200 (26 cọc L=872m):P1-P1D,3.39,0.18,11.7
C485,10,Cọc khoan nhồi D1200 (26 cọc L=872m):P1-P1D,3.39,0.18,11.7
C485,10,Cọc khoan nhồi D1200 (26 cọc L=872m):P1-P1D,3.39,0.18,11.7
C485,10,Bản mặt cầu (Deck Slab):S3,0.33,0.18,11.7
C485,10,Bản mặt cầu (Deck Slab):S3,0.33,0.18,11.7
C485,10,Bản mặt cầu (Deck Slab):S3,0.33,0.18,11.7
C485,10,Bản mặt cầu (Deck Slab):S3,0.33,0.18,11.7
C486,10,Cọc khoan nhồi D1200 (26 cọc L=872m):P1-P1D,3.39,0.18,11.7
C486,10,Cọc khoan nhồi D1200 (26 cọc L=872m):P1-P1D,3.39,0.18,11.7
C486,10,Cọc khoan nhồi D1200 (26 cọc L=872m):P1-P1D,3.39,0.18,11.7
C486,10,Bản mặt cầu (Deck Slab):S3,0.33,0.18,11.7
C486,10,Bản mặt cầu (Deck Slab):S3,0.33,0.18,11.7
C486,10,Bản mặt cầu (Deck Slab):S3,0.33,0.18,11.7
C486,10,Bản mặt cầu (Deck Slab):S3,0.33,0.18,11.7
C487,10,Cọc khoan nhồi D1200 (26 cọc L=872m):P1-P1D,3.39,0.18,11.7
C487,10,Cọc khoan nhồi D1200 (26 cọc L=872m):P1-P1D,3.39,0.18,11.7
C487,10,Cọc khoan nhồi D1200 (26 cọc L=872m):P1-P1D,3.39,0.18,11.7
C487,10,Bản mặt cầu (Deck Slab):S3,0.33,0.18,11.7
C487,10,Bản mặt cầu (Deck Slab):S3,0.33,0.18,11.7
C487,10,Bản mặt cầu (Deck Slab):S3,0.33,0.18,11.7
C487,10,Bản mặt cầu (Deck Slab):S3,0.33,0.18,11.7
C488,10,Cọc khoan nhồi D1200 (26 cọc L=872m):P1-P1D,3.39,0.18,11.7
C488,10,Cọc khoan nhồi D1200 (26 cọc L=872m):P1-P1D,3.39,0.18,11.7
C488,10,Cọc khoan nhồi D1200 (26 cọc L=872m):P1-P1D,3.39,0.18,11.7
C488,10,Bản mặt cầu (Deck Slab):S3,0.33,0.18,11.7
C488,10,Bản mặt cầu (Deck Slab):S3,0.33,0.18,11.7
C488,10,Bản mặt cầu (Deck Slab):S3,0.33,0.18,11.7
C488,10,Bản mặt cầu (Deck Slab):S3,0.33,0.18,11.7
C489,10,Cọc khoan nhồi D1200 (26 cọc L=872m):P1-P1D,3.39,0.18,11.7
C489,10,Cọc khoan nhồi D1200 (26 cọc L=872m):P1-P1D,3.39,0.18,11.7
C489,10,Cọc khoan nhồi D1200 (26 cọc L=872m):P1-P1D,3.39,0.18,11.7
C489,10,Bản mặt cầu (Deck Slab):S3,0.33,0.18,11.7
C489,10,Bản mặt cầu (Deck Slab):S3,0.33,0.18,11.7
C489,10,Bản mặt cầu (Deck Slab):S3,0.33,0.18,11.7
C489,10,Bản mặt cầu (Deck Slab):S3,0.33,0.18,11.7
C490,10,Cọc khoan nhồi D1200 (26 cọc L=872m):P1-P1D,3.39,0.18,11.7
C490,10,Cọc khoan nhồi D1200 (26 cọc L=872m):P1-P1D,3.39,0.18,11.7
C490,10,Cọc khoan nhồi D1200 (26 cọc L=872m):P1-P1D,3.39,0.18,11.7
C490,10,Bản mặt cầu (Deck Slab):S3,0.33,0.18,11.7
C490,10,Bản mặt cầu (Deck Slab):S3,0.33,0.18,11.7
C490,10,Bản mặt cầu (Deck Slab):S3,0.33,0.18,11.7
C490,10,Bản mặt cầu (Deck Slab):S3,0.33,0.18,11.7
C491,10,Cọc khoan nhồi D1200 (26 cọc L=872m):P1-P1D,3.39,0.18,11.7
C491,10,Cọc khoan nhồi D1200 (26 cọc L=872m):P1-P1D,3.39,0.18,11.7
C491,10,Cọc khoan nhồi D1200 (26 cọc L=872m):P1-P1D,3.39,0.18,11.7
C491,10,Bản mặt cầu (Deck Slab):S3,0.33,0.18,11.7
C491,10,Bản mặt cầu (Deck Slab):S3,0.33,0.18,11.7
C491,10,Bản mặt cầu (Deck Slab):S3,0.33,0.18,11.7
C491,10,Bản mặt cầu (Deck Slab):S3,0.33,0.18,11.7
C492,10,Cọc khoan nhồi D1200 (26 cọc L=872m):P1-P1D,3.39,0.18,11.7
C492,10,Cọc khoan nhồi D1200 (26 cọc L=872m):P1-P1D,3.39,0.18,11.7
C492,10,Cọc khoan nhồi D1200 (26 cọc L=872m):P1-P1D,3.39,0.18,11.7
C492,10,Bản mặt cầu (Deck Slab):S3,0.33,0.18,11.7
C492,10,Bản mặt cầu (Deck Slab):S3,0.33,0.18,11.7
C492,10,Bản mặt cầu (Deck Slab):S3,0.33,0.18,11.7
C492,10,Bản mặt cầu (Deck Slab):S3,0.33,0.18,11.7
C493,10,Cọc khoan nhồi D1200 (26 cọc L=872m):P1-P1D,3.39,0.18,11.7
C493,10,Cọc khoan nhồi D1200 (26 cọc L=872m):P1-P1D,3.39,0.18,11.7
C493,10,Cọc khoan nhồi D1200 (26 cọc L=872m):P1-P1D,3.39,0.18,11.7
C493,10,Bản mặt cầu (Deck Slab):S3,0.33,0.18,11.7
C493,10,Bản mặt cầu (Deck Slab):S3,0.33,0.18,11.7
C493,10,Bản mặt cầu (Deck Slab):S3,0.33,0.18,11.7
C493,10,Bản mặt cầu (Deck Slab):S3,0.33,0.18,11.7
C494,10,Cọc khoan nhồi D1200 (26 cọc L=872m):P1-P1D,3.39,0.18,11.7
C494,10,Cọc khoan nhồi D1200 (26 cọc L=872m):P1-P1D,3.39,0.18,11.7
C494,10,Cọc khoan nhồi D1200 (26 cọc L=872m):P1-P1D,3.39,0.18,11.7
C494,10,Bản mặt cầu (Deck Slab):S3,0.33,0.18,11.7
C494,10,Bản mặt cầu (Deck Slab):S3,0.33,0.18,11.7
C494,10,Bản mặt cầu (Deck Slab):S3,0.33,0.18,11.7
C494,10,Bản mặt cầu (Deck Slab):S3,0.33,0.18,11.7
C495,10,Cọc khoan nhồi D1200 (26 cọc L=872m):P1-P1D,3.39,0.18,11.7
C495,10,Cọc khoan nhồi D1200 (26 cọc L=872m):P1-P1D,3.39,0.18,11.7
C495,10,Cọc khoan nhồi D1200 (26 cọc L=872m):P1-P1D,3.39,0.18,11.7
C495,10,Bản mặt cầu (Deck Slab):S3,0.33,0.18,11.7
C495,10,Bản mặt cầu (Deck Slab):S3,0.33,0.18,11.7
C495,10,Bản mặt cầu (Deck Slab):S3,0.33,0.18,11.7
C495,10,Bản mặt cầu (Deck Slab):S3,0.33,0.18,11.7
C496,10,Cọc khoan nhồi D1200 (26 cọc L=872m):P1-P1D,3.39,0.18,11.7
C496,10,Cọc khoan nhồi D1200 (26 cọc L=872m):P1-P1D,3.39,0.18,11.7
C496,10,Cọc khoan nhồi D1200 (26 cọc L=872m):P1-P1D,3.39,0.18,11.7
C496,10,Bản mặt cầu (Deck Slab):S3,0.33,0.18,11.7
C496,10,Bản mặt cầu (Deck Slab):S3,0.33,0.18,11.7
C496,10,Bản mặt cầu (Deck Slab):S3,0.33,0.18,11.7
C496,10,Bản mặt cầu (Deck Slab):S3,0.33,0.18,11.7
C497,10,Cọc khoan nhồi D1200 (26 cọc L=872m):P1-P1D,3.39,0.18,11.7
C497,10,Cọc khoan nhồi D1200 (26 cọc L=872m):P1-P1D,3.39,0.18,11.7
C497,10,Cọc khoan nhồi D1200 (26 cọc L=872m):P1-P1D,3.39,0.18,11.7
C497,10,Bản mặt cầu (Deck Slab):S3,0.33,0.18,11.7
C497,10,Bản mặt cầu (Deck Slab):S3,0.33,0.18,11.7
C497,10,Bản mặt cầu (Deck Slab):S3,0.33,0.18,11.7
C497,10,Bản mặt cầu (Deck Slab):S3,0.33,0.18,11.7
C498,10,Cọc khoan nhồi D1200 (26 cọc L=872m):P1-P1D,3.39,0.18,11.7
C498,10,Cọc khoan nhồi D1200 (26 cọc L=872m):P1-P1D,3.39,0.18,11.7
C498,10,Cọc khoan nhồi D1200 (26 cọc L=872m):P1-P1D,3.39,0.18,11.7
C498,10,Bản mặt cầu (Deck Slab):S3,0.33,0.18,11.7
C498,10,Bản mặt cầu (Deck Slab):S3,0.33,0.18,11.7
C498,10,Bản mặt cầu (Deck Slab):S3,0.33,0.18,11.7
C498,10,Bản mặt cầu (Deck Slab):S3,0.33,0.18,11.7
C499,10,Cọc khoan nhồi D1200 (26 cọc L=872m):P1-P1D,3.39,0.18,11.7
C499,10,Cọc khoan nhồi D1200 (26 cọc L=872m):P1-P1D,3.39,0.18,11.7
C499,10,Cọc khoan nhồi D1200 (26 cọc L=872m):P1-P1D,3.39,0.18,11.7
C499,10,Bản mặt cầu (Deck Slab):S3,0.33,0.18,11.7
C499,10,Bản mặt cầu (Deck Slab):S3,0.33,0.18,11.7
C499,10,Bản mặt cầu (Deck Slab):S3,0.33,0.18,11.7
C499,10,Bản mặt cầu (Deck Slab):S3,0.33,0.18,11.7
C500,10,Cọc khoan nhồi D1200 (26 cọc L=872m):P1-P1D,3.39,0.18,11.7
C500,10,Cọc khoan nhồi D1200 (26 cọc L=872m):P1-P1D,3.39,0.18,11.7
C500,10,Cọc khoan nhồi D1200 (26 cọc L=872m):P1-P1D,3.39,0.18,11.7
C500,10,Bản mặt cầu (Deck Slab):S3,0.33,0.18,11.7
C500,10,Bản mặt cầu (Deck Slab):S3,0.33,0.18,11.7
C500,10,Bản mặt cầu (Deck Slab):S3,0.33,0.18,11.7
C500,10,Bản mặt cầu (Deck Slab):S3,0.33,0.18,11.7
C501,10,Cọc khoan nhồi D1200 (26 cọc L=872m):P1-P1D,3.39,0.18,11.7
C501,10,Cọc khoan nhồi D1200 (26 cọc L=872m):P1-P1D,3.39,0.18,11.7
C501,10,Cọc khoan nhồi D1200 (26 cọc L=872m):P1-P1D,3.39,0.18,11.7
C501,10,Bản mặt cầu (Deck Slab):S3,0.33,0.18,11.7
C501,10,Bản mặt cầu (Deck Slab):S3,0.33,0.18,11.7
C501,10,Bản mặt cầu (Deck Slab):S3,0.33,0.18,11.7
C501,10,Bản mặt cầu (Deck Slab):S3,0.33,0.18,11.7
C502,10,Cọc khoan nhồi D1200 (26 cọc L=872m):P1-P1D,3.39,0.18,11.7
C502,10,Cọc khoan nhồi D1200 (26 cọc L=872m):P1-P1D,3.39,0.18,11.7
C502,10,Cọc khoan nhồi D1200 (26 cọc L=872m):P1-P1D,3.39,0.18,11.7
C502,10,Bản mặt cầu (Deck Slab):S3,0.33,0.18,11.7
C502,10,Bản mặt cầu (Deck Slab):S3,0.33,0.18,11.7
C502,10,Bản mặt cầu (Deck Slab):S3,0.33,0.18,11.7
C502,10,Bản mặt cầu (Deck Slab):S3,0.33,0.18,11.7
C503,10,Cọc khoan nhồi D1200 (26 cọc L=872m):P1-P1D,3.39,0.18,11.7
C503,10,Cọc khoan nhồi D1200 (26 cọc L=872m):P1-P1D,3.39,0.18,11.7
C503,10,Cọc khoan nhồi D1200 (26 cọc L=872m):P1-P1D,3.39,0.18,11.7
C503,10,Bản mặt cầu (Deck Slab):S3,0.33,0.18,11.7
C503,10,Bản mặt cầu (Deck Slab):S3,0.33,0.18,11.7
C503,10,Bản mặt cầu (Deck Slab):S3,0.33,0.18,11.7
C503,10,Bản mặt cầu (Deck Slab):S3,0.33,0.18,11.7
C504,10,Cọc khoan nhồi D1200 (26 cọc L=872m):P1-P1D,3.39,0.18,11.7
C504,10,Cọc khoan nhồi D1200 (26 cọc L=872m):P1-P1D,3.39,0.18,11.7
C504,10,Cọc khoan nhồi D1200 (26 cọc L=872m):P1-P1D,3.39,0.18,11.7
C504,10,Bản mặt cầu (Deck Slab):S3,0.33,0.18,11.7
C504,10,Bản mặt cầu (Deck Slab):S3,0.33,0.18,11.7
C504,10,Bản mặt cầu (Deck Slab):S3,0.33,0.18,11.7
C504,10,Bản mặt cầu (Deck Slab):S3,0.33,0.18,11.7
C505,10,Cọc khoan nhồi D1200 (26 cọc L=872m):P1-P1D,3.39,0.18,11.7
C505,10,Cọc khoan nhồi D1200 (26 cọc L=872m):P1-P1D,3.39,0.18,11.7
C505,10,Cọc khoan nhồi D1200 (26 cọc L=872m):P1-P1D,3.39,0.18,11.7
C505,10,Bản mặt cầu (Deck Slab):S3,0.33,0.18,11.7
C505,10,Bản mặt cầu (Deck Slab):S3,0.33,0.18,11.7
C505,10,Bản mặt cầu (Deck Slab):S3,0.33,0.18,11.7
C505,10,Bản mặt cầu (Deck Slab):S3,0.33,0.18,11.7
C506,10,Cọc khoan nhồi D1200 (26 cọc L=872m):P1-P1D,3.39,0.18,11.7
C506,10,Cọc khoan nhồi D1200 (26 cọc L=872m):P1-P1D,3.39,0.18,11.7
C506,10,Cọc khoan nhồi D1200 (26 cọc L=872m):P1-P1D,3.39,0.18,11.7
C506,10,Bản mặt cầu (Deck Slab):S3,0.33,0.18,11.7
C506,10,Bản mặt cầu (Deck Slab):S3,0.33,0.18,11.7
C506,10,Bản mặt cầu (Deck Slab):S3,0.33,0.18,11.7
C506,10,Bản mặt cầu (Deck Slab):S3,0.33,0.18,11.7
C507,10,Cọc khoan nhồi D1200 (26 cọc L=872m):P1-P1D,3.39,0.18,11.7
C507,10,Cọc khoan nhồi D1200 (26 cọc L=872m):P1-P1D,3.39,0.18,11.7
C507,10,Cọc khoan nhồi D1200 (26 cọc L=872m):P1-P1D,3.39,0.18,11.7
C507,10,Bản mặt cầu (Deck Slab):S3,0.33,0.18,11.7
C507,10,Bản mặt cầu (Deck Slab):S3,0.33,0.18,11.7
C507,10,Bản mặt cầu (Deck Slab):S3,0.33,0.18,11.7
C507,10,Bản mặt cầu (Deck Slab):S3,0.33,0.18,11.7
C508,10,Cọc khoan nhồi D1200 (26 cọc L=872m):P1-P1D,3.39,0.18,11.7
C508,10,Cọc khoan nhồi D1200 (26 cọc L=872m):P1-P1D,3.39,0.18,11.7
C508,10,Cọc khoan nhồi D1200 (26 cọc L=872m):P1-P1D,3.39,0.18,11.7
C508,10,Bản mặt cầu (Deck Slab):S3,0.33,0.18,11.7
C508,10,Bản mặt cầu (Deck Slab):S3,0.33,0.18,11.7
C508,10,Bản mặt cầu (Deck Slab):S3,0.33,0.18,11.7
C508,10,Bản mặt cầu (Deck Slab):S3,0.33,0.18,11.7
C509,10,Cọc khoan nhồi D1200 (26 cọc L=872m):P1-P1D,3.39,0.18,11.7
C509,10,Cọc khoan nhồi D1200 (26 cọc L=872m):P1-P1D,3.39,0.18,11.7
C509,10,Cọc khoan nhồi D1200 (26 cọc L=872m):P1-P1D,3.39,0.18,11.7
C509,10,Bản mặt cầu (Deck Slab):S3,0.33,0.18,11.7
C509,10,Bản mặt cầu (Deck Slab):S3,0.33,0.18,11.7
C509,10,Bản mặt cầu (Deck Slab):S3,0.33,0.18,11.7
C509,10,Bản mặt cầu (Deck Slab):S3,0.33,0.18,11.7
C510,10,Cọc khoan nhồi D1200 (26 cọc L=872m):P1-P1D,3.39,0.18,11.7
C510,10,Cọc khoan nhồi D1200 (26 cọc L=872m):P1-P1D,3.39,0.18,11.7
C510,10,Cọc khoan nhồi D1200 (26 cọc L=872m):P1-P1D,3.39,0.18,11.7
C510,10,Bản mặt cầu (Deck Slab):S3,0.33,0.18,11.7
C510,10,Bản mặt cầu (Deck Slab):S3,0.33,0.18,11.7
C510,10,Bản mặt cầu (Deck Slab):S3,0.33,0.18,11.7
C510,10,Bản mặt cầu (Deck Slab):S3,0.33,0.18,11.7
C511,10,Cọc khoan nhồi D1200 (26 cọc L=872m):P1-P1D,3.39,0.18,11.7
C511,10,Cọc khoan nhồi D1200 (26 cọc L=872m):P1-P1D,3.39,0.18,11.7
C511,10,Cọc khoan nhồi D1200 (26 cọc L=872m):P1-P1D,3.39,0.18,11.7
C511,10,Bản mặt cầu (Deck Slab):S3,0.33,0.18,11.7
C511,10,Bản mặt cầu (Deck Slab):S3,0.33,0.18,11.7
C511,10,Bản mặt cầu (Deck Slab):S3,0.33,0.18,11.7
C511,10,Bản mặt cầu (Deck Slab):S3,0.33,0.18,11.7
C512,10,Cọc khoan nhồi D1200 (26 cọc L=872m):P1-P1D,3.39,0.18,11.7
C512,10,Cọc khoan nhồi D1200 (26 cọc L=872m):P1-P1D,3.39,0.18,11.7
C512,10,Cọc khoan nhồi D1200 (26 cọc L=872m):P1-P1D,3.39,0.18,11.7
C512,10,Bản mặt cầu (Deck Slab):S3,0.33,0.18,11.7
C512,10,Bản mặt cầu (Deck Slab):S3,0.33,0.18,11.7
C512,10,Bản mặt cầu (Deck Slab):S3,0.33,0.18,11.7
C512,10,Bản mặt cầu (Deck Slab):S3,0.33,0.18,11.7
C513,10,Cọc khoan nhồi D1200 (26 cọc L=872m):P1-P1D,3.39,0.18,11.7
C513,10,Cọc khoan nhồi D1200 (26 cọc L=872m):P1-P1D,3.39,0.18,11.7
C513,10,Cọc khoan nhồi D1200 (26 cọc L=872m):P1-P1D,3.39,0.18,11.7
C513,10,Bản mặt cầu (Deck Slab):S3,0.33,0.18,11.7
C513,10,Bản mặt cầu (Deck Slab):S3,0.33,0.18,11.7
C513,10,Bản mặt cầu (Deck Slab):S3,0.33,0.18,11.7
C513,10,Bản mặt cầu (Deck Slab):S3,0.33,0.18,11.7
C514,10,Cọc khoan nhồi D1200 (26 cọc L=872m):P1-P1D,3.39,0.18,11.7
C514,10,Cọc khoan nhồi D1200 (26 cọc L=872m):P1-P1D,3.39,0.18,11.7
C514,10,Cọc khoan nhồi D1200 (26 cọc L=872m):P1-P1D,3.39,0.18,11.7
C514,10,Bản mặt cầu (Deck Slab):S3,0.33,0.18,11.7
C514,10,Bản mặt cầu (Deck Slab):S3,0.33,0.18,11.7
C514,10,Bản mặt cầu (Deck Slab):S3,0.33,0.18,11.7
C514,10,Bản mặt cầu (Deck Slab):S3,0.33,0.18,11.7
C515,10,Cọc khoan nhồi D1200 (26 cọc L=872m):P1-P1D,3.39,0.18,11.7
C515,10,Cọc khoan nhồi D1200 (26 cọc L=872m):P1-P1D,3.39,0.18,11.7
C515,10,Cọc khoan nhồi D1200 (26 cọc L=872m):P1-P1D,3.39,0.18,11.7
C515,10,Bản mặt cầu (Deck Slab):S3,0.33,0.18,11.7
C515,10,Bản mặt cầu (Deck Slab):S3,0.33,0.18,11.7
C515,10,Bản mặt cầu (Deck Slab):S3,0.33,0.18,11.7
C515,10,Bản mặt cầu (Deck Slab):S3,0.33,0.18,11.7
C516,10,Cọc khoan nhồi D1200 (26 cọc L=872m):P1-P1D,3.39,0.18,11.7
C516,10,Cọc khoan nhồi D1200 (26 cọc L=872m):P1-P1D,3.39,0.18,11.7
C516,10,Cọc khoan nhồi D1200 (26 cọc L=872m):P1-P1D,3.39,0.18,11.7
C516,10,Bản mặt cầu (Deck Slab):S3,0.33,0.18,11.7
C516,10,Bản mặt cầu (Deck Slab):S3,0.33,0.18,11.7
C516,10,Bản mặt cầu (Deck Slab):S3,0.33,0.18,11.7
C516,10,Bản mặt cầu (Deck Slab):S3,0.33,0.18,11.7
C517,10,Cọc khoan nhồi D1200 (26 cọc L=872m):P1-P1D,3.39,0.18,11.7
C517,10,Cọc khoan nhồi D1200 (26 cọc L=872m):P1-P1D,3.39,0.18,11.7
C517,10,Cọc khoan nhồi D1200 (26 cọc L=872m):P1-P1D,3.39,0.18,11.7
C517,10,Bản mặt cầu (Deck Slab):S3,0.33,0.18,11.7
C517,10,Bản mặt cầu (Deck Slab):S3,0.33,0.18,11.7
C517,10,Bản mặt cầu (Deck Slab):S3,0.33,0.18,11.7
C517,10,Bản mặt cầu (Deck Slab):S3,0.33,0.18,11.7
C518,10,Cọc khoan nhồi D1200 (26 cọc L=872m):P1-P1D,3.39,0.18,11.7
C518,10,Cọc khoan nhồi D1200 (26 cọc L=872m):P1-P1D,3.39,0.18,11.7
C518,10,Cọc khoan nhồi D1200 (26 cọc L=872m):P1-P1D,3.39,0.18,11.7
C518,10,Bản mặt cầu (Deck Slab):S3,0.33,0.18,11.7
C518,10,Bản mặt cầu (Deck Slab):S3,0.33,0.18,11.7
C518,10,Bản mặt cầu (Deck Slab):S3,0.33,0.18,11.7
C518,10,Bản mặt cầu (Deck Slab):S3,0.33,0.18,11.7
C519,10,Cọc khoan nhồi D1200 (26 cọc L=872m):P1-P1D,3.39,0.18,11.7
C519,10,Cọc khoan nhồi D1200 (26 cọc L=872m):P1-P1D,3.39,0.18,11.7
C519,10,Cọc khoan nhồi D1200 (26 cọc L=872m):P1-P1D,3.39,0.18,11.7
C519,10,Bản mặt cầu (Deck Slab):S3,0.33,0.18,11.7
C519,10,Bản mặt cầu (Deck Slab):S3,0.33,0.18,11.7
C519,10,Bản mặt cầu (Deck Slab):S3,0.33,0.18,11.7
C519,10,Bản mặt cầu (Deck Slab):S3,0.33,0.18,11.7
C520,10,Cọc khoan nhồi D1200 (26 cọc L=872m):P1-P1D,3.39,0.18,11.7
C520,10,Cọc khoan nhồi D1200 (26 cọc L=872m):P1-P1D,3.39,0.18,11.7
C520,10,Cọc khoan nhồi D1200 (26 cọc L=872m):P1-P1D,3.39,0.18,11.7
C520,10,Bản mặt cầu (Deck Slab):S3,0.33,0.18,11.7
C520,10,Bản mặt cầu (Deck Slab):S3,0.33,0.18,11.7
C520,10,Bản mặt cầu (Deck Slab):S3,0.33,0.18,11.7
C520,10,Bản mặt cầu (Deck Slab):S3,0.33,0.18,11.7
C521,10,Cọc khoan nhồi D1200 (26 cọc L=872m):P1-P1D,3.39,0.18,11.7
C521,10,Cọc khoan nhồi D1200 (26 cọc L=872m):P1-P1D,3.39,0.18,11.7
C521,10,Cọc khoan nhồi D1200 (26 cọc L=872m):P1-P1D,3.39,0.18,11.7
C521,10,Bản mặt cầu (Deck Slab):S3,0.33,0.18,11.7
C521,10,Bản mặt cầu (Deck Slab):S3,0.33,0.18,11.7
C521,10,Bản mặt cầu (Deck Slab):S3,0.33,0.18,11.7
C521,10,Bản mặt cầu (Deck Slab):S3,0.33,0.18,11.7
C522,10,Cọc khoan nhồi D1200 (26 cọc L=872m):P1-P1D,3.39,0.18,11.7
C522,10,Cọc khoan nhồi D1200 (26 cọc L=872m):P1-P1D,3.39,0.18,11.7
C522,10,Cọc khoan nhồi D1200 (26 cọc L=872m):P1-P1D,3.39,0.18,11.7
C522,10,Bản mặt cầu (Deck Slab):S3,0.33,0.18,11.7
C522,10,Bản mặt cầu (Deck Slab):S3,0.33,0.18,11.7
C522,10,Bản mặt cầu (Deck Slab):S3,0.33,0.18,11.7
C522,10,Bản mặt cầu (Deck Slab):S3,0.33,0.18,11.7
C523,10,Cọc khoan nhồi D1200 (26 cọc L=872m):P1-P1D,3.39,0.18,11.7
C523,10,Cọc khoan nhồi D1200 (26 cọc L=872m):P1-P1D,3.39,0.18,11.7
C523,10,Cọc khoan nhồi D1200 (26 cọc L=872m):P1-P1D,3.39,0.18,11.7
C523,10,Bản mặt cầu (Deck Slab):S3,0.33,0.18,11.7
C523,10,Bản mặt cầu (Deck Slab):S3,0.33,0.18,11.7
C523,10,Bản mặt cầu (Deck Slab):S3,0.33,0.18,11.7
C523,10,Bản mặt cầu (Deck Slab):S3,0.33,0.18,11.7
C524,10,Cọc khoan nhồi D1200 (26 cọc L=872m):P1-P1D,3.39,0.18,11.7
C524,10,Cọc khoan nhồi D1200 (26 cọc L=872m):P1-P1D,3.39,0.18,11.7
C524,10,Cọc khoan nhồi D1200 (26 cọc L=872m):P1-P1D,3.39,0.18,11.7
C524,10,Bản mặt cầu (Deck Slab):S3,0.33,0.18,11.7
C524,10,Bản mặt cầu (Deck Slab):S3,0.33,0.18,11.7
C524,10,Bản mặt cầu (Deck Slab):S3,0.33,0.18,11.7
C524,10,Bản mặt cầu (Deck Slab):S3,0.33,0.18,11.7
C525,10,Cọc khoan nhồi D1200 (26 cọc L=872m):P1-P1D,3.39,0.18,11.7
C525,10,Cọc khoan nhồi D1200 (26 cọc L=872m):P1-P1D,3.39,0.18,11.7
C525,10,Cọc khoan nhồi D1200 (26 cọc L=872m):P1-P1D,3.39,0.18,11.7
C525,10,Bản mặt cầu (Deck Slab):S3,0.33,0.18,11.7
C525,10,Bản mặt cầu (Deck Slab):S3,0.33,0.18,11.7
C525,10,Bản mặt cầu (Deck Slab):S3,0.33,0.18,11.7
C525,10,Bản mặt cầu (Deck Slab):S3,0.33,0.18,11.7
C526,10,Cọc khoan nhồi D1200 (26 cọc L=872m):P1-P1D,3.39,0.18,11.7
C526,10,Cọc khoan nhồi D1200 (26 cọc L=872m):P1-P1D,3.39,0.18,11.7
C526,10,Cọc khoan nhồi D1200 (26 cọc L=872m):P1-P1D,3.39,0.18,11.7
C526,10,Bản mặt cầu (Deck Slab):S3,0.33,0.18,11.7
C526,10,Bản mặt cầu (Deck Slab):S3,0.33,0.18,11.7
C526,10,Bản mặt cầu (Deck Slab):S3,0.33,0.18,11.7
C526,10,Bản mặt cầu (Deck Slab):S3,0.33,0.18,11.7
C527,10,Cọc khoan nhồi D1200 (26 cọc L=872m):P1-P1D,3.39,0.18,11.7
C527,10,Cọc khoan nhồi D1200 (26 cọc L=872m):P1-P1D,3.39,0.18,11.7
C527,10,Cọc khoan nhồi D1200 (26 cọc L=872m):P1-P1D,3.39,0.18,11.7
C527,10,Bản mặt cầu (Deck Slab):S3,0.33,0.18,11.7
C527,10,Bản mặt cầu (Deck Slab):S3,0.33,0.18,11.7
C527,10,Bản mặt cầu (Deck Slab):S3,0.33,0.18,11.7
C527,10,Bản mặt cầu (Deck Slab):S3,0.33,0.18,11.7
C528,10,Cọc khoan nhồi D1200 (26 cọc L=872m):P1-P1D,3.39,0.18,11.7
C528,10,Cọc khoan nhồi D1200 (26 cọc L=872m):P1-P1D,3.39,0.18,11.7
C528,10,Cọc khoan nhồi D1200 (26 cọc L=872m):P1-P1D,3.39,0.18,11.7
C528,10,Bản mặt cầu (Deck Slab):S3,0.33,0.18,11.7
C528,10,Bản mặt cầu (Deck Slab):S3,0.33,0.18,11.7
C528,10,Bản mặt cầu (Deck Slab):S3,0.33,0.18,11.7
C528,10,Bản mặt cầu (Deck Slab):S3,0.33,0.18,11.7
C529,10,Cọc khoan nhồi D1200 (26 cọc L=872m):P1-P1D,3.39,0.18,11.7
C529,10,Cọc khoan nhồi D1200 (26 cọc L=872m):P1-P1D,3.39,0.18,11.7
C529,10,Cọc khoan nhồi D1200 (26 cọc L=872m):P1-P1D,3.39,0.18,11.7
C529,10,Bản mặt cầu (Deck Slab):S3,0.33,0.18,11.7
C529,10,Bản mặt cầu (Deck Slab):S3,0.33,0.18,11.7
C529,10,Bản mặt cầu (Deck Slab):S3,0.33,0.18,11.7
C529,10,Bản mặt cầu (Deck Slab):S3,0.33,0.18,11.7
C530,10,Cọc khoan nhồi D1200 (26 cọc L=872m):P1-P1D,3.39,0.18,11.7
C530,10,Cọc khoan nhồi D1200 (26 cọc L=872m):P1-P1D,3.39,0.18,11.7
C530,10,Cọc khoan nhồi D1200 (26 cọc L=872m):P1-P1D,3.39,0.18,11.7
C530,10,Bản mặt cầu (Deck Slab):S3,0.33,0.18,11.7
C530,10,Bản mặt cầu (Deck Slab):S3,0.33,0.18,11.7
C530,10,Bản mặt cầu (Deck Slab):S3,0.33,0.18,11.7
C530,10,Bản mặt cầu (Deck Slab):S3,0.33,0.18,11.7
C531,10,Cọc khoan nhồi D1200 (26 cọc L=872m):P1-P1D,3.39,0.18,11.7
C531,10,Cọc khoan nhồi D1200 (26 cọc L=872m):P1-P1D,3.39,0.18,11.7
C531,10,Cọc khoan nhồi D1200 (26 cọc L=872m):P1-P1D,3.39,0.18,11.7
C531,10,Bản mặt cầu (Deck Slab):S3,0.33,0.18,11.7
C531,10,Bản mặt cầu (Deck Slab):S3,0.33,0.18,11.7
C531,10,Bản mặt cầu (Deck Slab):S3,0.33,0.18,11.7
C531,10,Bản mặt cầu (Deck Slab):S3,0.33,0.18,11.7
C532,10,Cọc khoan nhồi D1200 (26 cọc L=872m):P1-P1D,3.39,0.18,11.7
C532,10,Cọc khoan nhồi D1200 (26 cọc L=872m):P1-P1D,3.39,0.18,11.7
C532,10,Cọc khoan nhồi D1200 (26 cọc L=872m):P1-P1D,3.39,0.18,11.7
C532,10,Bản mặt cầu (Deck Slab):S3,0.33,0.18,11.7
C532,10,Bản mặt cầu (Deck Slab):S3,0.33,0.18,11.7
C532,10,Bản mặt cầu (Deck Slab):S3,0.33,0.18,11.7
C532,10,Bản mặt cầu (Deck Slab):S3,0.33,0.18,11.7
C533,10,Cọc khoan nhồi D1200 (26 cọc L=872m):P1-P1D,3.39,0.18,11.7
C533,10,Cọc khoan nhồi D1200 (26 cọc L=872m):P1-P1D,3.39,0.18,11.7
C533,10,Cọc khoan nhồi D1200 (26 cọc L=872m):P1-P1D,3.39,0.18,11.7
C533,10,Bản mặt cầu (Deck Slab):S3,0.33,0.18,11.7
C533,10,Bản mặt cầu (Deck Slab):S3,0.33,0.18,11.7
C533,10,Bản mặt cầu (Deck Slab):S3,0.33,0.18,11.7
C533,10,Bản mặt cầu (Deck Slab):S3,0.33,0.18,11.7
C534,10,Cọc khoan nhồi D1200 (26 cọc L=872m):P1-P1D,3.39,0.18,11.7
C534,10,Cọc khoan nhồi D1200 (26 cọc L=872m):P1-P1D,3.39,0.18,11.7
C534,10,Cọc khoan nhồi D1200 (26 cọc L=872m):P1-P1D,3.39,0.18,11.7
C534,10,Bản mặt cầu (Deck Slab):S3,0.33,0.18,11.7
C534,10,Bản mặt cầu (Deck Slab):S3,0.33,0.18,11.7
C534,10,Bản mặt cầu (Deck Slab):S3,0.33,0.18,11.7
C534,10,Bản mặt cầu (Deck Slab):S3,0.33,0.18,11.7
C535,10,Cọc khoan nhồi D1200 (26 cọc L=872m):P1-P1D,3.39,0.18,11.7
C535,10,Cọc khoan nhồi D1200 (26 cọc L=872m):P1-P1D,3.39,0.18,11.7
C535,10,Cọc khoan nhồi D1200 (26 cọc L=872m):P1-P1D,3.39,0.18,11.7
C535,10,Bản mặt cầu (Deck Slab):S3,0.33,0.18,11.7
C535,10,Bản mặt cầu (Deck Slab):S3,0.33,0.18,11.7
C535,10,Bản mặt cầu (Deck Slab):S3,0.33,0.18,11.7
C535,10,Bản mặt cầu (Deck Slab):S3,0.33,0.18,11.7
C536,10,Cọc khoan nhồi D1200 (26 cọc L=872m):P1-P1D,3.39,0.18,11.7
C536,10,Cọc khoan nhồi D1200 (26 cọc L=872m):P1-P1D,3.39,0.18,11.7
C536,10,Cọc khoan nhồi D1200 (26 cọc L=872m):P1-P1D,3.39,0.18,11.7
C536,10,Bản mặt cầu (Deck Slab):S3,0.33,0.18,11.7
C536,10,Bản mặt cầu (Deck Slab):S3,0.33,0.18,11.7
C536,10,Bản mặt cầu (Deck Slab):S3,0.33,0.18,11.7
C536,10,Bản mặt cầu (Deck Slab):S3,0.33,0.18,11.7
C537,10,Cọc khoan nhồi D1200 (26 cọc L=872m):P1-P1D,3.39,0.18,11.7
C537,10,Cọc khoan nhồi D1200 (26 cọc L=872m):P1-P1D,3.39,0.18,11.7
C537,10,Cọc khoan nhồi D1200 (26 cọc L=872m):P1-P1D,3.39,0.18,11.7
C537,10,Bản mặt cầu (Deck Slab):S3,0.33,0.18,11.7
C537,10,Bản mặt cầu (Deck Slab):S3,0.33,0.18,11.7
C537,10,Bản mặt cầu (Deck Slab):S3,0.33,0.18,11.7
C537,10,Bản mặt cầu (Deck Slab):S3,0.33,0.18,11.7
C538,10,Cọc khoan nhồi D1200 (26 cọc L=872m):P1-P1D,3.39,0.18,11.7
C538,10,Cọc khoan nhồi D1200 (26 cọc L=872m):P1-P1D,3.39,0.18,11.7
C538,10,Cọc khoan nhồi D1200 (26 cọc L=872m):P1-P1D,3.39,0.18,11.7
C538,10,Bản mặt cầu (Deck Slab):S3,0.33,0.18,11.7
C538,10,Bản mặt cầu (Deck Slab):S3,0.33,0.18,11.7
C538,10,Bản mặt cầu (Deck Slab):S3,0.33,0.18,11.7
C538,10,Bản mặt cầu (Deck Slab):S3,0.33,0.18,11.7
C539,10,Cọc khoan nhồi D1200 (26 cọc L=872m):P1-P1D,3.39,0.18,11.7
C539,10,Cọc khoan nhồi D1200 (26 cọc L=872m):P1-P1D,3.39,0.18,11.7
C539,10,Cọc khoan nhồi D1200 (26 cọc L=872m):P1-P1D,3.39,0.18,11.7
C539,10,Bản mặt cầu (Deck Slab):S3,0.33,0.18,11.7
C539,10,Bản mặt cầu (Deck Slab):S3,0.33,0.18,11.7
C539,10,Bản mặt cầu (Deck Slab):S3,0.33,0.18,11.7
C539,10,Bản mặt cầu (Deck Slab):S3,0.33,0.18,11.7
C540,10,Cọc khoan nhồi D1200 (26 cọc L=872m):P1-P1D,3.39,0.18,11.7
C540,10,Cọc khoan nhồi D1200 (26 cọc L=872m):P1-P1D,3.39,0.18,11.7
C540,10,Cọc khoan nhồi D1200 (26 cọc L=872m):P1-P1D,3.39,0.18,11.7
C540,10,Bản mặt cầu (Deck Slab):S3,0.33,0.18,11.7
C540,10,Bản mặt cầu (Deck Slab):S3,0.33,0.18,11.7
C540,10,Bản mặt cầu (Deck Slab):S3,0.33,0.18,11.7
C540,10,Bản mặt cầu (Deck Slab):S3,0.33,0.18,11.7
C541,10,Cọc khoan nhồi D1200 (26 cọc L=872m):P1-P1D,3.39,0.18,11.7
C541,10,Cọc khoan nhồi D1200 (26 cọc L=872m):P1-P1D,3.39,0.18,11.7
C541,10,Cọc khoan nhồi D1200 (26 cọc L=872m):P1-P1D,3.39,0.18,11.7
C541,10,Bản mặt cầu (Deck Slab):S3,0.33,0.18,11.7
C541,10,Bản mặt cầu (Deck Slab):S3,0.33,0.18,11.7
C541,10,Bản mặt cầu (Deck Slab):S3,0.33,0.18,11.7
C541,10,Bản mặt cầu (Deck Slab):S3,0.33,0.18,11.7
C542,10,Cọc khoan nhồi D1200 (26 cọc L=872m):P1-P1D,3.39,0.18,11.7
C542,10,Cọc khoan nhồi D1200 (26 cọc L=872m):P1-P1D,3.39,0.18,11.7
C542,10,Cọc khoan nhồi D1200 (26 cọc L=872m):P1-P1D,3.39,0.18,11.7
C542,10,Bản mặt cầu (Deck Slab):S3,0.33,0.18,11.7
C542,10,Bản mặt cầu (Deck Slab):S3,0.33,0.18,11.7
C542,10,Bản mặt cầu (Deck Slab):S3,0.33,0.18,11.7
C542,10,Bản mặt cầu (Deck Slab):S3,0.33,0.18,11.7
C543,10,Cọc khoan nhồi D1200 (26 cọc L=872m):P1-P1D,3.39,0.18,11.7
C543,10,Cọc khoan nhồi D1200 (26 cọc L=872m):P1-P1D,3.39,0.18,11.7
C543,10,Cọc khoan nhồi D1200 (26 cọc L=872m):P1-P1D,3.39,0.18,11.7
C543,10,Bản mặt cầu (Deck Slab):S3,0.33,0.18,11.7
C543,10,Bản mặt cầu (Deck Slab):S3,0.33,0.18,11.7
C543,10,Bản mặt cầu (Deck Slab):S3,0.33,0.18,11.7
C543,10,Bản mặt cầu (Deck Slab):S3,0.33,0.18,11.7
C544,10,Cọc khoan nhồi D1200 (26 cọc L=872m):P1-P1D,3.39,0.18,11.7
C544,10,Cọc khoan nhồi D1200 (26 cọc L=872m):P1-P1D,3.39,0.18,11.7
C544,10,Cọc khoan nhồi D1200 (26 cọc L=872m):P1-P1D,3.39,0.18,11.7
C544,10,Bản mặt cầu (Deck Slab):S3,0.33,0.18,11.7
C544,10,Bản mặt cầu (Deck Slab):S3,0.33,0.18,11.7
C544,10,Bản mặt cầu (Deck Slab):S3,0.33,0.18,11.7
C544,10,Bản mặt cầu (Deck Slab):S3,0.33,0.18,11.7
C545,10,Cọc khoan nhồi D1200 (26 cọc L=872m):P1-P1D,3.39,0.18,11.7
C545,10,Cọc khoan nhồi D1200 (26 cọc L=872m):P1-P1D,3.39,0.18,11.7
C545,10,Cọc khoan nhồi D1200 (26 cọc L=872m):P1-P1D,3.39,0.18,11.7
C545,10,Bản mặt cầu (Deck Slab):S3,0.33,0.18,11.7
C545,10,Bản mặt cầu (Deck Slab):S3,0.33,0.18,11.7
C545,10,Bản mặt cầu (Deck Slab):S3,0.33,0.18,11.7
C545,10,Bản mặt cầu (Deck Slab):S3,0.33,0.18,11.7
C546,10,Cọc khoan nhồi D1200 (26 cọc L=872m):P1-P1D,3.39,0.18,11.7
C546,10,Cọc khoan nhồi D1200 (26 cọc L=872m):P1-P1D,3.39,0.18,11.7
C546,10,Cọc khoan nhồi D1200 (26 cọc L=872m):P1-P1D,3.39,0.18,11.7
C546,10,Bản mặt cầu (Deck Slab):S3,0.33,0.18,11.7
C546,10,Bản mặt cầu (Deck Slab):S3,0.33,0.18,11.7
C546,10,Bản mặt cầu (Deck Slab):S3,0.33,0.18,11.7
C546,10,Bản mặt cầu (Deck Slab):S3,0.33,0.18,11.7
C547,10,Cọc khoan nhồi D1200 (26 cọc L=872m):P1-P1D,3.39,0.18,11.7
C547,10,Cọc khoan nhồi D1200 (26 cọc L=872m):P1-P1D,3.39,0.18,11.7
C547,10,Cọc khoan nhồi D1200 (26 cọc L=872m):P1-P1D,3.39,0.18,11.7
C547,10,Bản mặt cầu (Deck Slab):S3,0.33,0.18,11.7
C547,10,Bản mặt cầu (Deck Slab):S3,0.33,0.18,11.7
C547,10,Bản mặt cầu (Deck Slab):S3,0.33,0.18,11.7
C547,10,Bản mặt cầu (Deck Slab):S3,0.33,0.18,11.7
C548,10,Cọc khoan nhồi D1200 (26 cọc L=872m):P1-P1D,3.39,0.18,11.7
C548,10,Cọc khoan nhồi D1200 (26 cọc L=872m):P1-P1D,3.39,0.18,11.7
C548,10,Cọc khoan nhồi D1200 (26 cọc L=872m):P1-P1D,3.39,0.18,11.7
C548,10,Bản mặt cầu (Deck Slab):S3,0.33,0.18,11.7
C548,10,Bản mặt cầu (Deck Slab):S3,0.33,0.18,11.7
C548,10,Bản mặt cầu (Deck Slab):S3,0.33,0.18,11.7
C548,10,Bản mặt cầu (Deck Slab):S3,0.33,0.18,11.7
C549,10,Cọc khoan nhồi D1200 (26 cọc L=872m):P1-P1D,3.39,0.18,11.7
C549,10,Cọc khoan nhồi D1200 (26 cọc L=872m):P1-P1D,3.39,0.18,11.7
C549,10,Cọc khoan nhồi D1200 (26 cọc L=872m):P1-P1D,3.39,0.18,11.7
C549,10,Bản mặt cầu (Deck Slab):S3,0.33,0.18,11.7
C549,10,Bản mặt cầu (Deck Slab):S3,0.33,0.18,11.7
C549,10,Bản mặt cầu (Deck Slab):S3,0.33,0.18,11.7
C549,10,Bản mặt cầu (Deck Slab):S3,0.33,0.18,11.7
C550,10,Cọc khoan nhồi D1200 (26 cọc L=872m):P1-P1D,3.39,0.18,11.7
C550,10,Cọc khoan nhồi D1200 (26 cọc L=872m):P1-P1D,3.39,0.18,11.7
C550,10,Cọc khoan nhồi D1200 (26 cọc L=872m):P1-P1D,3.39,0.18,11.7
C550,10,Bản mặt cầu (Deck Slab):S3,0.33,0.18,11.7
C550,10,Bản mặt cầu (Deck Slab):S3,0.33,0.18,11.7
C550,10,Bản mặt cầu (Deck Slab):S3,0.33,0.18,11.7
C550,10,Bản mặt cầu (Deck Slab):S3,0.33,0.18,11.7
C551,10,Cọc khoan nhồi D1200 (26 cọc L=872m):P1-P1D,3.39,0.18,11.7
C551,10,Cọc khoan nhồi D1200 (26 cọc L=872m):P1-P1D,3.39,0.18,11.7
C551,10,Cọc khoan nhồi D1200 (26 cọc L=872m):P1-P1D,3.39,0.18,11.7
C551,10,Bản mặt cầu (Deck Slab):S3,0.33,0.18,11.7
C551,10,Bản mặt cầu (Deck Slab):S3,0.33,0.18,11.7
C551,10,Bản mặt cầu (Deck Slab):S3,0.33,0.18,11.7
C551,10,Bản mặt cầu (Deck Slab):S3,0.33,0.18,11.7
C552,10,Cọc khoan nhồi D1200 (26 cọc L=872m):P1-P1D,3.39,0.18,11.7
C552,10,Cọc khoan nhồi D1200 (26 cọc L=872m):P1-P1D,3.39,0.18,11.7
C552,10,Cọc khoan nhồi D1200 (26 cọc L=872m):P1-P1D,3.39,0.18,11.7
C552,10,Bản mặt cầu (Deck Slab):S3,0.33,0.18,11.7
C552,10,Bản mặt cầu (Deck Slab):S3,0.33,0.18,11.7
C552,10,Bản mặt cầu (Deck Slab):S3,0.33,0.18,11.7
C552,10,Bản mặt cầu (Deck Slab):S3,0.33,0.18,11.7
C553,10,Cọc khoan nhồi D1200 (26 cọc L=872m):P1-P1D,3.39,0.18,11.7
C553,10,Cọc khoan nhồi D1200 (26 cọc L=872m):P1-P1D,3.39,0.18,11.7
C553,10,Cọc khoan nhồi D1200 (26 cọc L=872m):P1-P1D,3.39,0.18,11.7
C553,10,Bản mặt cầu (Deck Slab):S3,0.33,0.18,11.7
C553,10,Bản mặt cầu (Deck Slab):S3,0.33,0.18,11.7
C553,10,Bản mặt cầu (Deck Slab):S3,0.33,0.18,11.7
C553,10,Bản mặt cầu (Deck Slab):S3,0.33,0.18,11.7
C554,10,Cọc khoan nhồi D1200 (26 cọc L=872m):P1-P1D,3.39,0.18,11.7
C554,10,Cọc khoan nhồi D1200 (26 cọc L=872m):P1-P1D,3.39,0.18,11.7
C554,10,Cọc khoan nhồi D1200 (26 cọc L=872m):P1-P1D,3.39,0.18,11.7
C554,10,Bản mặt cầu (Deck Slab):S3,0.33,0.18,11.7
C554,10,Bản mặt cầu (Deck Slab):S3,0.33,0.18,11.7
C554,10,Bản mặt cầu (Deck Slab):S3,0.33,0.18,11.7
C554,10,Bản mặt cầu (Deck Slab):S3,0.33,0.18,11.7
C555,10,Cọc khoan nhồi D1200 (26 cọc L=872m):P1-P1D,3.39,0.18,11.7
C555,10,Cọc khoan nhồi D1200 (26 cọc L=872m):P1-P1D,3.39,0.18,11.7
C555,10,Cọc khoan nhồi D1200 (26 cọc L=872m):P1-P1D,3.39,0.18,11.7
C555,10,Bản mặt cầu (Deck Slab):S3,0.33,0.18,11.7
C555,10,Bản mặt cầu (Deck Slab):S3,0.33,0.18,11.7
C555,10,Bản mặt cầu (Deck Slab):S3,0.33,0.18,11.7
C555,10,Bản mặt cầu (Deck Slab):S3,0.33,0.18,11.7
C556,10,Cọc khoan nhồi D1200 (26 cọc L=872m):P1-P1D,3.39,0.18,11.7
C556,10,Cọc khoan nhồi D1200 (26 cọc L=872m):P1-P1D,3.39,0.18,11.7
C556,10,Cọc khoan nhồi D1200 (26 cọc L=872m):P1-P1D,3.39,0.18,11.7
C556,10,Bản mặt cầu (Deck Slab):S3,0.33,0.18,11.7
C556,10,Bản mặt cầu (Deck Slab):S3,0.33,0.18,11.7
C556,10,Bản mặt cầu (Deck Slab):S3,0.33,0.18,11.7
C556,10,Bản mặt cầu (Deck Slab):S3,0.33,0.18,11.7
C557,10,Cọc khoan nhồi D1200 (26 cọc L=872m):P1-P1D,3.39,0.18,11.7
C557,10,Cọc khoan nhồi D1200 (26 cọc L=872m):P1-P1D,3.39,0.18,11.7
C557,10,Cọc khoan nhồi D1200 (26 cọc L=872m):P1-P1D,3.39,0.18,11.7
C557,10,Bản mặt cầu (Deck Slab):S3,0.33,0.18,11.7
C557,10,Bản mặt cầu (Deck Slab):S3,0.33,0.18,11.7
C557,10,Bản mặt cầu (Deck Slab):S3,0.33,0.18,11.7
C557,10,Bản mặt cầu (Deck Slab):S3,0.33,0.18,11.7
C558,10,Cọc khoan nhồi D1200 (26 cọc L=872m):P1-P1D,3.39,0.18,11.7
C558,10,Cọc khoan nhồi D1200 (26 cọc L=872m):P1-P1D,3.39,0.18,11.7
C558,10,Cọc khoan nhồi D1200 (26 cọc L=872m):P1-P1D,3.39,0.18,11.7
C558,10,Bản mặt cầu (Deck Slab):S3,0.33,0.18,11.7
C558,10,Bản mặt cầu (Deck Slab):S3,0.33,0.18,11.7
C558,10,Bản mặt cầu (Deck Slab):S3,0.33,0.18,11.7
C558,10,Bản mặt cầu (Deck Slab):S3,0.33,0.18,11.7
C559,10,Cọc khoan nhồi D1200 (26 cọc L=872m):P1-P1D,3.39,0.18,11.7
C559,10,Cọc khoan nhồi D1200 (26 cọc L=872m):P1-P1D,3.39,0.18,11.7
C559,10,Cọc khoan nhồi D1200 (26 cọc L=872m):P1-P1D,3.39,0.18,11.7
C559,10,Bản mặt cầu (Deck Slab):S3,0.33,0.18,11.7
C559,10,Bản mặt cầu (Deck Slab):S3,0.33,0.18,11.7
C559,10,Bản mặt cầu (Deck Slab):S3,0.33,0.18,11.7
C559,10,Bản mặt cầu (Deck Slab):S3,0.33,0.18,11.7
C560,10,Cọc khoan nhồi D1200 (26 cọc L=872m):P1-P1D,3.39,0.18,11.7
C560,10,Cọc khoan nhồi D1200 (26 cọc L=872m):P1-P1D,3.39,0.18,11.7
C560,10,Cọc khoan nhồi D1200 (26 cọc L=872m):P1-P1D,3.39,0.18,11.7
C560,10,Bản mặt cầu (Deck Slab):S3,0.33,0.18,11.7
C560,10,Bản mặt cầu (Deck Slab):S3,0.33,0.18,11.7
C560,10,Bản mặt cầu (Deck Slab):S3,0.33,0.18,11.7
C560,10,Bản mặt cầu (Deck Slab):S3,0.33,0.18,11.7
C561,10,Cọc khoan nhồi D1200 (26 cọc L=872m):P1-P1D,3.39,0.18,11.7
C561,10,Cọc khoan nhồi D1200 (26 cọc L=872m):P1-P1D,3.39,0.18,11.7
C561,10,Cọc khoan nhồi D1200 (26 cọc L=872m):P1-P1D,3.39,0.18,11.7
C561,10,Bản mặt cầu (Deck Slab):S3,0.33,0.18,11.7
C561,10,Bản mặt cầu (Deck Slab):S3,0.33,0.18,11.7
C561,10,Bản mặt cầu (Deck Slab):S3,0.33,0.18,11.7
C561,10,Bản mặt cầu (Deck Slab):S3,0.33,0.18,11.7
C562,10,Cọc khoan nhồi D1200 (26 cọc L=872m):P1-P1D,3.39,0.18,11.7
C562,10,Cọc khoan nhồi D1200 (26 cọc L=872m):P1-P1D,3.39,0.18,11.7
C562,10,Cọc khoan nhồi D1200 (26 cọc L=872m):P1-P1D,3.39,0.18,11.7
C562,10,Bản mặt cầu (Deck Slab):S3,0.33,0.18,11.7
C562,10,Bản mặt cầu (Deck Slab):S3,0.33,0.18,11.7
C562,10,Bản mặt cầu (Deck Slab):S3,0.33,0.18,11.7
C562,10,Bản mặt cầu (Deck Slab):S3,0.33,0.18,11.7
C563,10,Cọc khoan nhồi D1200 (26 cọc L=872m):P1-P1D,3.39,0.18,11.7
C563,10,Cọc khoan nhồi D1200 (26 cọc L=872m):P1-P1D,3.39,0.18,11.7
C563,10,Cọc khoan nhồi D1200 (26 cọc L=872m):P1-P1D,3.39,0.18,11.7
C563,10,Bản mặt cầu (Deck Slab):S3,0.33,0.18,11.7
C563,10,Bản mặt cầu (Deck Slab):S3,0.33,0.18,11.7
C563,10,Bản mặt cầu (Deck Slab):S3,0.33,0.18,11.7
C563,10,Bản mặt cầu (Deck Slab):S3,0.33,0.18,11.7
C564,10,Cọc khoan nhồi D1200 (26 cọc L=872m):P1-P1D,3.39,0.18,11.7
C564,10,Cọc khoan nhồi D1200 (26 cọc L=872m):P1-P1D,3.39,0.18,11.7
C564,10,Cọc khoan nhồi D1200 (26 cọc L=872m):P1-P1D,3.39,0.18,11.7
C564,10,Bản mặt cầu (Deck Slab):S3,0.33,0.18,11.7
C564,10,Bản mặt cầu (Deck Slab):S3,0.33,0.18,11.7
C564,10,Bản mặt cầu (Deck Slab):S3,0.33,0.18,11.7
C564,10,Bản mặt cầu (Deck Slab):S3,0.33,0.18,11.7
C565,10,Cọc khoan nhồi D1200 (26 cọc L=872m):P1-P1D,3.39,0.18,11.7
C565,10,Cọc khoan nhồi D1200 (26 cọc L=872m):P1-P1D,3.39,0.18,11.7
C565,10,Cọc khoan nhồi D1200 (26 cọc L=872m):P1-P1D,3.39,0.18,11.7
C565,10,Bản mặt cầu (Deck Slab):S3,0.33,0.18,11.7
C565,10,Bản mặt cầu (Deck Slab):S3,0.33,0.18,11.7
C565,10,Bản mặt cầu (Deck Slab):S3,0.33,0.18,11.7
C565,10,Bản mặt cầu (Deck Slab):S3,0.33,0.18,11.7
C566,10,Cọc khoan nhồi D1200 (26 cọc L=872m):P1-P1D,3.39,0.18,11.7
C566,10,Cọc khoan nhồi D1200 (26 cọc L=872m):P1-P1D,3.39,0.18,11.7
C566,10,Cọc khoan nhồi D1200 (26 cọc L=872m):P1-P1D,3.39,0.18,11.7
C566,10,Bản mặt cầu (Deck Slab):S3,0.33,0.18,11.7
C566,10,Bản mặt cầu (Deck Slab):S3,0.33,0.18,11.7
C566,10,Bản mặt cầu (Deck Slab):S3,0.33,0.18,11.7
C566,10,Bản mặt cầu (Deck Slab):S3,0.33,0.18,11.7
C567,10,Cọc khoan nhồi D1200 (26 cọc L=872m):P1-P1D,3.39,0.18,11.7
C567,10,Cọc khoan nhồi D1200 (26 cọc L=872m):P1-P1D,3.39,0.18,11.7
C567,10,Cọc khoan nhồi D1200 (26 cọc L=872m):P1-P1D,3.39,0.18,11.7
C567,10,Bản mặt cầu (Deck Slab):S3,0.33,0.18,11.7
C567,10,Bản mặt cầu (Deck Slab):S3,0.33,0.18,11.7
C567,10,Bản mặt cầu (Deck Slab):S3,0.33,0.18,11.7
C567,10,Bản mặt cầu (Deck Slab):S3,0.33,0.18,11.7
C568,10,Cọc khoan nhồi D1200 (26 cọc L=872m):P1-P1D,3.39,0.18,11.7
C568,10,Cọc khoan nhồi D1200 (26 cọc L=872m):P1-P1D,3.39,0.18,11.7
C568,10,Cọc khoan nhồi D1200 (26 cọc L=872m):P1-P1D,3.39,0.18,11.7
C568,10,Bản mặt cầu (Deck Slab):S3,0.33,0.18,11.7
C568,10,Bản mặt cầu (Deck Slab):S3,0.33,0.18,11.7
C568,10,Bản mặt cầu (Deck Slab):S3,0.33,0.18,11.7
C568,10,Bản mặt cầu (Deck Slab):S3,0.33,0.18,11.7
C569,10,Cọc khoan nhồi D1200 (26 cọc L=872m):P1-P1D,3.39,0.18,11.7
C569,10,Cọc khoan nhồi D1200 (26 cọc L=872m):P1-P1D,3.39,0.18,11.7
C569,10,Cọc khoan nhồi D1200 (26 cọc L=872m):P1-P1D,3.39,0.18,11.7
C569,10,Bản mặt cầu (Deck Slab):S3,0.33,0.18,11.7
C569,10,Bản mặt cầu (Deck Slab):S3,0.33,0.18,11.7
C569,10,Bản mặt cầu (Deck Slab):S3,0.33,0.18,11.7
C569,10,Bản mặt cầu (Deck Slab):S3,0.33,0.18,11.7
C570,10,Cọc khoan nhồi D1200 (26 cọc L=872m):P1-P1D,3.39,0.18,11.7
C570,10,Cọc khoan nhồi D1200 (26 cọc L=872m):P1-P1D,3.39,0.18,11.7
C570,10,Cọc khoan nhồi D1200 (26 cọc L=872m):P1-P1D,3.39,0.18,11.7
C570,10,Bản mặt cầu (Deck Slab):S3,0.33,0.18,11.7
C570,10,Bản mặt cầu (Deck Slab):S3,0.33,0.18,11.7
C570,10,Bản mặt cầu (Deck Slab):S3,0.33,0.18,11.7
C570,10,Bản mặt cầu (Deck Slab):S3,0.33,0.18,11.7
C571,10,Cọc khoan nhồi D1200 (26 cọc L=872m):P1-P1D,3.39,0.18,11.7
C571,10,Cọc khoan nhồi D1200 (26 cọc L=872m):P1-P1D,3.39,0.18,11.7
C571,10,Cọc khoan nhồi D1200 (26 cọc L=872m):P1-P1D,3.39,0.18,11.7
C571,10,Bản mặt cầu (Deck Slab):S3,0.33,0.18,11.7
C571,10,Bản mặt cầu (Deck Slab):S3,0.33,0.18,11.7
C571,10,Bản mặt cầu (Deck Slab):S3,0.33,0.18,11.7
C571,10,Bản mặt cầu (Deck Slab):S3,0.33,0.18,11.7
C572,10,Cọc khoan nhồi D1200 (26 cọc L=872m):P1-P1D,3.39,0.18,11.7
C572,10,Cọc khoan nhồi D1200 (26 cọc L=872m):P1-P1D,3.39,0.18,11.7
C572,10,Cọc khoan nhồi D1200 (26 cọc L=872m):P1-P1D,3.39,0.18,11.7
C572,10,Bản mặt cầu (Deck Slab):S3,0.33,0.18,11.7
C572,10,Bản mặt cầu (Deck Slab):S3,0.33,0.18,11.7
C572,10,Bản mặt cầu (Deck Slab):S3,0.33,0.18,11.7
C572,10,Bản mặt cầu (Deck Slab):S3,0.33,0.18,11.7
C573,10,Cọc khoan nhồi D1200 (26 cọc L=872m):P1-P1D,3.39,0.18,11.7
C573,10,Cọc khoan nhồi D1200 (26 cọc L=872m):P1-P1D,3.39,0.18,11.7
C573,10,Cọc khoan nhồi D1200 (26 cọc L=872m):P1-P1D,3.39,0.18,11.7
C573,10,Bản mặt cầu (Deck Slab):S3,0.33,0.18,11.7
C573,10,Bản mặt cầu (Deck Slab):S3,0.33,0.18,11.7
C573,10,Bản mặt cầu (Deck Slab):S3,0.33,0.18,11.7
C573,10,Bản mặt cầu (Deck Slab):S3,0.33,0.18,11.7
C574,10,Cọc khoan nhồi D1200 (26 cọc L=872m):P1-P1D,3.39,0.18,11.7
C574,10,Cọc khoan nhồi D1200 (26 cọc L=872m):P1-P1D,3.39,0.18,11.7
C574,10,Cọc khoan nhồi D1200 (26 cọc L=872m):P1-P1D,3.39,0.18,11.7
C574,10,Bản mặt cầu (Deck Slab):S3,0.33,0.18,11.7
C574,10,Bản mặt cầu (Deck Slab):S3,0.33,0.18,11.7
C574,10,Bản mặt cầu (Deck Slab):S3,0.33,0.18,11.7
C574,10,Bản mặt cầu (Deck Slab):S3,0.33,0.18,11.7
C575,10,Cọc khoan nhồi D1200 (26 cọc L=872m):P1-P1D,3.39,0.18,11.7
C575,10,Cọc khoan nhồi D1200 (26 cọc L=872m):P1-P1D,3.39,0.18,11.7
C575,10,Cọc khoan nhồi D1200 (26 cọc L=872m):P1-P1D,3.39,0.18,11.7
C575,10,Bản mặt cầu (Deck Slab):S3,0.33,0.18,11.7
C575,10,Bản mặt cầu (Deck Slab):S3,0.33,0.18,11.7
C575,10,Bản mặt cầu (Deck Slab):S3,0.33,0.18,11.7
C575,10,Bản mặt cầu (Deck Slab):S3,0.33,0.18,11.7
C576,10,Cọc khoan nhồi D1200 (26 cọc L=872m):P1-P1D,3.39,0.18,11.7
C576,10,Cọc khoan nhồi D1200 (26 cọc L=872m):P1-P1D,3.39,0.18,11.7
C576,10,Cọc khoan nhồi D1200 (26 cọc L=872m):P1-P1D,3.39,0.18,11.7
C576,10,Bản mặt cầu (Deck Slab):S3,0.33,0.18,11.7
C576,10,Bản mặt cầu (Deck Slab):S3,0.33,0.18,11.7
C576,10,Bản mặt cầu (Deck Slab):S3,0.33,0.18,11.7
C576,10,Bản mặt cầu (Deck Slab):S3,0.33,0.18,11.7
C577,10,Cọc khoan nhồi D1200 (26 cọc L=872m):P1-P1D,3.39,0.18,11.7
C577,10,Cọc khoan nhồi D1200 (26 cọc L=872m):P1-P1D,3.39,0.18,11.7
C577,10,Cọc khoan nhồi D1200 (26 cọc L=872m):P1-P1D,3.39,0.18,11.7
C577,10,Bản mặt cầu (Deck Slab):S3,0.33,0.18,11.7
C577,10,Bản mặt cầu (Deck Slab):S3,0.33,0.18,11.7
C577,10,Bản mặt cầu (Deck Slab):S3,0.33,0.18,11.7
C577,10,Bản mặt cầu (Deck Slab):S3,0.33,0.18,11.7
C578,10,Cọc khoan nhồi D1200 (26 cọc L=872m):P1-P1D,3.39,0.18,11.7
C578,10,Cọc khoan nhồi D1200 (26 cọc L=872m):P1-P1D,3.39,0.18,11.7
C578,10,Cọc khoan nhồi D1200 (26 cọc L=872m):P1-P1D,3.39,0.18,11.7
C578,10,Bản mặt cầu (Deck Slab):S3,0.33,0.18,11.7
C578,10,Bản mặt cầu (Deck Slab):S3,0.33,0.18,11.7
C578,10,Bản mặt cầu (Deck Slab):S3,0.33,0.18,11.7
C578,10,Bản mặt cầu (Deck Slab):S3,0.33,0.18,11.7
C579,10,Cọc khoan nhồi D1200 (26 cọc L=872m):P1-P1D,3.39,0.18,11.7
C579,10,Cọc khoan nhồi D1200 (26 cọc L=872m):P1-P1D,3.39,0.18,11.7
C579,10,Cọc khoan nhồi D1200 (26 cọc L=872m):P1-P1D,3.39,0.18,11.7
C579,10,Bản mặt cầu (Deck Slab):S3,0.33,0.18,11.7
C579,10,Bản mặt cầu (Deck Slab):S3,0.33,0.18,11.7
C579,10,Bản mặt cầu (Deck Slab):S3,0.33,0.18,11.7
C579,10,Bản mặt cầu (Deck Slab):S3,0.33,0.18,11.7
C580,10,Cọc khoan nhồi D1200 (26 cọc L=872m):P1-P1D,3.39,0.18,11.7
C580,10,Cọc khoan nhồi D1200 (26 cọc L=872m):P1-P1D,3.39,0.18,11.7
C580,10,Cọc khoan nhồi D1200 (26 cọc L=872m):P1-P1D,3.39,0.18,11.7
C580,10,Bản mặt cầu (Deck Slab):S3,0.33,0.18,11.7
C580,10,Bản mặt cầu (Deck Slab):S3,0.33,0.18,11.7
C580,10,Bản mặt cầu (Deck Slab):S3,0.33,0.18,11.7
C580,10,Bản mặt cầu (Deck Slab):S3,0.33,0.18,11.7
C581,10,Cọc khoan nhồi D1200 (26 cọc L=872m):P1-P1D,3.39,0.18,11.7
C581,10,Cọc khoan nhồi D1200 (26 cọc L=872m):P1-P1D,3.39,0.18,11.7
C581,10,Cọc khoan nhồi D1200 (26 cọc L=872m):P1-P1D,3.39,0.18,11.7
C581,10,Bản mặt cầu (Deck Slab):S3,0.33,0.18,11.7
C581,10,Bản mặt cầu (Deck Slab):S3,0.33,0.18,11.7
C581,10,Bản mặt cầu (Deck Slab):S3,0.33,0.18,11.7
C581,10,Bản mặt cầu (Deck Slab):S3,0.33,0.18,11.7
C582,10,Cọc khoan nhồi D1200 (26 cọc L=872m):P1-P1D,3.39,0.18,11.7
C582,10,Cọc khoan nhồi D1200 (26 cọc L=872m):P1-P1D,3.39,0.18,11.7
C582,10,Cọc khoan nhồi D1200 (26 cọc L=872m):P1-P1D,3.39,0.18,11.7
C582,10,Bản mặt cầu (Deck Slab):S3,0.33,0.18,11.7
C582,10,Bản mặt cầu (Deck Slab):S3,0.33,0.18,11.7
C582,10,Bản mặt cầu (Deck Slab):S3,0.33,0.18,11.7
C582,10,Bản mặt cầu (Deck Slab):S3,0.33,0.18,11.7
C583,10,Cọc khoan nhồi D1200 (26 cọc L=872m):P1-P1D,3.39,0.18,11.7
C583,10,Cọc khoan nhồi D1200 (26 cọc L=872m):P1-P1D,3.39,0.18,11.7
C583,10,Cọc khoan nhồi D1200 (26 cọc L=872m):P1-P1D,3.39,0.18,11.7
C583,10,Bản mặt cầu (Deck Slab):S3,0.33,0.18,11.7
C583,10,Bản mặt cầu (Deck Slab):S3,0.33,0.18,11.7
C583,10,Bản mặt cầu (Deck Slab):S3,0.33,0.18,11.7
C583,10,Bản mặt cầu (Deck Slab):S3,0.33,0.18,11.7
C584,10,Cọc khoan nhồi D1200 (26 cọc L=872m):P1-P1D,3.39,0.18,11.7
C584,10,Cọc khoan nhồi D1200 (26 cọc L=872m):P1-P1D,3.39,0.18,11.7
C584,10,Cọc khoan nhồi D1200 (26 cọc L=872m):P1-P1D,3.39,0.18,11.7
C584,10,Bản mặt cầu (Deck Slab):S3,0.33,0.18,11.7
C584,10,Bản mặt cầu (Deck Slab):S3,0.33,0.18,11.7
C584,10,Bản mặt cầu (Deck Slab):S3,0.33,0.18,11.7
C584,10,Bản mặt cầu (Deck Slab):S3,0.33,0.18,11.7
C585,10,Cọc khoan nhồi D1200 (26 cọc L=872m):P1-P1D,3.39,0.18,11.7
C585,10,Cọc khoan nhồi D1200 (26 cọc L=872m):P1-P1D,3.39,0.18,11.7
C585,10,Cọc khoan nhồi D1200 (26 cọc L=872m):P1-P1D,3.39,0.18,11.7
C585,10,Bản mặt cầu (Deck Slab):S3,0.33,0.18,11.7
C585,10,Bản mặt cầu (Deck Slab):S3,0.33,0.18,11.7
C585,10,Bản mặt cầu (Deck Slab):S3,0.33,0.18,11.7
C585,10,Bản mặt cầu (Deck Slab):S3,0.33,0.18,11.7
C586,10,Cọc khoan nhồi D1200 (26 cọc L=872m):P1-P1D,3.39,0.18,11.7
C586,10,Cọc khoan nhồi D1200 (26 cọc L=872m):P1-P1D,3.39,0.18,11.7
C586,10,Cọc khoan nhồi D1200 (26 cọc L=872m):P1-P1D,3.39,0.18,11.7
C586,10,Bản mặt cầu (Deck Slab):S3,0.33,0.18,11.7
C586,10,Bản mặt cầu (Deck Slab):S3,0.33,0.18,11.7
C586,10,Bản mặt cầu (Deck Slab):S3,0.33,0.18,11.7
C586,10,Bản mặt cầu (Deck Slab):S3,0.33,0.18,11.7
C587,10,Cọc khoan nhồi D1200 (26 cọc L=872m):P1-P1D,3.39,0.18,11.7
C587,10,Cọc khoan nhồi D1200 (26 cọc L=872m):P1-P1D,3.39,0.18,11.7
C587,10,Cọc khoan nhồi D1200 (26 cọc L=872m):P1-P1D,3.39,0.18,11.7
C587,10,Bản mặt cầu (Deck Slab):S3,0.33,0.18,11.7
C587,10,Bản mặt cầu (Deck Slab):S3,0.33,0.18,11.7
C587,10,Bản mặt cầu (Deck Slab):S3,0.33,0.18,11.7
C587,10,Bản mặt cầu (Deck Slab):S3,0.33,0.18,11.7
C588,10,Cọc khoan nhồi D1200 (26 cọc L=872m):P1-P1D,3.39,0.18,11.7
C588,10,Cọc khoan nhồi D1200 (26 cọc L=872m):P1-P1D,3.39,0.18,11.7
C588,10,Cọc khoan nhồi D1200 (26 cọc L=872m):P1-P1D,3.39,0.18,11.7
C588,10,Bản mặt cầu (Deck Slab):S3,0.33,0.18,11.7
C588,10,Bản mặt cầu (Deck Slab):S3,0.33,0.18,11.7
C588,10,Bản mặt cầu (Deck Slab):S3,0.33,0.18,11.7
C588,10,Bản mặt cầu (Deck Slab):S3,0.33,0.18,11.7
C589,10,Cọc khoan nhồi D1200 (26 cọc L=872m):P1-P1D,3.39,0.18,11.7
C589,10,Cọc khoan nhồi D1200 (26 cọc L=872m):P1-P1D,3.39,0.18,11.7
C589,10,Cọc khoan nhồi D1200 (26 cọc L=872m):P1-P1D,3.39,0.18,11.7
C589,10,Bản mặt cầu (Deck Slab):S3,0.33,0.18,11.7
C589,10,Bản mặt cầu (Deck Slab):S3,0.33,0.18,11.7
C589,10,Bản mặt cầu (Deck Slab):S3,0.33,0.18,11.7
C589,10,Bản mặt cầu (Deck Slab):S3,0.33,0.18,11.7
C590,10,Cọc khoan nhồi D1200 (26 cọc L=872m):P1-P1D,3.39,0.18,11.7
C590,10,Cọc khoan nhồi D1200 (26 cọc L=872m):P1-P1D,3.39,0.18,11.7
C590,10,Cọc khoan nhồi D1200 (26 cọc L=872m):P1-P1D,3.39,0.18,11.7
C590,10,Bản mặt cầu (Deck Slab):S3,0.33,0.18,11.7
C590,10,Bản mặt cầu (Deck Slab):S3,0.33,0.18,11.7
C590,10,Bản mặt cầu (Deck Slab):S3,0.33,0.18,11.7
C590,10,Bản mặt cầu (Deck Slab):S3,0.33,0.18,11.7
C591,10,Cọc khoan nhồi D1200 (26 cọc L=872m):P1-P1D,3.39,0.18,11.7
C591,10,Cọc khoan nhồi D1200 (26 cọc L=872m):P1-P1D,3.39,0.18,11.7
C591,10,Cọc khoan nhồi D1200 (26 cọc L=872m):P1-P1D,3.39,0.18,11.7
C591,10,Bản mặt cầu (Deck Slab):S3,0.33,0.18,11.7
C591,10,Bản mặt cầu (Deck Slab):S3,0.33,0.18,11.7
C591,10,Bản mặt cầu (Deck Slab):S3,0.33,0.18,11.7
C591,10,Bản mặt cầu (Deck Slab):S3,0.33,0.18,11.7
C592,10,Cọc khoan nhồi D1200 (26 cọc L=872m):P1-P1D,3.39,0.18,11.7
C592,10,Cọc khoan nhồi D1200 (26 cọc L=872m):P1-P1D,3.39,0.18,11.7
C592,10,Cọc khoan nhồi D1200 (26 cọc L=872m):P1-P1D,3.39,0.18,11.7
C592,10,Bản mặt cầu (Deck Slab):S3,0.33,0.18,11.7
C592,10,Bản mặt cầu (Deck Slab):S3,0.33,0.18,11.7
C592,10,Bản mặt cầu (Deck Slab):S3,0.33,0.18,11.7
C592,10,Bản mặt cầu (Deck Slab):S3,0.33,0.18,11.7
C593,10,Cọc khoan nhồi D1200 (26 cọc L=872m):P1-P1D,3.39,0.18,11.7
C593,10,Cọc khoan nhồi D1200 (26 cọc L=872m):P1-P1D,3.39,0.18,11.7
C593,10,Cọc khoan nhồi D1200 (26 cọc L=872m):P1-P1D,3.39,0.18,11.7
C593,10,Bản mặt cầu (Deck Slab):S3,0.33,0.18,11.7
C593,10,Bản mặt cầu (Deck Slab):S3,0.33,0.18,11.7
C593,10,Bản mặt cầu (Deck Slab):S3,0.33,0.18,11.7
C593,10,Bản mặt cầu (Deck Slab):S3,0.33,0.18,11.7
C594,10,Cọc khoan nhồi D1200 (26 cọc L=872m):P1-P1D,3.39,0.18,11.7
C594,10,Cọc khoan nhồi D1200 (26 cọc L=872m):P1-P1D,3.39,0.18,11.7
C594,10,Cọc khoan nhồi D1200 (26 cọc L=872m):P1-P1D,3.39,0.18,11.7
C594,10,Bản mặt cầu (Deck Slab):S3,0.33,0.18,11.7
C594,10,Bản mặt cầu (Deck Slab):S3,0.33,0.18,11.7
C594,10,Bản mặt cầu (Deck Slab):S3,0.33,0.18,11.7
C594,10,Bản mặt cầu (Deck Slab):S3,0.33,0.18,11.7
C595,10,Cọc khoan nhồi D1200 (26 cọc L=872m):P1-P1D,3.39,0.18,11.7
C595,10,Cọc khoan nhồi D1200 (26 cọc L=872m):P1-P1D,3.39,0.18,11.7
C595,10,Cọc khoan nhồi D1200 (26 cọc L=872m):P1-P1D,3.39,0.18,11.7
C595,10,Bản mặt cầu (Deck Slab):S3,0.33,0.18,11.7
C595,10,Bản mặt cầu (Deck Slab):S3,0.33,0.18,11.7
C595,10,Bản mặt cầu (Deck Slab):S3,0.33,0.18,11.7
C595,10,Bản mặt cầu (Deck Slab):S3,0.33,0.18,11.7
C596,10,Cọc khoan nhồi D1200 (26 cọc L=872m):P1-P1D,3.39,0.18,11.7
C596,10,Cọc khoan nhồi D1200 (26 cọc L=872m):P1-P1D,3.39,0.18,11.7
C596,10,Cọc khoan nhồi D1200 (26 cọc L=872m):P1-P1D,3.39,0.18,11.7
C596,10,Bản mặt cầu (Deck Slab):S3,0.33,0.18,11.7
C596,10,Bản mặt cầu (Deck Slab):S3,0.33,0.18,11.7
C596,10,Bản mặt cầu (Deck Slab):S3,0.33,0.18,11.7
C596,10,Bản mặt cầu (Deck Slab):S3,0.33,0.18,11.7
C597,10,Cọc khoan nhồi D1200 (26 cọc L=872m):P1-P1D,3.39,0.18,11.7
C597,10,Cọc khoan nhồi D1200 (26 cọc L=872m):P1-P1D,3.39,0.18,11.7
C597,10,Cọc khoan nhồi D1200 (26 cọc L=872m):P1-P1D,3.39,0.18,11.7
C597,10,Bản mặt cầu (Deck Slab):S3,0.33,0.18,11.7
C597,10,Bản mặt cầu (Deck Slab):S3,0.33,0.18,11.7
C597,10,Bản mặt cầu (Deck Slab):S3,0.33,0.18,11.7
C597,10,Bản mặt cầu (Deck Slab):S3,0.33,0.18,11.7
C598,10,Cọc khoan nhồi D1200 (26 cọc L=872m):P1-P1D,3.39,0.18,11.7
C598,10,Cọc khoan nhồi D1200 (26 cọc L=872m):P1-P1D,3.39,0.18,11.7
C598,10,Cọc khoan nhồi D1200 (26 cọc L=872m):P1-P1D,3.39,0.18,11.7
C598,10,Bản mặt cầu (Deck Slab):S3,0.33,0.18,11.7
C598,10,Bản mặt cầu (Deck Slab):S3,0.33,0.18,11.7
C598,10,Bản mặt cầu (Deck Slab):S3,0.33,0.18,11.7
C598,10,Bản mặt cầu (Deck Slab):S3,0.33,0.18,11.7
C599,10,Cọc khoan nhồi D1200 (26 cọc L=872m):P1-P1D,3.39,0.18,11.7
C599,10,Cọc khoan nhồi D1200 (26 cọc L=872m):P1-P1D,3.39,0.18,11.7
C599,10,Cọc khoan nhồi D1200 (26 cọc L=872m):P1-P1D,3.39,0.18,11.7
C599,10,Bản mặt cầu (Deck Slab):S3,0.33,0.18,11.7
C599,10,Bản mặt cầu (Deck Slab):S3,0.33,0.18,11.7
C599,10,Bản mặt cầu (Deck Slab):S3,0.33,0.18,11.7
C599,10,Bản mặt cầu (Deck Slab):S3,0.33,0.18,11.7
C600,10,Cọc khoan nhồi D1200 (26 cọc L=872m):P1-P1D,3.39,0.18,11.7
C600,10,Cọc khoan nhồi D1200 (26 cọc L=872m):P1-P1D,3.39,0.18,11.7
C600,10,Cọc khoan nhồi D1200 (26 cọc L=872m):P1-P1D,3.39,0.18,11.7
C600,10,Bản mặt cầu (Deck Slab):S3,0.33,0.18,11.7
C600,10,Bản mặt cầu (Deck Slab):S3,0.33,0.18,11.7
C600,10,Bản mặt cầu (Deck Slab):S3,0.33,0.18,11.7
C600,10,Bản mặt cầu (Deck Slab):S3,0.33,0.18,11.7
C601,10,Cọc khoan nhồi D1200 (26 cọc L=872m):P1-P1D,3.39,0.18,11.7
C601,10,Cọc khoan nhồi D1200 (26 cọc L=872m):P1-P1D,3.39,0.18,11.7
C601,10,Cọc khoan nhồi D1200 (26 cọc L=872m):P1-P1D,3.39,0.18,11.7
C601,10,Bản mặt cầu (Deck Slab):S3,0.33,0.18,11.7
C601,10,Bản mặt cầu (Deck Slab):S3,0.33,0.18,11.7
C601,10,Bản mặt cầu (Deck Slab):S3,0.33,0.18,11.7
C601,10,Bản mặt cầu (Deck Slab):S3,0.33,0.18,11.7
C602,10,Cọc khoan nhồi D1200 (26 cọc L=872m):P1-P1D,3.39,0.18,11.7
C602,10,Cọc khoan nhồi D1200 (26 cọc L=872m):P1-P1D,3.39,0.18,11.7
C602,10,Cọc khoan nhồi D1200 (26 cọc L=872m):P1-P1D,3.39,0.18,11.7
C602,10,Bản mặt cầu (Deck Slab):S3,0.33,0.18,11.7
C602,10,Bản mặt cầu (Deck Slab):S3,0.33,0.18,11.7
C602,10,Bản mặt cầu (Deck Slab):S3,0.33,0.18,11.7
C602,10,Bản mặt cầu (Deck Slab):S3,0.33,0.18,11.7
C603,10,Cọc khoan nhồi D1200 (26 cọc L=872m):P1-P1D,3.39,0.18,11.7
C603,10,Cọc khoan nhồi D1200 (26 cọc L=872m):P1-P1D,3.39,0.18,11.7
C603,10,Cọc khoan nhồi D1200 (26 cọc L=872m):P1-P1D,3.39,0.18,11.7
C603,10,Bản mặt cầu (Deck Slab):S3,0.33,0.18,11.7
C603,10,Bản mặt cầu (Deck Slab):S3,0.33,0.18,11.7
C603,10,Bản mặt cầu (Deck Slab):S3,0.33,0.18,11.7
C603,10,Bản mặt cầu (Deck Slab):S3,0.33,0.18,11.7
C604,10,Cọc khoan nhồi D1200 (26 cọc L=872m):P1-P1D,3.39,0.18,11.7
C604,10,Cọc khoan nhồi D1200 (26 cọc L=872m):P1-P1D,3.39,0.18,11.7
C604,10,Cọc khoan nhồi D1200 (26 cọc L=872m):P1-P1D,3.39,0.18,11.7
C604,10,Bản mặt cầu (Deck Slab):S3,0.33,0.18,11.7
C604,10,Bản mặt cầu (Deck Slab):S3,0.33,0.18,11.7
C604,10,Bản mặt cầu (Deck Slab):S3,0.33,0.18,11.7
C604,10,Bản mặt cầu (Deck Slab):S3,0.33,0.18,11.7
C605,10,Cọc khoan nhồi D1200 (26 cọc L=872m):P1-P1D,3.39,0.18,11.7
C605,10,Cọc khoan nhồi D1200 (26 cọc L=872m):P1-P1D,3.39,0.18,11.7
C605,10,Cọc khoan nhồi D1200 (26 cọc L=872m):P1-P1D,3.39,0.18,11.7
C605,10,Bản mặt cầu (Deck Slab):S3,0.33,0.18,11.7
C605,10,Bản mặt cầu (Deck Slab):S3,0.33,0.18,11.7
C605,10,Bản mặt cầu (Deck Slab):S3,0.33,0.18,11.7
C605,10,Bản mặt cầu (Deck Slab):S3,0.33,0.18,11.7
C606,10,Cọc khoan nhồi D1200 (26 cọc L=872m):P1-P1D,3.39,0.18,11.7
C606,10,Cọc khoan nhồi D1200 (26 cọc L=872m):P1-P1D,3.39,0.18,11.7
C606,10,Cọc khoan nhồi D1200 (26 cọc L=872m):P1-P1D,3.39,0.18,11.7
C606,10,Bản mặt cầu (Deck Slab):S3,0.33,0.18,11.7
C606,10,Bản mặt cầu (Deck Slab):S3,0.33,0.18,11.7
C606,10,Bản mặt cầu (Deck Slab):S3,0.33,0.18,11.7
C606,10,Bản mặt cầu (Deck Slab):S3,0.33,0.18,11.7
C607,10,Cọc khoan nhồi D1200 (26 cọc L=872m):P1-P1D,3.39,0.18,11.7
C607,10,Cọc khoan nhồi D1200 (26 cọc L=872m):P1-P1D,3.39,0.18,11.7
C607,10,Cọc khoan nhồi D1200 (26 cọc L=872m):P1-P1D,3.39,0.18,11.7
C607,10,Bản mặt cầu (Deck Slab):S3,0.33,0.18,11.7
C607,10,Bản mặt cầu (Deck Slab):S3,0.33,0.18,11.7
C607,10,Bản mặt cầu (Deck Slab):S3,0.33,0.18,11.7
C607,10,Bản mặt cầu (Deck Slab):S3,0.33,0.18,11.7
C608,10,Cọc khoan nhồi D1200 (26 cọc L=872m):P1-P1D,3.39,0.18,11.7
C608,10,Cọc khoan nhồi D1200 (26 cọc L=872m):P1-P1D,3.39,0.18,11.7
C608,10,Cọc khoan nhồi D1200 (26 cọc L=872m):P1-P1D,3.39,0.18,11.7
C608,10,Bản mặt cầu (Deck Slab):S3,0.33,0.18,11.7
C608,10,Bản mặt cầu (Deck Slab):S3,0.33,0.18,11.7
C608,10,Bản mặt cầu (Deck Slab):S3,0.33,0.18,11.7
C608,10,Bản mặt cầu (Deck Slab):S3,0.33,0.18,11.7
C609,10,Cọc khoan nhồi D1200 (26 cọc L=872m):P1-P1D,3.39,0.18,11.7
C609,10,Cọc khoan nhồi D1200 (26 cọc L=872m):P1-P1D,3.39,0.18,11.7
C609,10,Cọc khoan nhồi D1200 (26 cọc L=872m):P1-P1D,3.39,0.18,11.7
C609,10,Bản mặt cầu (Deck Slab):S3,0.33,0.18,11.7
C609,10,Bản mặt cầu (Deck Slab):S3,0.33,0.18,11.7
C609,10,Bản mặt cầu (Deck Slab):S3,0.33,0.18,11.7
C609,10,Bản mặt cầu (Deck Slab):S3,0.33,0.18,11.7
C610,10,Cọc khoan nhồi D1200 (26 cọc L=872m):P1-P1D,3.39,0.18,11.7
C610,10,Cọc khoan nhồi D1200 (26 cọc L=872m):P1-P1D,3.39,0.18,11.7
C610,10,Cọc khoan nhồi D1200 (26 cọc L=872m):P1-P1D,3.39,0.18,11.7
C610,10,Bản mặt cầu (Deck Slab):S3,0.33,0.18,11.7
C610,10,Bản mặt cầu (Deck Slab):S3,0.33,0.18,11.7
C610,10,Bản mặt cầu (Deck Slab):S3,0.33,0.18,11.7
C610,10,Bản mặt cầu (Deck Slab):S3,0.33,0.18,11.7
C611,10,Cọc khoan nhồi D1200 (26 cọc L=872m):P1-P1D,3.39,0.18,11.7
C611,10,Cọc khoan nhồi D1200 (26 cọc L=872m):P1-P1D,3.39,0.18,11.7
C611,10,Cọc khoan nhồi D1200 (26 cọc L=872m):P1-P1D,3.39,0.18,11.7
C611,10,Bản mặt cầu (Deck Slab):S3,0.33,0.18,11.7
C611,10,Bản mặt cầu (Deck Slab):S3,0.33,0.18,11.7
C611,10,Bản mặt cầu (Deck Slab):S3,0.33,0.18,11.7
C611,10,Bản mặt cầu (Deck Slab):S3,0.33,0.18,11.7
C612,10,Cọc khoan nhồi D1200 (26 cọc L=872m):P1-P1D,3.39,0.18,11.7
C612,10,Cọc khoan nhồi D1200 (26 cọc L=872m):P1-P1D,3.39,0.18,11.7
C612,10,Cọc khoan nhồi D1200 (26 cọc L=872m):P1-P1D,3.39,0.18,11.7
C612,10,Bản mặt cầu (Deck Slab):S3,0.33,0.18,11.7
C612,10,Bản mặt cầu (Deck Slab):S3,0.33,0.18,11.7
C612,10,Bản mặt cầu (Deck Slab):S3,0.33,0.18,11.7
C612,10,Bản mặt cầu (Deck Slab):S3,0.33,0.18,11.7
C613,10,Cọc khoan nhồi D1200 (26 cọc L=872m):P1-P1D,3.39,0.18,11.7
C613,10,Cọc khoan nhồi D1200 (26 cọc L=872m):P1-P1D,3.39,0.18,11.7
C613,10,Cọc khoan nhồi D1200 (26 cọc L=872m):P1-P1D,3.39,0.18,11.7
C613,10,Bản mặt cầu (Deck Slab):S3,0.33,0.18,11.7
C613,10,Bản mặt cầu (Deck Slab):S3,0.33,0.18,11.7
C613,10,Bản mặt cầu (Deck Slab):S3,0.33,0.18,11.7
C613,10,Bản mặt cầu (Deck Slab):S3,0.33,0.18,11.7
C614,10,Cọc khoan nhồi D1200 (26 cọc L=872m):P1-P1D,3.39,0.18,11.7
C614,10,Cọc khoan nhồi D1200 (26 cọc L=872m):P1-P1D,3.39,0.18,11.7
C614,10,Cọc khoan nhồi D1200 (26 cọc L=872m):P1-P1D,3.39,0.18,11.7
C614,10,Bản mặt cầu (Deck Slab):S3,0.33,0.18,11.7
C614,10,Bản mặt cầu (Deck Slab):S3,0.33,0.18,11.7
C614,10,Bản mặt cầu (Deck Slab):S3,0.33,0.18,11.7
C614,10,Bản mặt cầu (Deck Slab):S3,0.33,0.18,11.7
C615,10,Cọc khoan nhồi D1200 (26 cọc L=872m):P1-P1D,3.39,0.18,11.7
C615,10,Cọc khoan nhồi D1200 (26 cọc L=872m):P1-P1D,3.39,0.18,11.7
C615,10,Cọc khoan nhồi D1200 (26 cọc L=872m):P1-P1D,3.39,0.18,11.7
C615,10,Bản mặt cầu (Deck Slab):S3,0.33,0.18,11.7
C615,10,Bản mặt cầu (Deck Slab):S3,0.33,0.18,11.7
C615,10,Bản mặt cầu (Deck Slab):S3,0.33,0.18,11.7
C615,10,Bản mặt cầu (Deck Slab):S3,0.33,0.18,11.7
C616,10,Cọc khoan nhồi D1200 (26 cọc L=872m):P1-P1D,3.39,0.18,11.7
C616,10,Cọc khoan nhồi D1200 (26 cọc L=872m):P1-P1D,3.39,0.18,11.7
C616,10,Cọc khoan nhồi D1200 (26 cọc L=872m):P1-P1D,3.39,0.18,11.7
C616,10,Bản mặt cầu (Deck Slab):S3,0.33,0.18,11.7
C616,10,Bản mặt cầu (Deck Slab):S3,0.33,0.18,11.7
C616,10,Bản mặt cầu (Deck Slab):S3,0.33,0.18,11.7
C616,10,Bản mặt cầu (Deck Slab):S3,0.33,0.18,11.7
C617,10,Cọc khoan nhồi D1200 (26 cọc L=872m):P1-P1D,3.39,0.18,11.7
C617,10,Cọc khoan nhồi D1200 (26 cọc L=872m):P1-P1D,3.39,0.18,11.7
C617,10,Cọc khoan nhồi D1200 (26 cọc L=872m):P1-P1D,3.39,0.18,11.7
C617,10,Bản mặt cầu (Deck Slab):S3,0.33,0.18,11.7
C617,10,Bản mặt cầu (Deck Slab):S3,0.33,0.18,11.7
C617,10,Bản mặt cầu (Deck Slab):S3,0.33,0.18,11.7
C617,10,Bản mặt cầu (Deck Slab):S3,0.33,0.18,11.7
C618,10,Cọc khoan nhồi D1200 (26 cọc L=872m):P1-P1D,3.39,0.18,11.7
C618,10,Cọc khoan nhồi D1200 (26 cọc L=872m):P1-P1D,3.39,0.18,11.7
C618,10,Cọc khoan nhồi D1200 (26 cọc L=872m):P1-P1D,3.39,0.18,11.7
C618,10,Bản mặt cầu (Deck Slab):S3,0.33,0.18,11.7
C618,10,Bản mặt cầu (Deck Slab):S3,0.33,0.18,11.7
C618,10,Bản mặt cầu (Deck Slab):S3,0.33,0.18,11.7
C618,10,Bản mặt cầu (Deck Slab):S3,0.33,0.18,11.7
C619,10,Cọc khoan nhồi D1200 (26 cọc L=872m):P1-P1D,3.39,0.18,11.7
C619,10,Cọc khoan nhồi D1200 (26 cọc L=872m):P1-P1D,3.39,0.18,11.7
C619,10,Cọc khoan nhồi D1200 (26 cọc L=872m):P1-P1D,3.39,0.18,11.7
C619,10,Bản mặt cầu (Deck Slab):S3,0.33,0.18,11.7
C619,10,Bản mặt cầu (Deck Slab):S3,0.33,0.18,11.7
C619,10,Bản mặt cầu (Deck Slab):S3,0.33,0.18,11.7
C619,10,Bản mặt cầu (Deck Slab):S3,0.33,0.18,11.7
C620,10,Cọc khoan nhồi D1200 (26 cọc L=872m):P1-P1D,3.39,0.18,11.7
C620,10,Cọc khoan nhồi D1200 (26 cọc L=872m):P1-P1D,3.39,0.18,11.7
C620,10,Cọc khoan nhồi D1200 (26 cọc L=872m):P1-P1D,3.39,0.18,11.7
C620,10,Bản mặt cầu (Deck Slab):S3,0.33,0.18,11.7
C620,10,Bản mặt cầu (Deck Slab):S3,0.33,0.18,11.7
C620,10,Bản mặt cầu (Deck Slab):S3,0.33,0.18,11.7
C620,10,Bản mặt cầu (Deck Slab):S3,0.33,0.18,11.7
C621,10,Cọc khoan nhồi D1200 (26 cọc L=872m):P1-P1D,3.39,0.18,11.7
C621,10,Cọc khoan nhồi D1200 (26 cọc L=872m):P1-P1D,3.39,0.18,11.7
C621,10,Cọc khoan nhồi D1200 (26 cọc L=872m):P1-P1D,3.39,0.18,11.7
C621,10,Bản mặt cầu (Deck Slab):S3,0.33,0.18,11.7
C621,10,Bản mặt cầu (Deck Slab):S3,0.33,0.18,11.7
C621,10,Bản mặt cầu (Deck Slab):S3,0.33,0.18,11.7
C621,10,Bản mặt cầu (Deck Slab):S3,0.33,0.18,11.7
C622,10,Cọc khoan nhồi D1200 (26 cọc L=872m):P1-P1D,3.39,0.18,11.7
C622,10,Cọc khoan nhồi D1200 (26 cọc L=872m):P1-P1D,3.39,0.18,11.7
C622,10,Cọc khoan nhồi D1200 (26 cọc L=872m):P1-P1D,3.39,0.18,11.7
C622,10,Bản mặt cầu (Deck Slab):S3,0.33,0.18,11.7
C622,10,Bản mặt cầu (Deck Slab):S3,0.33,0.18,11.7
C622,10,Bản mặt cầu (Deck Slab):S3,0.33,0.18,11.7
C622,10,Bản mặt cầu (Deck Slab):S3,0.33,0.18,11.7
C623,10,Cọc khoan nhồi D1200 (26 cọc L=872m):P1-P1D,3.39,0.18,11.7
C623,10,Cọc khoan nhồi D1200 (26 cọc L=872m):P1-P1D,3.39,0.18,11.7
C623,10,Cọc khoan nhồi D1200 (26 cọc L=872m):P1-P1D,3.39,0.18,11.7
C623,10,Bản mặt cầu (Deck Slab):S3,0.33,0.18,11.7
C623,10,Bản mặt cầu (Deck Slab):S3,0.33,0.18,11.7
C623,10,Bản mặt cầu (Deck Slab):S3,0.33,0.18,11.7
C623,10,Bản mặt cầu (Deck Slab):S3,0.33,0.18,11.7
C624,10,Cọc khoan nhồi D1200 (26 cọc L=872m):P1-P1D,3.39,0.18,11.7
C624,10,Cọc khoan nhồi D1200 (26 cọc L=872m):P1-P1D,3.39,0.18,11.7
C624,10,Cọc khoan nhồi D1200 (26 cọc L=872m):P1-P1D,3.39,0.18,11.7
C624,10,Bản mặt cầu (Deck Slab):S3,0.33,0.18,11.7
C624,10,Bản mặt cầu (Deck Slab):S3,0.33,0.18,11.7
C624,10,Bản mặt cầu (Deck Slab):S3,0.33,0.18,11.7
C624,10,Bản mặt cầu (Deck Slab):S3,0.33,0.18,11.7
C625,10,Cọc khoan nhồi D1200 (26 cọc L=872m):P1-P1D,3.39,0.18,11.7
C625,10,Cọc khoan nhồi D1200 (26 cọc L=872m):P1-P1D,3.39,0.18,11.7
C625,10,Cọc khoan nhồi D1200 (26 cọc L=872m):P1-P1D,3.39,0.18,11.7
C625,10,Bản mặt cầu (Deck Slab):S3,0.33,0.18,11.7
C625,10,Bản mặt cầu (Deck Slab):S3,0.33,0.18,11.7
C625,10,Bản mặt cầu (Deck Slab):S3,0.33,0.18,11.7
C625,10,Bản mặt cầu (Deck Slab):S3,0.33,0.18,11.7
C626,10,Cọc khoan nhồi D1200 (26 cọc L=872m):P1-P1D,3.39,0.18,11.7
C626,10,Cọc khoan nhồi D1200 (26 cọc L=872m):P1-P1D,3.39,0.18,11.7
C626,10,Cọc khoan nhồi D1200 (26 cọc L=872m):P1-P1D,3.39,0.18,11.7
C626,10,Bản mặt cầu (Deck Slab):S3,0.33,0.18,11.7
C626,10,Bản mặt cầu (Deck Slab):S3,0.33,0.18,11.7
C626,10,Bản mặt cầu (Deck Slab):S3,0.33,0.18,11.7
C626,10,Bản mặt cầu (Deck Slab):S3,0.33,0.18,11.7
C627,10,Cọc khoan nhồi D1200 (26 cọc L=872m):P1-P1D,3.39,0.18,11.7
C627,10,Cọc khoan nhồi D1200 (26 cọc L=872m):P1-P1D,3.39,0.18,11.7
C627,10,Cọc khoan nhồi D1200 (26 cọc L=872m):P1-P1D,3.39,0.18,11.7
C627,10,Bản mặt cầu (Deck Slab):S3,0.33,0.18,11.7
C627,10,Bản mặt cầu (Deck Slab):S3,0.33,0.18,11.7
C627,10,Bản mặt cầu (Deck Slab):S3,0.33,0.18,11.7
C627,10,Bản mặt cầu (Deck Slab):S3,0.33,0.18,11.7
C628,10,Cọc khoan nhồi D1200 (26 cọc L=872m):P1-P1D,3.39,0.18,11.7
C628,10,Cọc khoan nhồi D1200 (26 cọc L=872m):P1-P1D,3.39,0.18,11.7
C628,10,Cọc khoan nhồi D1200 (26 cọc L=872m):P1-P1D,3.39,0.18,11.7
C628,10,Bản mặt cầu (Deck Slab):S3,0.33,0.18,11.7
C628,10,Bản mặt cầu (Deck Slab):S3,0.33,0.18,11.7
C628,10,Bản mặt cầu (Deck Slab):S3,0.33,0.18,11.7
C628,10,Bản mặt cầu (Deck Slab):S3,0.33,0.18,11.7
C629,10,Cọc khoan nhồi D1200 (26 cọc L=872m):P1-P1D,3.39,0.18,11.7
C629,10,Cọc khoan nhồi D1200 (26 cọc L=872m):P1-P1D,3.39,0.18,11.7
C629,10,Cọc khoan nhồi D1200 (26 cọc L=872m):P1-P1D,3.39,0.18,11.7
C629,10,Bản mặt cầu (Deck Slab):S3,0.33,0.18,11.7
C629,10,Bản mặt cầu (Deck Slab):S3,0.33,0.18,11.7
C629,10,Bản mặt cầu (Deck Slab):S3,0.33,0.18,11.7
C629,10,Bản mặt cầu (Deck Slab):S3,0.33,0.18,11.7
C630,10,Cọc khoan nhồi D1200 (26 cọc L=872m):P1-P1D,3.39,0.18,11.7
C630,10,Cọc khoan nhồi D1200 (26 cọc L=872m):P1-P1D,3.39,0.18,11.7
C630,10,Cọc khoan nhồi D1200 (26 cọc L=872m):P1-P1D,3.39,0.18,11.7
C630,10,Bản mặt cầu (Deck Slab):S3,0.33,0.18,11.7
C630,10,Bản mặt cầu (Deck Slab):S3,0.33,0.18,11.7
C630,10,Bản mặt cầu (Deck Slab):S3,0.33,0.18,11.7
C630,10,Bản mặt cầu (Deck Slab):S3,0.33,0.18,11.7
C631,10,Cọc khoan nhồi D1200 (26 cọc L=872m):P1-P1D,3.39,0.18,11.7
C631,10,Cọc khoan nhồi D1200 (26 cọc L=872m):P1-P1D,3.39,0.18,11.7
C631,10,Cọc khoan nhồi D1200 (26 cọc L=872m):P1-P1D,3.39,0.18,11.7
C631,10,Bản mặt cầu (Deck Slab):S3,0.33,0.18,11.7
C631,10,Bản mặt cầu (Deck Slab):S3,0.33,0.18,11.7
C631,10,Bản mặt cầu (Deck Slab):S3,0.33,0.18,11.7
C631,10,Bản mặt cầu (Deck Slab):S3,0.33,0.18,11.7
C632,10,Cọc khoan nhồi D1200 (26 cọc L=872m):P1-P1D,3.39,0.18,11.7
C632,10,Cọc khoan nhồi D1200 (26 cọc L=872m):P1-P1D,3.39,0.18,11.7
C632,10,Cọc khoan nhồi D1200 (26 cọc L=872m):P1-P1D,3.39,0.18,11.7
C632,10,Bản mặt cầu (Deck Slab):S3,0.33,0.18,11.7
C632,10,Bản mặt cầu (Deck Slab):S3,0.33,0.18,11.7
C632,10,Bản mặt cầu (Deck Slab):S3,0.33,0.18,11.7
C632,10,Bản mặt cầu (Deck Slab):S3,0.33,0.18,11.7
C633,10,Cọc khoan nhồi D1200 (26 cọc L=872m):P1-P1D,3.39,0.18,11.7
C633,10,Cọc khoan nhồi D1200 (26 cọc L=872m):P1-P1D,3.39,0.18,11.7
C633,10,Cọc khoan nhồi D1200 (26 cọc L=872m):P1-P1D,3.39,0.18,11.7
C633,10,Bản mặt cầu (Deck Slab):S3,0.33,0.18,11.7
C633,10,Bản mặt cầu (Deck Slab):S3,0.33,0.18,11.7
C633,10,Bản mặt cầu (Deck Slab):S3,0.33,0.18,11.7
C633,10,Bản mặt cầu (Deck Slab):S3,0.33,0.18,11.7
C634,10,Cọc khoan nhồi D1200 (26 cọc L=872m):P1-P1D,3.39,0.18,11.7
C634,10,Cọc khoan nhồi D1200 (26 cọc L=872m):P1-P1D,3.39,0.18,11.7
C634,10,Cọc khoan nhồi D1200 (26 cọc L=872m):P1-P1D,3.39,0.18,11.7
C634,10,Bản mặt cầu (Deck Slab):S3,0.33,0.18,11.7
C634,10,Bản mặt cầu (Deck Slab):S3,0.33,0.18,11.7
C634,10,Bản mặt cầu (Deck Slab):S3,0.33,0.18,11.7
C634,10,Bản mặt cầu (Deck Slab):S3,0.33,0.18,11.7
C635,10,Cọc khoan nhồi D1200 (26 cọc L=872m):P1-P1D,3.39,0.18,11.7
C635,10,Cọc khoan nhồi D1200 (26 cọc L=872m):P1-P1D,3.39,0.18,11.7
C635,10,Cọc khoan nhồi D1200 (26 cọc L=872m):P1-P1D,3.39,0.18,11.7
C635,10,Bản mặt cầu (Deck Slab):S3,0.33,0.18,11.7
C635,10,Bản mặt cầu (Deck Slab):S3,0.33,0.18,11.7
C635,10,Bản mặt cầu (Deck Slab):S3,0.33,0.18,11.7
C635,10,Bản mặt cầu (Deck Slab):S3,0.33,0.18,11.7
C636,10,Cọc khoan nhồi D1200 (26 cọc L=872m):P1-P1D,3.39,0.18,11.7
C636,10,Cọc khoan nhồi D1200 (26 cọc L=872m):P1-P1D,3.39,0.18,11.7
C636,10,Cọc khoan nhồi D1200 (26 cọc L=872m):P1-P1D,3.39,0.18,11.7
C636,10,Bản mặt cầu (Deck Slab):S3,0.33,0.18,11.7
C636,10,Bản mặt cầu (Deck Slab):S3,0.33,0.18,11.7
C636,10,Bản mặt cầu (Deck Slab):S3,0.33,0.18,11.7
C636,10,Bản mặt cầu (Deck Slab):S3,0.33,0.18,11.7
C637,10,Cọc khoan nhồi D1200 (26 cọc L=872m):P1-P1D,3.39,0.18,11.7
C637,10,Cọc khoan nhồi D1200 (26 cọc L=872m):P1-P1D,3.39,0.18,11.7
C637,10,Cọc khoan nhồi D1200 (26 cọc L=872m):P1-P1D,3.39,0.18,11.7
C637,10,Bản mặt cầu (Deck Slab):S3,0.33,0.18,11.7
C637,10,Bản mặt cầu (Deck Slab):S3,0.33,0.18,11.7
C637,10,Bản mặt cầu (Deck Slab):S3,0.33,0.18,11.7
C637,10,Bản mặt cầu (Deck Slab):S3,0.33,0.18,11.7
C638,10,Cọc khoan nhồi D1200 (26 cọc L=872m):P1-P1D,3.39,0.18,11.7
C638,10,Cọc khoan nhồi D1200 (26 cọc L=872m):P1-P1D,3.39,0.18,11.7
C638,10,Cọc khoan nhồi D1200 (26 cọc L=872m):P1-P1D,3.39,0.18,11.7
C638,10,Bản mặt cầu (Deck Slab):S3,0.33,0.18,11.7
C638,10,Bản mặt cầu (Deck Slab):S3,0.33,0.18,11.7
C638,10,Bản mặt cầu (Deck Slab):S3,0.33,0.18,11.7
C638,10,Bản mặt cầu (Deck Slab):S3,0.33,0.18,11.7
C639,10,Cọc khoan nhồi D1200 (26 cọc L=872m):P1-P1D,3.39,0.18,11.7
C639,10,Cọc khoan nhồi D1200 (26 cọc L=872m):P1-P1D,3.39,0.18,11.7
C639,10,Cọc khoan nhồi D1200 (26 cọc L=872m):P1-P1D,3.39,0.18,11.7
C639,10,Bản mặt cầu (Deck Slab):S3,0.33,0.18,11.7
C639,10,Bản mặt cầu (Deck Slab):S3,0.33,0.18,11.7
C639,10,Bản mặt cầu (Deck Slab):S3,0.33,0.18,11.7
C639,10,Bản mặt cầu (Deck Slab):S3,0.33,0.18,11.7
C640,10,Cọc khoan nhồi D1200 (26 cọc L=872m):P1-P1D,3.39,0.18,11.7
C640,10,Cọc khoan nhồi D1200 (26 cọc L=872m):P1-P1D,3.39,0.18,11.7
C640,10,Cọc khoan nhồi D1200 (26 cọc L=872m):P1-P1D,3.39,0.18,11.7
C640,10,Bản mặt cầu (Deck Slab):S3,0.33,0.18,11.7
C640,10,Bản mặt cầu (Deck Slab):S3,0.33,0.18,11.7
C640,10,Bản mặt cầu (Deck Slab):S3,0.33,0.18,11.7
C640,10,Bản mặt cầu (Deck Slab):S3,0.33,0.18,11.7
C641,10,Cọc khoan nhồi D1200 (26 cọc L=872m):P1-P1D,3.39,0.18,11.7
C641,10,Cọc khoan nhồi D1200 (26 cọc L=872m):P1-P1D,3.39,0.18,11.7
C641,10,Cọc khoan nhồi D1200 (26 cọc L=872m):P1-P1D,3.39,0.18,11.7
C641,10,Bản mặt cầu (Deck Slab):S3,0.33,0.18,11.7
C641,10,Bản mặt cầu (Deck Slab):S3,0.33,0.18,11.7
C641,10,Bản mặt cầu (Deck Slab):S3,0.33,0.18,11.7
C641,10,Bản mặt cầu (Deck Slab):S3,0.33,0.18,11.7
C642,10,Cọc khoan nhồi D1200 (26 cọc L=872m):P1-P1D,3.39,0.18,11.7
C642,10,Cọc khoan nhồi D1200 (26 cọc L=872m):P1-P1D,3.39,0.18,11.7
C642,10,Cọc khoan nhồi D1200 (26 cọc L=872m):P1-P1D,3.39,0.18,11.7
C642,10,Bản mặt cầu (Deck Slab):S3,0.33,0.18,11.7
C642,10,Bản mặt cầu (Deck Slab):S3,0.33,0.18,11.7
C642,10,Bản mặt cầu (Deck Slab):S3,0.33,0.18,11.7
C642,10,Bản mặt cầu (Deck Slab):S3,0.33,0.18,11.7
C643,10,Cọc khoan nhồi D1200 (26 cọc L=872m):P1-P1D,3.39,0.18,11.7
C643,10,Cọc khoan nhồi D1200 (26 cọc L=872m):P1-P1D,3.39,0.18,11.7
C643,10,Cọc khoan nhồi D1200 (26 cọc L=872m):P1-P1D,3.39,0.18,11.7
C643,10,Bản mặt cầu (Deck Slab):S3,0.33,0.18,11.7
C643,10,Bản mặt cầu (Deck Slab):S3,0.33,0.18,11.7
C643,10,Bản mặt cầu (Deck Slab):S3,0.33,0.18,11.7
C643,10,Bản mặt cầu (Deck Slab):S3,0.33,0.18,11.7
C644,10,Cọc khoan nhồi D1200 (26 cọc L=872m):P1-P1D,3.39,0.18,11.7
C644,10,Cọc khoan nhồi D1200 (26 cọc L=872m):P1-P1D,3.39,0.18,11.7
C644,10,Cọc khoan nhồi D1200 (26 cọc L=872m):P1-P1D,3.39,0.18,11.7
C644,10,Bản mặt cầu (Deck Slab):S3,0.33,0.18,11.7
C644,10,Bản mặt cầu (Deck Slab):S3,0.33,0.18,11.7
C644,10,Bản mặt cầu (Deck Slab):S3,0.33,0.18,11.7
C644,10,Bản mặt cầu (Deck Slab):S3,0.33,0.18,11.7
C645,10,Cọc khoan nhồi D1200 (26 cọc L=872m):P1-P1D,3.39,0.18,11.7
C645,10,Cọc khoan nhồi D1200 (26 cọc L=872m):P1-P1D,3.39,0.18,11.7
C645,10,Cọc khoan nhồi D1200 (26 cọc L=872m):P1-P1D,3.39,0.18,11.7
C645,10,Bản mặt cầu (Deck Slab):S3,0.33,0.18,11.7
C645,10,Bản mặt cầu (Deck Slab):S3,0.33,0.18,11.7
C645,10,Bản mặt cầu (Deck Slab):S3,0.33,0.18,11.7
C645,10,Bản mặt cầu (Deck Slab):S3,0.33,0.18,11.7
C646,10,Cọc khoan nhồi D1200 (26 cọc L=872m):P1-P1D,3.39,0.18,11.7
C646,10,Cọc khoan nhồi D1200 (26 cọc L=872m):P1-P1D,3.39,0.18,11.7
C646,10,Cọc khoan nhồi D1200 (26 cọc L=872m):P1-P1D,3.39,0.18,11.7
C646,10,Bản mặt cầu (Deck Slab):S3,0.33,0.18,11.7
C646,10,Bản mặt cầu (Deck Slab):S3,0.33,0.18,11.7
C646,10,Bản mặt cầu (Deck Slab):S3,0.33,0.18,11.7
C646,10,Bản mặt cầu (Deck Slab):S3,0.33,0.18,11.7
C647,10,Cọc khoan nhồi D1200 (26 cọc L=872m):P1-P1D,3.39,0.18,11.7
C647,10,Cọc khoan nhồi D1200 (26 cọc L=872m):P1-P1D,3.39,0.18,11.7
C647,10,Cọc khoan nhồi D1200 (26 cọc L=872m):P1-P1D,3.39,0.18,11.7
C647,10,Bản mặt cầu (Deck Slab):S3,0.33,0.18,11.7
C647,10,Bản mặt cầu (Deck Slab):S3,0.33,0.18,11.7
C647,10,Bản mặt cầu (Deck Slab):S3,0.33,0.18,11.7
C647,10,Bản mặt cầu (Deck Slab):S3,0.33,0.18,11.7
C648,10,Cọc khoan nhồi D1200 (26 cọc L=872m):P1-P1D,3.39,0.18,11.7
C648,10,Cọc khoan nhồi D1200 (26 cọc L=872m):P1-P1D,3.39,0.18,11.7
C648,10,Cọc khoan nhồi D1200 (26 cọc L=872m):P1-P1D,3.39,0.18,11.7
C648,10,Bản mặt cầu (Deck Slab):S3,0.33,0.18,11.7
C648,10,Bản mặt cầu (Deck Slab):S3,0.33,0.18,11.7
C648,10,Bản mặt cầu (Deck Slab):S3,0.33,0.18,11.7
C648,10,Bản mặt cầu (Deck Slab):S3,0.33,0.18,11.7
C649,10,Cọc khoan nhồi D1200 (26 cọc L=872m):P1-P1D,3.39,0.18,11.7
C649,10,Cọc khoan nhồi D1200 (26 cọc L=872m):P1-P1D,3.39,0.18,11.7
C649,10,Cọc khoan nhồi D1200 (26 cọc L=872m):P1-P1D,3.39,0.18,11.7
C649,10,Bản mặt cầu (Deck Slab):S3,0.33,0.18,11.7
C649,10,Bản mặt cầu (Deck Slab):S3,0.33,0.18,11.7
C649,10,Bản mặt cầu (Deck Slab):S3,0.33,0.18,11.7
C649,10,Bản mặt cầu (Deck Slab):S3,0.33,0.18,11.7
C650,10,Cọc khoan nhồi D1200 (26 cọc L=872m):P1-P1D,3.39,0.18,11.7
C650,10,Cọc khoan nhồi D1200 (26 cọc L=872m):P1-P1D,3.39,0.18,11.7
C650,10,Cọc khoan nhồi D1200 (26 cọc L=872m):P1-P1D,3.39,0.18,11.7
C650,10,Bản mặt cầu (Deck Slab):S3,0.33,0.18,11.7
C650,10,Bản mặt cầu (Deck Slab):S3,0.33,0.18,11.7
C650,10,Bản mặt cầu (Deck Slab):S3,0.33,0.18,11.7
C650,10,Bản mặt cầu (Deck Slab):S3,0.33,0.18,11.7
C651,10,Cọc khoan nhồi D1200 (26 cọc L=872m):P1-P1D,3.39,0.18,11.7
C651,10,Cọc khoan nhồi D1200 (26 cọc L=872m):P1-P1D,3.39,0.18,11.7
C651,10,Cọc khoan nhồi D1200 (26 cọc L=872m):P1-P1D,3.39,0.18,11.7
C651,10,Bản mặt cầu (Deck Slab):S3,0.33,0.18,11.7
C651,10,Bản mặt cầu (Deck Slab):S3,0.33,0.18,11.7
C651,10,Bản mặt cầu (Deck Slab):S3,0.33,0.18,11.7
C651,10,Bản mặt cầu (Deck Slab):S3,0.33,0.18,11.7
C652,10,Cọc khoan nhồi D1200 (26 cọc L=872m):P1-P1D,3.39,0.18,11.7
C652,10,Cọc khoan nhồi D1200 (26 cọc L=872m):P1-P1D,3.39,0.18,11.7
C652,10,Cọc khoan nhồi D1200 (26 cọc L=872m):P1-P1D,3.39,0.18,11.7
C652,10,Bản mặt cầu (Deck Slab):S3,0.33,0.18,11.7
C652,10,Bản mặt cầu (Deck Slab):S3,0.33,0.18,11.7
C652,10,Bản mặt cầu (Deck Slab):S3,0.33,0.18,11.7
C652,10,Bản mặt cầu (Deck Slab):S3,0.33,0.18,11.7
C653,10,Cọc khoan nhồi D1200 (26 cọc L=872m):P1-P1D,3.39,0.18,11.7
C653,10,Cọc khoan nhồi D1200 (26 cọc L=872m):P1-P1D,3.39,0.18,11.7
C653,10,Cọc khoan nhồi D1200 (26 cọc L=872m):P1-P1D,3.39,0.18,11.7
C653,10,Bản mặt cầu (Deck Slab):S3,0.33,0.18,11.7
C653,10,Bản mặt cầu (Deck Slab):S3,0.33,0.18,11.7
C653,10,Bản mặt cầu (Deck Slab):S3,0.33,0.18,11.7
C653,10,Bản mặt cầu (Deck Slab):S3,0.33,0.18,11.7
C654,10,Cọc khoan nhồi D1200 (26 cọc L=872m):P1-P1D,3.39,0.18,11.7
C654,10,Cọc khoan nhồi D1200 (26 cọc L=872m):P1-P1D,3.39,0.18,11.7
C654,10,Cọc khoan nhồi D1200 (26 cọc L=872m):P1-P1D,3.39,0.18,11.7
C654,10,Bản mặt cầu (Deck Slab):S3,0.33,0.18,11.7
C654,10,Bản mặt cầu (Deck Slab):S3,0.33,0.18,11.7
C654,10,Bản mặt cầu (Deck Slab):S3,0.33,0.18,11.7
C654,10,Bản mặt cầu (Deck Slab):S3,0.33,0.18,11.7
C655,10,Cọc khoan nhồi D1200 (26 cọc L=872m):P1-P1D,3.39,0.18,11.7
C655,10,Cọc khoan nhồi D1200 (26 cọc L=872m):P1-P1D,3.39,0.18,11.7
C655,10,Cọc khoan nhồi D1200 (26 cọc L=872m):P1-P1D,3.39,0.18,11.7
C655,10,Bản mặt cầu (Deck Slab):S3,0.33,0.18,11.7
C655,10,Bản mặt cầu (Deck Slab):S3,0.33,0.18,11.7
C655,10,Bản mặt cầu (Deck Slab):S3,0.33,0.18,11.7
C655,10,Bản mặt cầu (Deck Slab):S3,0.33,0.18,11.7
C656,10,Cọc khoan nhồi D1200 (26 cọc L=872m):P1-P1D,3.39,0.18,11.7
C656,10,Cọc khoan nhồi D1200 (26 cọc L=872m):P1-P1D,3.39,0.18,11.7
C656,10,Cọc khoan nhồi D1200 (26 cọc L=872m):P1-P1D,3.39,0.18,11.7
C656,10,Bản mặt cầu (Deck Slab):S3,0.33,0.18,11.7
C656,10,Bản mặt cầu (Deck Slab):S3,0.33,0.18,11.7
C656,10,Bản mặt cầu (Deck Slab):S3,0.33,0.18,11.7
C656,10,Bản mặt cầu (Deck Slab):S3,0.33,0.18,11.7
C657,10,Cọc khoan nhồi D1200 (26 cọc L=872m):P1-P1D,3.39,0.18,11.7
C657,10,Cọc khoan nhồi D1200 (26 cọc L=872m):P1-P1D,3.39,0.18,11.7
C657,10,Cọc khoan nhồi D1200 (26 cọc L=872m):P1-P1D,3.39,0.18,11.7
C657,10,Bản mặt cầu (Deck Slab):S3,0.33,0.18,11.7
C657,10,Bản mặt cầu (Deck Slab):S3,0.33,0.18,11.7
C657,10,Bản mặt cầu (Deck Slab):S3,0.33,0.18,11.7
C657,10,Bản mặt cầu (Deck Slab):S3,0.33,0.18,11.7
C658,10,Cọc khoan nhồi D1200 (26 cọc L=872m):P1-P1D,3.39,0.18,11.7
C658,10,Cọc khoan nhồi D1200 (26 cọc L=872m):P1-P1D,3.39,0.18,11.7
C658,10,Cọc khoan nhồi D1200 (26 cọc L=872m):P1-P1D,3.39,0.18,11.7
C658,10,Bản mặt cầu (Deck Slab):S3,0.33,0.18,11.7
C658,10,Bản mặt cầu (Deck Slab):S3,0.33,0.18,11.7
C658,10,Bản mặt cầu (Deck Slab):S3,0.33,0.18,11.7
C658,10,Bản mặt cầu (Deck Slab):S3,0.33,0.18,11.7
C659,10,Cọc khoan nhồi D1200 (26 cọc L=872m):P1-P1D,3.39,0.18,11.7
C659,10,Cọc khoan nhồi D1200 (26 cọc L=872m):P1-P1D,3.39,0.18,11.7
C659,10,Cọc khoan nhồi D1200 (26 cọc L=872m):P1-P1D,3.39,0.18,11.7
C659,10,Bản mặt cầu (Deck Slab):S3,0.33,0.18,11.7
C659,10,Bản mặt cầu (Deck Slab):S3,0.33,0.18,11.7
C659,10,Bản mặt cầu (Deck Slab):S3,0.33,0.18,11.7
C659,10,Bản mặt cầu (Deck Slab):S3,0.33,0.18,11.7
C660,10,Cọc khoan nhồi D1200 (26 cọc L=872m):P1-P1D,3.39,0.18,11.7
C660,10,Cọc khoan nhồi D1200 (26 cọc L=872m):P1-P1D,3.39,0.18,11.7
C660,10,Cọc khoan nhồi D1200 (26 cọc L=872m):P1-P1D,3.39,0.18,11.7
C660,10,Bản mặt cầu (Deck Slab):S3,0.33,0.18,11.7
C660,10,Bản mặt cầu (Deck Slab):S3,0.33,0.18,11.7
C660,10,Bản mặt cầu (Deck Slab):S3,0.33,0.18,11.7
C660,10,Bản mặt cầu (Deck Slab):S3,0.33,0.18,11.7
C661,10,Cọc khoan nhồi D1200 (26 cọc L=872m):P1-P1D,3.39,0.18,11.7
C661,10,Cọc khoan nhồi D1200 (26 cọc L=872m):P1-P1D,3.39,0.18,11.7
C661,10,Cọc khoan nhồi D1200 (26 cọc L=872m):P1-P1D,3.39,0.18,11.7
C661,10,Bản mặt cầu (Deck Slab):S3,0.33,0.18,11.7
C661,10,Bản mặt cầu (Deck Slab):S3,0.33,0.18,11.7
C661,10,Bản mặt cầu (Deck Slab):S3,0.33,0.18,11.7
C661,10,Bản mặt cầu (Deck Slab):S3,0.33,0.18,11.7
C662,10,Cọc khoan nhồi D1200 (26 cọc L=872m):P1-P1D,3.39,0.18,11.7
C662,10,Cọc khoan nhồi D1200 (26 cọc L=872m):P1-P1D,3.39,0.18,11.7
C662,10,Cọc khoan nhồi D1200 (26 cọc L=872m):P1-P1D,3.39,0.18,11.7
C662,10,Bản mặt cầu (Deck Slab):S3,0.33,0.18,11.7
C662,10,Bản mặt cầu (Deck Slab):S3,0.33,0.18,11.7
C662,10,Bản mặt cầu (Deck Slab):S3,0.33,0.18,11.7
C662,10,Bản mặt cầu (Deck Slab):S3,0.33,0.18,11.7
C663,10,Cọc khoan nhồi D1200 (26 cọc L=872m):P1-P1D,3.39,0.18,11.7
C663,10,Cọc khoan nhồi D1200 (26 cọc L=872m):P1-P1D,3.39,0.18,11.7
C663,10,Cọc khoan nhồi D1200 (26 cọc L=872m):P1-P1D,3.39,0.18,11.7
C663,10,Bản mặt cầu (Deck Slab):S3,0.33,0.18,11.7
C663,10,Bản mặt cầu (Deck Slab):S3,0.33,0.18,11.7
C663,10,Bản mặt cầu (Deck Slab):S3,0.33,0.18,11.7
C663,10,Bản mặt cầu (Deck Slab):S3,0.33,0.18,11.7
C664,10,Cọc khoan nhồi D1200 (26 cọc L=872m):P1-P1D,3.39,0.18,11.7
C664,10,Cọc khoan nhồi D1200 (26 cọc L=872m):P1-P1D,3.39,0.18,11.7
C664,10,Cọc khoan nhồi D1200 (26 cọc L=872m):P1-P1D,3.39,0.18,11.7
C664,10,Bản mặt cầu (Deck Slab):S3,0.33,0.18,11.7
C664,10,Bản mặt cầu (Deck Slab):S3,0.33,0.18,11.7
C664,10,Bản mặt cầu (Deck Slab):S3,0.33,0.18,11.7
C664,10,Bản mặt cầu (Deck Slab):S3,0.33,0.18,11.7
C665,10,Cọc khoan nhồi D1200 (26 cọc L=872m):P1-P1D,3.39,0.18,11.7
C665,10,Cọc khoan nhồi D1200 (26 cọc L=872m):P1-P1D,3.39,0.18,11.7
C665,10,Cọc khoan nhồi D1200 (26 cọc L=872m):P1-P1D,3.39,0.18,11.7
C665,10,Bản mặt cầu (Deck Slab):S3,0.33,0.18,11.7
C665,10,Bản mặt cầu (Deck Slab):S3,0.33,0.18,11.7
C665,10,Bản mặt cầu (Deck Slab):S3,0.33,0.18,11.7
C665,10,Bản mặt cầu (Deck Slab):S3,0.33,0.18,11.7
C666,10,Cọc khoan nhồi D1200 (26 cọc L=872m):P1-P1D,3.39,0.18,11.7
C666,10,Cọc khoan nhồi D1200 (26 cọc L=872m):P1-P1D,3.39,0.18,11.7
C666,10,Cọc khoan nhồi D1200 (26 cọc L=872m):P1-P1D,3.39,0.18,11.7
C666,10,Bản mặt cầu (Deck Slab):S3,0.33,0.18,11.7
C666,10,Bản mặt cầu (Deck Slab):S3,0.33,0.18,11.7
C666,10,Bản mặt cầu (Deck Slab):S3,0.33,0.18,11.7
C666,10,Bản mặt cầu (Deck Slab):S3,0.33,0.18,11.7
C667,10,Cọc khoan nhồi D1200 (26 cọc L=872m):P1-P1D,3.39,0.18,11.7
C667,10,Cọc khoan nhồi D1200 (26 cọc L=872m):P1-P1D,3.39,0.18,11.7
C667,10,Cọc khoan nhồi D1200 (26 cọc L=872m):P1-P1D,3.39,0.18,11.7
C667,10,Bản mặt cầu (Deck Slab):S3,0.33,0.18,11.7
C667,10,Bản mặt cầu (Deck Slab):S3,0.33,0.18,11.7
C667,10,Bản mặt cầu (Deck Slab):S3,0.33,0.18,11.7
C667,10,Bản mặt cầu (Deck Slab):S3,0.33,0.18,11.7
C668,10,Cọc khoan nhồi D1200 (26 cọc L=872m):P1-P1D,3.39,0.18,11.7
C668,10,Cọc khoan nhồi D1200 (26 cọc L=872m):P1-P1D,3.39,0.18,11.7
C668,10,Cọc khoan nhồi D1200 (26 cọc L=872m):P1-P1D,3.39,0.18,11.7
C668,10,Bản mặt cầu (Deck Slab):S3,0.33,0.18,11.7
C668,10,Bản mặt cầu (Deck Slab):S3,0.33,0.18,11.7
C668,10,Bản mặt cầu (Deck Slab):S3,0.33,0.18,11.7
C668,10,Bản mặt cầu (Deck Slab):S3,0.33,0.18,11.7
C669,10,Cọc khoan nhồi D1200 (26 cọc L=872m):P1-P1D,3.39,0.18,11.7
C669,10,Cọc khoan nhồi D1200 (26 cọc L=872m):P1-P1D,3.39,0.18,11.7
C669,10,Cọc khoan nhồi D1200 (26 cọc L=872m):P1-P1D,3.39,0.18,11.7
C669,10,Bản mặt cầu (Deck Slab):S3,0.33,0.18,11.7
C669,10,Bản mặt cầu (Deck Slab):S3,0.33,0.18,11.7
C669,10,Bản mặt cầu (Deck Slab):S3,0.33,0.18,11.7
C669,10,Bản mặt cầu (Deck Slab):S3,0.33,0.18,11.7
C670,10,Cọc khoan nhồi D1200 (26 cọc L=872m):P1-P1D,3.39,0.18,11.7
C670,10,Cọc khoan nhồi D1200 (26 cọc L=872m):P1-P1D,3.39,0.18,11.7
C670,10,Cọc khoan nhồi D1200 (26 cọc L=872m):P1-P1D,3.39,0.18,11.7
C670,10,Bản mặt cầu (Deck Slab):S3,0.33,0.18,11.7
C670,10,Bản mặt cầu (Deck Slab):S3,0.33,0.18,11.7
C670,10,Bản mặt cầu (Deck Slab):S3,0.33,0.18,11.7
C670,10,Bản mặt cầu (Deck Slab):S3,0.33,0.18,11.7
C671,10,Cọc khoan nhồi D1200 (26 cọc L=872m):P1-P1D,3.39,0.18,11.7
C671,10,Cọc khoan nhồi D1200 (26 cọc L=872m):P1-P1D,3.39,0.18,11.7
C671,10,Cọc khoan nhồi D1200 (26 cọc L=872m):P1-P1D,3.39,0.18,11.7
C671,10,Bản mặt cầu (Deck Slab):S3,0.33,0.18,11.7
C671,10,Bản mặt cầu (Deck Slab):S3,0.33,0.18,11.7
C671,10,Bản mặt cầu (Deck Slab):S3,0.33,0.18,11.7
C671,10,Bản mặt cầu (Deck Slab):S3,0.33,0.18,11.7
C672,10,Cọc khoan nhồi D1200 (26 cọc L=872m):P1-P1D,3.39,0.18,11.7
C672,10,Cọc khoan nhồi D1200 (26 cọc L=872m):P1-P1D,3.39,0.18,11.7
C672,10,Cọc khoan nhồi D1200 (26 cọc L=872m):P1-P1D,3.39,0.18,11.7
C672,10,Bản mặt cầu (Deck Slab):S3,0.33,0.18,11.7
C672,10,Bản mặt cầu (Deck Slab):S3,0.33,0.18,11.7
C672,10,Bản mặt cầu (Deck Slab):S3,0.33,0.18,11.7
C672,10,Bản mặt cầu (Deck Slab):S3,0.33,0.18,11.7
C673,10,Cọc khoan nhồi D1200 (26 cọc L=872m):P1-P1D,3.39,0.18,11.7
C673,10,Cọc khoan nhồi D1200 (26 cọc L=872m):P1-P1D,3.39,0.18,11.7
C673,10,Cọc khoan nhồi D1200 (26 cọc L=872m):P1-P1D,3.39,0.18,11.7
C673,10,Bản mặt cầu (Deck Slab):S3,0.33,0.18,11.7
C673,10,Bản mặt cầu (Deck Slab):S3,0.33,0.18,11.7
C673,10,Bản mặt cầu (Deck Slab):S3,0.33,0.18,11.7
C673,10,Bản mặt cầu (Deck Slab):S3,0.33,0.18,11.7
C674,10,Cọc khoan nhồi D1200 (26 cọc L=872m):P1-P1D,3.39,0.18,11.7
C674,10,Cọc khoan nhồi D1200 (26 cọc L=872m):P1-P1D,3.39,0.18,11.7
C674,10,Cọc khoan nhồi D1200 (26 cọc L=872m):P1-P1D,3.39,0.18,11.7
C674,10,Bản mặt cầu (Deck Slab):S3,0.33,0.18,11.7
C674,10,Bản mặt cầu (Deck Slab):S3,0.33,0.18,11.7
C674,10,Bản mặt cầu (Deck Slab):S3,0.33,0.18,11.7
C674,10,Bản mặt cầu (Deck Slab):S3,0.33,0.18,11.7
C675,10,Cọc khoan nhồi D1200 (26 cọc L=872m):P1-P1D,3.39,0.18,11.7
C675,10,Cọc khoan nhồi D1200 (26 cọc L=872m):P1-P1D,3.39,0.18,11.7
C675,10,Cọc khoan nhồi D1200 (26 cọc L=872m):P1-P1D,3.39,0.18,11.7
C675,10,Bản mặt cầu (Deck Slab):S3,0.33,0.18,11.7
C675,10,Bản mặt cầu (Deck Slab):S3,0.33,0.18,11.7
C675,10,Bản mặt cầu (Deck Slab):S3,0.33,0.18,11.7
C675,10,Bản mặt cầu (Deck Slab):S3,0.33,0.18,11.7
C676,10,Cọc khoan nhồi D1200 (26 cọc L=872m):P1-P1D,3.39,0.18,11.7
C676,10,Cọc khoan nhồi D1200 (26 cọc L=872m):P1-P1D,3.39,0.18,11.7
C676,10,Cọc khoan nhồi D1200 (26 cọc L=872m):P1-P1D,3.39,0.18,11.7
C676,10,Bản mặt cầu (Deck Slab):S3,0.33,0.18,11.7
C676,10,Bản mặt cầu (Deck Slab):S3,0.33,0.18,11.7
C676,10,Bản mặt cầu (Deck Slab):S3,0.33,0.18,11.7
C676,10,Bản mặt cầu (Deck Slab):S3,0.33,0.18,11.7
C677,10,Cọc khoan nhồi D1200 (26 cọc L=872m):P1-P1D,3.39,0.18,11.7
C677,10,Cọc khoan nhồi D1200 (26 cọc L=872m):P1-P1D,3.39,0.18,11.7
C677,10,Cọc khoan nhồi D1200 (26 cọc L=872m):P1-P1D,3.39,0.18,11.7
C677,10,Bản mặt cầu (Deck Slab):S3,0.33,0.18,11.7
C677,10,Bản mặt cầu (Deck Slab):S3,0.33,0.18,11.7
C677,10,Bản mặt cầu (Deck Slab):S3,0.33,0.18,11.7
C677,10,Bản mặt cầu (Deck Slab):S3,0.33,0.18,11.7
C678,10,Cọc khoan nhồi D1200 (26 cọc L=872m):P1-P1D,3.39,0.18,11.7
C678,10,Cọc khoan nhồi D1200 (26 cọc L=872m):P1-P1D,3.39,0.18,11.7
C678,10,Cọc khoan nhồi D1200 (26 cọc L=872m):P1-P1D,3.39,0.18,11.7
C678,10,Bản mặt cầu (Deck Slab):S3,0.33,0.18,11.7
C678,10,Bản mặt cầu (Deck Slab):S3,0.33,0.18,11.7
C678,10,Bản mặt cầu (Deck Slab):S3,0.33,0.18,11.7
C678,10,Bản mặt cầu (Deck Slab):S3,0.33,0.18,11.7
C679,10,Cọc khoan nhồi D1200 (26 cọc L=872m):P1-P1D,3.39,0.18,11.7
C679,10,Cọc khoan nhồi D1200 (26 cọc L=872m):P1-P1D,3.39,0.18,11.7
C679,10,Cọc khoan nhồi D1200 (26 cọc L=872m):P1-P1D,3.39,0.18,11.7
C679,10,Bản mặt cầu (Deck Slab):S3,0.33,0.18,11.7
C679,10,Bản mặt cầu (Deck Slab):S3,0.33,0.18,11.7
C679,10,Bản mặt cầu (Deck Slab):S3,0.33,0.18,11.7
C679,10,Bản mặt cầu (Deck Slab):S3,0.33,0.18,11.7
C680,10,Cọc khoan nhồi D1200 (26 cọc L=872m):P1-P1D,3.39,0.18,11.7
C680,10,Cọc khoan nhồi D1200 (26 cọc L=872m):P1-P1D,3.39,0.18,11.7
C680,10,Cọc khoan nhồi D1200 (26 cọc L=872m):P1-P1D,3.39,0.18,11.7
C680,10,Bản mặt cầu (Deck Slab):S3,0.33,0.18,11.7
C680,10,Bản mặt cầu (Deck Slab):S3,0.33,0.18,11.7
C680,10,Bản mặt cầu (Deck Slab):S3,0.33,0.18,11.7
C680,10,Bản mặt cầu (Deck Slab):S3,0.33,0.18,11.7
C681,10,Cọc khoan nhồi D1200 (26 cọc L=872m):P1-P1D,3.39,0.18,11.7
C681,10,Cọc khoan nhồi D1200 (26 cọc L=872m):P1-P1D,3.39,0.18,11.7
C681,10,Cọc khoan nhồi D1200 (26 cọc L=872m):P1-P1D,3.39,0.18,11.7
C681,10,Bản mặt cầu (Deck Slab):S3,0.33,0.18,11.7
C681,10,Bản mặt cầu (Deck Slab):S3,0.33,0.18,11.7
C681,10,Bản mặt cầu (Deck Slab):S3,0.33,0.18,11.7
C681,10,Bản mặt cầu (Deck Slab):S3,0.33,0.18,11.7
C682,10,Cọc khoan nhồi D1200 (26 cọc L=872m):P1-P1D,3.39,0.18,11.7
C682,10,Cọc khoan nhồi D1200 (26 cọc L=872m):P1-P1D,3.39,0.18,11.7
C682,10,Cọc khoan nhồi D1200 (26 cọc L=872m):P1-P1D,3.39,0.18,11.7
C682,10,Bản mặt cầu (Deck Slab):S3,0.33,0.18,11.7
C682,10,Bản mặt cầu (Deck Slab):S3,0.33,0.18,11.7
C682,10,Bản mặt cầu (Deck Slab):S3,0.33,0.18,11.7
C682,10,Bản mặt cầu (Deck Slab):S3,0.33,0.18,11.7
C683,10,Cọc khoan nhồi D1200 (26 cọc L=872m):P1-P1D,3.39,0.18,11.7
C683,10,Cọc khoan nhồi D1200 (26 cọc L=872m):P1-P1D,3.39,0.18,11.7
C683,10,Cọc khoan nhồi D1200 (26 cọc L=872m):P1-P1D,3.39,0.18,11.7
C683,10,Bản mặt cầu (Deck Slab):S3,0.33,0.18,11.7
C683,10,Bản mặt cầu (Deck Slab):S3,0.33,0.18,11.7
C683,10,Bản mặt cầu (Deck Slab):S3,0.33,0.18,11.7
C683,10,Bản mặt cầu (Deck Slab):S3,0.33,0.18,11.7
C684,10,Cọc khoan nhồi D1200 (26 cọc L=872m):P1-P1D,3.39,0.18,11.7
C684,10,Cọc khoan nhồi D1200 (26 cọc L=872m):P1-P1D,3.39,0.18,11.7
C684,10,Cọc khoan nhồi D1200 (26 cọc L=872m):P1-P1D,3.39,0.18,11.7
C684,10,Bản mặt cầu (Deck Slab):S3,0.33,0.18,11.7
C684,10,Bản mặt cầu (Deck Slab):S3,0.33,0.18,11.7
C684,10,Bản mặt cầu (Deck Slab):S3,0.33,0.18,11.7
C684,10,Bản mặt cầu (Deck Slab):S3,0.33,0.18,11.7
C685,10,Cọc khoan nhồi D1200 (26 cọc L=872m):P1-P1D,3.39,0.18,11.7
C685,10,Cọc khoan nhồi D1200 (26 cọc L=872m):P1-P1D,3.39,0.18,11.7
C685,10,Cọc khoan nhồi D1200 (26 cọc L=872m):P1-P1D,3.39,0.18,11.7
C685,10,Bản mặt cầu (Deck Slab):S3,0.33,0.18,11.7
C685,10,Bản mặt cầu (Deck Slab):S3,0.33,0.18,11.7
C685,10,Bản mặt cầu (Deck Slab):S3,0.33,0.18,11.7
C685,10,Bản mặt cầu (Deck Slab):S3,0.33,0.18,11.7
C686,10,Cọc khoan nhồi D1200 (26 cọc L=872m):P1-P1D,3.39,0.18,11.7
C686,10,Cọc khoan nhồi D1200 (26 cọc L=872m):P1-P1D,3.39,0.18,11.7
C686,10,Cọc khoan nhồi D1200 (26 cọc L=872m):P1-P1D,3.39,0.18,11.7
C686,10,Bản mặt cầu (Deck Slab):S3,0.33,0.18,11.7
C686,10,Bản mặt cầu (Deck Slab):S3,0.33,0.18,11.7
C686,10,Bản mặt cầu (Deck Slab):S3,0.33,0.18,11.7
C686,10,Bản mặt cầu (Deck Slab):S3,0.33,0.18,11.7
C687,10,Cọc khoan nhồi D1200 (26 cọc L=872m):P1-P1D,3.39,0.18,11.7
C687,10,Cọc khoan nhồi D1200 (26 cọc L=872m):P1-P1D,3.39,0.18,11.7
C687,10,Cọc khoan nhồi D1200 (26 cọc L=872m):P1-P1D,3.39,0.18,11.7
C687,10,Bản mặt cầu (Deck Slab):S3,0.33,0.18,11.7
C687,10,Bản mặt cầu (Deck Slab):S3,0.33,0.18,11.7
C687,10,Bản mặt cầu (Deck Slab):S3,0.33,0.18,11.7
C687,10,Bản mặt cầu (Deck Slab):S3,0.33,0.18,11.7
C688,10,Cọc khoan nhồi D1200 (26 cọc L=872m):P1-P1D,3.39,0.18,11.7
C688,10,Cọc khoan nhồi D1200 (26 cọc L=872m):P1-P1D,3.39,0.18,11.7
C688,10,Cọc khoan nhồi D1200 (26 cọc L=872m):P1-P1D,3.39,0.18,11.7
C688,10,Bản mặt cầu (Deck Slab):S3,0.33,0.18,11.7
C688,10,Bản mặt cầu (Deck Slab):S3,0.33,0.18,11.7
C688,10,Bản mặt cầu (Deck Slab):S3,0.33,0.18,11.7
C688,10,Bản mặt cầu (Deck Slab):S3,0.33,0.18,11.7
C689,10,Cọc khoan nhồi D1200 (26 cọc L=872m):P1-P1D,3.39,0.18,11.7
C689,10,Cọc khoan nhồi D1200 (26 cọc L=872m):P1-P1D,3.39,0.18,11.7
C689,10,Cọc khoan nhồi D1200 (26 cọc L=872m):P1-P1D,3.39,0.18,11.7
C689,10,Bản mặt cầu (Deck Slab):S3,0.33,0.18,11.7
C689,10,Bản mặt cầu (Deck Slab):S3,0.33,0.18,11.7
C689,10,Bản mặt cầu (Deck Slab):S3,0.33,0.18,11.7
C689,10,Bản mặt cầu (Deck Slab):S3,0.33,0.18,11.7
C690,10,Cọc khoan nhồi D1200 (26 cọc L=872m):P1-P1D,3.39,0.18,11.7
C690,10,Cọc khoan nhồi D1200 (26 cọc L=872m):P1-P1D,3.39,0.18,11.7
C690,10,Cọc khoan nhồi D1200 (26 cọc L=872m):P1-P1D,3.39,0.18,11.7
C690,10,Bản mặt cầu (Deck Slab):S3,0.33,0.18,11.7
C690,10,Bản mặt cầu (Deck Slab):S3,0.33,0.18,11.7
C690,10,Bản mặt cầu (Deck Slab):S3,0.33,0.18,11.7
C690,10,Bản mặt cầu (Deck Slab):S3,0.33,0.18,11.7
C691,10,Cọc khoan nhồi D1200 (26 cọc L=872m):P1-P1D,3.39,0.18,11.7
C691,10,Cọc khoan nhồi D1200 (26 cọc L=872m):P1-P1D,3.39,0.18,11.7
C691,10,Cọc khoan nhồi D1200 (26 cọc L=872m):P1-P1D,3.39,0.18,11.7
C691,10,Bản mặt cầu (Deck Slab):S3,0.33,0.18,11.7
C691,10,Bản mặt cầu (Deck Slab):S3,0.33,0.18,11.7
C691,10,Bản mặt cầu (Deck Slab):S3,0.33,0.18,11.7
C691,10,Bản mặt cầu (Deck Slab):S3,0.33,0.18,11.7
C692,10,Cọc khoan nhồi D1200 (26 cọc L=872m):P1-P1D,3.39,0.18,11.7
C692,10,Cọc khoan nhồi D1200 (26 cọc L=872m):P1-P1D,3.39,0.18,11.7
C692,10,Cọc khoan nhồi D1200 (26 cọc L=872m):P1-P1D,3.39,0.18,11.7
C692,10,Bản mặt cầu (Deck Slab):S3,0.33,0.18,11.7
C692,10,Bản mặt cầu (Deck Slab):S3,0.33,0.18,11.7
C692,10,Bản mặt cầu (Deck Slab):S3,0.33,0.18,11.7
C692,10,Bản mặt cầu (Deck Slab):S3,0.33,0.18,11.7
C693,10,Cọc khoan nhồi D1200 (26 cọc L=872m):P1-P1D,3.39,0.18,11.7
C693,10,Cọc khoan nhồi D1200 (26 cọc L=872m):P1-P1D,3.39,0.18,11.7
C693,10,Cọc khoan nhồi D1200 (26 cọc L=872m):P1-P1D,3.39,0.18,11.7
C693,10,Bản mặt cầu (Deck Slab):S3,0.33,0.18,11.7
C693,10,Bản mặt cầu (Deck Slab):S3,0.33,0.18,11.7
C693,10,Bản mặt cầu (Deck Slab):S3,0.33,0.18,11.7
C693,10,Bản mặt cầu (Deck Slab):S3,0.33,0.18,11.7
C694,10,Cọc khoan nhồi D1200 (26 cọc L=872m):P1-P1D,3.39,0.18,11.7
C694,10,Cọc khoan nhồi D1200 (26 cọc L=872m):P1-P1D,3.39,0.18,11.7
C694,10,Cọc khoan nhồi D1200 (26 cọc L=872m):P1-P1D,3.39,0.18,11.7
C694,10,Bản mặt cầu (Deck Slab):S3,0.33,0.18,11.7
C694,10,Bản mặt cầu (Deck Slab):S3,0.33,0.18,11.7
C694,10,Bản mặt cầu (Deck Slab):S3,0.33,0.18,11.7
C694,10,Bản mặt cầu (Deck Slab):S3,0.33,0.18,11.7
C695,10,Cọc khoan nhồi D1200 (26 cọc L=872m):P1-P1D,3.39,0.18,11.7
C695,10,Cọc khoan nhồi D1200 (26 cọc L=872m):P1-P1D,3.39,0.18,11.7
C695,10,Cọc khoan nhồi D1200 (26 cọc L=872m):P1-P1D,3.39,0.18,11.7
C695,10,Bản mặt cầu (Deck Slab):S3,0.33,0.18,11.7
C695,10,Bản mặt cầu (Deck Slab):S3,0.33,0.18,11.7
C695,10,Bản mặt cầu (Deck Slab):S3,0.33,0.18,11.7
C695,10,Bản mặt cầu (Deck Slab):S3,0.33,0.18,11.7
C696,10,Cọc khoan nhồi D1200 (26 cọc L=872m):P1-P1D,3.39,0.18,11.7
C696,10,Cọc khoan nhồi D1200 (26 cọc L=872m):P1-P1D,3.39,0.18,11.7
C696,10,Cọc khoan nhồi D1200 (26 cọc L=872m):P1-P1D,3.39,0.18,11.7
C696,10,Bản mặt cầu (Deck Slab):S3,0.33,0.18,11.7
C696,10,Bản mặt cầu (Deck Slab):S3,0.33,0.18,11.7
C696,10,Bản mặt cầu (Deck Slab):S3,0.33,0.18,11.7
C696,10,Bản mặt cầu (Deck Slab):S3,0.33,0.18,11.7
C697,10,Cọc khoan nhồi D1200 (26 cọc L=872m):P1-P1D,3.39,0.18,11.7
C697,10,Cọc khoan nhồi D1200 (26 cọc L=872m):P1-P1D,3.39,0.18,11.7
C697,10,Cọc khoan nhồi D1200 (26 cọc L=872m):P1-P1D,3.39,0.18,11.7
C697,10,Bản mặt cầu (Deck Slab):S3,0.33,0.18,11.7
C697,10,Bản mặt cầu (Deck Slab):S3,0.33,0.18,11.7
C697,10,Bản mặt cầu (Deck Slab):S3,0.33,0.18,11.7
C697,10,Bản mặt cầu (Deck Slab):S3,0.33,0.18,11.7
C698,10,Cọc khoan nhồi D1200 (26 cọc L=872m):P1-P1D,3.39,0.18,11.7
C698,10,Cọc khoan nhồi D1200 (26 cọc L=872m):P1-P1D,3.39,0.18,11.7
C698,10,Cọc khoan nhồi D1200 (26 cọc L=872m):P1-P1D,3.39,0.18,11.7
C698,10,Bản mặt cầu (Deck Slab):S3,0.33,0.18,11.7
C698,10,Bản mặt cầu (Deck Slab):S3,0.33,0.18,11.7
C698,10,Bản mặt cầu (Deck Slab):S3,0.33,0.18,11.7
C698,10,Bản mặt cầu (Deck Slab):S3,0.33,0.18,11.7
C699,10,Cọc khoan nhồi D1200 (26 cọc L=872m):P1-P1D,3.39,0.18,11.7
C699,10,Cọc khoan nhồi D1200 (26 cọc L=872m):P1-P1D,3.39,0.18,11.7
C699,10,Cọc khoan nhồi D1200 (26 cọc L=872m):P1-P1D,3.39,0.18,11.7
C699,10,Bản mặt cầu (Deck Slab):S3,0.33,0.18,11.7
C699,10,Bản mặt cầu (Deck Slab):S3,0.33,0.18,11.7
C699,10,Bản mặt cầu (Deck Slab):S3,0.33,0.18,11.7
C699,10,Bản mặt cầu (Deck Slab):S3,0.33,0.18,11.7
C700,10,Cọc khoan nhồi D1200 (26 cọc L=872m):P1-P1D,3.39,0.18,11.7
C700,10,Cọc khoan nhồi D1200 (26 cọc L=872m):P1-P1D,3.39,0.18,11.7
C700,10,Cọc khoan nhồi D1200 (26 cọc L=872m):P1-P1D,3.39,0.18,11.7
C700,10,Bản mặt cầu (Deck Slab):S3,0.33,0.18,11.7
C700,10,Bản mặt cầu (Deck Slab):S3,0.33,0.18,11.7
C700,10,Bản mặt cầu (Deck Slab):S3,0.33,0.18,11.7
C700,10,Bản mặt cầu (Deck Slab):S3,0.33,0.18,11.7
C701,10,Cọc khoan nhồi D1200 (26 cọc L=872m):P1-P1D,3.39,0.18,11.7
C701,10,Cọc khoan nhồi D1200 (26 cọc L=872m):P1-P1D,3.39,0.18,11.7
C701,10,Cọc khoan nhồi D1200 (26 cọc L=872m):P1-P1D,3.39,0.18,11.7
C701,10,Bản mặt cầu (Deck Slab):S3,0.33,0.18,11.7
C701,10,Bản mặt cầu (Deck Slab):S3,0.33,0.18,11.7
C701,10,Bản mặt cầu (Deck Slab):S3,0.33,0.18,11.7
C701,10,Bản mặt cầu (Deck Slab):S3,0.33,0.18,11.7
C702,10,Cọc khoan nhồi D1200 (26 cọc L=872m):P1-P1D,3.39,0.18,11.7
C702,10,Cọc khoan nhồi D1200 (26 cọc L=872m):P1-P1D,3.39,0.18,11.7
C702,10,Cọc khoan nhồi D1200 (26 cọc L=872m):P1-P1D,3.39,0.18,11.7
C702,10,Bản mặt cầu (Deck Slab):S3,0.33,0.18,11.7
C702,10,Bản mặt cầu (Deck Slab):S3,0.33,0.18,11.7
C702,10,Bản mặt cầu (Deck Slab):S3,0.33,0.18,11.7
C702,10,Bản mặt cầu (Deck Slab):S3,0.33,0.18,11.7
C703,10,Cọc khoan nhồi D1200 (26 cọc L=872m):P1-P1D,3.39,0.18,11.7
C703,10,Cọc khoan nhồi D1200 (26 cọc L=872m):P1-P1D,3.39,0.18,11.7
C703,10,Cọc khoan nhồi D1200 (26 cọc L=872m):P1-P1D,3.39,0.18,11.7
C703,10,Bản mặt cầu (Deck Slab):S3,0.33,0.18,11.7
C703,10,Bản mặt cầu (Deck Slab):S3,0.33,0.18,11.7
C703,10,Bản mặt cầu (Deck Slab):S3,0.33,0.18,11.7
C703,10,Bản mặt cầu (Deck Slab):S3,0.33,0.18,11.7
C704,10,Cọc khoan nhồi D1200 (26 cọc L=872m):P1-P1D,3.39,0.18,11.7
C704,10,Cọc khoan nhồi D1200 (26 cọc L=872m):P1-P1D,3.39,0.18,11.7
C704,10,Cọc khoan nhồi D1200 (26 cọc L=872m):P1-P1D,3.39,0.18,11.7
C704,10,Bản mặt cầu (Deck Slab):S3,0.33,0.18,11.7
C704,10,Bản mặt cầu (Deck Slab):S3,0.33,0.18,11.7
C704,10,Bản mặt cầu (Deck Slab):S3,0.33,0.18,11.7
C704,10,Bản mặt cầu (Deck Slab):S3,0.33,0.18,11.7
C705,10,Cọc khoan nhồi D1200 (26 cọc L=872m):P1-P1D,3.39,0.18,11.7
C705,10,Cọc khoan nhồi D1200 (26 cọc L=872m):P1-P1D,3.39,0.18,11.7
C705,10,Cọc khoan nhồi D1200 (26 cọc L=872m):P1-P1D,3.39,0.18,11.7
C705,10,Bản mặt cầu (Deck Slab):S3,0.33,0.18,11.7
C705,10,Bản mặt cầu (Deck Slab):S3,0.33,0.18,11.7
C705,10,Bản mặt cầu (Deck Slab):S3,0.33,0.18,11.7
C705,10,Bản mặt cầu (Deck Slab):S3,0.33,0.18,11.7
C706,10,Cọc khoan nhồi D1200 (26 cọc L=872m):P1-P1D,3.39,0.18,11.7
C706,10,Cọc khoan nhồi D1200 (26 cọc L=872m):P1-P1D,3.39,0.18,11.7
C706,10,Cọc khoan nhồi D1200 (26 cọc L=872m):P1-P1D,3.39,0.18,11.7
C706,10,Bản mặt cầu (Deck Slab):S3,0.33,0.18,11.7
C706,10,Bản mặt cầu (Deck Slab):S3,0.33,0.18,11.7
C706,10,Bản mặt cầu (Deck Slab):S3,0.33,0.18,11.7
C706,10,Bản mặt cầu (Deck Slab):S3,0.33,0.18,11.7
C707,10,Cọc khoan nhồi D1200 (26 cọc L=872m):P1-P1D,3.39,0.18,11.7
C707,10,Cọc khoan nhồi D1200 (26 cọc L=872m):P1-P1D,3.39,0.18,11.7
C707,10,Cọc khoan nhồi D1200 (26 cọc L=872m):P1-P1D,3.39,0.18,11.7
C707,10,Bản mặt cầu (Deck Slab):S3,0.33,0.18,11.7
C707,10,Bản mặt cầu (Deck Slab):S3,0.33,0.18,11.7
C707,10,Bản mặt cầu (Deck Slab):S3,0.33,0.18,11.7
C707,10,Bản mặt cầu (Deck Slab):S3,0.33,0.18,11.7
C708,10,Cọc khoan nhồi D1200 (26 cọc L=872m):P1-P1D,3.39,0.18,11.7
C708,10,Cọc khoan nhồi D1200 (26 cọc L=872m):P1-P1D,3.39,0.18,11.7
C708,10,Cọc khoan nhồi D1200 (26 cọc L=872m):P1-P1D,3.39,0.18,11.7
C708,10,Bản mặt cầu (Deck Slab):S3,0.33,0.18,11.7
C708,10,Bản mặt cầu (Deck Slab):S3,0.33,0.18,11.7
C708,10,Bản mặt cầu (Deck Slab):S3,0.33,0.18,11.7
C708,10,Bản mặt cầu (Deck Slab):S3,0.33,0.18,11.7
C709,10,Cọc khoan nhồi D1200 (26 cọc L=872m):P1-P1D,3.39,0.18,11.7
C709,10,Cọc khoan nhồi D1200 (26 cọc L=872m):P1-P1D,3.39,0.18,11.7
C709,10,Cọc khoan nhồi D1200 (26 cọc L=872m):P1-P1D,3.39,0.18,11.7
C709,10,Bản mặt cầu (Deck Slab):S3,0.33,0.18,11.7
C709,10,Bản mặt cầu (Deck Slab):S3,0.33,0.18,11.7
C709,10,Bản mặt cầu (Deck Slab):S3,0.33,0.18,11.7
C709,10,Bản mặt cầu (Deck Slab):S3,0.33,0.18,11.7
C710,10,Cọc khoan nhồi D1200 (26 cọc L=872m):P1-P1D,3.39,0.18,11.7
C710,10,Cọc khoan nhồi D1200 (26 cọc L=872m):P1-P1D,3.39,0.18,11.7
C710,10,Cọc khoan nhồi D1200 (26 cọc L=872m):P1-P1D,3.39,0.18,11.7
C710,10,Bản mặt cầu (Deck Slab):S3,0.33,0.18,11.7
C710,10,Bản mặt cầu (Deck Slab):S3,0.33,0.18,11.7
C710,10,Bản mặt cầu (Deck Slab):S3,0.33,0.18,11.7
C710,10,Bản mặt cầu (Deck Slab):S3,0.33,0.18,11.7
C711,10,Cọc khoan nhồi D1200 (26 cọc L=872m):P1-P1D,3.39,0.18,11.7
C711,10,Cọc khoan nhồi D1200 (26 cọc L=872m):P1-P1D,3.39,0.18,11.7
C711,10,Cọc khoan nhồi D1200 (26 cọc L=872m):P1-P1D,3.39,0.18,11.7
C711,10,Bản mặt cầu (Deck Slab):S3,0.33,0.18,11.7
C711,10,Bản mặt cầu (Deck Slab):S3,0.33,0.18,11.7
C711,10,Bản mặt cầu (Deck Slab):S3,0.33,0.18,11.7
C711,10,Bản mặt cầu (Deck Slab):S3,0.33,0.18,11.7
C712,10,Cọc khoan nhồi D1200 (26 cọc L=872m):P1-P1D,3.39,0.18,11.7
C712,10,Cọc khoan nhồi D1200 (26 cọc L=872m):P1-P1D,3.39,0.18,11.7
C712,10,Cọc khoan nhồi D1200 (26 cọc L=872m):P1-P1D,3.39,0.18,11.7
C712,10,Bản mặt cầu (Deck Slab):S3,0.33,0.18,11.7
C712,10,Bản mặt cầu (Deck Slab):S3,0.33,0.18,11.7
C712,10,Bản mặt cầu (Deck Slab):S3,0.33,0.18,11.7
C712,10,Bản mặt cầu (Deck Slab):S3,0.33,0.18,11.7
C713,10,Cọc khoan nhồi D1200 (26 cọc L=872m):P1-P1D,3.39,0.18,11.7
C713,10,Cọc khoan nhồi D1200 (26 cọc L=872m):P1-P1D,3.39,0.18,11.7
C713,10,Cọc khoan nhồi D1200 (26 cọc L=872m):P1-P1D,3.39,0.18,11.7
C713,10,Bản mặt cầu (Deck Slab):S3,0.33,0.18,11.7
C713,10,Bản mặt cầu (Deck Slab):S3,0.33,0.18,11.7
C713,10,Bản mặt cầu (Deck Slab):S3,0.33,0.18,11.7
C713,10,Bản mặt cầu (Deck Slab):S3,0.33,0.18,11.7
C714,10,Cọc khoan nhồi D1200 (26 cọc L=872m):P1-P1D,3.39,0.18,11.7
C714,10,Cọc khoan nhồi D1200 (26 cọc L=872m):P1-P1D,3.39,0.18,11.7
C714,10,Cọc khoan nhồi D1200 (26 cọc L=872m):P1-P1D,3.39,0.18,11.7
C714,10,Bản mặt cầu (Deck Slab):S3,0.33,0.18,11.7
C714,10,Bản mặt cầu (Deck Slab):S3,0.33,0.18,11.7
C714,10,Bản mặt cầu (Deck Slab):S3,0.33,0.18,11.7
C714,10,Bản mặt cầu (Deck Slab):S3,0.33,0.18,11.7
C715,10,Cọc khoan nhồi D1200 (26 cọc L=872m):P1-P1D,3.39,0.18,11.7
C715,10,Cọc khoan nhồi D1200 (26 cọc L=872m):P1-P1D,3.39,0.18,11.7
C715,10,Cọc khoan nhồi D1200 (26 cọc L=872m):P1-P1D,3.39,0.18,11.7
C715,10,Bản mặt cầu (Deck Slab):S3,0.33,0.18,11.7
C715,10,Bản mặt cầu (Deck Slab):S3,0.33,0.18,11.7
C715,10,Bản mặt cầu (Deck Slab):S3,0.33,0.18,11.7
C715,10,Bản mặt cầu (Deck Slab):S3,0.33,0.18,11.7
C716,10,Cọc khoan nhồi D1200 (26 cọc L=872m):P1-P1D,3.39,0.18,11.7
C716,10,Cọc khoan nhồi D1200 (26 cọc L=872m):P1-P1D,3.39,0.18,11.7
C716,10,Cọc khoan nhồi D1200 (26 cọc L=872m):P1-P1D,3.39,0.18,11.7
C716,10,Bản mặt cầu (Deck Slab):S3,0.33,0.18,11.7
C716,10,Bản mặt cầu (Deck Slab):S3,0.33,0.18,11.7
C716,10,Bản mặt cầu (Deck Slab):S3,0.33,0.18,11.7
C716,10,Bản mặt cầu (Deck Slab):S3,0.33,0.18,11.7
C717,10,Cọc khoan nhồi D1200 (26 cọc L=872m):P1-P1D,3.39,0.18,11.7
C717,10,Cọc khoan nhồi D1200 (26 cọc L=872m):P1-P1D,3.39,0.18,11.7
C717,10,Cọc khoan nhồi D1200 (26 cọc L=872m):P1-P1D,3.39,0.18,11.7
C717,10,Bản mặt cầu (Deck Slab):S3,0.33,0.18,11.7
C717,10,Bản mặt cầu (Deck Slab):S3,0.33,0.18,11.7
C717,10,Bản mặt cầu (Deck Slab):S3,0.33,0.18,11.7
C717,10,Bản mặt cầu (Deck Slab):S3,0.33,0.18,11.7
C718,10,Cọc khoan nhồi D1200 (26 cọc L=872m):P1-P1D,3.39,0.18,11.7
C718,10,Cọc khoan nhồi D1200 (26 cọc L=872m):P1-P1D,3.39,0.18,11.7
C718,10,Cọc khoan nhồi D1200 (26 cọc L=872m):P1-P1D,3.39,0.18,11.7
C718,10,Bản mặt cầu (Deck Slab):S3,0.33,0.18,11.7
C718,10,Bản mặt cầu (Deck Slab):S3,0.33,0.18,11.7
C718,10,Bản mặt cầu (Deck Slab):S3,0.33,0.18,11.7
C718,10,Bản mặt cầu (Deck Slab):S3,0.33,0.18,11.7
C719,10,Cọc khoan nhồi D1200 (26 cọc L=872m):P1-P1D,3.39,0.18,11.7
C719,10,Cọc khoan nhồi D1200 (26 cọc L=872m):P1-P1D,3.39,0.18,11.7
C719,10,Cọc khoan nhồi D1200 (26 cọc L=872m):P1-P1D,3.39,0.18,11.7
C719,10,Bản mặt cầu (Deck Slab):S3,0.33,0.18,11.7
C719,10,Bản mặt cầu (Deck Slab):S3,0.33,0.18,11.7
C719,10,Bản mặt cầu (Deck Slab):S3,0.33,0.18,11.7
C719,10,Bản mặt cầu (Deck Slab):S3,0.33,0.18,11.7
C720,10,Cọc khoan nhồi D1200 (26 cọc L=872m):P1-P1D,3.39,0.18,11.7
C720,10,Cọc khoan nhồi D1200 (26 cọc L=872m):P1-P1D,3.39,0.18,11.7
C720,10,Cọc khoan nhồi D1200 (26 cọc L=872m):P1-P1D,3.39,0.18,11.7
C720,10,Bản mặt cầu (Deck Slab):S3,0.33,0.18,11.7
C720,10,Bản mặt cầu (Deck Slab):S3,0.33,0.18,11.7
C720,10,Bản mặt cầu (Deck Slab):S3,0.33,0.18,11.7
C720,10,Bản mặt cầu (Deck Slab):S3,0.33,0.18,11.7
C721,10,Cọc khoan nhồi D1200 (26 cọc L=872m):P1-P1D,3.39,0.18,11.7
C721,10,Cọc khoan nhồi D1200 (26 cọc L=872m):P1-P1D,3.39,0.18,11.7
C721,10,Cọc khoan nhồi D1200 (26 cọc L=872m):P1-P1D,3.39,0.18,11.7
C721,10,Bản mặt cầu (Deck Slab):S3,0.33,0.18,11.7
C721,10,Bản mặt cầu (Deck Slab):S3,0.33,0.18,11.7
C721,10,Bản mặt cầu (Deck Slab):S3,0.33,0.18,11.7
C721,10,Bản mặt cầu (Deck Slab):S3,0.33,0.18,11.7
C722,10,Cọc khoan nhồi D1200 (26 cọc L=872m):P1-P1D,3.39,0.18,11.7
C722,10,Cọc khoan nhồi D1200 (26 cọc L=872m):P1-P1D,3.39,0.18,11.7
C722,10,Cọc khoan nhồi D1200 (26 cọc L=872m):P1-P1D,3.39,0.18,11.7
C722,10,Bản mặt cầu (Deck Slab):S3,0.33,0.18,11.7
C722,10,Bản mặt cầu (Deck Slab):S3,0.33,0.18,11.7
C722,10,Bản mặt cầu (Deck Slab):S3,0.33,0.18,11.7
C722,10,Bản mặt cầu (Deck Slab):S3,0.33,0.18,11.7
C723,10,Cọc khoan nhồi D1200 (26 cọc L=872m):P1-P1D,3.39,0.18,11.7
C723,10,Cọc khoan nhồi D1200 (26 cọc L=872m):P1-P1D,3.39,0.18,11.7
C723,10,Cọc khoan nhồi D1200 (26 cọc L=872m):P1-P1D,3.39,0.18,11.7
C723,10,Bản mặt cầu (Deck Slab):S3,0.33,0.18,11.7
C723,10,Bản mặt cầu (Deck Slab):S3,0.33,0.18,11.7
C723,10,Bản mặt cầu (Deck Slab):S3,0.33,0.18,11.7
C723,10,Bản mặt cầu (Deck Slab):S3,0.33,0.18,11.7
C724,10,Cọc khoan nhồi D1200 (26 cọc L=872m):P1-P1D,3.39,0.18,11.7
C724,10,Cọc khoan nhồi D1200 (26 cọc L=872m):P1-P1D,3.39,0.18,11.7
C724,10,Cọc khoan nhồi D1200 (26 cọc L=872m):P1-P1D,3.39,0.18,11.7
C724,10,Bản mặt cầu (Deck Slab):S3,0.33,0.18,11.7
C724,10,Bản mặt cầu (Deck Slab):S3,0.33,0.18,11.7
C724,10,Bản mặt cầu (Deck Slab):S3,0.33,0.18,11.7
C724,10,Bản mặt cầu (Deck Slab):S3,0.33,0.18,11.7
C725,10,Cọc khoan nhồi D1200 (26 cọc L=872m):P1-P1D,3.39,0.18,11.7
C725,10,Cọc khoan nhồi D1200 (26 cọc L=872m):P1-P1D,3.39,0.18,11.7
C725,10,Cọc khoan nhồi D1200 (26 cọc L=872m):P1-P1D,3.39,0.18,11.7
C725,10,Bản mặt cầu (Deck Slab):S3,0.33,0.18,11.7
C725,10,Bản mặt cầu (Deck Slab):S3,0.33,0.18,11.7
C725,10,Bản mặt cầu (Deck Slab):S3,0.33,0.18,11.7
C725,10,Bản mặt cầu (Deck Slab):S3,0.33,0.18,11.7
C726,10,Cọc khoan nhồi D1200 (26 cọc L=872m):P1-P1D,3.39,0.18,11.7
C726,10,Cọc khoan nhồi D1200 (26 cọc L=872m):P1-P1D,3.39,0.18,11.7
C726,10,Cọc khoan nhồi D1200 (26 cọc L=872m):P1-P1D,3.39,0.18,11.7
C726,10,Bản mặt cầu (Deck Slab):S3,0.33,0.18,11.7
C726,10,Bản mặt cầu (Deck Slab):S3,0.33,0.18,11.7
C726,10,Bản mặt cầu (Deck Slab):S3,0.33,0.18,11.7
C726,10,Bản mặt cầu (Deck Slab):S3,0.33,0.18,11.7
C727,10,Cọc khoan nhồi D1200 (26 cọc L=872m):P1-P1D,3.39,0.18,11.7
C727,10,Cọc khoan nhồi D1200 (26 cọc L=872m):P1-P1D,3.39,0.18,11.7
C727,10,Cọc khoan nhồi D1200 (26 cọc L=872m):P1-P1D,3.39,0.18,11.7
C727,10,Bản mặt cầu (Deck Slab):S3,0.33,0.18,11.7
C727,10,Bản mặt cầu (Deck Slab):S3,0.33,0.18,11.7
C727,10,Bản mặt cầu (Deck Slab):S3,0.33,0.18,11.7
C727,10,Bản mặt cầu (Deck Slab):S3,0.33,0.18,11.7
C728,10,Cọc khoan nhồi D1200 (26 cọc L=872m):P1-P1D,3.39,0.18,11.7
C728,10,Cọc khoan nhồi D1200 (26 cọc L=872m):P1-P1D,3.39,0.18,11.7
C728,10,Cọc khoan nhồi D1200 (26 cọc L=872m):P1-P1D,3.39,0.18,11.7
C728,10,Bản mặt cầu (Deck Slab):S3,0.33,0.18,11.7
C728,10,Bản mặt cầu (Deck Slab):S3,0.33,0.18,11.7
C728,10,Bản mặt cầu (Deck Slab):S3,0.33,0.18,11.7
C728,10,Bản mặt cầu (Deck Slab):S3,0.33,0.18,11.7
C729,10,Cọc khoan nhồi D1200 (26 cọc L=872m):P1-P1D,3.39,0.18,11.7
C729,10,Cọc khoan nhồi D1200 (26 cọc L=872m):P1-P1D,3.39,0.18,11.7
C729,10,Cọc khoan nhồi D1200 (26 cọc L=872m):P1-P1D,3.39,0.18,11.7
C729,10,Bản mặt cầu (Deck Slab):S3,0.33,0.18,11.7
C729,10,Bản mặt cầu (Deck Slab):S3,0.33,0.18,11.7
C729,10,Bản mặt cầu (Deck Slab):S3,0.33,0.18,11.7
C729,10,Bản mặt cầu (Deck Slab):S3,0.33,0.18,11.7
C730,10,Cọc khoan nhồi D1200 (26 cọc L=872m):P1-P1D,3.39,0.18,11.7
C730,10,Cọc khoan nhồi D1200 (26 cọc L=872m):P1-P1D,3.39,0.18,11.7
C730,10,Cọc khoan nhồi D1200 (26 cọc L=872m):P1-P1D,3.39,0.18,11.7
C730,10,Bản mặt cầu (Deck Slab):S3,0.33,0.18,11.7
C730,10,Bản mặt cầu (Deck Slab):S3,0.33,0.18,11.7
C730,10,Bản mặt cầu (Deck Slab):S3,0.33,0.18,11.7
C730,10,Bản mặt cầu (Deck Slab):S3,0.33,0.18,11.7
C731,10,Cọc khoan nhồi D1200 (26 cọc L=872m):P1-P1D,3.39,0.18,11.7
C731,10,Cọc khoan nhồi D1200 (26 cọc L=872m):P1-P1D,3.39,0.18,11.7
C731,10,Cọc khoan nhồi D1200 (26 cọc L=872m):P1-P1D,3.39,0.18,11.7
C731,10,Bản mặt cầu (Deck Slab):S3,0.33,0.18,11.7
C731,10,Bản mặt cầu (Deck Slab):S3,0.33,0.18,11.7
C731,10,Bản mặt cầu (Deck Slab):S3,0.33,0.18,11.7
C731,10,Bản mặt cầu (Deck Slab):S3,0.33,0.18,11.7
C732,10,Cọc khoan nhồi D1200 (26 cọc L=872m):P1-P1D,3.39,0.18,11.7
C732,10,Cọc khoan nhồi D1200 (26 cọc L=872m):P1-P1D,3.39,0.18,11.7
C732,10,Cọc khoan nhồi D1200 (26 cọc L=872m):P1-P1D,3.39,0.18,11.7
C732,10,Bản mặt cầu (Deck Slab):S3,0.33,0.18,11.7
C732,10,Bản mặt cầu (Deck Slab):S3,0.33,0.18,11.7
C732,10,Bản mặt cầu (Deck Slab):S3,0.33,0.18,11.7
C732,10,Bản mặt cầu (Deck Slab):S3,0.33,0.18,11.7
C733,10,Cọc khoan nhồi D1200 (26 cọc L=872m):P1-P1D,3.39,0.18,11.7
C733,10,Cọc khoan nhồi D1200 (26 cọc L=872m):P1-P1D,3.39,0.18,11.7
C733,10,Cọc khoan nhồi D1200 (26 cọc L=872m):P1-P1D,3.39,0.18,11.7
C733,10,Bản mặt cầu (Deck Slab):S3,0.33,0.18,11.7
C733,10,Bản mặt cầu (Deck Slab):S3,0.33,0.18,11.7
C733,10,Bản mặt cầu (Deck Slab):S3,0.33,0.18,11.7
C733,10,Bản mặt cầu (Deck Slab):S3,0.33,0.18,11.7
C734,10,Cọc khoan nhồi D1200 (26 cọc L=872m):P1-P1D,3.39,0.18,11.7
C734,10,Cọc khoan nhồi D1200 (26 cọc L=872m):P1-P1D,3.39,0.18,11.7
C734,10,Cọc khoan nhồi D1200 (26 cọc L=872m):P1-P1D,3.39,0.18,11.7
C734,10,Bản mặt cầu (Deck Slab):S3,0.33,0.18,11.7
C734,10,Bản mặt cầu (Deck Slab):S3,0.33,0.18,11.7
C734,10,Bản mặt cầu (Deck Slab):S3,0.33,0.18,11.7
C734,10,Bản mặt cầu (Deck Slab):S3,0.33,0.18,11.7
C735,10,Cọc khoan nhồi D1200 (26 cọc L=872m):P1-P1D,3.39,0.18,11.7
C735,10,Cọc khoan nhồi D1200 (26 cọc L=872m):P1-P1D,3.39,0.18,11.7
C735,10,Cọc khoan nhồi D1200 (26 cọc L=872m):P1-P1D,3.39,0.18,11.7
C735,10,Bản mặt cầu (Deck Slab):S3,0.33,0.18,11.7
C735,10,Bản mặt cầu (Deck Slab):S3,0.33,0.18,11.7
C735,10,Bản mặt cầu (Deck Slab):S3,0.33,0.18,11.7
C735,10,Bản mặt cầu (Deck Slab):S3,0.33,0.18,11.7
C736,10,Cọc khoan nhồi D1200 (26 cọc L=872m):P1-P1D,3.39,0.18,11.7
C736,10,Cọc khoan nhồi D1200 (26 cọc L=872m):P1-P1D,3.39,0.18,11.7
C736,10,Cọc khoan nhồi D1200 (26 cọc L=872m):P1-P1D,3.39,0.18,11.7
C736,10,Bản mặt cầu (Deck Slab):S3,0.33,0.18,11.7
C736,10,Bản mặt cầu (Deck Slab):S3,0.33,0.18,11.7
C736,10,Bản mặt cầu (Deck Slab):S3,0.33,0.18,11.7
C736,10,Bản mặt cầu (Deck Slab):S3,0.33,0.18,11.7
C737,10,Cọc khoan nhồi D1200 (26 cọc L=872m):P1-P1D,3.39,0.18,11.7
C737,10,Cọc khoan nhồi D1200 (26 cọc L=872m):P1-P1D,3.39,0.18,11.7
C737,10,Cọc khoan nhồi D1200 (26 cọc L=872m):P1-P1D,3.39,0.18,11.7
C737,10,Bản mặt cầu (Deck Slab):S3,0.33,0.18,11.7
C737,10,Bản mặt cầu (Deck Slab):S3,0.33,0.18,11.7
C737,10,Bản mặt cầu (Deck Slab):S3,0.33,0.18,11.7
C737,10,Bản mặt cầu (Deck Slab):S3,0.33,0.18,11.7
C738,10,Cọc khoan nhồi D1200 (26 cọc L=872m):P1-P1D,3.39,0.18,11.7
C738,10,Cọc khoan nhồi D1200 (26 cọc L=872m):P1-P1D,3.39,0.18,11.7
C738,10,Cọc khoan nhồi D1200 (26 cọc L=872m):P1-P1D,3.39,0.18,11.7
C738,10,Bản mặt cầu (Deck Slab):S3,0.33,0.18,11.7
C738,10,Bản mặt cầu (Deck Slab):S3,0.33,0.18,11.7
C738,10,Bản mặt cầu (Deck Slab):S3,0.33,0.18,11.7
C738,10,Bản mặt cầu (Deck Slab):S3,0.33,0.18,11.7
C739,10,Cọc khoan nhồi D1200 (26 cọc L=872m):P1-P1D,3.39,0.18,11.7
C739,10,Cọc khoan nhồi D1200 (26 cọc L=872m):P1-P1D,3.39,0.18,11.7
C739,10,Cọc khoan nhồi D1200 (26 cọc L=872m):P1-P1D,3.39,0.18,11.7
C739,10,Bản mặt cầu (Deck Slab):S3,0.33,0.18,11.7
C739,10,Bản mặt cầu (Deck Slab):S3,0.33,0.18,11.7
C739,10,Bản mặt cầu (Deck Slab):S3,0.33,0.18,11.7
C739,10,Bản mặt cầu (Deck Slab):S3,0.33,0.18,11.7
C740,10,Cọc khoan nhồi D1200 (26 cọc L=872m):P1-P1D,3.39,0.18,11.7
C740,10,Cọc khoan nhồi D1200 (26 cọc L=872m):P1-P1D,3.39,0.18,11.7
C740,10,Cọc khoan nhồi D1200 (26 cọc L=872m):P1-P1D,3.39,0.18,11.7
C740,10,Bản mặt cầu (Deck Slab):S3,0.33,0.18,11.7
C740,10,Bản mặt cầu (Deck Slab):S3,0.33,0.18,11.7
C740,10,Bản mặt cầu (Deck Slab):S3,0.33,0.18,11.7
C740,10,Bản mặt cầu (Deck Slab):S3,0.33,0.18,11.7
C741,10,Cọc khoan nhồi D1200 (26 cọc L=872m):P1-P1D,3.39,0.18,11.7
C741,10,Cọc khoan nhồi D1200 (26 cọc L=872m):P1-P1D,3.39,0.18,11.7
C741,10,Cọc khoan nhồi D1200 (26 cọc L=872m):P1-P1D,3.39,0.18,11.7
C741,10,Bản mặt cầu (Deck Slab):S3,0.33,0.18,11.7
C741,10,Bản mặt cầu (Deck Slab):S3,0.33,0.18,11.7
C741,10,Bản mặt cầu (Deck Slab):S3,0.33,0.18,11.7
C741,10,Bản mặt cầu (Deck Slab):S3,0.33,0.18,11.7
C742,10,Cọc khoan nhồi D1200 (26 cọc L=872m):P1-P1D,3.39,0.18,11.7
C742,10,Cọc khoan nhồi D1200 (26 cọc L=872m):P1-P1D,3.39,0.18,11.7
C742,10,Cọc khoan nhồi D1200 (26 cọc L=872m):P1-P1D,3.39,0.18,11.7
C742,10,Bản mặt cầu (Deck Slab):S3,0.33,0.18,11.7
C742,10,Bản mặt cầu (Deck Slab):S3,0.33,0.18,11.7
C742,10,Bản mặt cầu (Deck Slab):S3,0.33,0.18,11.7
C742,10,Bản mặt cầu (Deck Slab):S3,0.33,0.18,11.7
C743,10,Cọc khoan nhồi D1200 (26 cọc L=872m):P1-P1D,3.39,0.18,11.7
C743,10,Cọc khoan nhồi D1200 (26 cọc L=872m):P1-P1D,3.39,0.18,11.7
C743,10,Cọc khoan nhồi D1200 (26 cọc L=872m):P1-P1D,3.39,0.18,11.7
C743,10,Bản mặt cầu (Deck Slab):S3,0.33,0.18,11.7
C743,10,Bản mặt cầu (Deck Slab):S3,0.33,0.18,11.7
C743,10,Bản mặt cầu (Deck Slab):S3,0.33,0.18,11.7
C743,10,Bản mặt cầu (Deck Slab):S3,0.33,0.18,11.7
C744,10,Cọc khoan nhồi D1200 (26 cọc L=872m):P1-P1D,3.39,0.18,11.7
C744,10,Cọc khoan nhồi D1200 (26 cọc L=872m):P1-P1D,3.39,0.18,11.7
C744,10,Cọc khoan nhồi D1200 (26 cọc L=872m):P1-P1D,3.39,0.18,11.7
C744,10,Bản mặt cầu (Deck Slab):S3,0.33,0.18,11.7
C744,10,Bản mặt cầu (Deck Slab):S3,0.33,0.18,11.7
C744,10,Bản mặt cầu (Deck Slab):S3,0.33,0.18,11.7
C744,10,Bản mặt cầu (Deck Slab):S3,0.33,0.18,11.7
C745,10,Cọc khoan nhồi D1200 (26 cọc L=872m):P1-P1D,3.39,0.18,11.7
C745,10,Cọc khoan nhồi D1200 (26 cọc L=872m):P1-P1D,3.39,0.18,11.7
C745,10,Cọc khoan nhồi D1200 (26 cọc L=872m):P1-P1D,3.39,0.18,11.7
C745,10,Bản mặt cầu (Deck Slab):S3,0.33,0.18,11.7
C745,10,Bản mặt cầu (Deck Slab):S3,0.33,0.18,11.7
C745,10,Bản mặt cầu (Deck Slab):S3,0.33,0.18,11.7
C745,10,Bản mặt cầu (Deck Slab):S3,0.33,0.18,11.7
C746,10,Cọc khoan nhồi D1200 (26 cọc L=872m):P1-P1D,3.39,0.18,11.7
C746,10,Cọc khoan nhồi D1200 (26 cọc L=872m):P1-P1D,3.39,0.18,11.7
C746,10,Cọc khoan nhồi D1200 (26 cọc L=872m):P1-P1D,3.39,0.18,11.7
C746,10,Bản mặt cầu (Deck Slab):S3,0.33,0.18,11.7
C746,10,Bản mặt cầu (Deck Slab):S3,0.33,0.18,11.7
C746,10,Bản mặt cầu (Deck Slab):S3,0.33,0.18,11.7
C746,10,Bản mặt cầu (Deck Slab):S3,0.33,0.18,11.7
C747,10,Cọc khoan nhồi D1200 (26 cọc L=872m):P1-P1D,3.39,0.18,11.7
C747,10,Cọc khoan nhồi D1200 (26 cọc L=872m):P1-P1D,3.39,0.18,11.7
C747,10,Cọc khoan nhồi D1200 (26 cọc L=872m):P1-P1D,3.39,0.18,11.7
C747,10,Bản mặt cầu (Deck Slab):S3,0.33,0.18,11.7
C747,10,Bản mặt cầu (Deck Slab):S3,0.33,0.18,11.7
C747,10,Bản mặt cầu (Deck Slab):S3,0.33,0.18,11.7
C747,10,Bản mặt cầu (Deck Slab):S3,0.33,0.18,11.7
C748,10,Cọc khoan nhồi D1200 (26 cọc L=872m):P1-P1D,3.39,0.18,11.7
C748,10,Cọc khoan nhồi D1200 (26 cọc L=872m):P1-P1D,3.39,0.18,11.7
C748,10,Cọc khoan nhồi D1200 (26 cọc L=872m):P1-P1D,3.39,0.18,11.7
C748,10,Bản mặt cầu (Deck Slab):S3,0.33,0.18,11.7
C748,10,Bản mặt cầu (Deck Slab):S3,0.33,0.18,11.7
C748,10,Bản mặt cầu (Deck Slab):S3,0.33,0.18,11.7
C748,10,Bản mặt cầu (Deck Slab):S3,0.33,0.18,11.7
C749,10,Cọc khoan nhồi D1200 (26 cọc L=872m):P1-P1D,3.39,0.18,11.7
C749,10,Cọc khoan nhồi D1200 (26 cọc L=872m):P1-P1D,3.39,0.18,11.7
C749,10,Cọc khoan nhồi D1200 (26 cọc L=872m):P1-P1D,3.39,0.18,11.7
C749,10,Bản mặt cầu (Deck Slab):S3,0.33,0.18,11.7
C749,10,Bản mặt cầu (Deck Slab):S3,0.33,0.18,11.7
C749,10,Bản mặt cầu (Deck Slab):S3,0.33,0.18,11.7
C749,10,Bản mặt cầu (Deck Slab):S3,0.33,0.18,11.7
C750,10,Cọc khoan nhồi D1200 (26 cọc L=872m):P1-P1D,3.39,0.18,11.7
C750,10,Cọc khoan nhồi D1200 (26 cọc L=872m):P1-P1D,3.39,0.18,11.7
C750,10,Cọc khoan nhồi D1200 (26 cọc L=872m):P1-P1D,3.39,0.18,11.7
C750,10,Bản mặt cầu (Deck Slab):S3,0.33,0.18,11.7
C750,10,Bản mặt cầu (Deck Slab):S3,0.33,0.18,11.7
C750,10,Bản mặt cầu (Deck Slab):S3,0.33,0.18,11.7
C750,10,Bản mặt cầu (Deck Slab):S3,0.33,0.18,11.7
C751,10,Cọc khoan nhồi D1200 (26 cọc L=872m):P1-P1D,3.39,0.18,11.7
C751,10,Cọc khoan nhồi D1200 (26 cọc L=872m):P1-P1D,3.39,0.18,11.7
C751,10,Cọc khoan nhồi D1200 (26 cọc L=872m):P1-P1D,3.39,0.18,11.7
C751,10,Bản mặt cầu (Deck Slab):S3,0.33,0.18,11.7
C751,10,Bản mặt cầu (Deck Slab):S3,0.33,0.18,11.7
C751,10,Bản mặt cầu (Deck Slab):S3,0.33,0.18,11.7
C751,10,Bản mặt cầu (Deck Slab):S3,0.33,0.18,11.7
C752,10,Cọc khoan nhồi D1200 (26 cọc L=872m):P1-P1D,3.39,0.18,11.7
C752,10,Cọc khoan nhồi D1200 (26 cọc L=872m):P1-P1D,3.39,0.18,11.7
C752,10,Cọc khoan nhồi D1200 (26 cọc L=872m):P1-P1D,3.39,0.18,11.7
C752,10,Bản mặt cầu (Deck Slab):S3,0.33,0.18,11.7
C752,10,Bản mặt cầu (Deck Slab):S3,0.33,0.18,11.7
C752,10,Bản mặt cầu (Deck Slab):S3,0.33,0.18,11.7
C752,10,Bản mặt cầu (Deck Slab):S3,0.33,0.18,11.7
C753,10,Cọc khoan nhồi D1200 (26 cọc L=872m):P1-P1D,3.39,0.18,11.7
C753,10,Cọc khoan nhồi D1200 (26 cọc L=872m):P1-P1D,3.39,0.18,11.7
C753,10,Cọc khoan nhồi D1200 (26 cọc L=872m):P1-P1D,3.39,0.18,11.7
C753,10,Bản mặt cầu (Deck Slab):S3,0.33,0.18,11.7
C753,10,Bản mặt cầu (Deck Slab):S3,0.33,0.18,11.7
C753,10,Bản mặt cầu (Deck Slab):S3,0.33,0.18,11.7
C753,10,Bản mặt cầu (Deck Slab):S3,0.33,0.18,11.7
C754,10,Cọc khoan nhồi D1200 (26 cọc L=872m):P1-P1D,3.39,0.18,11.7
C754,10,Cọc khoan nhồi D1200 (26 cọc L=872m):P1-P1D,3.39,0.18,11.7
C754,10,Cọc khoan nhồi D1200 (26 cọc L=872m):P1-P1D,3.39,0.18,11.7
C754,10,Bản mặt cầu (Deck Slab):S3,0.33,0.18,11.7
C754,10,Bản mặt cầu (Deck Slab):S3,0.33,0.18,11.7
C754,10,Bản mặt cầu (Deck Slab):S3,0.33,0.18,11.7
C754,10,Bản mặt cầu (Deck Slab):S3,0.33,0.18,11.7
C755,10,Cọc khoan nhồi D1200 (26 cọc L=872m):P1-P1D,3.39,0.18,11.7
C755,10,Cọc khoan nhồi D1200 (26 cọc L=872m):P1-P1D,3.39,0.18,11.7
C755,10,Cọc khoan nhồi D1200 (26 cọc L=872m):P1-P1D,3.39,0.18,11.7
C755,10,Bản mặt cầu (Deck Slab):S3,0.33,0.18,11.7
C755,10,Bản mặt cầu (Deck Slab):S3,0.33,0.18,11.7
C755,10,Bản mặt cầu (Deck Slab):S3,0.33,0.18,11.7
C755,10,Bản mặt cầu (Deck Slab):S3,0.33,0.18,11.7
C756,10,Cọc khoan nhồi D1200 (26 cọc L=872m):P1-P1D,3.39,0.18,11.7
C756,10,Cọc khoan nhồi D1200 (26 cọc L=872m):P1-P1D,3.39,0.18,11.7
C756,10,Cọc khoan nhồi D1200 (26 cọc L=872m):P1-P1D,3.39,0.18,11.7
C756,10,Bản mặt cầu (Deck Slab):S3,0.33,0.18,11.7
C756,10,Bản mặt cầu (Deck Slab):S3,0.33,0.18,11.7
C756,10,Bản mặt cầu (Deck Slab):S3,0.33,0.18,11.7
C756,10,Bản mặt cầu (Deck Slab):S3,0.33,0.18,11.7
C757,10,Cọc khoan nhồi D1200 (26 cọc L=872m):P1-P1D,3.39,0.18,11.7
C757,10,Cọc khoan nhồi D1200 (26 cọc L=872m):P1-P1D,3.39,0.18,11.7
C757,10,Cọc khoan nhồi D1200 (26 cọc L=872m):P1-P1D,3.39,0.18,11.7
C757,10,Bản mặt cầu (Deck Slab):S3,0.33,0.18,11.7
C757,10,Bản mặt cầu (Deck Slab):S3,0.33,0.18,11.7
C757,10,Bản mặt cầu (Deck Slab):S3,0.33,0.18,11.7
C757,10,Bản mặt cầu (Deck Slab):S3,0.33,0.18,11.7
C758,10,Cọc khoan nhồi D1200 (26 cọc L=872m):P1-P1D,3.39,0.18,11.7
C758,10,Cọc khoan nhồi D1200 (26 cọc L=872m):P1-P1D,3.39,0.18,11.7
C758,10,Cọc khoan nhồi D1200 (26 cọc L=872m):P1-P1D,3.39,0.18,11.7
C758,10,Bản mặt cầu (Deck Slab):S3,0.33,0.18,11.7
C758,10,Bản mặt cầu (Deck Slab):S3,0.33,0.18,11.7
C758,10,Bản mặt cầu (Deck Slab):S3,0.33,0.18,11.7
C758,10,Bản mặt cầu (Deck Slab):S3,0.33,0.18,11.7
C759,10,Cọc khoan nhồi D1200 (26 cọc L=872m):P1-P1D,3.39,0.18,11.7
C759,10,Cọc khoan nhồi D1200 (26 cọc L=872m):P1-P1D,3.39,0.18,11.7
C759,10,Cọc khoan nhồi D1200 (26 cọc L=872m):P1-P1D,3.39,0.18,11.7
C759,10,Bản mặt cầu (Deck Slab):S3,0.33,0.18,11.7
C759,10,Bản mặt cầu (Deck Slab):S3,0.33,0.18,11.7
C759,10,Bản mặt cầu (Deck Slab):S3,0.33,0.18,11.7
C759,10,Bản mặt cầu (Deck Slab):S3,0.33,0.18,11.7
C760,10,Cọc khoan nhồi D1200 (26 cọc L=872m):P1-P1D,3.39,0.18,11.7
C760,10,Cọc khoan nhồi D1200 (26 cọc L=872m):P1-P1D,3.39,0.18,11.7
C760,10,Cọc khoan nhồi D1200 (26 cọc L=872m):P1-P1D,3.39,0.18,11.7
C760,10,Bản mặt cầu (Deck Slab):S3,0.33,0.18,11.7
C760,10,Bản mặt cầu (Deck Slab):S3,0.33,0.18,11.7
C760,10,Bản mặt cầu (Deck Slab):S3,0.33,0.18,11.7
C760,10,Bản mặt cầu (Deck Slab):S3,0.33,0.18,11.7
C761,10,Cọc khoan nhồi D1200 (26 cọc L=872m):P1-P1D,3.39,0.18,11.7
C761,10,Cọc khoan nhồi D1200 (26 cọc L=872m):P1-P1D,3.39,0.18,11.7
C761,10,Cọc khoan nhồi D1200 (26 cọc L=872m):P1-P1D,3.39,0.18,11.7
C761,10,Bản mặt cầu (Deck Slab):S3,0.33,0.18,11.7
C761,10,Bản mặt cầu (Deck Slab):S3,0.33,0.18,11.7
C761,10,Bản mặt cầu (Deck Slab):S3,0.33,0.18,11.7
C761,10,Bản mặt cầu (Deck Slab):S3,0.33,0.18,11.7
C762,10,Cọc khoan nhồi D1200 (26 cọc L=872m):P1-P1D,3.39,0.18,11.7
C762,10,Cọc khoan nhồi D1200 (26 cọc L=872m):P1-P1D,3.39,0.18,11.7
C762,10,Cọc khoan nhồi D1200 (26 cọc L=872m):P1-P1D,3.39,0.18,11.7
C762,10,Bản mặt cầu (Deck Slab):S3,0.33,0.18,11.7
C762,10,Bản mặt cầu (Deck Slab):S3,0.33,0.18,11.7
C762,10,Bản mặt cầu (Deck Slab):S3,0.33,0.18,11.7
C762,10,Bản mặt cầu (Deck Slab):S3,0.33,0.18,11.7
C763,10,Cọc khoan nhồi D1200 (26 cọc L=872m):P1-P1D,3.39,0.18,11.7
C763,10,Cọc khoan nhồi D1200 (26 cọc L=872m):P1-P1D,3.39,0.18,11.7
C763,10,Cọc khoan nhồi D1200 (26 cọc L=872m):P1-P1D,3.39,0.18,11.7
C763,10,Bản mặt cầu (Deck Slab):S3,0.33,0.18,11.7
C763,10,Bản mặt cầu (Deck Slab):S3,0.33,0.18,11.7
C763,10,Bản mặt cầu (Deck Slab):S3,0.33,0.18,11.7
C763,10,Bản mặt cầu (Deck Slab):S3,0.33,0.18,11.7
C764,10,Cọc khoan nhồi D1200 (26 cọc L=872m):P1-P1D,3.39,0.18,11.7
C764,10,Cọc khoan nhồi D1200 (26 cọc L=872m):P1-P1D,3.39,0.18,11.7
C764,10,Cọc khoan nhồi D1200 (26 cọc L=872m):P1-P1D,3.39,0.18,11.7
C764,10,Bản mặt cầu (Deck Slab):S3,0.33,0.18,11.7
C764,10,Bản mặt cầu (Deck Slab):S3,0.33,0.18,11.7
C764,10,Bản mặt cầu (Deck Slab):S3,0.33,0.18,11.7
C764,10,Bản mặt cầu (Deck Slab):S3,0.33,0.18,11.7
C765,10,Cọc khoan nhồi D1200 (26 cọc L=872m):P1-P1D,3.39,0.18,11.7
C765,10,Cọc khoan nhồi D1200 (26 cọc L=872m):P1-P1D,3.39,0.18,11.7
C765,10,Cọc khoan nhồi D1200 (26 cọc L=872m):P1-P1D,3.39,0.18,11.7
C765,10,Bản mặt cầu (Deck Slab):S3,0.33,0.18,11.7
C765,10,Bản mặt cầu (Deck Slab):S3,0.33,0.18,11.7
C765,10,Bản mặt cầu (Deck Slab):S3,0.33,0.18,11.7
C765,10,Bản mặt cầu (Deck Slab):S3,0.33,0.18,11.7
C766,10,Cọc khoan nhồi D1200 (26 cọc L=872m):P1-P1D,3.39,0.18,11.7
C766,10,Cọc khoan nhồi D1200 (26 cọc L=872m):P1-P1D,3.39,0.18,11.7
C766,10,Cọc khoan nhồi D1200 (26 cọc L=872m):P1-P1D,3.39,0.18,11.7
C766,10,Bản mặt cầu (Deck Slab):S3,0.33,0.18,11.7
C766,10,Bản mặt cầu (Deck Slab):S3,0.33,0.18,11.7
C766,10,Bản mặt cầu (Deck Slab):S3,0.33,0.18,11.7
C766,10,Bản mặt cầu (Deck Slab):S3,0.33,0.18,11.7
C767,10,Cọc khoan nhồi D1200 (26 cọc L=872m):P1-P1D,3.39,0.18,11.7
C767,10,Cọc khoan nhồi D1200 (26 cọc L=872m):P1-P1D,3.39,0.18,11.7
C767,10,Cọc khoan nhồi D1200 (26 cọc L=872m):P1-P1D,3.39,0.18,11.7
C767,10,Bản mặt cầu (Deck Slab):S3,0.33,0.18,11.7
C767,10,Bản mặt cầu (Deck Slab):S3,0.33,0.18,11.7
C767,10,Bản mặt cầu (Deck Slab):S3,0.33,0.18,11.7
C767,10,Bản mặt cầu (Deck Slab):S3,0.33,0.18,11.7
C768,10,Cọc khoan nhồi D1200 (26 cọc L=872m):P1-P1D,3.39,0.18,11.7
C768,10,Cọc khoan nhồi D1200 (26 cọc L=872m):P1-P1D,3.39,0.18,11.7
C768,10,Cọc khoan nhồi D1200 (26 cọc L=872m):P1-P1D,3.39,0.18,11.7
C768,10,Bản mặt cầu (Deck Slab):S3,0.33,0.18,11.7
C768,10,Bản mặt cầu (Deck Slab):S3,0.33,0.18,11.7
C768,10,Bản mặt cầu (Deck Slab):S3,0.33,0.18,11.7
C768,10,Bản mặt cầu (Deck Slab):S3,0.33,0.18,11.7
C769,10,Cọc khoan nhồi D1200 (26 cọc L=872m):P1-P1D,3.39,0.18,11.7
C769,10,Cọc khoan nhồi D1200 (26 cọc L=872m):P1-P1D,3.39,0.18,11.7
C769,10,Cọc khoan nhồi D1200 (26 cọc L=872m):P1-P1D,3.39,0.18,11.7
C769,10,Bản mặt cầu (Deck Slab):S3,0.33,0.18,11.7
C769,10,Bản mặt cầu (Deck Slab):S3,0.33,0.18,11.7
C769,10,Bản mặt cầu (Deck Slab):S3,0.33,0.18,11.7
C769,10,Bản mặt cầu (Deck Slab):S3,0.33,0.18,11.7
C770,10,Cọc khoan nhồi D1200 (26 cọc L=872m):P1-P1D,3.39,0.18,11.7
C770,10,Cọc khoan nhồi D1200 (26 cọc L=872m):P1-P1D,3.39,0.18,11.7
C770,10,Cọc khoan nhồi D1200 (26 cọc L=872m):P1-P1D,3.39,0.18,11.7
C770,10,Bản mặt cầu (Deck Slab):S3,0.33,0.18,11.7
C770,10,Bản mặt cầu (Deck Slab):S3,0.33,0.18,11.7
C770,10,Bản mặt cầu (Deck Slab):S3,0.33,0.18,11.7
C770,10,Bản mặt cầu (Deck Slab):S3,0.33,0.18,11.7
C771,10,Cọc khoan nhồi D1200 (26 cọc L=872m):P1-P1D,3.39,0.18,11.7
C771,10,Cọc khoan nhồi D1200 (26 cọc L=872m):P1-P1D,3.39,0.18,11.7
C771,10,Cọc khoan nhồi D1200 (26 cọc L=872m):P1-P1D,3.39,0.18,11.7
C771,10,Bản mặt cầu (Deck Slab):S3,0.33,0.18,11.7
C771,10,Bản mặt cầu (Deck Slab):S3,0.33,0.18,11.7
C771,10,Bản mặt cầu (Deck Slab):S3,0.33,0.18,11.7
C771,10,Bản mặt cầu (Deck Slab):S3,0.33,0.18,11.7
C772,10,Cọc khoan nhồi D1200 (26 cọc L=872m):P1-P1D,3.39,0.18,11.7
C772,10,Cọc khoan nhồi D1200 (26 cọc L=872m):P1-P1D,3.39,0.18,11.7
C772,10,Cọc khoan nhồi D1200 (26 cọc L=872m):P1-P1D,3.39,0.18,11.7
C772,10,Bản mặt cầu (Deck Slab):S3,0.33,0.18,11.7
C772,10,Bản mặt cầu (Deck Slab):S3,0.33,0.18,11.7
C772,10,Bản mặt cầu (Deck Slab):S3,0.33,0.18,11.7
C772,10,Bản mặt cầu (Deck Slab):S3,0.33,0.18,11.7
C773,10,Cọc khoan nhồi D1200 (26 cọc L=872m):P1-P1D,3.39,0.18,11.7
C773,10,Cọc khoan nhồi D1200 (26 cọc L=872m):P1-P1D,3.39,0.18,11.7
C773,10,Cọc khoan nhồi D1200 (26 cọc L=872m):P1-P1D,3.39,0.18,11.7
C773,10,Bản mặt cầu (Deck Slab):S3,0.33,0.18,11.7
C773,10,Bản mặt cầu (Deck Slab):S3,0.33,0.18,11.7
C773,10,Bản mặt cầu (Deck Slab):S3,0.33,0.18,11.7
C773,10,Bản mặt cầu (Deck Slab):S3,0.33,0.18,11.7
C774,10,Cọc khoan nhồi D1200 (26 cọc L=872m):P1-P1D,3.39,0.18,11.7
C774,10,Cọc khoan nhồi D1200 (26 cọc L=872m):P1-P1D,3.39,0.18,11.7
C774,10,Cọc khoan nhồi D1200 (26 cọc L=872m):P1-P1D,3.39,0.18,11.7
C774,10,Bản mặt cầu (Deck Slab):S3,0.33,0.18,11.7
C774,10,Bản mặt cầu (Deck Slab):S3,0.33,0.18,11.7
C774,10,Bản mặt cầu (Deck Slab):S3,0.33,0.18,11.7
C774,10,Bản mặt cầu (Deck Slab):S3,0.33,0.18,11.7
C775,10,Cọc khoan nhồi D1200 (26 cọc L=872m):P1-P1D,3.39,0.18,11.7
C775,10,Cọc khoan nhồi D1200 (26 cọc L=872m):P1-P1D,3.39,0.18,11.7
C775,10,Cọc khoan nhồi D1200 (26 cọc L=872m):P1-P1D,3.39,0.18,11.7
C775,10,Bản mặt cầu (Deck Slab):S3,0.33,0.18,11.7
C775,10,Bản mặt cầu (Deck Slab):S3,0.33,0.18,11.7
C775,10,Bản mặt cầu (Deck Slab):S3,0.33,0.18,11.7
C775,10,Bản mặt cầu (Deck Slab):S3,0.33,0.18,11.7
C776,10,Cọc khoan nhồi D1200 (26 cọc L=872m):P1-P1D,3.39,0.18,11.7
C776,10,Cọc khoan nhồi D1200 (26 cọc L=872m):P1-P1D,3.39,0.18,11.7
C776,10,Cọc khoan nhồi D1200 (26 cọc L=872m):P1-P1D,3.39,0.18,11.7
C776,10,Bản mặt cầu (Deck Slab):S3,0.33,0.18,11.7
C776,10,Bản mặt cầu (Deck Slab):S3,0.33,0.18,11.7
C776,10,Bản mặt cầu (Deck Slab):S3,0.33,0.18,11.7
C776,10,Bản mặt cầu (Deck Slab):S3,0.33,0.18,11.7
C777,10,Cọc khoan nhồi D1200 (26 cọc L=872m):P1-P1D,3.39,0.18,11.7
C777,10,Cọc khoan nhồi D1200 (26 cọc L=872m):P1-P1D,3.39,0.18,11.7
C777,10,Cọc khoan nhồi D1200 (26 cọc L=872m):P1-P1D,3.39,0.18,11.7
C777,10,Bản mặt cầu (Deck Slab):S3,0.33,0.18,11.7
C777,10,Bản mặt cầu (Deck Slab):S3,0.33,0.18,11.7
C777,10,Bản mặt cầu (Deck Slab):S3,0.33,0.18,11.7
C777,10,Bản mặt cầu (Deck Slab):S3,0.33,0.18,11.7
C778,10,Cọc khoan nhồi D1200 (26 cọc L=872m):P1-P1D,3.39,0.18,11.7
C778,10,Cọc khoan nhồi D1200 (26 cọc L=872m):P1-P1D,3.39,0.18,11.7
C778,10,Cọc khoan nhồi D1200 (26 cọc L=872m):P1-P1D,3.39,0.18,11.7
C778,10,Bản mặt cầu (Deck Slab):S3,0.33,0.18,11.7
C778,10,Bản mặt cầu (Deck Slab):S3,0.33,0.18,11.7
C778,10,Bản mặt cầu (Deck Slab):S3,0.33,0.18,11.7
C778,10,Bản mặt cầu (Deck Slab):S3,0.33,0.18,11.7
C779,10,Cọc khoan nhồi D1200 (26 cọc L=872m):P1-P1D,3.39,0.18,11.7
C779,10,Cọc khoan nhồi D1200 (26 cọc L=872m):P1-P1D,3.39,0.18,11.7
C779,10,Cọc khoan nhồi D1200 (26 cọc L=872m):P1-P1D,3.39,0.18,11.7
C779,10,Bản mặt cầu (Deck Slab):S3,0.33,0.18,11.7
C779,10,Bản mặt cầu (Deck Slab):S3,0.33,0.18,11.7
C779,10,Bản mặt cầu (Deck Slab):S3,0.33,0.18,11.7
C779,10,Bản mặt cầu (Deck Slab):S3,0.33,0.18,11.7
C780,10,Cọc khoan nhồi D1200 (26 cọc L=872m):P1-P1D,3.39,0.18,11.7
C780,10,Cọc khoan nhồi D1200 (26 cọc L=872m):P1-P1D,3.39,0.18,11.7
C780,10,Cọc khoan nhồi D1200 (26 cọc L=872m):P1-P1D,3.39,0.18,11.7
C780,10,Bản mặt cầu (Deck Slab):S3,0.33,0.18,11.7
C780,10,Bản mặt cầu (Deck Slab):S3,0.33,0.18,11.7
C780,10,Bản mặt cầu (Deck Slab):S3,0.33,0.18,11.7
C780,10,Bản mặt cầu (Deck Slab):S3,0.33,0.18,11.7
C781,10,Cọc khoan nhồi D1200 (26 cọc L=872m):P1-P1D,3.39,0.18,11.7
C781,10,Cọc khoan nhồi D1200 (26 cọc L=872m):P1-P1D,3.39,0.18,11.7
C781,10,Cọc khoan nhồi D1200 (26 cọc L=872m):P1-P1D,3.39,0.18,11.7
C781,10,Bản mặt cầu (Deck Slab):S3,0.33,0.18,11.7
C781,10,Bản mặt cầu (Deck Slab):S3,0.33,0.18,11.7
C781,10,Bản mặt cầu (Deck Slab):S3,0.33,0.18,11.7
C781,10,Bản mặt cầu (Deck Slab):S3,0.33,0.18,11.7
C782,10,Cọc khoan nhồi D1200 (26 cọc L=872m):P1-P1D,3.39,0.18,11.7
C782,10,Cọc khoan nhồi D1200 (26 cọc L=872m):P1-P1D,3.39,0.18,11.7
C782,10,Cọc khoan nhồi D1200 (26 cọc L=872m):P1-P1D,3.39,0.18,11.7
C782,10,Bản mặt cầu (Deck Slab):S3,0.33,0.18,11.7
C782,10,Bản mặt cầu (Deck Slab):S3,0.33,0.18,11.7
C782,10,Bản mặt cầu (Deck Slab):S3,0.33,0.18,11.7
C782,10,Bản mặt cầu (Deck Slab):S3,0.33,0.18,11.7
C783,10,Cọc khoan nhồi D1200 (26 cọc L=872m):P1-P1D,3.39,0.18,11.7
C783,10,Cọc khoan nhồi D1200 (26 cọc L=872m):P1-P1D,3.39,0.18,11.7
C783,10,Cọc khoan nhồi D1200 (26 cọc L=872m):P1-P1D,3.39,0.18,11.7
C783,10,Bản mặt cầu (Deck Slab):S3,0.33,0.18,11.7
C783,10,Bản mặt cầu (Deck Slab):S3,0.33,0.18,11.7
C783,10,Bản mặt cầu (Deck Slab):S3,0.33,0.18,11.7
C783,10,Bản mặt cầu (Deck Slab):S3,0.33,0.18,11.7
C784,10,Cọc khoan nhồi D1200 (26 cọc L=872m):P1-P1D,3.39,0.18,11.7
C784,10,Cọc khoan nhồi D1200 (26 cọc L=872m):P1-P1D,3.39,0.18,11.7
C784,10,Cọc khoan nhồi D1200 (26 cọc L=872m):P1-P1D,3.39,0.18,11.7
C784,10,Bản mặt cầu (Deck Slab):S3,0.33,0.18,11.7
C784,10,Bản mặt cầu (Deck Slab):S3,0.33,0.18,11.7
C784,10,Bản mặt cầu (Deck Slab):S3,0.33,0.18,11.7
C784,10,Bản mặt cầu (Deck Slab):S3,0.33,0.18,11.7
C785,10,Cọc khoan nhồi D1200 (26 cọc L=872m):P1-P1D,3.39,0.18,11.7
C785,10,Cọc khoan nhồi D1200 (26 cọc L=872m):P1-P1D,3.39,0.18,11.7
C785,10,Cọc khoan nhồi D1200 (26 cọc L=872m):P1-P1D,3.39,0.18,11.7
C785,10,Bản mặt cầu (Deck Slab):S3,0.33,0.18,11.7
C785,10,Bản mặt cầu (Deck Slab):S3,0.33,0.18,11.7
C785,10,Bản mặt cầu (Deck Slab):S3,0.33,0.18,11.7
C785,10,Bản mặt cầu (Deck Slab):S3,0.33,0.18,11.7
C786,10,Cọc khoan nhồi D1200 (26 cọc L=872m):P1-P1D,3.39,0.18,11.7
C786,10,Cọc khoan nhồi D1200 (26 cọc L=872m):P1-P1D,3.39,0.18,11.7
C786,10,Cọc khoan nhồi D1200 (26 cọc L=872m):P1-P1D,3.39,0.18,11.7
C786,10,Bản mặt cầu (Deck Slab):S3,0.33,0.18,11.7
C786,10,Bản mặt cầu (Deck Slab):S3,0.33,0.18,11.7
C786,10,Bản mặt cầu (Deck Slab):S3,0.33,0.18,11.7
C786,10,Bản mặt cầu (Deck Slab):S3,0.33,0.18,11.7
C787,10,Cọc khoan nhồi D1200 (26 cọc L=872m):P1-P1D,3.39,0.18,11.7
C787,10,Cọc khoan nhồi D1200 (26 cọc L=872m):P1-P1D,3.39,0.18,11.7
C787,10,Cọc khoan nhồi D1200 (26 cọc L=872m):P1-P1D,3.39,0.18,11.7
C787,10,Bản mặt cầu (Deck Slab):S3,0.33,0.18,11.7
C787,10,Bản mặt cầu (Deck Slab):S3,0.33,0.18,11.7
C787,10,Bản mặt cầu (Deck Slab):S3,0.33,0.18,11.7
C787,10,Bản mặt cầu (Deck Slab):S3,0.33,0.18,11.7
C788,10,Cọc khoan nhồi D1200 (26 cọc L=872m):P1-P1D,3.39,0.18,11.7
C788,10,Cọc khoan nhồi D1200 (26 cọc L=872m):P1-P1D,3.39,0.18,11.7
C788,10,Cọc khoan nhồi D1200 (26 cọc L=872m):P1-P1D,3.39,0.18,11.7
C788,10,Bản mặt cầu (Deck Slab):S3,0.33,0.18,11.7
C788,10,Bản mặt cầu (Deck Slab):S3,0.33,0.18,11.7
C788,10,Bản mặt cầu (Deck Slab):S3,0.33,0.18,11.7
C788,10,Bản mặt cầu (Deck Slab):S3,0.33,0.18,11.7
C789,10,Cọc khoan nhồi D1200 (26 cọc L=872m):P1-P1D,3.39,0.18,11.7
C789,10,Cọc khoan nhồi D1200 (26 cọc L=872m):P1-P1D,3.39,0.18,11.7
C789,10,Cọc khoan nhồi D1200 (26 cọc L=872m):P1-P1D,3.39,0.18,11.7
C789,10,Bản mặt cầu (Deck Slab):S3,0.33,0.18,11.7
C789,10,Bản mặt cầu (Deck Slab):S3,0.33,0.18,11.7
C789,10,Bản mặt cầu (Deck Slab):S3,0.33,0.18,11.7
C789,10,Bản mặt cầu (Deck Slab):S3,0.33,0.18,11.7
C790,10,Cọc khoan nhồi D1200 (26 cọc L=872m):P1-P1D,3.39,0.18,11.7
C790,10,Cọc khoan nhồi D1200 (26 cọc L=872m):P1-P1D,3.39,0.18,11.7
C790,10,Cọc khoan nhồi D1200 (26 cọc L=872m):P1-P1D,3.39,0.18,11.7
C790,10,Bản mặt cầu (Deck Slab):S3,0.33,0.18,11.7
C790,10,Bản mặt cầu (Deck Slab):S3,0.33,0.18,11.7
C790,10,Bản mặt cầu (Deck Slab):S3,0.33,0.18,11.7
C790,10,Bản mặt cầu (Deck Slab):S3,0.33,0.18,11.7
C791,10,Cọc khoan nhồi D1200 (26 cọc L=872m):P1-P1D,3.39,0.18,11.7
C791,10,Cọc khoan nhồi D1200 (26 cọc L=872m):P1-P1D,3.39,0.18,11.7
C791,10,Cọc khoan nhồi D1200 (26 cọc L=872m):P1-P1D,3.39,0.18,11.7
C791,10,Bản mặt cầu (Deck Slab):S3,0.33,0.18,11.7
C791,10,Bản mặt cầu (Deck Slab):S3,0.33,0.18,11.7
C791,10,Bản mặt cầu (Deck Slab):S3,0.33,0.18,11.7
C791,10,Bản mặt cầu (Deck Slab):S3,0.33,0.18,11.7
C792,10,Cọc khoan nhồi D1200 (26 cọc L=872m):P1-P1D,3.39,0.18,11.7
C792,10,Cọc khoan nhồi D1200 (26 cọc L=872m):P1-P1D,3.39,0.18,11.7
C792,10,Cọc khoan nhồi D1200 (26 cọc L=872m):P1-P1D,3.39,0.18,11.7
C792,10,Bản mặt cầu (Deck Slab):S3,0.33,0.18,11.7
C792,10,Bản mặt cầu (Deck Slab):S3,0.33,0.18,11.7
C792,10,Bản mặt cầu (Deck Slab):S3,0.33,0.18,11.7
C792,10,Bản mặt cầu (Deck Slab):S3,0.33,0.18,11.7
C793,10,Cọc khoan nhồi D1200 (26 cọc L=872m):P1-P1D,3.39,0.18,11.7
C793,10,Cọc khoan nhồi D1200 (26 cọc L=872m):P1-P1D,3.39,0.18,11.7
C793,10,Cọc khoan nhồi D1200 (26 cọc L=872m):P1-P1D,3.39,0.18,11.7
C793,10,Bản mặt cầu (Deck Slab):S3,0.33,0.18,11.7
C793,10,Bản mặt cầu (Deck Slab):S3,0.33,0.18,11.7
C793,10,Bản mặt cầu (Deck Slab):S3,0.33,0.18,11.7
C793,10,Bản mặt cầu (Deck Slab):S3,0.33,0.18,11.7
C794,10,Cọc khoan nhồi D1200 (26 cọc L=872m):P1-P1D,3.39,0.18,11.7
C794,10,Cọc khoan nhồi D1200 (26 cọc L=872m):P1-P1D,3.39,0.18,11.7
C794,10,Cọc khoan nhồi D1200 (26 cọc L=872m):P1-P1D,3.39,0.18,11.7
C794,10,Bản mặt cầu (Deck Slab):S3,0.33,0.18,11.7
C794,10,Bản mặt cầu (Deck Slab):S3,0.33,0.18,11.7
C794,10,Bản mặt cầu (Deck Slab):S3,0.33,0.18,11.7
C794,10,Bản mặt cầu (Deck Slab):S3,0.33,0.18,11.7
C795,10,Cọc khoan nhồi D1200 (26 cọc L=872m):P1-P1D,3.39,0.18,11.7
C795,10,Cọc khoan nhồi D1200 (26 cọc L=872m):P1-P1D,3.39,0.18,11.7
C795,10,Cọc khoan nhồi D1200 (26 cọc L=872m):P1-P1D,3.39,0.18,11.7
C795,10,Bản mặt cầu (Deck Slab):S3,0.33,0.18,11.7
C795,10,Bản mặt cầu (Deck Slab):S3,0.33,0.18,11.7
C795,10,Bản mặt cầu (Deck Slab):S3,0.33,0.18,11.7
C795,10,Bản mặt cầu (Deck Slab):S3,0.33,0.18,11.7
C796,10,Cọc khoan nhồi D1200 (26 cọc L=872m):P1-P1D,3.39,0.18,11.7
C796,10,Cọc khoan nhồi D1200 (26 cọc L=872m):P1-P1D,3.39,0.18,11.7
C796,10,Cọc khoan nhồi D1200 (26 cọc L=872m):P1-P1D,3.39,0.18,11.7
C796,10,Bản mặt cầu (Deck Slab):S3,0.33,0.18,11.7
C796,10,Bản mặt cầu (Deck Slab):S3,0.33,0.18,11.7
C796,10,Bản mặt cầu (Deck Slab):S3,0.33,0.18,11.7
C796,10,Bản mặt cầu (Deck Slab):S3,0.33,0.18,11.7
C797,10,Cọc khoan nhồi D1200 (26 cọc L=872m):P1-P1D,3.39,0.18,11.7
C797,10,Cọc khoan nhồi D1200 (26 cọc L=872m):P1-P1D,3.39,0.18,11.7
C797,10,Cọc khoan nhồi D1200 (26 cọc L=872m):P1-P1D,3.39,0.18,11.7
C797,10,Bản mặt cầu (Deck Slab):S3,0.33,0.18,11.7
C797,10,Bản mặt cầu (Deck Slab):S3,0.33,0.18,11.7
C797,10,Bản mặt cầu (Deck Slab):S3,0.33,0.18,11.7
C797,10,Bản mặt cầu (Deck Slab):S3,0.33,0.18,11.7
C798,10,Cọc khoan nhồi D1200 (26 cọc L=872m):P1-P1D,3.39,0.18,11.7
C798,10,Cọc khoan nhồi D1200 (26 cọc L=872m):P1-P1D,3.39,0.18,11.7
C798,10,Cọc khoan nhồi D1200 (26 cọc L=872m):P1-P1D,3.39,0.18,11.7
C798,10,Bản mặt cầu (Deck Slab):S3,0.33,0.18,11.7
C798,10,Bản mặt cầu (Deck Slab):S3,0.33,0.18,11.7
C798,10,Bản mặt cầu (Deck Slab):S3,0.33,0.18,11.7
C798,10,Bản mặt cầu (Deck Slab):S3,0.33,0.18,11.7
C799,10,Cọc khoan nhồi D1200 (26 cọc L=872m):P1-P1D,3.39,0.18,11.7
C799,10,Cọc khoan nhồi D1200 (26 cọc L=872m):P1-P1D,3.39,0.18,11.7
C799,10,Cọc khoan nhồi D1200 (26 cọc L=872m):P1-P1D,3.39,0.18,11.7
C799,10,Bản mặt cầu (Deck Slab):S3,0.33,0.18,11.7
C799,10,Bản mặt cầu (Deck Slab):S3,0.33,0.18,11.7
C799,10,Bản mặt cầu (Deck Slab):S3,0.33,0.18,11.7
C799,10,Bản mặt cầu (Deck Slab):S3,0.33,0.18,11.7
C800,10,Cọc khoan nhồi D1200 (26 cọc L=872m):P1-P1D,3.39,0.18,11.7
C800,10,Cọc khoan nhồi D1200 (26 cọc L=872m):P1-P1D,3.39,0.18,11.7
C800,10,Cọc khoan nhồi D1200 (26 cọc L=872m):P1-P1D,3.39,0.18,11.7
C800,10,Bản mặt cầu (Deck Slab):S3,0.33,0.18,11.7
C800,10,Bản mặt cầu (Deck Slab):S3,0.33,0.18,11.7
C800,10,Bản mặt cầu (Deck Slab):S3,0.33,0.18,11.7
C800,10,Bản mặt cầu (Deck Slab):S3,0.33,0.18,11.7
C801,10,Cọc khoan nhồi D1200 (26 cọc L=872m):P1-P1D,3.39,0.18,11.7
C801,10,Cọc khoan nhồi D1200 (26 cọc L=872m):P1-P1D,3.39,0.18,11.7
C801,10,Cọc khoan nhồi D1200 (26 cọc L=872m):P1-P1D,3.39,0.18,11.7
C801,10,Bản mặt cầu (Deck Slab):S3,0.33,0.18,11.7
C801,10,Bản mặt cầu (Deck Slab):S3,0.33,0.18,11.7
C801,10,Bản mặt cầu (Deck Slab):S3,0.33,0.18,11.7
C801,10,Bản mặt cầu (Deck Slab):S3,0.33,0.18,11.7
C802,10,Cọc khoan nhồi D1200 (26 cọc L=872m):P1-P1D,3.39,0.18,11.7
C802,10,Cọc khoan nhồi D1200 (26 cọc L=872m):P1-P1D,3.39,0.18,11.7
C802,10,Cọc khoan nhồi D1200 (26 cọc L=872m):P1-P1D,3.39,0.18,11.7
C802,10,Bản mặt cầu (Deck Slab):S3,0.33,0.18,11.7
C802,10,Bản mặt cầu (Deck Slab):S3,0.33,0.18,11.7
C802,10,Bản mặt cầu (Deck Slab):S3,0.33,0.18,11.7
C802,10,Bản mặt cầu (Deck Slab):S3,0.33,0.18,11.7
C803,10,Cọc khoan nhồi D1200 (26 cọc L=872m):P1-P1D,3.39,0.18,11.7
C803,10,Cọc khoan nhồi D1200 (26 cọc L=872m):P1-P1D,3.39,0.18,11.7
C803,10,Cọc khoan nhồi D1200 (26 cọc L=872m):P1-P1D,3.39,0.18,11.7
C803,10,Bản mặt cầu (Deck Slab):S3,0.33,0.18,11.7
C803,10,Bản mặt cầu (Deck Slab):S3,0.33,0.18,11.7
C803,10,Bản mặt cầu (Deck Slab):S3,0.33,0.18,11.7
C803,10,Bản mặt cầu (Deck Slab):S3,0.33,0.18,11.7
C804,10,Cọc khoan nhồi D1200 (26 cọc L=872m):P1-P1D,3.39,0.18,11.7
C804,10,Cọc khoan nhồi D1200 (26 cọc L=872m):P1-P1D,3.39,0.18,11.7
C804,10,Cọc khoan nhồi D1200 (26 cọc L=872m):P1-P1D,3.39,0.18,11.7
C804,10,Bản mặt cầu (Deck Slab):S3,0.33,0.18,11.7
C804,10,Bản mặt cầu (Deck Slab):S3,0.33,0.18,11.7
C804,10,Bản mặt cầu (Deck Slab):S3,0.33,0.18,11.7
C804,10,Bản mặt cầu (Deck Slab):S3,0.33,0.18,11.7
C805,10,Cọc khoan nhồi D1200 (26 cọc L=872m):P1-P1D,3.39,0.18,11.7
C805,10,Cọc khoan nhồi D1200 (26 cọc L=872m):P1-P1D,3.39,0.18,11.7
C805,10,Cọc khoan nhồi D1200 (26 cọc L=872m):P1-P1D,3.39,0.18,11.7
C805,10,Bản mặt cầu (Deck Slab):S3,0.33,0.18,11.7
C805,10,Bản mặt cầu (Deck Slab):S3,0.33,0.18,11.7
C805,10,Bản mặt cầu (Deck Slab):S3,0.33,0.18,11.7
C805,10,Bản mặt cầu (Deck Slab):S3,0.33,0.18,11.7
C806,10,Cọc khoan nhồi D1200 (26 cọc L=872m):P1-P1D,3.39,0.18,11.7
C806,10,Cọc khoan nhồi D1200 (26 cọc L=872m):P1-P1D,3.39,0.18,11.7
C806,10,Cọc khoan nhồi D1200 (26 cọc L=872m):P1-P1D,3.39,0.18,11.7
C806,10,Bản mặt cầu (Deck Slab):S3,0.33,0.18,11.7
C806,10,Bản mặt cầu (Deck Slab):S3,0.33,0.18,11.7
C806,10,Bản mặt cầu (Deck Slab):S3,0.33,0.18,11.7
C806,10,Bản mặt cầu (Deck Slab):S3,0.33,0.18,11.7
C807,10,Cọc khoan nhồi D1200 (26 cọc L=872m):P1-P1D,3.39,0.18,11.7
C807,10,Cọc khoan nhồi D1200 (26 cọc L=872m):P1-P1D,3.39,0.18,11.7
C807,10,Cọc khoan nhồi D1200 (26 cọc L=872m):P1-P1D,3.39,0.18,11.7
C807,10,Bản mặt cầu (Deck Slab):S3,0.33,0.18,11.7
C807,10,Bản mặt cầu (Deck Slab):S3,0.33,0.18,11.7
C807,10,Bản mặt cầu (Deck Slab):S3,0.33,0.18,11.7
C807,10,Bản mặt cầu (Deck Slab):S3,0.33,0.18,11.7
C808,10,Cọc khoan nhồi D1200 (26 cọc L=872m):P1-P1D,3.39,0.18,11.7
C808,10,Cọc khoan nhồi D1200 (26 cọc L=872m):P1-P1D,3.39,0.18,11.7
C808,10,Cọc khoan nhồi D1200 (26 cọc L=872m):P1-P1D,3.39,0.18,11.7
C808,10,Bản mặt cầu (Deck Slab):S3,0.33,0.18,11.7
C808,10,Bản mặt cầu (Deck Slab):S3,0.33,0.18,11.7
C808,10,Bản mặt cầu (Deck Slab):S3,0.33,0.18,11.7
C808,10,Bản mặt cầu (Deck Slab):S3,0.33,0.18,11.7
C809,10,Cọc khoan nhồi D1200 (26 cọc L=872m):P1-P1D,3.39,0.18,11.7
C809,10,Cọc khoan nhồi D1200 (26 cọc L=872m):P1-P1D,3.39,0.18,11.7
C809,10,Cọc khoan nhồi D1200 (26 cọc L=872m):P1-P1D,3.39,0.18,11.7
C809,10,Bản mặt cầu (Deck Slab):S3,0.33,0.18,11.7
C809,10,Bản mặt cầu (Deck Slab):S3,0.33,0.18,11.7
C809,10,Bản mặt cầu (Deck Slab):S3,0.33,0.18,11.7
C809,10,Bản mặt cầu (Deck Slab):S3,0.33,0.18,11.7
C810,10,Cọc khoan nhồi D1200 (26 cọc L=872m):P1-P1D,3.39,0.18,11.7
C810,10,Cọc khoan nhồi D1200 (26 cọc L=872m):P1-P1D,3.39,0.18,11.7
C810,10,Cọc khoan nhồi D1200 (26 cọc L=872m):P1-P1D,3.39,0.18,11.7
C810,10,Bản mặt cầu (Deck Slab):S3,0.33,0.18,11.7
C810,10,Bản mặt cầu (Deck Slab):S3,0.33,0.18,11.7
C810,10,Bản mặt cầu (Deck Slab):S3,0.33,0.18,11.7
C810,10,Bản mặt cầu (Deck Slab):S3,0.33,0.18,11.7
C811,10,Cọc khoan nhồi D1200 (26 cọc L=872m):P1-P1D,3.39,0.18,11.7
C811,10,Cọc khoan nhồi D1200 (26 cọc L=872m):P1-P1D,3.39,0.18,11.7
C811,10,Cọc khoan nhồi D1200 (26 cọc L=872m):P1-P1D,3.39,0.18,11.7
C811,10,Bản mặt cầu (Deck Slab):S3,0.33,0.18,11.7
C811,10,Bản mặt cầu (Deck Slab):S3,0.33,0.18,11.7
C811,10,Bản mặt cầu (Deck Slab):S3,0.33,0.18,11.7
C811,10,Bản mặt cầu (Deck Slab):S3,0.33,0.18,11.7
C812,10,Cọc khoan nhồi D1200 (26 cọc L=872m):P1-P1D,3.39,0.18,11.7
C812,10,Cọc khoan nhồi D1200 (26 cọc L=872m):P1-P1D,3.39,0.18,11.7
C812,10,Cọc khoan nhồi D1200 (26 cọc L=872m):P1-P1D,3.39,0.18,11.7
C812,10,Bản mặt cầu (Deck Slab):S3,0.33,0.18,11.7
C812,10,Bản mặt cầu (Deck Slab):S3,0.33,0.18,11.7
C812,10,Bản mặt cầu (Deck Slab):S3,0.33,0.18,11.7
C812,10,Bản mặt cầu (Deck Slab):S3,0.33,0.18,11.7
C813,10,Cọc khoan nhồi D1200 (26 cọc L=872m):P1-P1D,3.39,0.18,11.7
C813,10,Cọc khoan nhồi D1200 (26 cọc L=872m):P1-P1D,3.39,0.18,11.7
C813,10,Cọc khoan nhồi D1200 (26 cọc L=872m):P1-P1D,3.39,0.18,11.7
C813,10,Bản mặt cầu (Deck Slab):S3,0.33,0.18,11.7
C813,10,Bản mặt cầu (Deck Slab):S3,0.33,0.18,11.7
C813,10,Bản mặt cầu (Deck Slab):S3,0.33,0.18,11.7
C813,10,Bản mặt cầu (Deck Slab):S3,0.33,0.18,11.7
C814,10,Cọc khoan nhồi D1200 (26 cọc L=872m):P1-P1D,3.39,0.18,11.7
C814,10,Cọc khoan nhồi D1200 (26 cọc L=872m):P1-P1D,3.39,0.18,11.7
C814,10,Cọc khoan nhồi D1200 (26 cọc L=872m):P1-P1D,3.39,0.18,11.7
C814,10,Bản mặt cầu (Deck Slab):S3,0.33,0.18,11.7
C814,10,Bản mặt cầu (Deck Slab):S3,0.33,0.18,11.7
C814,10,Bản mặt cầu (Deck Slab):S3,0.33,0.18,11.7
C814,10,Bản mặt cầu (Deck Slab):S3,0.33,0.18,11.7
C815,10,Cọc khoan nhồi D1200 (26 cọc L=872m):P1-P1D,3.39,0.18,11.7
C815,10,Cọc khoan nhồi D1200 (26 cọc L=872m):P1-P1D,3.39,0.18,11.7
C815,10,Cọc khoan nhồi D1200 (26 cọc L=872m):P1-P1D,3.39,0.18,11.7
C815,10,Bản mặt cầu (Deck Slab):S3,0.33,0.18,11.7
C815,10,Bản mặt cầu (Deck Slab):S3,0.33,0.18,11.7
C815,10,Bản mặt cầu (Deck Slab):S3,0.33,0.18,11.7
C815,10,Bản mặt cầu (Deck Slab):S3,0.33,0.18,11.7
C816,10,Cọc khoan nhồi D1200 (26 cọc L=872m):P1-P1D,3.39,0.18,11.7
C816,10,Cọc khoan nhồi D1200 (26 cọc L=872m):P1-P1D,3.39,0.18,11.7
C816,10,Cọc khoan nhồi D1200 (26 cọc L=872m):P1-P1D,3.39,0.18,11.7
C816,10,Bản mặt cầu (Deck Slab):S3,0.33,0.18,11.7
C816,10,Bản mặt cầu (Deck Slab):S3,0.33,0.18,11.7
C816,10,Bản mặt cầu (Deck Slab):S3,0.33,0.18,11.7
C816,10,Bản mặt cầu (Deck Slab):S3,0.33,0.18,11.7
C817,10,Cọc khoan nhồi D1200 (26 cọc L=872m):P1-P1D,3.39,0.18,11.7
C817,10,Cọc khoan nhồi D1200 (26 cọc L=872m):P1-P1D,3.39,0.18,11.7
C817,10,Cọc khoan nhồi D1200 (26 cọc L=872m):P1-P1D,3.39,0.18,11.7
C817,10,Bản mặt cầu (Deck Slab):S3,0.33,0.18,11.7
C817,10,Bản mặt cầu (Deck Slab):S3,0.33,0.18,11.7
C817,10,Bản mặt cầu (Deck Slab):S3,0.33,0.18,11.7
C817,10,Bản mặt cầu (Deck Slab):S3,0.33,0.18,11.7
C818,10,Cọc khoan nhồi D1200 (26 cọc L=872m):P1-P1D,3.39,0.18,11.7
C818,10,Cọc khoan nhồi D1200 (26 cọc L=872m):P1-P1D,3.39,0.18,11.7
C818,10,Cọc khoan nhồi D1200 (26 cọc L=872m):P1-P1D,3.39,0.18,11.7
C818,10,Bản mặt cầu (Deck Slab):S3,0.33,0.18,11.7
C818,10,Bản mặt cầu (Deck Slab):S3,0.33,0.18,11.7
C818,10,Bản mặt cầu (Deck Slab):S3,0.33,0.18,11.7
C818,10,Bản mặt cầu (Deck Slab):S3,0.33,0.18,11.7
C819,10,Cọc khoan nhồi D1200 (26 cọc L=872m):P1-P1D,3.39,0.18,11.7
C819,10,Cọc khoan nhồi D1200 (26 cọc L=872m):P1-P1D,3.39,0.18,11.7
C819,10,Cọc khoan nhồi D1200 (26 cọc L=872m):P1-P1D,3.39,0.18,11.7
C819,10,Bản mặt cầu (Deck Slab):S3,0.33,0.18,11.7
C819,10,Bản mặt cầu (Deck Slab):S3,0.33,0.18,11.7
C819,10,Bản mặt cầu (Deck Slab):S3,0.33,0.18,11.7
C819,10,Bản mặt cầu (Deck Slab):S3,0.33,0.18,11.7
C820,10,Cọc khoan nhồi D1200 (26 cọc L=872m):P1-P1D,3.39,0.18,11.7
C820,10,Cọc khoan nhồi D1200 (26 cọc L=872m):P1-P1D,3.39,0.18,11.7
C820,10,Cọc khoan nhồi D1200 (26 cọc L=872m):P1-P1D,3.39,0.18,11.7
C820,10,Bản mặt cầu (Deck Slab):S3,0.33,0.18,11.7
C820,10,Bản mặt cầu (Deck Slab):S3,0.33,0.18,11.7
C820,10,Bản mặt cầu (Deck Slab):S3,0.33,0.18,11.7
C820,10,Bản mặt cầu (Deck Slab):S3,0.33,0.18,11.7
C821,10,Cọc khoan nhồi D1200 (26 cọc L=872m):P1-P1D,3.39,0.18,11.7
C821,10,Cọc khoan nhồi D1200 (26 cọc L=872m):P1-P1D,3.39,0.18,11.7
C821,10,Cọc khoan nhồi D1200 (26 cọc L=872m):P1-P1D,3.39,0.18,11.7
C821,10,Bản mặt cầu (Deck Slab):S3,0.33,0.18,11.7
C821,10,Bản mặt cầu (Deck Slab):S3,0.33,0.18,11.7
C821,10,Bản mặt cầu (Deck Slab):S3,0.33,0.18,11.7
C821,10,Bản mặt cầu (Deck Slab):S3,0.33,0.18,11.7
C822,10,Cọc khoan nhồi D1200 (26 cọc L=872m):P1-P1D,3.39,0.18,11.7
C822,10,Cọc khoan nhồi D1200 (26 cọc L=872m):P1-P1D,3.39,0.18,11.7
C822,10,Cọc khoan nhồi D1200 (26 cọc L=872m):P1-P1D,3.39,0.18,11.7
C822,10,Bản mặt cầu (Deck Slab):S3,0.33,0.18,11.7
C822,10,Bản mặt cầu (Deck Slab):S3,0.33,0.18,11.7
C822,10,Bản mặt cầu (Deck Slab):S3,0.33,0.18,11.7
C822,10,Bản mặt cầu (Deck Slab):S3,0.33,0.18,11.7
C823,10,Cọc khoan nhồi D1200 (26 cọc L=872m):P1-P1D,3.39,0.18,11.7
C823,10,Cọc khoan nhồi D1200 (26 cọc L=872m):P1-P1D,3.39,0.18,11.7
C823,10,Cọc khoan nhồi D1200 (26 cọc L=872m):P1-P1D,3.39,0.18,11.7
C823,10,Bản mặt cầu (Deck Slab):S3,0.33,0.18,11.7
C823,10,Bản mặt cầu (Deck Slab):S3,0.33,0.18,11.7
C823,10,Bản mặt cầu (Deck Slab):S3,0.33,0.18,11.7
C823,10,Bản mặt cầu (Deck Slab):S3,0.33,0.18,11.7
C824,10,Cọc khoan nhồi D1200 (26 cọc L=872m):P1-P1D,3.39,0.18,11.7
C824,10,Cọc khoan nhồi D1200 (26 cọc L=872m):P1-P1D,3.39,0.18,11.7
C824,10,Cọc khoan nhồi D1200 (26 cọc L=872m):P1-P1D,3.39,0.18,11.7
C824,10,Bản mặt cầu (Deck Slab):S3,0.33,0.18,11.7
C824,10,Bản mặt cầu (Deck Slab):S3,0.33,0.18,11.7
C824,10,Bản mặt cầu (Deck Slab):S3,0.33,0.18,11.7
C824,10,Bản mặt cầu (Deck Slab):S3,0.33,0.18,11.7
C825,10,Cọc khoan nhồi D1200 (26 cọc L=872m):P1-P1D,3.39,0.18,11.7
C825,10,Cọc khoan nhồi D1200 (26 cọc L=872m):P1-P1D,3.39,0.18,11.7
C825,10,Cọc khoan nhồi D1200 (26 cọc L=872m):P1-P1D,3.39,0.18,11.7
C825,10,Bản mặt cầu (Deck Slab):S3,0.33,0.18,11.7
C825,10,Bản mặt cầu (Deck Slab):S3,0.33,0.18,11.7
C825,10,Bản mặt cầu (Deck Slab):S3,0.33,0.18,11.7
C825,10,Bản mặt cầu (Deck Slab):S3,0.33,0.18,11.7
C826,10,Cọc khoan nhồi D1200 (26 cọc L=872m):P1-P1D,3.39,0.18,11.7
C826,10,Cọc khoan nhồi D1200 (26 cọc L=872m):P1-P1D,3.39,0.18,11.7
C826,10,Cọc khoan nhồi D1200 (26 cọc L=872m):P1-P1D,3.39,0.18,11.7
C826,10,Bản mặt cầu (Deck Slab):S3,0.33,0.18,11.7
C826,10,Bản mặt cầu (Deck Slab):S3,0.33,0.18,11.7
C826,10,Bản mặt cầu (Deck Slab):S3,0.33,0.18,11.7
C826,10,Bản mặt cầu (Deck Slab):S3,0.33,0.18,11.7
C827,10,Cọc khoan nhồi D1200 (26 cọc L=872m):P1-P1D,3.39,0.18,11.7
C827,10,Cọc khoan nhồi D1200 (26 cọc L=872m):P1-P1D,3.39,0.18,11.7
C827,10,Cọc khoan nhồi D1200 (26 cọc L=872m):P1-P1D,3.39,0.18,11.7
C827,10,Bản mặt cầu (Deck Slab):S3,0.33,0.18,11.7
C827,10,Bản mặt cầu (Deck Slab):S3,0.33,0.18,11.7
C827,10,Bản mặt cầu (Deck Slab):S3,0.33,0.18,11.7
C827,10,Bản mặt cầu (Deck Slab):S3,0.33,0.18,11.7
C828,10,Cọc khoan nhồi D1200 (26 cọc L=872m):P1-P1D,3.39,0.18,11.7
C828,10,Cọc khoan nhồi D1200 (26 cọc L=872m):P1-P1D,3.39,0.18,11.7
C828,10,Cọc khoan nhồi D1200 (26 cọc L=872m):P1-P1D,3.39,0.18,11.7
C828,10,Bản mặt cầu (Deck Slab):S3,0.33,0.18,11.7
C828,10,Bản mặt cầu (Deck Slab):S3,0.33,0.18,11.7
C828,10,Bản mặt cầu (Deck Slab):S3,0.33,0.18,11.7
C828,10,Bản mặt cầu (Deck Slab):S3,0.33,0.18,11.7
C829,10,Cọc khoan nhồi D1200 (26 cọc L=872m):P1-P1D,3.39,0.18,11.7
C829,10,Cọc khoan nhồi D1200 (26 cọc L=872m):P1-P1D,3.39,0.18,11.7
C829,10,Cọc khoan nhồi D1200 (26 cọc L=872m):P1-P1D,3.39,0.18,11.7
C829,10,Bản mặt cầu (Deck Slab):S3,0.33,0.18,11.7
C829,10,Bản mặt cầu (Deck Slab):S3,0.33,0.18,11.7
C829,10,Bản mặt cầu (Deck Slab):S3,0.33,0.18,11.7
C829,10,Bản mặt cầu (Deck Slab):S3,0.33,0.18,11.7
C830,10,Cọc khoan nhồi D1200 (26 cọc L=872m):P1-P1D,3.39,0.18,11.7
C830,10,Cọc khoan nhồi D1200 (26 cọc L=872m):P1-P1D,3.39,0.18,11.7
C830,10,Cọc khoan nhồi D1200 (26 cọc L=872m):P1-P1D,3.39,0.18,11.7
C830,10,Bản mặt cầu (Deck Slab):S3,0.33,0.18,11.7
C830,10,Bản mặt cầu (Deck Slab):S3,0.33,0.18,11.7
C830,10,Bản mặt cầu (Deck Slab):S3,0.33,0.18,11.7
C830,10,Bản mặt cầu (Deck Slab):S3,0.33,0.18,11.7
C831,10,Cọc khoan nhồi D1200 (26 cọc L=872m):P1-P1D,3.39,0.18,11.7
C831,10,Cọc khoan nhồi D1200 (26 cọc L=872m):P1-P1D,3.39,0.18,11.7
C831,10,Cọc khoan nhồi D1200 (26 cọc L=872m):P1-P1D,3.39,0.18,11.7
C831,10,Bản mặt cầu (Deck Slab):S3,0.33,0.18,11.7
C831,10,Bản mặt cầu (Deck Slab):S3,0.33,0.18,11.7
C831,10,Bản mặt cầu (Deck Slab):S3,0.33,0.18,11.7
C831,10,Bản mặt cầu (Deck Slab):S3,0.33,0.18,11.7
C832,10,Cọc khoan nhồi D1200 (26 cọc L=872m):P1-P1D,3.39,0.18,11.7
C832,10,Cọc khoan nhồi D1200 (26 cọc L=872m):P1-P1D,3.39,0.18,11.7
C832,10,Cọc khoan nhồi D1200 (26 cọc L=872m):P1-P1D,3.39,0.18,11.7
C832,10,Bản mặt cầu (Deck Slab):S3,0.33,0.18,11.7
C832,10,Bản mặt cầu (Deck Slab):S3,0.33,0.18,11.7
C832,10,Bản mặt cầu (Deck Slab):S3,0.33,0.18,11.7
C832,10,Bản mặt cầu (Deck Slab):S3,0.33,0.18,11.7
C833,10,Cọc khoan nhồi D1200 (26 cọc L=872m):P1-P1D,3.39,0.18,11.7
C833,10,Cọc khoan nhồi D1200 (26 cọc L=872m):P1-P1D,3.39,0.18,11.7
C833,10,Cọc khoan nhồi D1200 (26 cọc L=872m):P1-P1D,3.39,0.18,11.7
C833,10,Bản mặt cầu (Deck Slab):S3,0.33,0.18,11.7
C833,10,Bản mặt cầu (Deck Slab):S3,0.33,0.18,11.7
C833,10,Bản mặt cầu (Deck Slab):S3,0.33,0.18,11.7
C833,10,Bản mặt cầu (Deck Slab):S3,0.33,0.18,11.7
C834,10,Cọc khoan nhồi D1200 (26 cọc L=872m):P1-P1D,3.39,0.18,11.7
C834,10,Cọc khoan nhồi D1200 (26 cọc L=872m):P1-P1D,3.39,0.18,11.7
C834,10,Cọc khoan nhồi D1200 (26 cọc L=872m):P1-P1D,3.39,0.18,11.7
C834,10,Bản mặt cầu (Deck Slab):S3,0.33,0.18,11.7
C834,10,Bản mặt cầu (Deck Slab):S3,0.33,0.18,11.7
C834,10,Bản mặt cầu (Deck Slab):S3,0.33,0.18,11.7
C834,10,Bản mặt cầu (Deck Slab):S3,0.33,0.18,11.7
C835,10,Cọc khoan nhồi D1200 (26 cọc L=872m):P1-P1D,3.39,0.18,11.7
C835,10,Cọc khoan nhồi D1200 (26 cọc L=872m):P1-P1D,3.39,0.18,11.7
C835,10,Cọc khoan nhồi D1200 (26 cọc L=872m):P1-P1D,3.39,0.18,11.7
C835,10,Bản mặt cầu (Deck Slab):S3,0.33,0.18,11.7
C835,10,Bản mặt cầu (Deck Slab):S3,0.33,0.18,11.7
C835,10,Bản mặt cầu (Deck Slab):S3,0.33,0.18,11.7
C835,10,Bản mặt cầu (Deck Slab):S3,0.33,0.18,11.7
C836,10,Cọc khoan nhồi D1200 (26 cọc L=872m):P1-P1D,3.39,0.18,11.7
C836,10,Cọc khoan nhồi D1200 (26 cọc L=872m):P1-P1D,3.39,0.18,11.7
C836,10,Cọc khoan nhồi D1200 (26 cọc L=872m):P1-P1D,3.39,0.18,11.7
C836,10,Bản mặt cầu (Deck Slab):S3,0.33,0.18,11.7
C836,10,Bản mặt cầu (Deck Slab):S3,0.33,0.18,11.7
C836,10,Bản mặt cầu (Deck Slab):S3,0.33,0.18,11.7
C836,10,Bản mặt cầu (Deck Slab):S3,0.33,0.18,11.7
C837,10,Cọc khoan nhồi D1200 (26 cọc L=872m):P1-P1D,3.39,0.18,11.7
C837,10,Cọc khoan nhồi D1200 (26 cọc L=872m):P1-P1D,3.39,0.18,11.7
C837,10,Cọc khoan nhồi D1200 (26 cọc L=872m):P1-P1D,3.39,0.18,11.7
C837,10,Bản mặt cầu (Deck Slab):S3,0.33,0.18,11.7
C837,10,Bản mặt cầu (Deck Slab):S3,0.33,0.18,11.7
C837,10,Bản mặt cầu (Deck Slab):S3,0.33,0.18,11.7
C837,10,Bản mặt cầu (Deck Slab):S3,0.33,0.18,11.7
C838,10,Cọc khoan nhồi D1200 (26 cọc L=872m):P1-P1D,3.39,0.18,11.7
C838,10,Cọc khoan nhồi D1200 (26 cọc L=872m):P1-P1D,3.39,0.18,11.7
C838,10,Cọc khoan nhồi D1200 (26 cọc L=872m):P1-P1D,3.39,0.18,11.7
C838,10,Bản mặt cầu (Deck Slab):S3,0.33,0.18,11.7
C838,10,Bản mặt cầu (Deck Slab):S3,0.33,0.18,11.7
C838,10,Bản mặt cầu (Deck Slab):S3,0.33,0.18,11.7
C838,10,Bản mặt cầu (Deck Slab):S3,0.33,0.18,11.7
C839,10,Cọc khoan nhồi D1200 (26 cọc L=872m):P1-P1D,3.39,0.18,11.7
C839,10,Cọc khoan nhồi D1200 (26 cọc L=872m):P1-P1D,3.39,0.18,11.7
C839,10,Cọc khoan nhồi D1200 (26 cọc L=872m):P1-P1D,3.39,0.18,11.7
C839,10,Bản mặt cầu (Deck Slab):S3,0.33,0.18,11.7
C839,10,Bản mặt cầu (Deck Slab):S3,0.33,0.18,11.7
C839,10,Bản mặt cầu (Deck Slab):S3,0.33,0.18,11.7
C839,10,Bản mặt cầu (Deck Slab):S3,0.33,0.18,11.7
C840,10,Cọc khoan nhồi D1200 (26 cọc L=872m):P1-P1D,3.39,0.18,11.7
C840,10,Cọc khoan nhồi D1200 (26 cọc L=872m):P1-P1D,3.39,0.18,11.7
C840,10,Cọc khoan nhồi D1200 (26 cọc L=872m):P1-P1D,3.39,0.18,11.7
C840,10,Bản mặt cầu (Deck Slab):S3,0.33,0.18,11.7
C840,10,Bản mặt cầu (Deck Slab):S3,0.33,0.18,11.7
C840,10,Bản mặt cầu (Deck Slab):S3,0.33,0.18,11.7
C840,10,Bản mặt cầu (Deck Slab):S3,0.33,0.18,11.7
C841,10,Cọc khoan nhồi D1200 (26 cọc L=872m):P1-P1D,3.39,0.18,11.7
C841,10,Cọc khoan nhồi D1200 (26 cọc L=872m):P1-P1D,3.39,0.18,11.7
C841,10,Cọc khoan nhồi D1200 (26 cọc L=872m):P1-P1D,3.39,0.18,11.7
C841,10,Bản mặt cầu (Deck Slab):S3,0.33,0.18,11.7
C841,10,Bản mặt cầu (Deck Slab):S3,0.33,0.18,11.7
C841,10,Bản mặt cầu (Deck Slab):S3,0.33,0.18,11.7
C841,10,Bản mặt cầu (Deck Slab):S3,0.33,0.18,11.7
C842,10,Cọc khoan nhồi D1200 (26 cọc L=872m):P1-P1D,3.39,0.18,11.7
C842,10,Cọc khoan nhồi D1200 (26 cọc L=872m):P1-P1D,3.39,0.18,11.7
C842,10,Cọc khoan nhồi D1200 (26 cọc L=872m):P1-P1D,3.39,0.18,11.7
C842,10,Bản mặt cầu (Deck Slab):S3,0.33,0.18,11.7
C842,10,Bản mặt cầu (Deck Slab):S3,0.33,0.18,11.7
C842,10,Bản mặt cầu (Deck Slab):S3,0.33,0.18,11.7
C842,10,Bản mặt cầu (Deck Slab):S3,0.33,0.18,11.7
C843,10,Cọc khoan nhồi D1200 (26 cọc L=872m):P1-P1D,3.39,0.18,11.7
C843,10,Cọc khoan nhồi D1200 (26 cọc L=872m):P1-P1D,3.39,0.18,11.7
C843,10,Cọc khoan nhồi D1200 (26 cọc L=872m):P1-P1D,3.39,0.18,11.7
C843,10,Bản mặt cầu (Deck Slab):S3,0.33,0.18,11.7
C843,10,Bản mặt cầu (Deck Slab):S3,0.33,0.18,11.7
C843,10,Bản mặt cầu (Deck Slab):S3,0.33,0.18,11.7
C843,10,Bản mặt cầu (Deck Slab):S3,0.33,0.18,11.7
C844,10,Cọc khoan nhồi D1200 (26 cọc L=872m):P1-P1D,3.39,0.18,11.7
C844,10,Cọc khoan nhồi D1200 (26 cọc L=872m):P1-P1D,3.39,0.18,11.7
C844,10,Cọc khoan nhồi D1200 (26 cọc L=872m):P1-P1D,3.39,0.18,11.7
C844,10,Bản mặt cầu (Deck Slab):S3,0.33,0.18,11.7
C844,10,Bản mặt cầu (Deck Slab):S3,0.33,0.18,11.7
C844,10,Bản mặt cầu (Deck Slab):S3,0.33,0.18,11.7
C844,10,Bản mặt cầu (Deck Slab):S3,0.33,0.18,11.7
C845,10,Cọc khoan nhồi D1200 (26 cọc L=872m):P1-P1D,3.39,0.18,11.7
C845,10,Cọc khoan nhồi D1200 (26 cọc L=872m):P1-P1D,3.39,0.18,11.7
C845,10,Cọc khoan nhồi D1200 (26 cọc L=872m):P1-P1D,3.39,0.18,11.7
C845,10,Bản mặt cầu (Deck Slab):S3,0.33,0.18,11.7
C845,10,Bản mặt cầu (Deck Slab):S3,0.33,0.18,11.7
C845,10,Bản mặt cầu (Deck Slab):S3,0.33,0.18,11.7
C845,10,Bản mặt cầu (Deck Slab):S3,0.33,0.18,11.7
C846,10,Cọc khoan nhồi D1200 (26 cọc L=872m):P1-P1D,3.39,0.18,11.7
C846,10,Cọc khoan nhồi D1200 (26 cọc L=872m):P1-P1D,3.39,0.18,11.7
C846,10,Cọc khoan nhồi D1200 (26 cọc L=872m):P1-P1D,3.39,0.18,11.7
C846,10,Bản mặt cầu (Deck Slab):S3,0.33,0.18,11.7
C846,10,Bản mặt cầu (Deck Slab):S3,0.33,0.18,11.7
C846,10,Bản mặt cầu (Deck Slab):S3,0.33,0.18,11.7
C846,10,Bản mặt cầu (Deck Slab):S3,0.33,0.18,11.7
C847,10,Cọc khoan nhồi D1200 (26 cọc L=872m):P1-P1D,3.39,0.18,11.7
C847,10,Cọc khoan nhồi D1200 (26 cọc L=872m):P1-P1D,3.39,0.18,11.7
C847,10,Cọc khoan nhồi D1200 (26 cọc L=872m):P1-P1D,3.39,0.18,11.7
C847,10,Bản mặt cầu (Deck Slab):S3,0.33,0.18,11.7
C847,10,Bản mặt cầu (Deck Slab):S3,0.33,0.18,11.7
C847,10,Bản mặt cầu (Deck Slab):S3,0.33,0.18,11.7
C847,10,Bản mặt cầu (Deck Slab):S3,0.33,0.18,11.7
C848,10,Cọc khoan nhồi D1200 (26 cọc L=872m):P1-P1D,3.39,0.18,11.7
C848,10,Cọc khoan nhồi D1200 (26 cọc L=872m):P1-P1D,3.39,0.18,11.7
C848,10,Cọc khoan nhồi D1200 (26 cọc L=872m):P1-P1D,3.39,0.18,11.7
C848,10,Bản mặt cầu (Deck Slab):S3,0.33,0.18,11.7
C848,10,Bản mặt cầu (Deck Slab):S3,0.33,0.18,11.7
C848,10,Bản mặt cầu (Deck Slab):S3,0.33,0.18,11.7
C848,10,Bản mặt cầu (Deck Slab):S3,0.33,0.18,11.7
C849,10,Cọc khoan nhồi D1200 (26 cọc L=872m):P1-P1D,3.39,0.18,11.7
C849,10,Cọc khoan nhồi D1200 (26 cọc L=872m):P1-P1D,3.39,0.18,11.7
C849,10,Cọc khoan nhồi D1200 (26 cọc L=872m):P1-P1D,3.39,0.18,11.7
C849,10,Bản mặt cầu (Deck Slab):S3,0.33,0.18,11.7
C849,10,Bản mặt cầu (Deck Slab):S3,0.33,0.18,11.7
C849,10,Bản mặt cầu (Deck Slab):S3,0.33,0.18,11.7
C849,10,Bản mặt cầu (Deck Slab):S3,0.33,0.18,11.7
C850,10,Cọc khoan nhồi D1200 (26 cọc L=872m):P1-P1D,3.39,0.18,11.7
C850,10,Cọc khoan nhồi D1200 (26 cọc L=872m):P1-P1D,3.39,0.18,11.7
C850,10,Cọc khoan nhồi D1200 (26 cọc L=872m):P1-P1D,3.39,0.18,11.7
C850,10,Bản mặt cầu (Deck Slab):S3,0.33,0.18,11.7
C850,10,Bản mặt cầu (Deck Slab):S3,0.33,0.18,11.7
C850,10,Bản mặt cầu (Deck Slab):S3,0.33,0.18,11.7
C850,10,Bản mặt cầu (Deck Slab):S3,0.33,0.18,11.7
C851,10,Cọc khoan nhồi D1200 (26 cọc L=872m):P1-P1D,3.39,0.18,11.7
C851,10,Cọc khoan nhồi D1200 (26 cọc L=872m):P1-P1D,3.39,0.18,11.7
C851,10,Cọc khoan nhồi D1200 (26 cọc L=872m):P1-P1D,3.39,0.18,11.7
C851,10,Bản mặt cầu (Deck Slab):S3,0.33,0.18,11.7
C851,10,Bản mặt cầu (Deck Slab):S3,0.33,0.18,11.7
C851,10,Bản mặt cầu (Deck Slab):S3,0.33,0.18,11.7
C851,10,Bản mặt cầu (Deck Slab):S3,0.33,0.18,11.7
C852,10,Cọc khoan nhồi D1200 (26 cọc L=872m):P1-P1D,3.39,0.18,11.7
C852,10,Cọc khoan nhồi D1200 (26 cọc L=872m):P1-P1D,3.39,0.18,11.7
C852,10,Cọc khoan nhồi D1200 (26 cọc L=872m):P1-P1D,3.39,0.18,11.7
C852,10,Bản mặt cầu (Deck Slab):S3,0.33,0.18,11.7
C852,10,Bản mặt cầu (Deck Slab):S3,0.33,0.18,11.7
C852,10,Bản mặt cầu (Deck Slab):S3,0.33,0.18,11.7
C852,10,Bản mặt cầu (Deck Slab):S3,0.33,0.18,11.7
C853,10,Cọc khoan nhồi D1200 (26 cọc L=872m):P1-P1D,3.39,0.18,11.7
C853,10,Cọc khoan nhồi D1200 (26 cọc L=872m):P1-P1D,3.39,0.18,11.7
C853,10,Cọc khoan nhồi D1200 (26 cọc L=872m):P1-P1D,3.39,0.18,11.7
C853,10,Bản mặt cầu (Deck Slab):S3,0.33,0.18,11.7
C853,10,Bản mặt cầu (Deck Slab):S3,0.33,0.18,11.7
C853,10,Bản mặt cầu (Deck Slab):S3,0.33,0.18,11.7
C853,10,Bản mặt cầu (Deck Slab):S3,0.33,0.18,11.7
C854,10,Cọc khoan nhồi D1200 (26 cọc L=872m):P1-P1D,3.39,0.18,11.7
C854,10,Cọc khoan nhồi D1200 (26 cọc L=872m):P1-P1D,3.39,0.18,11.7
C854,10,Cọc khoan nhồi D1200 (26 cọc L=872m):P1-P1D,3.39,0.18,11.7
C854,10,Bản mặt cầu (Deck Slab):S3,0.33,0.18,11.7
C854,10,Bản mặt cầu (Deck Slab):S3,0.33,0.18,11.7
C854,10,Bản mặt cầu (Deck Slab):S3,0.33,0.18,11.7
C854,10,Bản mặt cầu (Deck Slab):S3,0.33,0.18,11.7
C855,10,Cọc khoan nhồi D1200 (26 cọc L=872m):P1-P1D,3.39,0.18,11.7
C855,10,Cọc khoan nhồi D1200 (26 cọc L=872m):P1-P1D,3.39,0.18,11.7
C855,10,Cọc khoan nhồi D1200 (26 cọc L=872m):P1-P1D,3.39,0.18,11.7
C855,10,Bản mặt cầu (Deck Slab):S3,0.33,0.18,11.7
C855,10,Bản mặt cầu (Deck Slab):S3,0.33,0.18,11.7
C855,10,Bản mặt cầu (Deck Slab):S3,0.33,0.18,11.7
C855,10,Bản mặt cầu (Deck Slab):S3,0.33,0.18,11.7
C856,10,Cọc khoan nhồi D1200 (26 cọc L=872m):P1-P1D,3.39,0.18,11.7
C856,10,Cọc khoan nhồi D1200 (26 cọc L=872m):P1-P1D,3.39,0.18,11.7
C856,10,Cọc khoan nhồi D1200 (26 cọc L=872m):P1-P1D,3.39,0.18,11.7
C856,10,Bản mặt cầu (Deck Slab):S3,0.33,0.18,11.7
C856,10,Bản mặt cầu (Deck Slab):S3,0.33,0.18,11.7
C856,10,Bản mặt cầu (Deck Slab):S3,0.33,0.18,11.7
C856,10,Bản mặt cầu (Deck Slab):S3,0.33,0.18,11.7
C857,10,Cọc khoan nhồi D1200 (26 cọc L=872m):P1-P1D,3.39,0.18,11.7
C857,10,Cọc khoan nhồi D1200 (26 cọc L=872m):P1-P1D,3.39,0.18,11.7
C857,10,Cọc khoan nhồi D1200 (26 cọc L=872m):P1-P1D,3.39,0.18,11.7
C857,10,Bản mặt cầu (Deck Slab):S3,0.33,0.18,11.7
C857,10,Bản mặt cầu (Deck Slab):S3,0.33,0.18,11.7
C857,10,Bản mặt cầu (Deck Slab):S3,0.33,0.18,11.7
C857,10,Bản mặt cầu (Deck Slab):S3,0.33,0.18,11.7
C858,10,Cọc khoan nhồi D1200 (26 cọc L=872m):P1-P1D,3.39,0.18,11.7
C858,10,Cọc khoan nhồi D1200 (26 cọc L=872m):P1-P1D,3.39,0.18,11.7
C858,10,Cọc khoan nhồi D1200 (26 cọc L=872m):P1-P1D,3.39,0.18,11.7
C858,10,Bản mặt cầu (Deck Slab):S3,0.33,0.18,11.7
C858,10,Bản mặt cầu (Deck Slab):S3,0.33,0.18,11.7
C858,10,Bản mặt cầu (Deck Slab):S3,0.33,0.18,11.7
C858,10,Bản mặt cầu (Deck Slab):S3,0.33,0.18,11.7
C859,10,Cọc khoan nhồi D1200 (26 cọc L=872m):P1-P1D,3.39,0.18,11.7
C859,10,Cọc khoan nhồi D1200 (26 cọc L=872m):P1-P1D,3.39,0.18,11.7
C859,10,Cọc khoan nhồi D1200 (26 cọc L=872m):P1-P1D,3.39,0.18,11.7
C859,10,Bản mặt cầu (Deck Slab):S3,0.33,0.18,11.7
C859,10,Bản mặt cầu (Deck Slab):S3,0.33,0.18,11.7
C859,10,Bản mặt cầu (Deck Slab):S3,0.33,0.18,11.7
C859,10,Bản mặt cầu (Deck Slab):S3,0.33,0.18,11.7
C860,10,Cọc khoan nhồi D1200 (26 cọc L=872m):P1-P1D,3.39,0.18,11.7
C860,10,Cọc khoan nhồi D1200 (26 cọc L=872m):P1-P1D,3.39,0.18,11.7
C860,10,Cọc khoan nhồi D1200 (26 cọc L=872m):P1-P1D,3.39,0.18,11.7
C860,10,Bản mặt cầu (Deck Slab):S3,0.33,0.18,11.7
C860,10,Bản mặt cầu (Deck Slab):S3,0.33,0.18,11.7
C860,10,Bản mặt cầu (Deck Slab):S3,0.33,0.18,11.7
C860,10,Bản mặt cầu (Deck Slab):S3,0.33,0.18,11.7
C861,10,Cọc khoan nhồi D1200 (26 cọc L=872m):P1-P1D,3.39,0.18,11.7
C861,10,Cọc khoan nhồi D1200 (26 cọc L=872m):P1-P1D,3.39,0.18,11.7
C861,10,Cọc khoan nhồi D1200 (26 cọc L=872m):P1-P1D,3.39,0.18,11.7
C861,10,Bản mặt cầu (Deck Slab):S3,0.33,0.18,11.7
C861,10,Bản mặt cầu (Deck Slab):S3,0.33,0.18,11.7
C861,10,Bản mặt cầu (Deck Slab):S3,0.33,0.18,11.7
C861,10,Bản mặt cầu (Deck Slab):S3,0.33,0.18,11.7
C862,10,Cọc khoan nhồi D1200 (26 cọc L=872m):P1-P1D,3.39,0.18,11.7
C862,10,Cọc khoan nhồi D1200 (26 cọc L=872m):P1-P1D,3.39,0.18,11.7
C862,10,Cọc khoan nhồi D1200 (26 cọc L=872m):P1-P1D,3.39,0.18,11.7
C862,10,Bản mặt cầu (Deck Slab):S3,0.33,0.18,11.7
C862,10,Bản mặt cầu (Deck Slab):S3,0.33,0.18,11.7
C862,10,Bản mặt cầu (Deck Slab):S3,0.33,0.18,11.7
C862,10,Bản mặt cầu (Deck Slab):S3,0.33,0.18,11.7
C863,10,Cọc khoan nhồi D1200 (26 cọc L=872m):P1-P1D,3.39,0.18,11.7
C863,10,Cọc khoan nhồi D1200 (26 cọc L=872m):P1-P1D,3.39,0.18,11.7
C863,10,Cọc khoan nhồi D1200 (26 cọc L=872m):P1-P1D,3.39,0.18,11.7
C863,10,Bản mặt cầu (Deck Slab):S3,0.33,0.18,11.7
C863,10,Bản mặt cầu (Deck Slab):S3,0.33,0.18,11.7
C863,10,Bản mặt cầu (Deck Slab):S3,0.33,0.18,11.7
C863,10,Bản mặt cầu (Deck Slab):S3,0.33,0.18,11.7
C864,10,Cọc khoan nhồi D1200 (26 cọc L=872m):P1-P1D,3.39,0.18,11.7
C864,10,Cọc khoan nhồi D1200 (26 cọc L=872m):P1-P1D,3.39,0.18,11.7
C864,10,Cọc khoan nhồi D1200 (26 cọc L=872m):P1-P1D,3.39,0.18,11.7
C864,10,Bản mặt cầu (Deck Slab):S3,0.33,0.18,11.7
C864,10,Bản mặt cầu (Deck Slab):S3,0.33,0.18,11.7
C864,10,Bản mặt cầu (Deck Slab):S3,0.33,0.18,11.7
C864,10,Bản mặt cầu (Deck Slab):S3,0.33,0.18,11.7
C865,10,Cọc khoan nhồi D1200 (26 cọc L=872m):P1-P1D,3.39,0.18,11.7
C865,10,Cọc khoan nhồi D1200 (26 cọc L=872m):P1-P1D,3.39,0.18,11.7
C865,10,Cọc khoan nhồi D1200 (26 cọc L=872m):P1-P1D,3.39,0.18,11.7
C865,10,Bản mặt cầu (Deck Slab):S3,0.33,0.18,11.7
C865,10,Bản mặt cầu (Deck Slab):S3,0.33,0.18,11.7
C865,10,Bản mặt cầu (Deck Slab):S3,0.33,0.18,11.7
C865,10,Bản mặt cầu (Deck Slab):S3,0.33,0.18,11.7
C866,10,Cọc khoan nhồi D1200 (26 cọc L=872m):P1-P1D,3.39,0.18,11.7
C866,10,Cọc khoan nhồi D1200 (26 cọc L=872m):P1-P1D,3.39,0.18,11.7
C866,10,Cọc khoan nhồi D1200 (26 cọc L=872m):P1-P1D,3.39,0.18,11.7
C866,10,Bản mặt cầu (Deck Slab):S3,0.33,0.18,11.7
C866,10,Bản mặt cầu (Deck Slab):S3,0.33,0.18,11.7
C866,10,Bản mặt cầu (Deck Slab):S3,0.33,0.18,11.7
C866,10,Bản mặt cầu (Deck Slab):S3,0.33,0.18,11.7
C867,10,Cọc khoan nhồi D1200 (26 cọc L=872m):P1-P1D,3.39,0.18,11.7
C867,10,Cọc khoan nhồi D1200 (26 cọc L=872m):P1-P1D,3.39,0.18,11.7
C867,10,Cọc khoan nhồi D1200 (26 cọc L=872m):P1-P1D,3.39,0.18,11.7
C867,10,Bản mặt cầu (Deck Slab):S3,0.33,0.18,11.7
C867,10,Bản mặt cầu (Deck Slab):S3,0.33,0.18,11.7
C867,10,Bản mặt cầu (Deck Slab):S3,0.33,0.18,11.7
C867,10,Bản mặt cầu (Deck Slab):S3,0.33,0.18,11.7
C868,10,Cọc khoan nhồi D1200 (26 cọc L=872m):P1-P1D,3.39,0.18,11.7
C868,10,Cọc khoan nhồi D1200 (26 cọc L=872m):P1-P1D,3.39,0.18,11.7
C868,10,Cọc khoan nhồi D1200 (26 cọc L=872m):P1-P1D,3.39,0.18,11.7
C868,10,Bản mặt cầu (Deck Slab):S3,0.33,0.18,11.7
C868,10,Bản mặt cầu (Deck Slab):S3,0.33,0.18,11.7
C868,10,Bản mặt cầu (Deck Slab):S3,0.33,0.18,11.7
C868,10,Bản mặt cầu (Deck Slab):S3,0.33,0.18,11.7
C869,10,Cọc khoan nhồi D1200 (26 cọc L=872m):P1-P1D,3.39,0.18,11.7
C869,10,Cọc khoan nhồi D1200 (26 cọc L=872m):P1-P1D,3.39,0.18,11.7
C869,10,Cọc khoan nhồi D1200 (26 cọc L=872m):P1-P1D,3.39,0.18,11.7
C869,10,Bản mặt cầu (Deck Slab):S3,0.33,0.18,11.7
C869,10,Bản mặt cầu (Deck Slab):S3,0.33,0.18,11.7
C869,10,Bản mặt cầu (Deck Slab):S3,0.33,0.18,11.7
C869,10,Bản mặt cầu (Deck Slab):S3,0.33,0.18,11.7
C870,10,Cọc khoan nhồi D1200 (26 cọc L=872m):P1-P1D,3.39,0.18,11.7
C870,10,Cọc khoan nhồi D1200 (26 cọc L=872m):P1-P1D,3.39,0.18,11.7
C870,10,Cọc khoan nhồi D1200 (26 cọc L=872m):P1-P1D,3.39,0.18,11.7
C870,10,Bản mặt cầu (Deck Slab):S3,0.33,0.18,11.7
C870,10,Bản mặt cầu (Deck Slab):S3,0.33,0.18,11.7
C870,10,Bản mặt cầu (Deck Slab):S3,0.33,0.18,11.7
C870,10,Bản mặt cầu (Deck Slab):S3,0.33,0.18,11.7
C871,10,Cọc khoan nhồi D1200 (26 cọc L=872m):P1-P1D,3.39,0.18,11.7
C871,10,Cọc khoan nhồi D1200 (26 cọc L=872m):P1-P1D,3.39,0.18,11.7
C871,10,Cọc khoan nhồi D1200 (26 cọc L=872m):P1-P1D,3.39,0.18,11.7
C871,10,Bản mặt cầu (Deck Slab):S3,0.33,0.18,11.7
C871,10,Bản mặt cầu (Deck Slab):S3,0.33,0.18,11.7
C871,10,Bản mặt cầu (Deck Slab):S3,0.33,0.18,11.7
C871,10,Bản mặt cầu (Deck Slab):S3,0.33,0.18,11.7
C872,10,Cọc khoan nhồi D1200 (26 cọc L=872m):P1-P1D,3.39,0.18,11.7
C872,10,Cọc khoan nhồi D1200 (26 cọc L=872m):P1-P1D,3.39,0.18,11.7
C872,10,Cọc khoan nhồi D1200 (26 cọc L=872m):P1-P1D,3.39,0.18,11.7
C872,10,Bản mặt cầu (Deck Slab):S3,0.33,0.18,11.7
C872,10,Bản mặt cầu (Deck Slab):S3,0.33,0.18,11.7
C872,10,Bản mặt cầu (Deck Slab):S3,0.33,0.18,11.7
C872,10,Bản mặt cầu (Deck Slab):S3,0.33,0.18,11.7
C873,10,Cọc khoan nhồi D1200 (26 cọc L=872m):P1-P1D,3.39,0.18,11.7
C873,10,Cọc khoan nhồi D1200 (26 cọc L=872m):P1-P1D,3.39,0.18,11.7
C873,10,Cọc khoan nhồi D1200 (26 cọc L=872m):P1-P1D,3.39,0.18,11.7
C873,10,Bản mặt cầu (Deck Slab):S3,0.33,0.18,11.7
C873,10,Bản mặt cầu (Deck Slab):S3,0.33,0.18,11.7
C873,10,Bản mặt cầu (Deck Slab):S3,0.33,0.18,11.7
C873,10,Bản mặt cầu (Deck Slab):S3,0.33,0.18,11.7
C874,10,Cọc khoan nhồi D1200 (26 cọc L=872m):P1-P1D,3.39,0.18,11.7
C874,10,Cọc khoan nhồi D1200 (26 cọc L=872m):P1-P1D,3.39,0.18,11.7
C874,10,Cọc khoan nhồi D1200 (26 cọc L=872m):P1-P1D,3.39,0.18,11.7
C874,10,Bản mặt cầu (Deck Slab):S3,0.33,0.18,11.7
C874,10,Bản mặt cầu (Deck Slab):S3,0.33,0.18,11.7
C874,10,Bản mặt cầu (Deck Slab):S3,0.33,0.18,11.7
C874,10,Bản mặt cầu (Deck Slab):S3,0.33,0.18,11.7
C875,10,Cọc khoan nhồi D1200 (26 cọc L=872m):P1-P1D,3.39,0.18,11.7
C875,10,Cọc khoan nhồi D1200 (26 cọc L=872m):P1-P1D,3.39,0.18,11.7
C875,10,Cọc khoan nhồi D1200 (26 cọc L=872m):P1-P1D,3.39,0.18,11.7
C875,10,Bản mặt cầu (Deck Slab):S3,0.33,0.18,11.7
C875,10,Bản mặt cầu (Deck Slab):S3,0.33,0.18,11.7
C875,10,Bản mặt cầu (Deck Slab):S3,0.33,0.18,11.7
C875,10,Bản mặt cầu (Deck Slab):S3,0.33,0.18,11.7
C876,10,Cọc khoan nhồi D1200 (26 cọc L=872m):P1-P1D,3.39,0.18,11.7
C876,10,Cọc khoan nhồi D1200 (26 cọc L=872m):P1-P1D,3.39,0.18,11.7
C876,10,Cọc khoan nhồi D1200 (26 cọc L=872m):P1-P1D,3.39,0.18,11.7
C876,10,Bản mặt cầu (Deck Slab):S3,0.33,0.18,11.7
C876,10,Bản mặt cầu (Deck Slab):S3,0.33,0.18,11.7
C876,10,Bản mặt cầu (Deck Slab):S3,0.33,0.18,11.7
C876,10,Bản mặt cầu (Deck Slab):S3,0.33,0.18,11.7
C877,10,Cọc khoan nhồi D1200 (26 cọc L=872m):P1-P1D,3.39,0.18,11.7
C877,10,Cọc khoan nhồi D1200 (26 cọc L=872m):P1-P1D,3.39,0.18,11.7
C877,10,Cọc khoan nhồi D1200 (26 cọc L=872m):P1-P1D,3.39,0.18,11.7
C877,10,Bản mặt cầu (Deck Slab):S3,0.33,0.18,11.7
C877,10,Bản mặt cầu (Deck Slab):S3,0.33,0.18,11.7
C877,10,Bản mặt cầu (Deck Slab):S3,0.33,0.18,11.7
C877,10,Bản mặt cầu (Deck Slab):S3,0.33,0.18,11.7
C878,10,Cọc khoan nhồi D1200 (26 cọc L=872m):P1-P1D,3.39,0.18,11.7
C878,10,Cọc khoan nhồi D1200 (26 cọc L=872m):P1-P1D,3.39,0.18,11.7
C878,10,Cọc khoan nhồi D1200 (26 cọc L=872m):P1-P1D,3.39,0.18,11.7
C878,10,Bản mặt cầu (Deck Slab):S3,0.33,0.18,11.7
C878,10,Bản mặt cầu (Deck Slab):S3,0.33,0.18,11.7
C878,10,Bản mặt cầu (Deck Slab):S3,0.33,0.18,11.7
C878,10,Bản mặt cầu (Deck Slab):S3,0.33,0.18,11.7
C879,10,Cọc khoan nhồi D1200 (26 cọc L=872m):P1-P1D,3.39,0.18,11.7
C879,10,Cọc khoan nhồi D1200 (26 cọc L=872m):P1-P1D,3.39,0.18,11.7
C879,10,Cọc khoan nhồi D1200 (26 cọc L=872m):P1-P1D,3.39,0.18,11.7
C879,10,Bản mặt cầu (Deck Slab):S3,0.33,0.18,11.7
C879,10,Bản mặt cầu (Deck Slab):S3,0.33,0.18,11.7
C879,10,Bản mặt cầu (Deck Slab):S3,0.33,0.18,11.7
C879,10,Bản mặt cầu (Deck Slab):S3,0.33,0.18,11.7
C880,10,Cọc khoan nhồi D1200 (26 cọc L=872m):P1-P1D,3.39,0.18,11.7
C880,10,Cọc khoan nhồi D1200 (26 cọc L=872m):P1-P1D,3.39,0.18,11.7
C880,10,Cọc khoan nhồi D1200 (26 cọc L=872m):P1-P1D,3.39,0.18,11.7
C880,10,Bản mặt cầu (Deck Slab):S3,0.33,0.18,11.7
C880,10,Bản mặt cầu (Deck Slab):S3,0.33,0.18,11.7
C880,10,Bản mặt cầu (Deck Slab):S3,0.33,0.18,11.7
C880,10,Bản mặt cầu (Deck Slab):S3,0.33,0.18,11.7
C881,10,Cọc khoan nhồi D1200 (26 cọc L=872m):P1-P1D,3.39,0.18,11.7
C881,10,Cọc khoan nhồi D1200 (26 cọc L=872m):P1-P1D,3.39,0.18,11.7
C881,10,Cọc khoan nhồi D1200 (26 cọc L=872m):P1-P1D,3.39,0.18,11.7
C881,10,Bản mặt cầu (Deck Slab):S3,0.33,0.18,11.7
C881,10,Bản mặt cầu (Deck Slab):S3,0.33,0.18,11.7
C881,10,Bản mặt cầu (Deck Slab):S3,0.33,0.18,11.7
C881,10,Bản mặt cầu (Deck Slab):S3,0.33,0.18,11.7
C882,10,Cọc khoan nhồi D1200 (26 cọc L=872m):P1-P1D,3.39,0.18,11.7
C882,10,Cọc khoan nhồi D1200 (26 cọc L=872m):P1-P1D,3.39,0.18,11.7
C882,10,Cọc khoan nhồi D1200 (26 cọc L=872m):P1-P1D,3.39,0.18,11.7
C882,10,Bản mặt cầu (Deck Slab):S3,0.33,0.18,11.7
C882,10,Bản mặt cầu (Deck Slab):S3,0.33,0.18,11.7
C882,10,Bản mặt cầu (Deck Slab):S3,0.33,0.18,11.7
C882,10,Bản mặt cầu (Deck Slab):S3,0.33,0.18,11.7
C883,10,Cọc khoan nhồi D1200 (26 cọc L=872m):P1-P1D,3.39,0.18,11.7
C883,10,Cọc khoan nhồi D1200 (26 cọc L=872m):P1-P1D,3.39,0.18,11.7
C883,10,Cọc khoan nhồi D1200 (26 cọc L=872m):P1-P1D,3.39,0.18,11.7
C883,10,Bản mặt cầu (Deck Slab):S3,0.33,0.18,11.7
C883,10,Bản mặt cầu (Deck Slab):S3,0.33,0.18,11.7
C883,10,Bản mặt cầu (Deck Slab):S3,0.33,0.18,11.7
C883,10,Bản mặt cầu (Deck Slab):S3,0.33,0.18,11.7
C884,10,Cọc khoan nhồi D1200 (26 cọc L=872m):P1-P1D,3.39,0.18,11.7
C884,10,Cọc khoan nhồi D1200 (26 cọc L=872m):P1-P1D,3.39,0.18,11.7
C884,10,Cọc khoan nhồi D1200 (26 cọc L=872m):P1-P1D,3.39,0.18,11.7
C884,10,Bản mặt cầu (Deck Slab):S3,0.33,0.18,11.7
C884,10,Bản mặt cầu (Deck Slab):S3,0.33,0.18,11.7
C884,10,Bản mặt cầu (Deck Slab):S3,0.33,0.18,11.7
C884,10,Bản mặt cầu (Deck Slab):S3,0.33,0.18,11.7
C885,10,Cọc khoan nhồi D1200 (26 cọc L=872m):P1-P1D,3.39,0.18,11.7
C885,10,Cọc khoan nhồi D1200 (26 cọc L=872m):P1-P1D,3.39,0.18,11.7
C885,10,Cọc khoan nhồi D1200 (26 cọc L=872m):P1-P1D,3.39,0.18,11.7
C885,10,Bản mặt cầu (Deck Slab):S3,0.33,0.18,11.7
C885,10,Bản mặt cầu (Deck Slab):S3,0.33,0.18,11.7
C885,10,Bản mặt cầu (Deck Slab):S3,0.33,0.18,11.7
C885,10,Bản mặt cầu (Deck Slab):S3,0.33,0.18,11.7
C886,10,Cọc khoan nhồi D1200 (26 cọc L=872m):P1-P1D,3.39,0.18,11.7
C886,10,Cọc khoan nhồi D1200 (26 cọc L=872m):P1-P1D,3.39,0.18,11.7
C886,10,Cọc khoan nhồi D1200 (26 cọc L=872m):P1-P1D,3.39,0.18,11.7
C886,10,Bản mặt cầu (Deck Slab):S3,0.33,0.18,11.7
C886,10,Bản mặt cầu (Deck Slab):S3,0.33,0.18,11.7
C886,10,Bản mặt cầu (Deck Slab):S3,0.33,0.18,11.7
C886,10,Bản mặt cầu (Deck Slab):S3,0.33,0.18,11.7
C887,10,Cọc khoan nhồi D1200 (26 cọc L=872m):P1-P1D,3.39,0.18,11.7
C887,10,Cọc khoan nhồi D1200 (26 cọc L=872m):P1-P1D,3.39,0.18,11.7
C887,10,Cọc khoan nhồi D1200 (26 cọc L=872m):P1-P1D,3.39,0.18,11.7
C887,10,Bản mặt cầu (Deck Slab):S3,0.33,0.18,11.7
C887,10,Bản mặt cầu (Deck Slab):S3,0.33,0.18,11.7
C887,10,Bản mặt cầu (Deck Slab):S3,0.33,0.18,11.7
C887,10,Bản mặt cầu (Deck Slab):S3,0.33,0.18,11.7
C888,10,Cọc khoan nhồi D1200 (26 cọc L=872m):P1-P1D,3.39,0.18,11.7
C888,10,Cọc khoan nhồi D1200 (26 cọc L=872m):P1-P1D,3.39,0.18,11.7
C888,10,Cọc khoan nhồi D1200 (26 cọc L=872m):P1-P1D,3.39,0.18,11.7
C888,10,Bản mặt cầu (Deck Slab):S3,0.33,0.18,11.7
C888,10,Bản mặt cầu (Deck Slab):S3,0.33,0.18,11.7
C888,10,Bản mặt cầu (Deck Slab):S3,0.33,0.18,11.7
C888,10,Bản mặt cầu (Deck Slab):S3,0.33,0.18,11.7
C889,10,Cọc khoan nhồi D1200 (26 cọc L=872m):P1-P1D,3.39,0.18,11.7
C889,10,Cọc khoan nhồi D1200 (26 cọc L=872m):P1-P1D,3.39,0.18,11.7
C889,10,Cọc khoan nhồi D1200 (26 cọc L=872m):P1-P1D,3.39,0.18,11.7
C889,10,Bản mặt cầu (Deck Slab):S3,0.33,0.18,11.7
C889,10,Bản mặt cầu (Deck Slab):S3,0.33,0.18,11.7
C889,10,Bản mặt cầu (Deck Slab):S3,0.33,0.18,11.7
C889,10,Bản mặt cầu (Deck Slab):S3,0.33,0.18,11.7
C890,10,Cọc khoan nhồi D1200 (26 cọc L=872m):P1-P1D,3.39,0.18,11.7
C890,10,Cọc khoan nhồi D1200 (26 cọc L=872m):P1-P1D,3.39,0.18,11.7
C890,10,Cọc khoan nhồi D1200 (26 cọc L=872m):P1-P1D,3.39,0.18,11.7
C890,10,Bản mặt cầu (Deck Slab):S3,0.33,0.18,11.7
C890,10,Bản mặt cầu (Deck Slab):S3,0.33,0.18,11.7
C890,10,Bản mặt cầu (Deck Slab):S3,0.33,0.18,11.7
C890,10,Bản mặt cầu (Deck Slab):S3,0.33,0.18,11.7
C891,10,Cọc khoan nhồi D1200 (26 cọc L=872m):P1-P1D,3.39,0.18,11.7
C891,10,Cọc khoan nhồi D1200 (26 cọc L=872m):P1-P1D,3.39,0.18,11.7
C891,10,Cọc khoan nhồi D1200 (26 cọc L=872m):P1-P1D,3.39,0.18,11.7
C891,10,Bản mặt cầu (Deck Slab):S3,0.33,0.18,11.7
C891,10,Bản mặt cầu (Deck Slab):S3,0.33,0.18,11.7
C891,10,Bản mặt cầu (Deck Slab):S3,0.33,0.18,11.7
C891,10,Bản mặt cầu (Deck Slab):S3,0.33,0.18,11.7
C892,10,Cọc khoan nhồi D1200 (26 cọc L=872m):P1-P1D,3.39,0.18,11.7
C892,10,Cọc khoan nhồi D1200 (26 cọc L=872m):P1-P1D,3.39,0.18,11.7
C892,10,Cọc khoan nhồi D1200 (26 cọc L=872m):P1-P1D,3.39,0.18,11.7
C892,10,Bản mặt cầu (Deck Slab):S3,0.33,0.18,11.7
C892,10,Bản mặt cầu (Deck Slab):S3,0.33,0.18,11.7
C892,10,Bản mặt cầu (Deck Slab):S3,0.33,0.18,11.7
C892,10,Bản mặt cầu (Deck Slab):S3,0.33,0.18,11.7
C893,10,Cọc khoan nhồi D1200 (26 cọc L=872m):P1-P1D,3.39,0.18,11.7
C893,10,Cọc khoan nhồi D1200 (26 cọc L=872m):P1-P1D,3.39,0.18,11.7
C893,10,Cọc khoan nhồi D1200 (26 cọc L=872m):P1-P1D,3.39,0.18,11.7
C893,10,Bản mặt cầu (Deck Slab):S3,0.33,0.18,11.7
C893,10,Bản mặt cầu (Deck Slab):S3,0.33,0.18,11.7
C893,10,Bản mặt cầu (Deck Slab):S3,0.33,0.18,11.7
C893,10,Bản mặt cầu (Deck Slab):S3,0.33,0.18,11.7
C894,10,Cọc khoan nhồi D1200 (26 cọc L=872m):P1-P1D,3.39,0.18,11.7
C894,10,Cọc khoan nhồi D1200 (26 cọc L=872m):P1-P1D,3.39,0.18,11.7
C894,10,Cọc khoan nhồi D1200 (26 cọc L=872m):P1-P1D,3.39,0.18,11.7
C894,10,Bản mặt cầu (Deck Slab):S3,0.33,0.18,11.7
C894,10,Bản mặt cầu (Deck Slab):S3,0.33,0.18,11.7
C894,10,Bản mặt cầu (Deck Slab):S3,0.33,0.18,11.7
C894,10,Bản mặt cầu (Deck Slab):S3,0.33,0.18,11.7
C895,10,Cọc khoan nhồi D1200 (26 cọc L=872m):P1-P1D,3.39,0.18,11.7
C895,10,Cọc khoan nhồi D1200 (26 cọc L=872m):P1-P1D,3.39,0.18,11.7
C895,10,Cọc khoan nhồi D1200 (26 cọc L=872m):P1-P1D,3.39,0.18,11.7
C895,10,Bản mặt cầu (Deck Slab):S3,0.33,0.18,11.7
C895,10,Bản mặt cầu (Deck Slab):S3,0.33,0.18,11.7
C895,10,Bản mặt cầu (Deck Slab):S3,0.33,0.18,11.7
C895,10,Bản mặt cầu (Deck Slab):S3,0.33,0.18,11.7
C896,10,Cọc khoan nhồi D1200 (26 cọc L=872m):P1-P1D,3.39,0.18,11.7
C896,10,Cọc khoan nhồi D1200 (26 cọc L=872m):P1-P1D,3.39,0.18,11.7
C896,10,Cọc khoan nhồi D1200 (26 cọc L=872m):P1-P1D,3.39,0.18,11.7
C896,10,Bản mặt cầu (Deck Slab):S3,0.33,0.18,11.7
C896,10,Bản mặt cầu (Deck Slab):S3,0.33,0.18,11.7
C896,10,Bản mặt cầu (Deck Slab):S3,0.33,0.18,11.7
C896,10,Bản mặt cầu (Deck Slab):S3,0.33,0.18,11.7
C897,10,Cọc khoan nhồi D1200 (26 cọc L=872m):P1-P1D,3.39,0.18,11.7
C897,10,Cọc khoan nhồi D1200 (26 cọc L=872m):P1-P1D,3.39,0.18,11.7
C897,10,Cọc khoan nhồi D1200 (26 cọc L=872m):P1-P1D,3.39,0.18,11.7
C897,10,Bản mặt cầu (Deck Slab):S3,0.33,0.18,11.7
C897,10,Bản mặt cầu (Deck Slab):S3,0.33,0.18,11.7
C897,10,Bản mặt cầu (Deck Slab):S3,0.33,0.18,11.7
C897,10,Bản mặt cầu (Deck Slab):S3,0.33,0.18,11.7
C898,10,Cọc khoan nhồi D1200 (26 cọc L=872m):P1-P1D,3.39,0.18,11.7
C898,10,Cọc khoan nhồi D1200 (26 cọc L=872m):P1-P1D,3.39,0.18,11.7
C898,10,Cọc khoan nhồi D1200 (26 cọc L=872m):P1-P1D,3.39,0.18,11.7
C898,10,Bản mặt cầu (Deck Slab):S3,0.33,0.18,11.7
C898,10,Bản mặt cầu (Deck Slab):S3,0.33,0.18,11.7
C898,10,Bản mặt cầu (Deck Slab):S3,0.33,0.18,11.7
C898,10,Bản mặt cầu (Deck Slab):S3,0.33,0.18,11.7
C899,10,Cọc khoan nhồi D1200 (26 cọc L=872m):P1-P1D,3.39,0.18,11.7
C899,10,Cọc khoan nhồi D1200 (26 cọc L=872m):P1-P1D,3.39,0.18,11.7
C899,10,Cọc khoan nhồi D1200 (26 cọc L=872m):P1-P1D,3.39,0.18,11.7
C899,10,Bản mặt cầu (Deck Slab):S3,0.33,0.18,11.7
C899,10,Bản mặt cầu (Deck Slab):S3,0.33,0.18,11.7
C899,10,Bản mặt cầu (Deck Slab):S3,0.33,0.18,11.7
C899,10,Bản mặt cầu (Deck Slab):S3,0.33,0.18,11.7
C900,10,Cọc khoan nhồi D1200 (26 cọc L=872m):P1-P1D,3.39,0.18,11.7
C900,10,Cọc khoan nhồi D1200 (26 cọc L=872m):P1-P1D,3.39,0.18,11.7
C900,10,Cọc khoan nhồi D1200 (26 cọc L=872m):P1-P1D,3.39,0.18,11.7
C900,10,Bản mặt cầu (Deck Slab):S3,0.33,0.18,11.7
C900,10,Bản mặt cầu (Deck Slab):S3,0.33,0.18,11.7
C900,10,Bản mặt cầu (Deck Slab):S3,0.33,0.18,11.7
C900,10,Bản mặt cầu (Deck Slab):S3,0.33,0.18,11.7
C901,10,Cọc khoan nhồi D1200 (26 cọc L=872m):P1-P1D,3.39,0.18,11.7
C901,10,Cọc khoan nhồi D1200 (26 cọc L=872m):P1-P1D,3.39,0.18,11.7
C901,10,Cọc khoan nhồi D1200 (26 cọc L=872m):P1-P1D,3.39,0.18,11.7
C901,10,Bản mặt cầu (Deck Slab):S3,0.33,0.18,11.7
C901,10,Bản mặt cầu (Deck Slab):S3,0.33,0.18,11.7
C901,10,Bản mặt cầu (Deck Slab):S3,0.33,0.18,11.7
C901,10,Bản mặt cầu (Deck Slab):S3,0.33,0.18,11.7
C902,10,Cọc khoan nhồi D1200 (26 cọc L=872m):P1-P1D,3.39,0.18,11.7
C902,10,Cọc khoan nhồi D1200 (26 cọc L=872m):P1-P1D,3.39,0.18,11.7
C902,10,Cọc khoan nhồi D1200 (26 cọc L=872m):P1-P1D,3.39,0.18,11.7
C902,10,Bản mặt cầu (Deck Slab):S3,0.33,0.18,11.7
C902,10,Bản mặt cầu (Deck Slab):S3,0.33,0.18,11.7
C902,10,Bản mặt cầu (Deck Slab):S3,0.33,0.18,11.7
C902,10,Bản mặt cầu (Deck Slab):S3,0.33,0.18,11.7
C903,10,Cọc khoan nhồi D1200 (26 cọc L=872m):P1-P1D,3.39,0.18,11.7
C903,10,Cọc khoan nhồi D1200 (26 cọc L=872m):P1-P1D,3.39,0.18,11.7
C903,10,Cọc khoan nhồi D1200 (26 cọc L=872m):P1-P1D,3.39,0.18,11.7
C903,10,Bản mặt cầu (Deck Slab):S3,0.33,0.18,11.7
C903,10,Bản mặt cầu (Deck Slab):S3,0.33,0.18,11.7
C903,10,Bản mặt cầu (Deck Slab):S3,0.33,0.18,11.7
C903,10,Bản mặt cầu (Deck Slab):S3,0.33,0.18,11.7
C904,10,Cọc khoan nhồi D1200 (26 cọc L=872m):P1-P1D,3.39,0.18,11.7
C904,10,Cọc khoan nhồi D1200 (26 cọc L=872m):P1-P1D,3.39,0.18,11.7
C904,10,Cọc khoan nhồi D1200 (26 cọc L=872m):P1-P1D,3.39,0.18,11.7
C904,10,Bản mặt cầu (Deck Slab):S3,0.33,0.18,11.7
C904,10,Bản mặt cầu (Deck Slab):S3,0.33,0.18,11.7
C904,10,Bản mặt cầu (Deck Slab):S3,0.33,0.18,11.7
C904,10,Bản mặt cầu (Deck Slab):S3,0.33,0.18,11.7
C905,10,Cọc khoan nhồi D1200 (26 cọc L=872m):P1-P1D,3.39,0.18,11.7
C905,10,Cọc khoan nhồi D1200 (26 cọc L=872m):P1-P1D,3.39,0.18,11.7
C905,10,Cọc khoan nhồi D1200 (26 cọc L=872m):P1-P1D,3.39,0.18,11.7
C905,10,Bản mặt cầu (Deck Slab):S3,0.33,0.18,11.7
C905,10,Bản mặt cầu (Deck Slab):S3,0.33,0.18,11.7
C905,10,Bản mặt cầu (Deck Slab):S3,0.33,0.18,11.7
C905,10,Bản mặt cầu (Deck Slab):S3,0.33,0.18,11.7
C906,10,Cọc khoan nhồi D1200 (26 cọc L=872m):P1-P1D,3.39,0.18,11.7
C906,10,Cọc khoan nhồi D1200 (26 cọc L=872m):P1-P1D,3.39,0.18,11.7
C906,10,Cọc khoan nhồi D1200 (26 cọc L=872m):P1-P1D,3.39,0.18,11.7
C906,10,Bản mặt cầu (Deck Slab):S3,0.33,0.18,11.7
C906,10,Bản mặt cầu (Deck Slab):S3,0.33,0.18,11.7
C906,10,Bản mặt cầu (Deck Slab):S3,0.33,0.18,11.7
C906,10,Bản mặt cầu (Deck Slab):S3,0.33,0.18,11.7
C907,10,Cọc khoan nhồi D1200 (26 cọc L=872m):P1-P1D,3.39,0.18,11.7
C907,10,Cọc khoan nhồi D1200 (26 cọc L=872m):P1-P1D,3.39,0.18,11.7
C907,10,Cọc khoan nhồi D1200 (26 cọc L=872m):P1-P1D,3.39,0.18,11.7
C907,10,Bản mặt cầu (Deck Slab):S3,0.33,0.18,11.7
C907,10,Bản mặt cầu (Deck Slab):S3,0.33,0.18,11.7
C907,10,Bản mặt cầu (Deck Slab):S3,0.33,0.18,11.7
C907,10,Bản mặt cầu (Deck Slab):S3,0.33,0.18,11.7
C908,10,Cọc khoan nhồi D1200 (26 cọc L=872m):P1-P1D,3.39,0.18,11.7
C908,10,Cọc khoan nhồi D1200 (26 cọc L=872m):P1-P1D,3.39,0.18,11.7
C908,10,Cọc khoan nhồi D1200 (26 cọc L=872m):P1-P1D,3.39,0.18,11.7
C908,10,Bản mặt cầu (Deck Slab):S3,0.33,0.18,11.7
C908,10,Bản mặt cầu (Deck Slab):S3,0.33,0.18,11.7
C908,10,Bản mặt cầu (Deck Slab):S3,0.33,0.18,11.7
C908,10,Bản mặt cầu (Deck Slab):S3,0.33,0.18,11.7
C909,10,Cọc khoan nhồi D1200 (26 cọc L=872m):P1-P1D,3.39,0.18,11.7
C909,10,Cọc khoan nhồi D1200 (26 cọc L=872m):P1-P1D,3.39,0.18,11.7
C909,10,Cọc khoan nhồi D1200 (26 cọc L=872m):P1-P1D,3.39,0.18,11.7
C909,10,Bản mặt cầu (Deck Slab):S3,0.33,0.18,11.7
C909,10,Bản mặt cầu (Deck Slab):S3,0.33,0.18,11.7
C909,10,Bản mặt cầu (Deck Slab):S3,0.33,0.18,11.7
C909,10,Bản mặt cầu (Deck Slab):S3,0.33,0.18,11.7
C910,10,Cọc khoan nhồi D1200 (26 cọc L=872m):P1-P1D,3.39,0.18,11.7
C910,10,Cọc khoan nhồi D1200 (26 cọc L=872m):P1-P1D,3.39,0.18,11.7
C910,10,Cọc khoan nhồi D1200 (26 cọc L=872m):P1-P1D,3.39,0.18,11.7
C910,10,Bản mặt cầu (Deck Slab):S3,0.33,0.18,11.7
C910,10,Bản mặt cầu (Deck Slab):S3,0.33,0.18,11.7
C910,10,Bản mặt cầu (Deck Slab):S3,0.33,0.18,11.7
C910,10,Bản mặt cầu (Deck Slab):S3,0.33,0.18,11.7
C911,10,Cọc khoan nhồi D1200 (26 cọc L=872m):P1-P1D,3.39,0.18,11.7
C911,10,Cọc khoan nhồi D1200 (26 cọc L=872m):P1-P1D,3.39,0.18,11.7
C911,10,Cọc khoan nhồi D1200 (26 cọc L=872m):P1-P1D,3.39,0.18,11.7
C911,10,Bản mặt cầu (Deck Slab):S3,0.33,0.18,11.7
C911,10,Bản mặt cầu (Deck Slab):S3,0.33,0.18,11.7
C911,10,Bản mặt cầu (Deck Slab):S3,0.33,0.18,11.7
C911,10,Bản mặt cầu (Deck Slab):S3,0.33,0.18,11.7
C912,10,Cọc khoan nhồi D1200 (26 cọc L=872m):P1-P1D,3.39,0.18,11.7
C912,10,Cọc khoan nhồi D1200 (26 cọc L=872m):P1-P1D,3.39,0.18,11.7
C912,10,Cọc khoan nhồi D1200 (26 cọc L=872m):P1-P1D,3.39,0.18,11.7
C912,10,Bản mặt cầu (Deck Slab):S3,0.33,0.18,11.7
C912,10,Bản mặt cầu (Deck Slab):S3,0.33,0.18,11.7
C912,10,Bản mặt cầu (Deck Slab):S3,0.33,0.18,11.7
C912,10,Bản mặt cầu (Deck Slab):S3,0.33,0.18,11.7
C913,10,Cọc khoan nhồi D1200 (26 cọc L=872m):P1-P1D,3.39,0.18,11.7
C913,10,Cọc khoan nhồi D1200 (26 cọc L=872m):P1-P1D,3.39,0.18,11.7
C913,10,Cọc khoan nhồi D1200 (26 cọc L=872m):P1-P1D,3.39,0.18,11.7
C913,10,Bản mặt cầu (Deck Slab):S3,0.33,0.18,11.7
C913,10,Bản mặt cầu (Deck Slab):S3,0.33,0.18,11.7
C913,10,Bản mặt cầu (Deck Slab):S3,0.33,0.18,11.7
C913,10,Bản mặt cầu (Deck Slab):S3,0.33,0.18,11.7
C914,10,Cọc khoan nhồi D1200 (26 cọc L=872m):P1-P1D,3.39,0.18,11.7
C914,10,Cọc khoan nhồi D1200 (26 cọc L=872m):P1-P1D,3.39,0.18,11.7
C914,10,Cọc khoan nhồi D1200 (26 cọc L=872m):P1-P1D,3.39,0.18,11.7
C914,10,Bản mặt cầu (Deck Slab):S3,0.33,0.18,11.7
C914,10,Bản mặt cầu (Deck Slab):S3,0.33,0.18,11.7
C914,10,Bản mặt cầu (Deck Slab):S3,0.33,0.18,11.7
C914,10,Bản mặt cầu (Deck Slab):S3,0.33,0.18,11.7
C915,10,Cọc khoan nhồi D1200 (26 cọc L=872m):P1-P1D,3.39,0.18,11.7
C915,10,Cọc khoan nhồi D1200 (26 cọc L=872m):P1-P1D,3.39,0.18,11.7
C915,10,Cọc khoan nhồi D1200 (26 cọc L=872m):P1-P1D,3.39,0.18,11.7
C915,10,Bản mặt cầu (Deck Slab):S3,0.33,0.18,11.7
C915,10,Bản mặt cầu (Deck Slab):S3,0.33,0.18,11.7
C915,10,Bản mặt cầu (Deck Slab):S3,0.33,0.18,11.7
C915,10,Bản mặt cầu (Deck Slab):S3,0.33,0.18,11.7
C916,10,Cọc khoan nhồi D1200 (26 cọc L=872m):P1-P1D,3.39,0.18,11.7
C916,10,Cọc khoan nhồi D1200 (26 cọc L=872m):P1-P1D,3.39,0.18,11.7
C916,10,Cọc khoan nhồi D1200 (26 cọc L=872m):P1-P1D,3.39,0.18,11.7
C916,10,Bản mặt cầu (Deck Slab):S3,0.33,0.18,11.7
C916,10,Bản mặt cầu (Deck Slab):S3,0.33,0.18,11.7
C916,10,Bản mặt cầu (Deck Slab):S3,0.33,0.18,11.7
C916,10,Bản mặt cầu (Deck Slab):S3,0.33,0.18,11.7
C917,10,Cọc khoan nhồi D1200 (26 cọc L=872m):P1-P1D,3.39,0.18,11.7
C917,10,Cọc khoan nhồi D1200 (26 cọc L=872m):P1-P1D,3.39,0.18,11.7
C917,10,Cọc khoan nhồi D1200 (26 cọc L=872m):P1-P1D,3.39,0.18,11.7
C917,10,Bản mặt cầu (Deck Slab):S3,0.33,0.18,11.7
C917,10,Bản mặt cầu (Deck Slab):S3,0.33,0.18,11.7
C917,10,Bản mặt cầu (Deck Slab):S3,0.33,0.18,11.7
C917,10,Bản mặt cầu (Deck Slab):S3,0.33,0.18,11.7
C918,10,Cọc khoan nhồi D1200 (26 cọc L=872m):P1-P1D,3.39,0.18,11.7
C918,10,Cọc khoan nhồi D1200 (26 cọc L=872m):P1-P1D,3.39,0.18,11.7
C918,10,Cọc khoan nhồi D1200 (26 cọc L=872m):P1-P1D,3.39,0.18,11.7
C918,10,Bản mặt cầu (Deck Slab):S3,0.33,0.18,11.7
C918,10,Bản mặt cầu (Deck Slab):S3,0.33,0.18,11.7
C918,10,Bản mặt cầu (Deck Slab):S3,0.33,0.18,11.7
C918,10,Bản mặt cầu (Deck Slab):S3,0.33,0.18,11.7
C919,10,Cọc khoan nhồi D1200 (26 cọc L=872m):P1-P1D,3.39,0.18,11.7
C919,10,Cọc khoan nhồi D1200 (26 cọc L=872m):P1-P1D,3.39,0.18,11.7
C919,10,Cọc khoan nhồi D1200 (26 cọc L=872m):P1-P1D,3.39,0.18,11.7
C919,10,Bản mặt cầu (Deck Slab):S3,0.33,0.18,11.7
C919,10,Bản mặt cầu (Deck Slab):S3,0.33,0.18,11.7
C919,10,Bản mặt cầu (Deck Slab):S3,0.33,0.18,11.7
C919,10,Bản mặt cầu (Deck Slab):S3,0.33,0.18,11.7
C920,10,Cọc khoan nhồi D1200 (26 cọc L=872m):P1-P1D,3.39,0.18,11.7
C920,10,Cọc khoan nhồi D1200 (26 cọc L=872m):P1-P1D,3.39,0.18,11.7
C920,10,Cọc khoan nhồi D1200 (26 cọc L=872m):P1-P1D,3.39,0.18,11.7
C920,10,Bản mặt cầu (Deck Slab):S3,0.33,0.18,11.7
C920,10,Bản mặt cầu (Deck Slab):S3,0.33,0.18,11.7
C920,10,Bản mặt cầu (Deck Slab):S3,0.33,0.18,11.7
C920,10,Bản mặt cầu (Deck Slab):S3,0.33,0.18,11.7
C921,10,Cọc khoan nhồi D1200 (26 cọc L=872m):P1-P1D,3.39,0.18,11.7
C921,10,Cọc khoan nhồi D1200 (26 cọc L=872m):P1-P1D,3.39,0.18,11.7
C921,10,Cọc khoan nhồi D1200 (26 cọc L=872m):P1-P1D,3.39,0.18,11.7
C921,10,Bản mặt cầu (Deck Slab):S3,0.33,0.18,11.7
C921,10,Bản mặt cầu (Deck Slab):S3,0.33,0.18,11.7
C921,10,Bản mặt cầu (Deck Slab):S3,0.33,0.18,11.7
C921,10,Bản mặt cầu (Deck Slab):S3,0.33,0.18,11.7
C922,10,Cọc khoan nhồi D1200 (26 cọc L=872m):P1-P1D,3.39,0.18,11.7
C922,10,Cọc khoan nhồi D1200 (26 cọc L=872m):P1-P1D,3.39,0.18,11.7
C922,10,Cọc khoan nhồi D1200 (26 cọc L=872m):P1-P1D,3.39,0.18,11.7
C922,10,Bản mặt cầu (Deck Slab):S3,0.33,0.18,11.7
C922,10,Bản mặt cầu (Deck Slab):S3,0.33,0.18,11.7
C922,10,Bản mặt cầu (Deck Slab):S3,0.33,0.18,11.7
C922,10,Bản mặt cầu (Deck Slab):S3,0.33,0.18,11.7
C923,10,Cọc khoan nhồi D1200 (26 cọc L=872m):P1-P1D,3.39,0.18,11.7
C923,10,Cọc khoan nhồi D1200 (26 cọc L=872m):P1-P1D,3.39,0.18,11.7
C923,10,Cọc khoan nhồi D1200 (26 cọc L=872m):P1-P1D,3.39,0.18,11.7
C923,10,Bản mặt cầu (Deck Slab):S3,0.33,0.18,11.7
C923,10,Bản mặt cầu (Deck Slab):S3,0.33,0.18,11.7
C923,10,Bản mặt cầu (Deck Slab):S3,0.33,0.18,11.7
C923,10,Bản mặt cầu (Deck Slab):S3,0.33,0.18,11.7
C924,10,Cọc khoan nhồi D1200 (26 cọc L=872m):P1-P1D,3.39,0.18,11.7
C924,10,Cọc khoan nhồi D1200 (26 cọc L=872m):P1-P1D,3.39,0.18,11.7
C924,10,Cọc khoan nhồi D1200 (26 cọc L=872m):P1-P1D,3.39,0.18,11.7
C924,10,Bản mặt cầu (Deck Slab):S3,0.33,0.18,11.7
C924,10,Bản mặt cầu (Deck Slab):S3,0.33,0.18,11.7
C924,10,Bản mặt cầu (Deck Slab):S3,0.33,0.18,11.7
C924,10,Bản mặt cầu (Deck Slab):S3,0.33,0.18,11.7
C925,10,Cọc khoan nhồi D1200 (26 cọc L=872m):P1-P1D,3.39,0.18,11.7
C925,10,Cọc khoan nhồi D1200 (26 cọc L=872m):P1-P1D,3.39,0.18,11.7
C925,10,Cọc khoan nhồi D1200 (26 cọc L=872m):P1-P1D,3.39,0.18,11.7
C925,10,Bản mặt cầu (Deck Slab):S3,0.33,0.18,11.7
C925,10,Bản mặt cầu (Deck Slab):S3,0.33,0.18,11.7
C925,10,Bản mặt cầu (Deck Slab):S3,0.33,0.18,11.7
C925,10,Bản mặt cầu (Deck Slab):S3,0.33,0.18,11.7
C926,10,Cọc khoan nhồi D1200 (26 cọc L=872m):P1-P1D,3.39,0.18,11.7
C926,10,Cọc khoan nhồi D1200 (26 cọc L=872m):P1-P1D,3.39,0.18,11.7
C926,10,Cọc khoan nhồi D1200 (26 cọc L=872m):P1-P1D,3.39,0.18,11.7
C926,10,Bản mặt cầu (Deck Slab):S3,0.33,0.18,11.7
C926,10,Bản mặt cầu (Deck Slab):S3,0.33,0.18,11.7
C926,10,Bản mặt cầu (Deck Slab):S3,0.33,0.18,11.7
C926,10,Bản mặt cầu (Deck Slab):S3,0.33,0.18,11.7
C927,10,Cọc khoan nhồi D1200 (26 cọc L=872m):P1-P1D,3.39,0.18,11.7
C927,10,Cọc khoan nhồi D1200 (26 cọc L=872m):P1-P1D,3.39,0.18,11.7
C927,10,Cọc khoan nhồi D1200 (26 cọc L=872m):P1-P1D,3.39,0.18,11.7
C927,10,Bản mặt cầu (Deck Slab):S3,0.33,0.18,11.7
C927,10,Bản mặt cầu (Deck Slab):S3,0.33,0.18,11.7
C927,10,Bản mặt cầu (Deck Slab):S3,0.33,0.18,11.7
C927,10,Bản mặt cầu (Deck Slab):S3,0.33,0.18,11.7
C928,10,Cọc khoan nhồi D1200 (26 cọc L=872m):P1-P1D,3.39,0.18,11.7
C928,10,Cọc khoan nhồi D1200 (26 cọc L=872m):P1-P1D,3.39,0.18,11.7
C928,10,Cọc khoan nhồi D1200 (26 cọc L=872m):P1-P1D,3.39,0.18,11.7
C928,10,Bản mặt cầu (Deck Slab):S3,0.33,0.18,11.7
C928,10,Bản mặt cầu (Deck Slab):S3,0.33,0.18,11.7
C928,10,Bản mặt cầu (Deck Slab):S3,0.33,0.18,11.7
C928,10,Bản mặt cầu (Deck Slab):S3,0.33,0.18,11.7
C929,10,Cọc khoan nhồi D1200 (26 cọc L=872m):P1-P1D,3.39,0.18,11.7
C929,10,Cọc khoan nhồi D1200 (26 cọc L=872m):P1-P1D,3.39,0.18,11.7
C929,10,Cọc khoan nhồi D1200 (26 cọc L=872m):P1-P1D,3.39,0.18,11.7
C929,10,Bản mặt cầu (Deck Slab):S3,0.33,0.18,11.7
C929,10,Bản mặt cầu (Deck Slab):S3,0.33,0.18,11.7
C929,10,Bản mặt cầu (Deck Slab):S3,0.33,0.18,11.7
C929,10,Bản mặt cầu (Deck Slab):S3,0.33,0.18,11.7
C930,10,Cọc khoan nhồi D1200 (26 cọc L=872m):P1-P1D,3.39,0.18,11.7
C930,10,Cọc khoan nhồi D1200 (26 cọc L=872m):P1-P1D,3.39,0.18,11.7
C930,10,Cọc khoan nhồi D1200 (26 cọc L=872m):P1-P1D,3.39,0.18,11.7
C930,10,Bản mặt cầu (Deck Slab):S3,0.33,0.18,11.7
C930,10,Bản mặt cầu (Deck Slab):S3,0.33,0.18,11.7
C930,10,Bản mặt cầu (Deck Slab):S3,0.33,0.18,11.7
C930,10,Bản mặt cầu (Deck Slab):S3,0.33,0.18,11.7
C931,10,Cọc khoan nhồi D1200 (26 cọc L=872m):P1-P1D,3.39,0.18,11.7
C931,10,Cọc khoan nhồi D1200 (26 cọc L=872m):P1-P1D,3.39,0.18,11.7
C931,10,Cọc khoan nhồi D1200 (26 cọc L=872m):P1-P1D,3.39,0.18,11.7
C931,10,Bản mặt cầu (Deck Slab):S3,0.33,0.18,11.7
C931,10,Bản mặt cầu (Deck Slab):S3,0.33,0.18,11.7
C931,10,Bản mặt cầu (Deck Slab):S3,0.33,0.18,11.7
C931,10,Bản mặt cầu (Deck Slab):S3,0.33,0.18,11.7
C932,10,Cọc khoan nhồi D1200 (26 cọc L=872m):P1-P1D,3.39,0.18,11.7
C932,10,Cọc khoan nhồi D1200 (26 cọc L=872m):P1-P1D,3.39,0.18,11.7
C932,10,Cọc khoan nhồi D1200 (26 cọc L=872m):P1-P1D,3.39,0.18,11.7
C932,10,Bản mặt cầu (Deck Slab):S3,0.33,0.18,11.7
C932,10,Bản mặt cầu (Deck Slab):S3,0.33,0.18,11.7
C932,10,Bản mặt cầu (Deck Slab):S3,0.33,0.18,11.7
C932,10,Bản mặt cầu (Deck Slab):S3,0.33,0.18,11.7
C933,10,Cọc khoan nhồi D1200 (26 cọc L=872m):P1-P1D,3.39,0.18,11.7
C933,10,Cọc khoan nhồi D1200 (26 cọc L=872m):P1-P1D,3.39,0.18,11.7
C933,10,Cọc khoan nhồi D1200 (26 cọc L=872m):P1-P1D,3.39,0.18,11.7
C933,10,Bản mặt cầu (Deck Slab):S3,0.33,0.18,11.7
C933,10,Bản mặt cầu (Deck Slab):S3,0.33,0.18,11.7
C933,10,Bản mặt cầu (Deck Slab):S3,0.33,0.18,11.7
C933,10,Bản mặt cầu (Deck Slab):S3,0.33,0.18,11.7
C934,10,Cọc khoan nhồi D1200 (26 cọc L=872m):P1-P1D,3.39,0.18,11.7
C934,10,Cọc khoan nhồi D1200 (26 cọc L=872m):P1-P1D,3.39,0.18,11.7
C934,10,Cọc khoan nhồi D1200 (26 cọc L=872m):P1-P1D,3.39,0.18,11.7
C934,10,Bản mặt cầu (Deck Slab):S3,0.33,0.18,11.7
C934,10,Bản mặt cầu (Deck Slab):S3,0.33,0.18,11.7
C934,10,Bản mặt cầu (Deck Slab):S3,0.33,0.18,11.7
C934,10,Bản mặt cầu (Deck Slab):S3,0.33,0.18,11.7
C935,10,Cọc khoan nhồi D1200 (26 cọc L=872m):P1-P1D,3.39,0.18,11.7
C935,10,Cọc khoan nhồi D1200 (26 cọc L=872m):P1-P1D,3.39,0.18,11.7
C935,10,Cọc khoan nhồi D1200 (26 cọc L=872m):P1-P1D,3.39,0.18,11.7
C935,10,Bản mặt cầu (Deck Slab):S3,0.33,0.18,11.7
C935,10,Bản mặt cầu (Deck Slab):S3,0.33,0.18,11.7
C935,10,Bản mặt cầu (Deck Slab):S3,0.33,0.18,11.7
C935,10,Bản mặt cầu (Deck Slab):S3,0.33,0.18,11.7
C936,10,Cọc khoan nhồi D1200 (26 cọc L=872m):P1-P1D,3.39,0.18,11.7
C936,10,Cọc khoan nhồi D1200 (26 cọc L=872m):P1-P1D,3.39,0.18,11.7
C936,10,Cọc khoan nhồi D1200 (26 cọc L=872m):P1-P1D,3.39,0.18,11.7
C936,10,Bản mặt cầu (Deck Slab):S3,0.33,0.18,11.7
C936,10,Bản mặt cầu (Deck Slab):S3,0.33,0.18,11.7
C936,10,Bản mặt cầu (Deck Slab):S3,0.33,0.18,11.7
C936,10,Bản mặt cầu (Deck Slab):S3,0.33,0.18,11.7
C937,10,Cọc khoan nhồi D1200 (26 cọc L=872m):P1-P1D,3.39,0.18,11.7
C937,10,Cọc khoan nhồi D1200 (26 cọc L=872m):P1-P1D,3.39,0.18,11.7
C937,10,Cọc khoan nhồi D1200 (26 cọc L=872m):P1-P1D,3.39,0.18,11.7
C937,10,Bản mặt cầu (Deck Slab):S3,0.33,0.18,11.7
C937,10,Bản mặt cầu (Deck Slab):S3,0.33,0.18,11.7
C937,10,Bản mặt cầu (Deck Slab):S3,0.33,0.18,11.7
C937,10,Bản mặt cầu (Deck Slab):S3,0.33,0.18,11.7
C938,10,Cọc khoan nhồi D1200 (26 cọc L=872m):P1-P1D,3.39,0.18,11.7
C938,10,Cọc khoan nhồi D1200 (26 cọc L=872m):P1-P1D,3.39,0.18,11.7
C938,10,Cọc khoan nhồi D1200 (26 cọc L=872m):P1-P1D,3.39,0.18,11.7
C938,10,Bản mặt cầu (Deck Slab):S3,0.33,0.18,11.7
C938,10,Bản mặt cầu (Deck Slab):S3,0.33,0.18,11.7
C938,10,Bản mặt cầu (Deck Slab):S3,0.33,0.18,11.7
C938,10,Bản mặt cầu (Deck Slab):S3,0.33,0.18,11.7
C939,10,Cọc khoan nhồi D1200 (26 cọc L=872m):P1-P1D,3.39,0.18,11.7
C939,10,Cọc khoan nhồi D1200 (26 cọc L=872m):P1-P1D,3.39,0.18,11.7
C939,10,Cọc khoan nhồi D1200 (26 cọc L=872m):P1-P1D,3.39,0.18,11.7
C939,10,Bản mặt cầu (Deck Slab):S3,0.33,0.18,11.7
C939,10,Bản mặt cầu (Deck Slab):S3,0.33,0.18,11.7
C939,10,Bản mặt cầu (Deck Slab):S3,0.33,0.18,11.7
C939,10,Bản mặt cầu (Deck Slab):S3,0.33,0.18,11.7
C940,10,Cọc khoan nhồi D1200 (26 cọc L=872m):P1-P1D,3.39,0.18,11.7
C940,10,Cọc khoan nhồi D1200 (26 cọc L=872m):P1-P1D,3.39,0.18,11.7
C940,10,Cọc khoan nhồi D1200 (26 cọc L=872m):P1-P1D,3.39,0.18,11.7
C940,10,Bản mặt cầu (Deck Slab):S3,0.33,0.18,11.7
C940,10,Bản mặt cầu (Deck Slab):S3,0.33,0.18,11.7
C940,10,Bản mặt cầu (Deck Slab):S3,0.33,0.18,11.7
C940,10,Bản mặt cầu (Deck Slab):S3,0.33,0.18,11.7
C941,10,Cọc khoan nhồi D1200 (26 cọc L=872m):P1-P1D,3.39,0.18,11.7
C941,10,Cọc khoan nhồi D1200 (26 cọc L=872m):P1-P1D,3.39,0.18,11.7
C941,10,Cọc khoan nhồi D1200 (26 cọc L=872m):P1-P1D,3.39,0.18,11.7
C941,10,Bản mặt cầu (Deck Slab):S3,0.33,0.18,11.7
C941,10,Bản mặt cầu (Deck Slab):S3,0.33,0.18,11.7
C941,10,Bản mặt cầu (Deck Slab):S3,0.33,0.18,11.7
C941,10,Bản mặt cầu (Deck Slab):S3,0.33,0.18,11.7
C942,10,Cọc khoan nhồi D1200 (26 cọc L=872m):P1-P1D,3.39,0.18,11.7
C942,10,Cọc khoan nhồi D1200 (26 cọc L=872m):P1-P1D,3.39,0.18,11.7
C942,10,Cọc khoan nhồi D1200 (26 cọc L=872m):P1-P1D,3.39,0.18,11.7
C942,10,Bản mặt cầu (Deck Slab):S3,0.33,0.18,11.7
C942,10,Bản mặt cầu (Deck Slab):S3,0.33,0.18,11.7
C942,10,Bản mặt cầu (Deck Slab):S3,0.33,0.18,11.7
C942,10,Bản mặt cầu (Deck Slab):S3,0.33,0.18,11.7
C943,10,Cọc khoan nhồi D1200 (26 cọc L=872m):P1-P1D,3.39,0.18,11.7
C943,10,Cọc khoan nhồi D1200 (26 cọc L=872m):P1-P1D,3.39,0.18,11.7
C943,10,Cọc khoan nhồi D1200 (26 cọc L=872m):P1-P1D,3.39,0.18,11.7
C943,10,Bản mặt cầu (Deck Slab):S3,0.33,0.18,11.7
C943,10,Bản mặt cầu (Deck Slab):S3,0.33,0.18,11.7
C943,10,Bản mặt cầu (Deck Slab):S3,0.33,0.18,11.7
C943,10,Bản mặt cầu (Deck Slab):S3,0.33,0.18,11.7
C944,10,Cọc khoan nhồi D1200 (26 cọc L=872m):P1-P1D,3.39,0.18,11.7
C944,10,Cọc khoan nhồi D1200 (26 cọc L=872m):P1-P1D,3.39,0.18,11.7
C944,10,Cọc khoan nhồi D1200 (26 cọc L=872m):P1-P1D,3.39,0.18,11.7
C944,10,Bản mặt cầu (Deck Slab):S3,0.33,0.18,11.7
C944,10,Bản mặt cầu (Deck Slab):S3,0.33,0.18,11.7
C944,10,Bản mặt cầu (Deck Slab):S3,0.33,0.18,11.7
C944,10,Bản mặt cầu (Deck Slab):S3,0.33,0.18,11.7
C945,10,Cọc khoan nhồi D1200 (26 cọc L=872m):P1-P1D,3.39,0.18,11.7
C945,10,Cọc khoan nhồi D1200 (26 cọc L=872m):P1-P1D,3.39,0.18,11.7
C945,10,Cọc khoan nhồi D1200 (26 cọc L=872m):P1-P1D,3.39,0.18,11.7
C945,10,Bản mặt cầu (Deck Slab):S3,0.33,0.18,11.7
C945,10,Bản mặt cầu (Deck Slab):S3,0.33,0.18,11.7
C945,10,Bản mặt cầu (Deck Slab):S3,0.33,0.18,11.7
C945,10,Bản mặt cầu (Deck Slab):S3,0.33,0.18,11.7
C946,10,Cọc khoan nhồi D1200 (26 cọc L=872m):P1-P1D,3.39,0.18,11.7
C946,10,Cọc khoan nhồi D1200 (26 cọc L=872m):P1-P1D,3.39,0.18,11.7
C946,10,Cọc khoan nhồi D1200 (26 cọc L=872m):P1-P1D,3.39,0.18,11.7
C946,10,Bản mặt cầu (Deck Slab):S3,0.33,0.18,11.7
C946,10,Bản mặt cầu (Deck Slab):S3,0.33,0.18,11.7
C946,10,Bản mặt cầu (Deck Slab):S3,0.33,0.18,11.7
C946,10,Bản mặt cầu (Deck Slab):S3,0.33,0.18,11.7
C947,10,Cọc khoan nhồi D1200 (26 cọc L=872m):P1-P1D,3.39,0.18,11.7
C947,10,Cọc khoan nhồi D1200 (26 cọc L=872m):P1-P1D,3.39,0.18,11.7
C947,10,Cọc khoan nhồi D1200 (26 cọc L=872m):P1-P1D,3.39,0.18,11.7
C947,10,Bản mặt cầu (Deck Slab):S3,0.33,0.18,11.7
C947,10,Bản mặt cầu (Deck Slab):S3,0.33,0.18,11.7
C947,10,Bản mặt cầu (Deck Slab):S3,0.33,0.18,11.7
C947,10,Bản mặt cầu (Deck Slab):S3,0.33,0.18,11.7
C948,10,Cọc khoan nhồi D1200 (26 cọc L=872m):P1-P1D,3.39,0.18,11.7
C948,10,Cọc khoan nhồi D1200 (26 cọc L=872m):P1-P1D,3.39,0.18,11.7
C948,10,Cọc khoan nhồi D1200 (26 cọc L=872m):P1-P1D,3.39,0.18,11.7
C948,10,Bản mặt cầu (Deck Slab):S3,0.33,0.18,11.7
C948,10,Bản mặt cầu (Deck Slab):S3,0.33,0.18,11.7
C948,10,Bản mặt cầu (Deck Slab):S3,0.33,0.18,11.7
C948,10,Bản mặt cầu (Deck Slab):S3,0.33,0.18,11.7
C949,10,Cọc khoan nhồi D1200 (26 cọc L=872m):P1-P1D,3.39,0.18,11.7
C949,10,Cọc khoan nhồi D1200 (26 cọc L=872m):P1-P1D,3.39,0.18,11.7
C949,10,Cọc khoan nhồi D1200 (26 cọc L=872m):P1-P1D,3.39,0.18,11.7
C949,10,Bản mặt cầu (Deck Slab):S3,0.33,0.18,11.7
C949,10,Bản mặt cầu (Deck Slab):S3,0.33,0.18,11.7
C949,10,Bản mặt cầu (Deck Slab):S3,0.33,0.18,11.7
C949,10,Bản mặt cầu (Deck Slab):S3,0.33,0.18,11.7
C950,10,Cọc khoan nhồi D1200 (26 cọc L=872m):P1-P1D,3.39,0.18,11.7
C950,10,Cọc khoan nhồi D1200 (26 cọc L=872m):P1-P1D,3.39,0.18,11.7
C950,10,Cọc khoan nhồi D1200 (26 cọc L=872m):P1-P1D,3.39,0.18,11.7
C950,10,Bản mặt cầu (Deck Slab):S3,0.33,0.18,11.7
C950,10,Bản mặt cầu (Deck Slab):S3,0.33,0.18,11.7
C950,10,Bản mặt cầu (Deck Slab):S3,0.33,0.18,11.7
C950,10,Bản mặt cầu (Deck Slab):S3,0.33,0.18,11.7
C951,10,Cọc khoan nhồi D1200 (26 cọc L=872m):P1-P1D,3.39,0.18,11.7
C951,10,Cọc khoan nhồi D1200 (26 cọc L=872m):P1-P1D,3.39,0.18,11.7
C951,10,Cọc khoan nhồi D1200 (26 cọc L=872m):P1-P1D,3.39,0.18,11.7
C951,10,Bản mặt cầu (Deck Slab):S3,0.33,0.18,11.7
C951,10,Bản mặt cầu (Deck Slab):S3,0.33,0.18,11.7
C951,10,Bản mặt cầu (Deck Slab):S3,0.33,0.18,11.7
C951,10,Bản mặt cầu (Deck Slab):S3,0.33,0.18,11.7
C952,10,Cọc khoan nhồi D1200 (26 cọc L=872m):P1-P1D,3.39,0.18,11.7
C952,10,Cọc khoan nhồi D1200 (26 cọc L=872m):P1-P1D,3.39,0.18,11.7
C952,10,Cọc khoan nhồi D1200 (26 cọc L=872m):P1-P1D,3.39,0.18,11.7
C952,10,Bản mặt cầu (Deck Slab):S3,0.33,0.18,11.7
C952,10,Bản mặt cầu (Deck Slab):S3,0.33,0.18,11.7
C952,10,Bản mặt cầu (Deck Slab):S3,0.33,0.18,11.7
C952,10,Bản mặt cầu (Deck Slab):S3,0.33,0.18,11.7
C953,10,Cọc khoan nhồi D1200 (26 cọc L=872m):P1-P1D,3.39,0.18,11.7
C953,10,Cọc khoan nhồi D1200 (26 cọc L=872m):P1-P1D,3.39,0.18,11.7
C953,10,Cọc khoan nhồi D1200 (26 cọc L=872m):P1-P1D,3.39,0.18,11.7
C953,10,Bản mặt cầu (Deck Slab):S3,0.33,0.18,11.7
C953,10,Bản mặt cầu (Deck Slab):S3,0.33,0.18,11.7
C953,10,Bản mặt cầu (Deck Slab):S3,0.33,0.18,11.7
C953,10,Bản mặt cầu (Deck Slab):S3,0.33,0.18,11.7
C954,10,Cọc khoan nhồi D1200 (26 cọc L=872m):P1-P1D,3.39,0.18,11.7
C954,10,Cọc khoan nhồi D1200 (26 cọc L=872m):P1-P1D,3.39,0.18,11.7
C954,10,Cọc khoan nhồi D1200 (26 cọc L=872m):P1-P1D,3.39,0.18,11.7
C954,10,Bản mặt cầu (Deck Slab):S3,0.33,0.18,11.7
C954,10,Bản mặt cầu (Deck Slab):S3,0.33,0.18,11.7
C954,10,Bản mặt cầu (Deck Slab):S3,0.33,0.18,11.7
C954,10,Bản mặt cầu (Deck Slab):S3,0.33,0.18,11.7
C955,10,Cọc khoan nhồi D1200 (26 cọc L=872m):P1-P1D,3.39,0.18,11.7
C955,10,Cọc khoan nhồi D1200 (26 cọc L=872m):P1-P1D,3.39,0.18,11.7
C955,10,Cọc khoan nhồi D1200 (26 cọc L=872m):P1-P1D,3.39,0.18,11.7
C955,10,Bản mặt cầu (Deck Slab):S3,0.33,0.18,11.7
C955,10,Bản mặt cầu (Deck Slab):S3,0.33,0.18,11.7
C955,10,Bản mặt cầu (Deck Slab):S3,0.33,0.18,11.7
C955,10,Bản mặt cầu (Deck Slab):S3,0.33,0.18,11.7
C956,10,Cọc khoan nhồi D1200 (26 cọc L=872m):P1-P1D,3.39,0.18,11.7
C956,10,Cọc khoan nhồi D1200 (26 cọc L=872m):P1-P1D,3.39,0.18,11.7
C956,10,Cọc khoan nhồi D1200 (26 cọc L=872m):P1-P1D,3.39,0.18,11.7
C956,10,Bản mặt cầu (Deck Slab):S3,0.33,0.18,11.7
C956,10,Bản mặt cầu (Deck Slab):S3,0.33,0.18,11.7
C956,10,Bản mặt cầu (Deck Slab):S3,0.33,0.18,11.7
C956,10,Bản mặt cầu (Deck Slab):S3,0.33,0.18,11.7
C957,10,Cọc khoan nhồi D1200 (26 cọc L=872m):P1-P1D,3.39,0.18,11.7
C957,10,Cọc khoan nhồi D1200 (26 cọc L=872m):P1-P1D,3.39,0.18,11.7
C957,10,Cọc khoan nhồi D1200 (26 cọc L=872m):P1-P1D,3.39,0.18,11.7
C957,10,Bản mặt cầu (Deck Slab):S3,0.33,0.18,11.7
C957,10,Bản mặt cầu (Deck Slab):S3,0.33,0.18,11.7
C957,10,Bản mặt cầu (Deck Slab):S3,0.33,0.18,11.7
C957,10,Bản mặt cầu (Deck Slab):S3,0.33,0.18,11.7
C958,10,Cọc khoan nhồi D1200 (26 cọc L=872m):P1-P1D,3.39,0.18,11.7
C958,10,Cọc khoan nhồi D1200 (26 cọc L=872m):P1-P1D,3.39,0.18,11.7
C958,10,Cọc khoan nhồi D1200 (26 cọc L=872m):P1-P1D,3.39,0.18,11.7
C958,10,Bản mặt cầu (Deck Slab):S3,0.33,0.18,11.7
C958,10,Bản mặt cầu (Deck Slab):S3,0.33,0.18,11.7
C958,10,Bản mặt cầu (Deck Slab):S3,0.33,0.18,11.7
C958,10,Bản mặt cầu (Deck Slab):S3,0.33,0.18,11.7
C959,10,Cọc khoan nhồi D1200 (26 cọc L=872m):P1-P1D,3.39,0.18,11.7
C959,10,Cọc khoan nhồi D1200 (26 cọc L=872m):P1-P1D,3.39,0.18,11.7
C959,10,Cọc khoan nhồi D1200 (26 cọc L=872m):P1-P1D,3.39,0.18,11.7
C959,10,Bản mặt cầu (Deck Slab):S3,0.33,0.18,11.7
C959,10,Bản mặt cầu (Deck Slab):S3,0.33,0.18,11.7
C959,10,Bản mặt cầu (Deck Slab):S3,0.33,0.18,11.7
C959,10,Bản mặt cầu (Deck Slab):S3,0.33,0.18,11.7
C960,10,Cọc khoan nhồi D1200 (26 cọc L=872m):P1-P1D,3.39,0.18,11.7
C960,10,Cọc khoan nhồi D1200 (26 cọc L=872m):P1-P1D,3.39,0.18,11.7
C960,10,Cọc khoan nhồi D1200 (26 cọc L=872m):P1-P1D,3.39,0.18,11.7
C960,10,Bản mặt cầu (Deck Slab):S3,0.33,0.18,11.7
C960,10,Bản mặt cầu (Deck Slab):S3,0.33,0.18,11.7
C960,10,Bản mặt cầu (Deck Slab):S3,0.33,0.18,11.7
C960,10,Bản mặt cầu (Deck Slab):S3,0.33,0.18,11.7
C961,10,Cọc khoan nhồi D1200 (26 cọc L=872m):P1-P1D,3.39,0.18,11.7
C961,10,Cọc khoan nhồi D1200 (26 cọc L=872m):P1-P1D,3.39,0.18,11.7
C961,10,Cọc khoan nhồi D1200 (26 cọc L=872m):P1-P1D,3.39,0.18,11.7
C961,10,Bản mặt cầu (Deck Slab):S3,0.33,0.18,11.7
C961,10,Bản mặt cầu (Deck Slab):S3,0.33,0.18,11.7
C961,10,Bản mặt cầu (Deck Slab):S3,0.33,0.18,11.7
C961,10,Bản mặt cầu (Deck Slab):S3,0.33,0.18,11.7
C962,10,Cọc khoan nhồi D1200 (26 cọc L=872m):P1-P1D,3.39,0.18,11.7
C962,10,Cọc khoan nhồi D1200 (26 cọc L=872m):P1-P1D,3.39,0.18,11.7
C962,10,Cọc khoan nhồi D1200 (26 cọc L=872m):P1-P1D,3.39,0.18,11.7
C962,10,Bản mặt cầu (Deck Slab):S3,0.33,0.18,11.7
C962,10,Bản mặt cầu (Deck Slab):S3,0.33,0.18,11.7
C962,10,Bản mặt cầu (Deck Slab):S3,0.33,0.18,11.7
C962,10,Bản mặt cầu (Deck Slab):S3,0.33,0.18,11.7
C963,10,Cọc khoan nhồi D1200 (26 cọc L=872m):P1-P1D,3.39,0.18,11.7
C963,10,Cọc khoan nhồi D1200 (26 cọc L=872m):P1-P1D,3.39,0.18,11.7
C963,10,Cọc khoan nhồi D1200 (26 cọc L=872m):P1-P1D,3.39,0.18,11.7
C963,10,Bản mặt cầu (Deck Slab):S3,0.33,0.18,11.7
C963,10,Bản mặt cầu (Deck Slab):S3,0.33,0.18,11.7
C963,10,Bản mặt cầu (Deck Slab):S3,0.33,0.18,11.7
C963,10,Bản mặt cầu (Deck Slab):S3,0.33,0.18,11.7
C964,10,Cọc khoan nhồi D1200 (26 cọc L=872m):P1-P1D,3.39,0.18,11.7
C964,10,Cọc khoan nhồi D1200 (26 cọc L=872m):P1-P1D,3.39,0.18,11.7
C964,10,Cọc khoan nhồi D1200 (26 cọc L=872m):P1-P1D,3.39,0.18,11.7
C964,10,Bản mặt cầu (Deck Slab):S3,0.33,0.18,11.7
C964,10,Bản mặt cầu (Deck Slab):S3,0.33,0.18,11.7
C964,10,Bản mặt cầu (Deck Slab):S3,0.33,0.18,11.7
C964,10,Bản mặt cầu (Deck Slab):S3,0.33,0.18,11.7
C965,10,Cọc khoan nhồi D1200 (26 cọc L=872m):P1-P1D,3.39,0.18,11.7
C965,10,Cọc khoan nhồi D1200 (26 cọc L=872m):P1-P1D,3.39,0.18,11.7
C965,10,Cọc khoan nhồi D1200 (26 cọc L=872m):P1-P1D,3.39,0.18,11.7
C965,10,Bản mặt cầu (Deck Slab):S3,0.33,0.18,11.7
C965,10,Bản mặt cầu (Deck Slab):S3,0.33,0.18,11.7
C965,10,Bản mặt cầu (Deck Slab):S3,0.33,0.18,11.7
C965,10,Bản mặt cầu (Deck Slab):S3,0.33,0.18,11.7
C966,10,Cọc khoan nhồi D1200 (26 cọc L=872m):P1-P1D,3.39,0.18,11.7
C966,10,Cọc khoan nhồi D1200 (26 cọc L=872m):P1-P1D,3.39,0.18,11.7
C966,10,Cọc khoan nhồi D1200 (26 cọc L=872m):P1-P1D,3.39,0.18,11.7
C966,10,Bản mặt cầu (Deck Slab):S3,0.33,0.18,11.7
C966,10,Bản mặt cầu (Deck Slab):S3,0.33,0.18,11.7
C966,10,Bản mặt cầu (Deck Slab):S3,0.33,0.18,11.7
C966,10,Bản mặt cầu (Deck Slab):S3,0.33,0.18,11.7
C967,10,Cọc khoan nhồi D1200 (26 cọc L=872m):P1-P1D,3.39,0.18,11.7
C967,10,Cọc khoan nhồi D1200 (26 cọc L=872m):P1-P1D,3.39,0.18,11.7
C967,10,Cọc khoan nhồi D1200 (26 cọc L=872m):P1-P1D,3.39,0.18,11.7
C967,10,Bản mặt cầu (Deck Slab):S3,0.33,0.18,11.7
C967,10,Bản mặt cầu (Deck Slab):S3,0.33,0.18,11.7
C967,10,Bản mặt cầu (Deck Slab):S3,0.33,0.18,11.7
C967,10,Bản mặt cầu (Deck Slab):S3,0.33,0.18,11.7
C968,10,Cọc khoan nhồi D1200 (26 cọc L=872m):P1-P1D,3.39,0.18,11.7
C968,10,Cọc khoan nhồi D1200 (26 cọc L=872m):P1-P1D,3.39,0.18,11.7
C968,10,Cọc khoan nhồi D1200 (26 cọc L=872m):P1-P1D,3.39,0.18,11.7
C968,10,Bản mặt cầu (Deck Slab):S3,0.33,0.18,11.7
C968,10,Bản mặt cầu (Deck Slab):S3,0.33,0.18,11.7
C968,10,Bản mặt cầu (Deck Slab):S3,0.33,0.18,11.7
C968,10,Bản mặt cầu (Deck Slab):S3,0.33,0.18,11.7
C969,10,Cọc khoan nhồi D1200 (26 cọc L=872m):P1-P1D,3.39,0.18,11.7
C969,10,Cọc khoan nhồi D1200 (26 cọc L=872m):P1-P1D,3.39,0.18,11.7
C969,10,Cọc khoan nhồi D1200 (26 cọc L=872m):P1-P1D,3.39,0.18,11.7
C969,10,Bản mặt cầu (Deck Slab):S3,0.33,0.18,11.7
C969,10,Bản mặt cầu (Deck Slab):S3,0.33,0.18,11.7
C969,10,Bản mặt cầu (Deck Slab):S3,0.33,0.18,11.7
C969,10,Bản mặt cầu (Deck Slab):S3,0.33,0.18,11.7
C970,10,Cọc khoan nhồi D1200 (26 cọc L=872m):P1-P1D,3.39,0.18,11.7
C970,10,Cọc khoan nhồi D1200 (26 cọc L=872m):P1-P1D,3.39,0.18,11.7
C970,10,Cọc khoan nhồi D1200 (26 cọc L=872m):P1-P1D,3.39,0.18,11.7
C970,10,Bản mặt cầu (Deck Slab):S3,0.33,0.18,11.7
C970,10,Bản mặt cầu (Deck Slab):S3,0.33,0.18,11.7
C970,10,Bản mặt cầu (Deck Slab):S3,0.33,0.18,11.7
C970,10,Bản mặt cầu (Deck Slab):S3,0.33,0.18,11.7
C971,10,Cọc khoan nhồi D1200 (26 cọc L=872m):P1-P1D,3.39,0.18,11.7
C971,10,Cọc khoan nhồi D1200 (26 cọc L=872m):P1-P1D,3.39,0.18,11.7
C971,10,Cọc khoan nhồi D1200 (26 cọc L=872m):P1-P1D,3.39,0.18,11.7
C971,10,Bản mặt cầu (Deck Slab):S3,0.33,0.18,11.7
C971,10,Bản mặt cầu (Deck Slab):S3,0.33,0.18,11.7
C971,10,Bản mặt cầu (Deck Slab):S3,0.33,0.18,11.7
C971,10,Bản mặt cầu (Deck Slab):S3,0.33,0.18,11.7
C972,10,Cọc khoan nhồi D1200 (26 cọc L=872m):P1-P1D,3.39,0.18,11.7
C972,10,Cọc khoan nhồi D1200 (26 cọc L=872m):P1-P1D,3.39,0.18,11.7
C972,10,Cọc khoan nhồi D1200 (26 cọc L=872m):P1-P1D,3.39,0.18,11.7
C972,10,Bản mặt cầu (Deck Slab):S3,0.33,0.18,11.7
C972,10,Bản mặt cầu (Deck Slab):S3,0.33,0.18,11.7
C972,10,Bản mặt cầu (Deck Slab):S3,0.33,0.18,11.7
C972,10,Bản mặt cầu (Deck Slab):S3,0.33,0.18,11.7
C973,10,Cọc khoan nhồi D1200 (26 cọc L=872m):P1-P1D,3.39,0.18,11.7
C973,10,Cọc khoan nhồi D1200 (26 cọc L=872m):P1-P1D,3.39,0.18,11.7
C973,10,Cọc khoan nhồi D1200 (26 cọc L=872m):P1-P1D,3.39,0.18,11.7
C973,10,Bản mặt cầu (Deck Slab):S3,0.33,0.18,11.7
C973,10,Bản mặt cầu (Deck Slab):S3,0.33,0.18,11.7
C973,10,Bản mặt cầu (Deck Slab):S3,0.33,0.18,11.7
C973,10,Bản mặt cầu (Deck Slab):S3,0.33,0.18,11.7
C974,10,Cọc khoan nhồi D1200 (26 cọc L=872m):P1-P1D,3.39,0.18,11.7
C974,10,Cọc khoan nhồi D1200 (26 cọc L=872m):P1-P1D,3.39,0.18,11.7
C974,10,Cọc khoan nhồi D1200 (26 cọc L=872m):P1-P1D,3.39,0.18,11.7
C974,10,Bản mặt cầu (Deck Slab):S3,0.33,0.18,11.7
C974,10,Bản mặt cầu (Deck Slab):S3,0.33,0.18,11.7
C974,10,Bản mặt cầu (Deck Slab):S3,0.33,0.18,11.7
C974,10,Bản mặt cầu (Deck Slab):S3,0.33,0.18,11.7
C975,10,Cọc khoan nhồi D1200 (26 cọc L=872m):P1-P1D,3.39,0.18,11.7
C975,10,Cọc khoan nhồi D1200 (26 cọc L=872m):P1-P1D,3.39,0.18,11.7
C975,10,Cọc khoan nhồi D1200 (26 cọc L=872m):P1-P1D,3.39,0.18,11.7
C975,10,Bản mặt cầu (Deck Slab):S3,0.33,0.18,11.7
C975,10,Bản mặt cầu (Deck Slab):S3,0.33,0.18,11.7
C975,10,Bản mặt cầu (Deck Slab):S3,0.33,0.18,11.7
C975,10,Bản mặt cầu (Deck Slab):S3,0.33,0.18,11.7
C976,10,Cọc khoan nhồi D1200 (26 cọc L=872m):P1-P1D,3.39,0.18,11.7
C976,10,Cọc khoan nhồi D1200 (26 cọc L=872m):P1-P1D,3.39,0.18,11.7
C976,10,Cọc khoan nhồi D1200 (26 cọc L=872m):P1-P1D,3.39,0.18,11.7
C976,10,Bản mặt cầu (Deck Slab):S3,0.33,0.18,11.7
C976,10,Bản mặt cầu (Deck Slab):S3,0.33,0.18,11.7
C976,10,Bản mặt cầu (Deck Slab):S3,0.33,0.18,11.7
C976,10,Bản mặt cầu (Deck Slab):S3,0.33,0.18,11.7
C977,10,Cọc khoan nhồi D1200 (26 cọc L=872m):P1-P1D,3.39,0.18,11.7
C977,10,Cọc khoan nhồi D1200 (26 cọc L=872m):P1-P1D,3.39,0.18,11.7
C977,10,Cọc khoan nhồi D1200 (26 cọc L=872m):P1-P1D,3.39,0.18,11.7
C977,10,Bản mặt cầu (Deck Slab):S3,0.33,0.18,11.7
C977,10,Bản mặt cầu (Deck Slab):S3,0.33,0.18,11.7
C977,10,Bản mặt cầu (Deck Slab):S3,0.33,0.18,11.7
C977,10,Bản mặt cầu (Deck Slab):S3,0.33,0.18,11.7
C978,10,Cọc khoan nhồi D1200 (26 cọc L=872m):P1-P1D,3.39,0.18,11.7
C978,10,Cọc khoan nhồi D1200 (26 cọc L=872m):P1-P1D,3.39,0.18,11.7
C978,10,Cọc khoan nhồi D1200 (26 cọc L=872m):P1-P1D,3.39,0.18,11.7
C978,10,Bản mặt cầu (Deck Slab):S3,0.33,0.18,11.7
C978,10,Bản mặt cầu (Deck Slab):S3,0.33,0.18,11.7
C978,10,Bản mặt cầu (Deck Slab):S3,0.33,0.18,11.7
C978,10,Bản mặt cầu (Deck Slab):S3,0.33,0.18,11.7
C979,10,Cọc khoan nhồi D1200 (26 cọc L=872m):P1-P1D,3.39,0.18,11.7
C979,10,Cọc khoan nhồi D1200 (26 cọc L=872m):P1-P1D,3.39,0.18,11.7
C979,10,Cọc khoan nhồi D1200 (26 cọc L=872m):P1-P1D,3.39,0.18,11.7
C979,10,Bản mặt cầu (Deck Slab):S3,0.33,0.18,11.7
C979,10,Bản mặt cầu (Deck Slab):S3,0.33,0.18,11.7
C979,10,Bản mặt cầu (Deck Slab):S3,0.33,0.18,11.7
C979,10,Bản mặt cầu (Deck Slab):S3,0.33,0.18,11.7
C980,10,Cọc khoan nhồi D1200 (26 cọc L=872m):P1-P1D,3.39,0.18,11.7
C980,10,Cọc khoan nhồi D1200 (26 cọc L=872m):P1-P1D,3.39,0.18,11.7
C980,10,Cọc khoan nhồi D1200 (26 cọc L=872m):P1-P1D,3.39,0.18,11.7
C980,10,Bản mặt cầu (Deck Slab):S3,0.33,0.18,11.7
C980,10,Bản mặt cầu (Deck Slab):S3,0.33,0.18,11.7
C980,10,Bản mặt cầu (Deck Slab):S3,0.33,0.18,11.7
C980,10,Bản mặt cầu (Deck Slab):S3,0.33,0.18,11.7
C981,10,Cọc khoan nhồi D1200 (26 cọc L=872m):P1-P1D,3.39,0.18,11.7
C981,10,Cọc khoan nhồi D1200 (26 cọc L=872m):P1-P1D,3.39,0.18,11.7
C981,10,Cọc khoan nhồi D1200 (26 cọc L=872m):P1-P1D,3.39,0.18,11.7
C981,10,Bản mặt cầu (Deck Slab):S3,0.33,0.18,11.7
C981,10,Bản mặt cầu (Deck Slab):S3,0.33,0.18,11.7
C981,10,Bản mặt cầu (Deck Slab):S3,0.33,0.18,11.7
C981,10,Bản mặt cầu (Deck Slab):S3,0.33,0.18,11.7
C982,10,Cọc khoan nhồi D1200 (26 cọc L=872m):P1-P1D,3.39,0.18,11.7
C982,10,Cọc khoan nhồi D1200 (26 cọc L=872m):P1-P1D,3.39,0.18,11.7
C982,10,Cọc khoan nhồi D1200 (26 cọc L=872m):P1-P1D,3.39,0.18,11.7
C982,10,Bản mặt cầu (Deck Slab):S3,0.33,0.18,11.7
C982,10,Bản mặt cầu (Deck Slab):S3,0.33,0.18,11.7
C982,10,Bản mặt cầu (Deck Slab):S3,0.33,0.18,11.7
C982,10,Bản mặt cầu (Deck Slab):S3,0.33,0.18,11.7
C983,10,Cọc khoan nhồi D1200 (26 cọc L=872m):P1-P1D,3.39,0.18,11.7
C983,10,Cọc khoan nhồi D1200 (26 cọc L=872m):P1-P1D,3.39,0.18,11.7
C983,10,Cọc khoan nhồi D1200 (26 cọc L=872m):P1-P1D,3.39,0.18,11.7
C983,10,Bản mặt cầu (Deck Slab):S3,0.33,0.18,11.7
C983,10,Bản mặt cầu (Deck Slab):S3,0.33,0.18,11.7
C983,10,Bản mặt cầu (Deck Slab):S3,0.33,0.18,11.7
C983,10,Bản mặt cầu (Deck Slab):S3,0.33,0.18,11.7
C984,10,Cọc khoan nhồi D1200 (26 cọc L=872m):P1-P1D,3.39,0.18,11.7
C984,10,Cọc khoan nhồi D1200 (26 cọc L=872m):P1-P1D,3.39,0.18,11.7
C984,10,Cọc khoan nhồi D1200 (26 cọc L=872m):P1-P1D,3.39,0.18,11.7
C984,10,Bản mặt cầu (Deck Slab):S3,0.33,0.18,11.7
C984,10,Bản mặt cầu (Deck Slab):S3,0.33,0.18,11.7
C984,10,Bản mặt cầu (Deck Slab):S3,0.33,0.18,11.7
C984,10,Bản mặt cầu (Deck Slab):S3,0.33,0.18,11.7
C985,10,Cọc khoan nhồi D1200 (26 cọc L=872m):P1-P1D,3.39,0.18,11.7
C985,10,Cọc khoan nhồi D1200 (26 cọc L=872m):P1-P1D,3.39,0.18,11.7
C985,10,Cọc khoan nhồi D1200 (26 cọc L=872m):P1-P1D,3.39,0.18,11.7
C985,10,Bản mặt cầu (Deck Slab):S3,0.33,0.18,11.7
C985,10,Bản mặt cầu (Deck Slab):S3,0.33,0.18,11.7
C985,10,Bản mặt cầu (Deck Slab):S3,0.33,0.18,11.7
C985,10,Bản mặt cầu (Deck Slab):S3,0.33,0.18,11.7
C986,10,Cọc khoan nhồi D1200 (26 cọc L=872m):P1-P1D,3.39,0.18,11.7
C986,10,Cọc khoan nhồi D1200 (26 cọc L=872m):P1-P1D,3.39,0.18,11.7
C986,10,Cọc khoan nhồi D1200 (26 cọc L=872m):P1-P1D,3.39,0.18,11.7
C986,10,Bản mặt cầu (Deck Slab):S3,0.33,0.18,11.7
C986,10,Bản mặt cầu (Deck Slab):S3,0.33,0.18,11.7
C986,10,Bản mặt cầu (Deck Slab):S3,0.33,0.18,11.7
C986,10,Bản mặt cầu (Deck Slab):S3,0.33,0.18,11.7
C987,10,Cọc khoan nhồi D1200 (26 cọc L=872m):P1-P1D,3.39,0.18,11.7
C987,10,Cọc khoan nhồi D1200 (26 cọc L=872m):P1-P1D,3.39,0.18,11.7
C987,10,Cọc khoan nhồi D1200 (26 cọc L=872m):P1-P1D,3.39,0.18,11.7
C987,10,Bản mặt cầu (Deck Slab):S3,0.33,0.18,11.7
C987,10,Bản mặt cầu (Deck Slab):S3,0.33,0.18,11.7
C987,10,Bản mặt cầu (Deck Slab):S3,0.33,0.18,11.7
C987,10,Bản mặt cầu (Deck Slab):S3,0.33,0.18,11.7
C988,10,Cọc khoan nhồi D1200 (26 cọc L=872m):P1-P1D,3.39,0.18,11.7
C988,10,Cọc khoan nhồi D1200 (26 cọc L=872m):P1-P1D,3.39,0.18,11.7
C988,10,Cọc khoan nhồi D1200 (26 cọc L=872m):P1-P1D,3.39,0.18,11.7
C988,10,Bản mặt cầu (Deck Slab):S3,0.33,0.18,11.7
C988,10,Bản mặt cầu (Deck Slab):S3,0.33,0.18,11.7
C988,10,Bản mặt cầu (Deck Slab):S3,0.33,0.18,11.7
C988,10,Bản mặt cầu (Deck Slab):S3,0.33,0.18,11.7
C989,10,Cọc khoan nhồi D1200 (26 cọc L=872m):P1-P1D,3.39,0.18,11.7
C989,10,Cọc khoan nhồi D1200 (26 cọc L=872m):P1-P1D,3.39,0.18,11.7
C989,10,Cọc khoan nhồi D1200 (26 cọc L=872m):P1-P1D,3.39,0.18,11.7
C989,10,Bản mặt cầu (Deck Slab):S3,0.33,0.18,11.7
C989,10,Bản mặt cầu (Deck Slab):S3,0.33,0.18,11.7
C989,10,Bản mặt cầu (Deck Slab):S3,0.33,0.18,11.7
C989,10,Bản mặt cầu (Deck Slab):S3,0.33,0.18,11.7
C990,10,Cọc khoan nhồi D1200 (26 cọc L=872m):P1-P1D,3.39,0.18,11.7
C990,10,Cọc khoan nhồi D1200 (26 cọc L=872m):P1-P1D,3.39,0.18,11.7
C990,10,Cọc khoan nhồi D1200 (26 cọc L=872m):P1-P1D,3.39,0.18,11.7
C990,10,Bản mặt cầu (Deck Slab):S3,0.33,0.18,11.7
C990,10,Bản mặt cầu (Deck Slab):S3,0.33,0.18,11.7
C990,10,Bản mặt cầu (Deck Slab):S3,0.33,0.18,11.7
C990,10,Bản mặt cầu (Deck Slab):S3,0.33,0.18,11.7
C991,10,Cọc khoan nhồi D1200 (26 cọc L=872m):P1-P1D,3.39,0.18,11.7
C991,10,Cọc khoan nhồi D1200 (26 cọc L=872m):P1-P1D,3.39,0.18,11.7
C991,10,Cọc khoan nhồi D1200 (26 cọc L=872m):P1-P1D,3.39,0.18,11.7
C991,10,Bản mặt cầu (Deck Slab):S3,0.33,0.18,11.7
C991,10,Bản mặt cầu (Deck Slab):S3,0.33,0.18,11.7
C991,10,Bản mặt cầu (Deck Slab):S3,0.33,0.18,11.7
C991,10,Bản mặt cầu (Deck Slab):S3,0.33,0.18,11.7
C992,10,Cọc khoan nhồi D1200 (26 cọc L=872m):P1-P1D,3.39,0.18,11.7
C992,10,Cọc khoan nhồi D1200 (26 cọc L=872m):P1-P1D,3.39,0.18,11.7
C992,10,Cọc khoan nhồi D1200 (26 cọc L=872m):P1-P1D,3.39,0.18,11.7
C992,10,Bản mặt cầu (Deck Slab):S3,0.33,0.18,11.7
C992,10,Bản mặt cầu (Deck Slab):S3,0.33,0.18,11.7
C992,10,Bản mặt cầu (Deck Slab):S3,0.33,0.18,11.7
C992,10,Bản mặt cầu (Deck Slab):S3,0.33,0.18,11.7
C993,10,Cọc khoan nhồi D1200 (26 cọc L=872m):P1-P1D,3.39,0.18,11.7
C993,10,Cọc khoan nhồi D1200 (26 cọc L=872m):P1-P1D,3.39,0.18,11.7
C993,10,Cọc khoan nhồi D1200 (26 cọc L=872m):P1-P1D,3.39,0.18,11.7
C993,10,Bản mặt cầu (Deck Slab):S3,0.33,0.18,11.7
C993,10,Bản mặt cầu (Deck Slab):S3,0.33,0.18,11.7
C993,10,Bản mặt cầu (Deck Slab):S3,0.33,0.18,11.7
C993,10,Bản mặt cầu (Deck Slab):S3,0.33,0.18,11.7
C994,10,Cọc khoan nhồi D1200 (26 cọc L=872m):P1-P1D,3.39,0.18,11.7
C994,10,Cọc khoan nhồi D1200 (26 cọc L=872m):P1-P1D,3.39,0.18,11.7
C994,10,Cọc khoan nhồi D1200 (26 cọc L=872m):P1-P1D,3.39,0.18,11.7
C994,10,Bản mặt cầu (Deck Slab):S3,0.33,0.18,11.7
C994,10,Bản mặt cầu (Deck Slab):S3,0.33,0.18,11.7
C994,10,Bản mặt cầu (Deck Slab):S3,0.33,0.18,11.7
C994,10,Bản mặt cầu (Deck Slab):S3,0.33,0.18,11.7
C995,10,Cọc khoan nhồi D1200 (26 cọc L=872m):P1-P1D,3.39,0.18,11.7
C995,10,Cọc khoan nhồi D1200 (26 cọc L=872m):P1-P1D,3.39,0.18,11.7
C995,10,Cọc khoan nhồi D1200 (26 cọc L=872m):P1-P1D,3.39,0.18,11.7
C995,10,Bản mặt cầu (Deck Slab):S3,0.33,0.18,11.7
C995,10,Bản mặt cầu (Deck Slab):S3,0.33,0.18,11.7
C995,10,Bản mặt cầu (Deck Slab):S3,0.33,0.18,11.7
C995,10,Bản mặt cầu (Deck Slab):S3,0.33,0.18,11.7
C996,10,Cọc khoan nhồi D1200 (26 cọc L=872m):P1-P1D,3.39,0.18,11.7
C996,10,Cọc khoan nhồi D1200 (26 cọc L=872m):P1-P1D,3.39,0.18,11.7
C996,10,Cọc khoan nhồi D1200 (26 cọc L=872m):P1-P1D,3.39,0.18,11.7
C996,10,Bản mặt cầu (Deck Slab):S3,0.33,0.18,11.7
C996,10,Bản mặt cầu (Deck Slab):S3,0.33,0.18,11.7
C996,10,Bản mặt cầu (Deck Slab):S3,0.33,0.18,11.7
C996,10,Bản mặt cầu (Deck Slab):S3,0.33,0.18,11.7
C997,10,Cọc khoan nhồi D1200 (26 cọc L=872m):P1-P1D,3.39,0.18,11.7
C997,10,Cọc khoan nhồi D1200 (26 cọc L=872m):P1-P1D,3.39,0.18,11.7
C997,10,Cọc khoan nhồi D1200 (26 cọc L=872m):P1-P1D,3.39,0.18,11.7
C997,10,Bản mặt cầu (Deck Slab):S3,0.33,0.18,11.7
C997,10,Bản mặt cầu (Deck Slab):S3,0.33,0.18,11.7
C997,10,Bản mặt cầu (Deck Slab):S3,0.33,0.18,11.7
C997,10,Bản mặt cầu (Deck Slab):S3,0.33,0.18,11.7
C998,10,Cọc khoan nhồi D1200 (26 cọc L=872m):P1-P1D,3.39,0.18,11.7
C998,10,Cọc khoan nhồi D1200 (26 cọc L=872m):P1-P1D,3.39,0.18,11.7
C998,10,Cọc khoan nhồi D1200 (26 cọc L=872m):P1-P1D,3.39,0.18,11.7
C998,10,Bản mặt cầu (Deck Slab):S3,0.33,0.18,11.7
C998,10,Bản mặt cầu (Deck Slab):S3,0.33,0.18,11.7
C998,10,Bản mặt cầu (Deck Slab):S3,0.33,0.18,11.7
C998,10,Bản mặt cầu (Deck Slab):S3,0.33,0.18,11.7
C999,10,Cọc khoan nhồi D1200 (26 cọc L=872m):P1-P1D,3.39,0.18,11.7
C999,10,Cọc khoan nhồi D1200 (26 cọc L=872m):P1-P1D,3.39,0.18,11.7
C999,10,Cọc khoan nhồi D1200 (26 cọc L=872m):P1-P1D,3.39,0.18,11.7
C999,10,Bản mặt cầu (Deck Slab):S3,0.33,0.18,11.7
C999,10,Bản mặt cầu (Deck Slab):S3,0.33,0.18,11.7
C999,10,Bản mặt cầu (Deck Slab):S3,0.33,0.18,11.7
C999,10,Bản mặt cầu (Deck Slab):S3,0.33,0.18,11.7
C1000,10,Cọc khoan nhồi D1200 (26 cọc L=872m):P1-P1D,3.39,0.18,11.7
C1000,10,Cọc khoan nhồi D1200 (26 cọc L=872m):P1-P1D,3.39,0.18,11.7
C1000,10,Cọc khoan nhồi D1200 (26 cọc L=872m):P1-P1D,3.39,0.18,11.7
C1000,10,Bản mặt cầu (Deck Slab):S3,0.33,0.18,11.7
C1000,10,Bản mặt cầu (Deck Slab):S3,0.33,0.18,11.7
C1000,10,Bản mặt cầu (Deck Slab):S3,0.33,0.18,11.7
C1000,10,Bản mặt cầu (Deck Slab):S3,0.33,0.18,11.7
C1001,10,Cọc khoan nhồi D1200 (26 cọc L=872m):P1-P1D,3.39,0.18,11.7
C1001,10,Cọc khoan nhồi D1200 (26 cọc L=872m):P1-P1D,3.39,0.18,11.7
C1001,10,Cọc khoan nhồi D1200 (26 cọc L=872m):P1-P1D,3.39,0.18,11.7
C1001,10,Bản mặt cầu (Deck Slab):S3,0.33,0.18,11.7
C1001,10,Bản mặt cầu (Deck Slab):S3,0.33,0.18,11.7
C1001,10,Bản mặt cầu (Deck Slab):S3,0.33,0.18,11.7
C1001,10,Bản mặt cầu (Deck Slab):S3,0.33,0.18,11.7
C1002,10,Cọc khoan nhồi D1200 (26 cọc L=872m):P1-P1D,3.39,0.18,11.7
C1002,10,Cọc khoan nhồi D1200 (26 cọc L=872m):P1-P1D,3.39,0.18,11.7
C1002,10,Cọc khoan nhồi D1200 (26 cọc L=872m):P1-P1D,3.39,0.18,11.7
C1002,10,Bản mặt cầu (Deck Slab):S3,0.33,0.18,11.7
C1002,10,Bản mặt cầu (Deck Slab):S3,0.33,0.18,11.7
C1002,10,Bản mặt cầu (Deck Slab):S3,0.33,0.18,11.7
C1002,10,Bản mặt cầu (Deck Slab):S3,0.33,0.18,11.7
C1003,10,Cọc khoan nhồi D1200 (26 cọc L=872m):P1-P1D,3.39,0.18,11.7
C1003,10,Cọc khoan nhồi D1200 (26 cọc L=872m):P1-P1D,3.39,0.18,11.7
C1003,10,Cọc khoan nhồi D1200 (26 cọc L=872m):P1-P1D,3.39,0.18,11.7
C1003,10,Bản mặt cầu (Deck Slab):S3,0.33,0.18,11.7
C1003,10,Bản mặt cầu (Deck Slab):S3,0.33,0.18,11.7
C1003,10,Bản mặt cầu (Deck Slab):S3,0.33,0.18,11.7
C1003,10,Bản mặt cầu (Deck Slab):S3,0.33,0.18,11.7
C1004,10,Cọc khoan nhồi D1200 (26 cọc L=872m):P1-P1D,3.39,0.18,11.7
C1004,10,Cọc khoan nhồi D1200 (26 cọc L=872m):P1-P1D,3.39,0.18,11.7
C1004,10,Cọc khoan nhồi D1200 (26 cọc L=872m):P1-P1D,3.39,0.18,11.7
C1004,10,Bản mặt cầu (Deck Slab):S3,0.33,0.18,11.7
C1004,10,Bản mặt cầu (Deck Slab):S3,0.33,0.18,11.7
C1004,10,Bản mặt cầu (Deck Slab):S3,0.33,0.18,11.7
C1004,10,Bản mặt cầu (Deck Slab):S3,0.33,0.18,11.7
C1005,10,Cọc khoan nhồi D1200 (26 cọc L=872m):P1-P1D,3.39,0.18,11.7
C1005,10,Cọc khoan nhồi D1200 (26 cọc L=872m):P1-P1D,3.39,0.18,11.7
C1005,10,Cọc khoan nhồi D1200 (26 cọc L=872m):P1-P1D,3.39,0.18,11.7
C1005,10,Bản mặt cầu (Deck Slab):S3,0.33,0.18,11.7
C1005,10,Bản mặt cầu (Deck Slab):S3,0.33,0.18,11.7
C1005,10,Bản mặt cầu (Deck Slab):S3,0.33,0.18,11.7
C1005,10,Bản mặt cầu (Deck Slab):S3,0.33,0.18,11.7
C1006,10,Cọc khoan nhồi D1200 (26 cọc L=872m):P1-P1D,3.39,0.18,11.7
C1006,10,Cọc khoan nhồi D1200 (26 cọc L=872m):P1-P1D,3.39,0.18,11.7
C1006,10,Cọc khoan nhồi D1200 (26 cọc L=872m):P1-P1D,3.39,0.18,11.7
C1006,10,Bản mặt cầu (Deck Slab):S3,0.33,0.18,11.7
C1006,10,Bản mặt cầu (Deck Slab):S3,0.33,0.18,11.7
C1006,10,Bản mặt cầu (Deck Slab):S3,0.33,0.18,11.7
C1006,10,Bản mặt cầu (Deck Slab):S3,0.33,0.18,11.7
C1007,10,Cọc khoan nhồi D1200 (26 cọc L=872m):P1-P1D,3.39,0.18,11.7
C1007,10,Cọc khoan nhồi D1200 (26 cọc L=872m):P1-P1D,3.39,0.18,11.7
C1007,10,Cọc khoan nhồi D1200 (26 cọc L=872m):P1-P1D,3.39,0.18,11.7
C1007,10,Bản mặt cầu (Deck Slab):S3,0.33,0.18,11.7
C1007,10,Bản mặt cầu (Deck Slab):S3,0.33,0.18,11.7
C1007,10,Bản mặt cầu (Deck Slab):S3,0.33,0.18,11.7
C1007,10,Bản mặt cầu (Deck Slab):S3,0.33,0.18,11.7
C1008,10,Cọc khoan nhồi D1200 (26 cọc L=872m):P1-P1D,3.39,0.18,11.7
C1008,10,Cọc khoan nhồi D1200 (26 cọc L=872m):P1-P1D,3.39,0.18,11.7
C1008,10,Cọc khoan nhồi D1200 (26 cọc L=872m):P1-P1D,3.39,0.18,11.7
C1008,10,Bản mặt cầu (Deck Slab):S3,0.33,0.18,11.7
C1008,10,Bản mặt cầu (Deck Slab):S3,0.33,0.18,11.7
C1008,10,Bản mặt cầu (Deck Slab):S3,0.33,0.18,11.7
C1008,10,Bản mặt cầu (Deck Slab):S3,0.33,0.18,11.7
C1009,10,Cọc khoan nhồi D1200 (26 cọc L=872m):P1-P1D,3.39,0.18,11.7
C1009,10,Cọc khoan nhồi D1200 (26 cọc L=872m):P1-P1D,3.39,0.18,11.7
C1009,10,Cọc khoan nhồi D1200 (26 cọc L=872m):P1-P1D,3.39,0.18,11.7
C1009,10,Bản mặt cầu (Deck Slab):S3,0.33,0.18,11.7
C1009,10,Bản mặt cầu (Deck Slab):S3,0.33,0.18,11.7
C1009,10,Bản mặt cầu (Deck Slab):S3,0.33,0.18,11.7
C1009,10,Bản mặt cầu (Deck Slab):S3,0.33,0.18,11.7
C1010,10,Cọc khoan nhồi D1200 (26 cọc L=872m):P1-P1D,3.39,0.18,11.7
C1010,10,Cọc khoan nhồi D1200 (26 cọc L=872m):P1-P1D,3.39,0.18,11.7
C1010,10,Cọc khoan nhồi D1200 (26 cọc L=872m):P1-P1D,3.39,0.18,11.7
C1010,10,Bản mặt cầu (Deck Slab):S3,0.33,0.18,11.7
C1010,10,Bản mặt cầu (Deck Slab):S3,0.33,0.18,11.7
C1010,10,Bản mặt cầu (Deck Slab):S3,0.33,0.18,11.7
C1010,10,Bản mặt cầu (Deck Slab):S3,0.33,0.18,11.7
C1011,10,Cọc khoan nhồi D1200 (26 cọc L=872m):P1-P1D,3.39,0.18,11.7
C1011,10,Cọc khoan nhồi D1200 (26 cọc L=872m):P1-P1D,3.39,0.18,11.7
C1011,10,Cọc khoan nhồi D1200 (26 cọc L=872m):P1-P1D,3.39,0.18,11.7
C1011,10,Bản mặt cầu (Deck Slab):S3,0.33,0.18,11.7
C1011,10,Bản mặt cầu (Deck Slab):S3,0.33,0.18,11.7
C1011,10,Bản mặt cầu (Deck Slab):S3,0.33,0.18,11.7
C1011,10,Bản mặt cầu (Deck Slab):S3,0.33,0.18,11.7
C1012,10,Cọc khoan nhồi D1200 (26 cọc L=872m):P1-P1D,3.39,0.18,11.7
C1012,10,Cọc khoan nhồi D1200 (26 cọc L=872m):P1-P1D,3.39,0.18,11.7
C1012,10,Cọc khoan nhồi D1200 (26 cọc L=872m):P1-P1D,3.39,0.18,11.7
C1012,10,Bản mặt cầu (Deck Slab):S3,0.33,0.18,11.7
C1012,10,Bản mặt cầu (Deck Slab):S3,0.33,0.18,11.7
C1012,10,Bản mặt cầu (Deck Slab):S3,0.33,0.18,11.7
C1012,10,Bản mặt cầu (Deck Slab):S3,0.33,0.18,11.7
C1013,10,Cọc khoan nhồi D1200 (26 cọc L=872m):P1-P1D,3.39,0.18,11.7
C1013,10,Cọc khoan nhồi D1200 (26 cọc L=872m):P1-P1D,3.39,0.18,11.7
C1013,10,Cọc khoan nhồi D1200 (26 cọc L=872m):P1-P1D,3.39,0.18,11.7
C1013,10,Bản mặt cầu (Deck Slab):S3,0.33,0.18,11.7
C1013,10,Bản mặt cầu (Deck Slab):S3,0.33,0.18,11.7
C1013,10,Bản mặt cầu (Deck Slab):S3,0.33,0.18,11.7
C1013,10,Bản mặt cầu (Deck Slab):S3,0.33,0.18,11.7
C1014,10,Cọc khoan nhồi D1200 (26 cọc L=872m):P1-P1D,3.39,0.18,11.7
C1014,10,Cọc khoan nhồi D1200 (26 cọc L=872m):P1-P1D,3.39,0.18,11.7
C1014,10,Cọc khoan nhồi D1200 (26 cọc L=872m):P1-P1D,3.39,0.18,11.7
C1014,10,Bản mặt cầu (Deck Slab):S3,0.33,0.18,11.7
C1014,10,Bản mặt cầu (Deck Slab):S3,0.33,0.18,11.7
C1014,10,Bản mặt cầu (Deck Slab):S3,0.33,0.18,11.7
C1014,10,Bản mặt cầu (Deck Slab):S3,0.33,0.18,11.7
C1015,10,Cọc khoan nhồi D1200 (26 cọc L=872m):P1-P1D,3.39,0.18,11.7
C1015,10,Cọc khoan nhồi D1200 (26 cọc L=872m):P1-P1D,3.39,0.18,11.7
C1015,10,Cọc khoan nhồi D1200 (26 cọc L=872m):P1-P1D,3.39,0.18,11.7
C1015,10,Bản mặt cầu (Deck Slab):S3,0.33,0.18,11.7
C1015,10,Bản mặt cầu (Deck Slab):S3,0.33,0.18,11.7
C1015,10,Bản mặt cầu (Deck Slab):S3,0.33,0.18,11.7
C1015,10,Bản mặt cầu (Deck Slab):S3,0.33,0.18,11.7
C1016,10,Cọc khoan nhồi D1200 (26 cọc L=872m):P1-P1D,3.39,0.18,11.7
C1016,10,Cọc khoan nhồi D1200 (26 cọc L=872m):P1-P1D,3.39,0.18,11.7
C1016,10,Cọc khoan nhồi D1200 (26 cọc L=872m):P1-P1D,3.39,0.18,11.7
C1016,10,Bản mặt cầu (Deck Slab):S3,0.33,0.18,11.7
C1016,10,Bản mặt cầu (Deck Slab):S3,0.33,0.18,11.7
C1016,10,Bản mặt cầu (Deck Slab):S3,0.33,0.18,11.7
C1016,10,Bản mặt cầu (Deck Slab):S3,0.33,0.18,11.7
C1017,10,Cọc khoan nhồi D1200 (26 cọc L=872m):P1-P1D,3.39,0.18,11.7
C1017,10,Cọc khoan nhồi D1200 (26 cọc L=872m):P1-P1D,3.39,0.18,11.7
C1017,10,Cọc khoan nhồi D1200 (26 cọc L=872m):P1-P1D,3.39,0.18,11.7
C1017,10,Bản mặt cầu (Deck Slab):S3,0.33,0.18,11.7
C1017,10,Bản mặt cầu (Deck Slab):S3,0.33,0.18,11.7
C1017,10,Bản mặt cầu (Deck Slab):S3,0.33,0.18,11.7
C1017,10,Bản mặt cầu (Deck Slab):S3,0.33,0.18,11.7
C1018,10,Cọc khoan nhồi D1200 (26 cọc L=872m):P1-P1D,3.39,0.18,11.7
C1018,10,Cọc khoan nhồi D1200 (26 cọc L=872m):P1-P1D,3.39,0.18,11.7
C1018,10,Cọc khoan nhồi D1200 (26 cọc L=872m):P1-P1D,3.39,0.18,11.7
C1018,10,Bản mặt cầu (Deck Slab):S3,0.33,0.18,11.7
C1018,10,Bản mặt cầu (Deck Slab):S3,0.33,0.18,11.7
C1018,10,Bản mặt cầu (Deck Slab):S3,0.33,0.18,11.7
C1018,10,Bản mặt cầu (Deck Slab):S3,0.33,0.18,11.7
C1019,10,Cọc khoan nhồi D1200 (26 cọc L=872m):P1-P1D,3.39,0.18,11.7
C1019,10,Cọc khoan nhồi D1200 (26 cọc L=872m):P1-P1D,3.39,0.18,11.7
C1019,10,Cọc khoan nhồi D1200 (26 cọc L=872m):P1-P1D,3.39,0.18,11.7
C1019,10,Bản mặt cầu (Deck Slab):S3,0.33,0.18,11.7
C1019,10,Bản mặt cầu (Deck Slab):S3,0.33,0.18,11.7
C1019,10,Bản mặt cầu (Deck Slab):S3,0.33,0.18,11.7
C1019,10,Bản mặt cầu (Deck Slab):S3,0.33,0.18,11.7
C1020,10,Cọc khoan nhồi D1200 (26 cọc L=872m):P1-P1D,3.39,0.18,11.7
C1020,10,Cọc khoan nhồi D1200 (26 cọc L=872m):P1-P1D,3.39,0.18,11.7
C1020,10,Cọc khoan nhồi D1200 (26 cọc L=872m):P1-P1D,3.39,0.18,11.7
C1020,10,Bản mặt cầu (Deck Slab):S3,0.33,0.18,11.7
C1020,10,Bản mặt cầu (Deck Slab):S3,0.33,0.18,11.7
C1020,10,Bản mặt cầu (Deck Slab):S3,0.33,0.18,11.7
C1020,10,Bản mặt cầu (Deck Slab):S3,0.33,0.18,11.7
C1021,10,Cọc khoan nhồi D1200 (26 cọc L=872m):P1-P1D,3.39,0.18,11.7
C1021,10,Cọc khoan nhồi D1200 (26 cọc L=872m):P1-P1D,3.39,0.18,11.7
C1021,10,Cọc khoan nhồi D1200 (26 cọc L=872m):P1-P1D,3.39,0.18,11.7
C1021,10,Bản mặt cầu (Deck Slab):S3,0.33,0.18,11.7
C1021,10,Bản mặt cầu (Deck Slab):S3,0.33,0.18,11.7
C1021,10,Bản mặt cầu (Deck Slab):S3,0.33,0.18,11.7
C1021,10,Bản mặt cầu (Deck Slab):S3,0.33,0.18,11.7
C1022,10,Cọc khoan nhồi D1200 (26 cọc L=872m):P1-P1D,3.39,0.18,11.7
C1022,10,Cọc khoan nhồi D1200 (26 cọc L=872m):P1-P1D,3.39,0.18,11.7
C1022,10,Cọc khoan nhồi D1200 (26 cọc L=872m):P1-P1D,3.39,0.18,11.7
C1022,10,Bản mặt cầu (Deck Slab):S3,0.33,0.18,11.7
C1022,10,Bản mặt cầu (Deck Slab):S3,0.33,0.18,11.7
C1022,10,Bản mặt cầu (Deck Slab):S3,0.33,0.18,11.7
C1022,10,Bản mặt cầu (Deck Slab):S3,0.33,0.18,11.7
C1023,10,Cọc khoan nhồi D1200 (26 cọc L=872m):P1-P1D,3.39,0.18,11.7
C1023,10,Cọc khoan nhồi D1200 (26 cọc L=872m):P1-P1D,3.39,0.18,11.7
C1023,10,Cọc khoan nhồi D1200 (26 cọc L=872m):P1-P1D,3.39,0.18,11.7
C1023,10,Bản mặt cầu (Deck Slab):S3,0.33,0.18,11.7
C1023,10,Bản mặt cầu (Deck Slab):S3,0.33,0.18,11.7
C1023,10,Bản mặt cầu (Deck Slab):S3,0.33,0.18,11.7
C1023,10,Bản mặt cầu (Deck Slab):S3,0.33,0.18,11.7
C1024,10,Cọc khoan nhồi D1200 (26 cọc L=872m):P1-P1D,3.39,0.18,11.7
C1024,10,Cọc khoan nhồi D1200 (26 cọc L=872m):P1-P1D,3.39,0.18,11.7
C1024,10,Cọc khoan nhồi D1200 (26 cọc L=872m):P1-P1D,3.39,0.18,11.7
C1024,10,Bản mặt cầu (Deck Slab):S3,0.33,0.18,11.7
C1024,10,Bản mặt cầu (Deck Slab):S3,0.33,0.18,11.7
C1024,10,Bản mặt cầu (Deck Slab):S3,0.33,0.18,11.7
C1024,10,Bản mặt cầu (Deck Slab):S3,0.33,0.18,11.7
C1025,10,Cọc khoan nhồi D1200 (26 cọc L=872m):P1-P1D,3.39,0.18,11.7
C1025,10,Cọc khoan nhồi D1200 (26 cọc L=872m):P1-P1D,3.39,0.18,11.7
C1025,10,Cọc khoan nhồi D1200 (26 cọc L=872m):P1-P1D,3.39,0.18,11.7
C1025,10,Bản mặt cầu (Deck Slab):S3,0.33,0.18,11.7
C1025,10,Bản mặt cầu (Deck Slab):S3,0.33,0.18,11.7
C1025,10,Bản mặt cầu (Deck Slab):S3,0.33,0.18,11.7
C1025,10,Bản mặt cầu (Deck Slab):S3,0.33,0.18,11.7
C1026,10,Cọc khoan nhồi D1200 (26 cọc L=872m):P1-P1D,3.39,0.18,11.7
C1026,10,Cọc khoan nhồi D1200 (26 cọc L=872m):P1-P1D,3.39,0.18,11.7
C1026,10,Cọc khoan nhồi D1200 (26 cọc L=872m):P1-P1D,3.39,0.18,11.7
C1026,10,Bản mặt cầu (Deck Slab):S3,0.33,0.18,11.7
C1026,10,Bản mặt cầu (Deck Slab):S3,0.33,0.18,11.7
C1026,10,Bản mặt cầu (Deck Slab):S3,0.33,0.18,11.7
C1026,10,Bản mặt cầu (Deck Slab):S3,0.33,0.18,11.7
C1027,10,Cọc khoan nhồi D1200 (26 cọc L=872m):P1-P1D,3.39,0.18,11.7
C1027,10,Cọc khoan nhồi D1200 (26 cọc L=872m):P1-P1D,3.39,0.18,11.7
C1027,10,Cọc khoan nhồi D1200 (26 cọc L=872m):P1-P1D,3.39,0.18,11.7
C1027,10,Bản mặt cầu (Deck Slab):S3,0.33,0.18,11.7
C1027,10,Bản mặt cầu (Deck Slab):S3,0.33,0.18,11.7
C1027,10,Bản mặt cầu (Deck Slab):S3,0.33,0.18,11.7
C1027,10,Bản mặt cầu (Deck Slab):S3,0.33,0.18,11.7
C1028,10,Cọc khoan nhồi D1200 (26 cọc L=872m):P1-P1D,3.39,0.18,11.7
C1028,10,Cọc khoan nhồi D1200 (26 cọc L=872m):P1-P1D,3.39,0.18,11.7
C1028,10,Cọc khoan nhồi D1200 (26 cọc L=872m):P1-P1D,3.39,0.18,11.7
C1028,10,Bản mặt cầu (Deck Slab):S3,0.33,0.18,11.7
C1028,10,Bản mặt cầu (Deck Slab):S3,0.33,0.18,11.7
C1028,10,Bản mặt cầu (Deck Slab):S3,0.33,0.18,11.7
C1028,10,Bản mặt cầu (Deck Slab):S3,0.33,0.18,11.7
C1029,10,Cọc khoan nhồi D1200 (26 cọc L=872m):P1-P1D,3.39,0.18,11.7
C1029,10,Cọc khoan nhồi D1200 (26 cọc L=872m):P1-P1D,3.39,0.18,11.7
C1029,10,Cọc khoan nhồi D1200 (26 cọc L=872m):P1-P1D,3.39,0.18,11.7
C1029,10,Bản mặt cầu (Deck Slab):S3,0.33,0.18,11.7
C1029,10,Bản mặt cầu (Deck Slab):S3,0.33,0.18,11.7
C1029,10,Bản mặt cầu (Deck Slab):S3,0.33,0.18,11.7
C1029,10,Bản mặt cầu (Deck Slab):S3,0.33,0.18,11.7
C1030,10,Cọc khoan nhồi D1200 (26 cọc L=872m):P1-P1D,3.39,0.18,11.7
C1030,10,Cọc khoan nhồi D1200 (26 cọc L=872m):P1-P1D,3.39,0.18,11.7
C1030,10,Cọc khoan nhồi D1200 (26 cọc L=872m):P1-P1D,3.39,0.18,11.7
C1030,10,Bản mặt cầu (Deck Slab):S3,0.33,0.18,11.7
C1030,10,Bản mặt cầu (Deck Slab):S3,0.33,0.18,11.7
C1030,10,Bản mặt cầu (Deck Slab):S3,0.33,0.18,11.7
C1030,10,Bản mặt cầu (Deck Slab):S3,0.33,0.18,11.7
C1031,10,Cọc khoan nhồi D1200 (26 cọc L=872m):P1-P1D,3.39,0.18,11.7
C1031,10,Cọc khoan nhồi D1200 (26 cọc L=872m):P1-P1D,3.39,0.18,11.7
C1031,10,Cọc khoan nhồi D1200 (26 cọc L=872m):P1-P1D,3.39,0.18,11.7
C1031,10,Bản mặt cầu (Deck Slab):S3,0.33,0.18,11.7
C1031,10,Bản mặt cầu (Deck Slab):S3,0.33,0.18,11.7
C1031,10,Bản mặt cầu (Deck Slab):S3,0.33,0.18,11.7
C1031,10,Bản mặt cầu (Deck Slab):S3,0.33,0.18,11.7
C1032,10,Cọc khoan nhồi D1200 (26 cọc L=872m):P1-P1D,3.39,0.18,11.7
C1032,10,Cọc khoan nhồi D1200 (26 cọc L=872m):P1-P1D,3.39,0.18,11.7
C1032,10,Cọc khoan nhồi D1200 (26 cọc L=872m):P1-P1D,3.39,0.18,11.7
C1032,10,Bản mặt cầu (Deck Slab):S3,0.33,0.18,11.7
C1032,10,Bản mặt cầu (Deck Slab):S3,0.33,0.18,11.7
C1032,10,Bản mặt cầu (Deck Slab):S3,0.33,0.18,11.7
C1032,10,Bản mặt cầu (Deck Slab):S3,0.33,0.18,11.7
C1033,10,Cọc khoan nhồi D1200 (26 cọc L=872m):P1-P1D,3.39,0.18,11.7
C1033,10,Cọc khoan nhồi D1200 (26 cọc L=872m):P1-P1D,3.39,0.18,11.7
C1033,10,Cọc khoan nhồi D1200 (26 cọc L=872m):P1-P1D,3.39,0.18,11.7
C1033,10,Bản mặt cầu (Deck Slab):S3,0.33,0.18,11.7
C1033,10,Bản mặt cầu (Deck Slab):S3,0.33,0.18,11.7
C1033,10,Bản mặt cầu (Deck Slab):S3,0.33,0.18,11.7
C1033,10,Bản mặt cầu (Deck Slab):S3,0.33,0.18,11.7
C1034,10,Cọc khoan nhồi D1200 (26 cọc L=872m):P1-P1D,3.39,0.18,11.7
C1034,10,Cọc khoan nhồi D1200 (26 cọc L=872m):P1-P1D,3.39,0.18,11.7
C1034,10,Cọc khoan nhồi D1200 (26 cọc L=872m):P1-P1D,3.39,0.18,11.7
C1034,10,Bản mặt cầu (Deck Slab):S3,0.33,0.18,11.7
C1034,10,Bản mặt cầu (Deck Slab):S3,0.33,0.18,11.7
C1034,10,Bản mặt cầu (Deck Slab):S3,0.33,0.18,11.7
C1034,10,Bản mặt cầu (Deck Slab):S3,0.33,0.18,11.7
C1035,10,Cọc khoan nhồi D1200 (26 cọc L=872m):P1-P1D,3.39,0.18,11.7
C1035,10,Cọc khoan nhồi D1200 (26 cọc L=872m):P1-P1D,3.39,0.18,11.7
C1035,10,Cọc khoan nhồi D1200 (26 cọc L=872m):P1-P1D,3.39,0.18,11.7
C1035,10,Bản mặt cầu (Deck Slab):S3,0.33,0.18,11.7
C1035,10,Bản mặt cầu (Deck Slab):S3,0.33,0.18,11.7
C1035,10,Bản mặt cầu (Deck Slab):S3,0.33,0.18,11.7
C1035,10,Bản mặt cầu (Deck Slab):S3,0.33,0.18,11.7
C1036,10,Cọc khoan nhồi D1200 (26 cọc L=872m):P1-P1D,3.39,0.18,11.7
C1036,10,Cọc khoan nhồi D1200 (26 cọc L=872m):P1-P1D,3.39,0.18,11.7
C1036,10,Cọc khoan nhồi D1200 (26 cọc L=872m):P1-P1D,3.39,0.18,11.7
C1036,10,Bản mặt cầu (Deck Slab):S3,0.33,0.18,11.7
C1036,10,Bản mặt cầu (Deck Slab):S3,0.33,0.18,11.7
C1036,10,Bản mặt cầu (Deck Slab):S3,0.33,0.18,11.7
C1036,10,Bản mặt cầu (Deck Slab):S3,0.33,0.18,11.7
C1037,10,Cọc khoan nhồi D1200 (26 cọc L=872m):P1-P1D,3.39,0.18,11.7
C1037,10,Cọc khoan nhồi D1200 (26 cọc L=872m):P1-P1D,3.39,0.18,11.7
C1037,10,Cọc khoan nhồi D1200 (26 cọc L=872m):P1-P1D,3.39,0.18,11.7
C1037,10,Bản mặt cầu (Deck Slab):S3,0.33,0.18,11.7
C1037,10,Bản mặt cầu (Deck Slab):S3,0.33,0.18,11.7
C1037,10,Bản mặt cầu (Deck Slab):S3,0.33,0.18,11.7
C1037,10,Bản mặt cầu (Deck Slab):S3,0.33,0.18,11.7
C1038,10,Cọc khoan nhồi D1200 (26 cọc L=872m):P1-P1D,3.39,0.18,11.7
C1038,10,Cọc khoan nhồi D1200 (26 cọc L=872m):P1-P1D,3.39,0.18,11.7
C1038,10,Cọc khoan nhồi D1200 (26 cọc L=872m):P1-P1D,3.39,0.18,11.7
C1038,10,Bản mặt cầu (Deck Slab):S3,0.33,0.18,11.7
C1038,10,Bản mặt cầu (Deck Slab):S3,0.33,0.18,11.7
C1038,10,Bản mặt cầu (Deck Slab):S3,0.33,0.18,11.7
C1038,10,Bản mặt cầu (Deck Slab):S3,0.33,0.18,11.7
C1039,10,Cọc khoan nhồi D1200 (26 cọc L=872m):P1-P1D,3.39,0.18,11.7
C1039,10,Cọc khoan nhồi D1200 (26 cọc L=872m):P1-P1D,3.39,0.18,11.7
C1039,10,Cọc khoan nhồi D1200 (26 cọc L=872m):P1-P1D,3.39,0.18,11.7
C1039,10,Bản mặt cầu (Deck Slab):S3,0.33,0.18,11.7
C1039,10,Bản mặt cầu (Deck Slab):S3,0.33,0.18,11.7
C1039,10,Bản mặt cầu (Deck Slab):S3,0.33,0.18,11.7
C1039,10,Bản mặt cầu (Deck Slab):S3,0.33,0.18,11.7
C1040,10,Cọc khoan nhồi D1200 (26 cọc L=872m):P1-P1D,3.39,0.18,11.7
C1040,10,Cọc khoan nhồi D1200 (26 cọc L=872m):P1-P1D,3.39,0.18,11.7
C1040,10,Cọc khoan nhồi D1200 (26 cọc L=872m):P1-P1D,3.39,0.18,11.7
C1040,10,Bản mặt cầu (Deck Slab):S3,0.33,0.18,11.7
C1040,10,Bản mặt cầu (Deck Slab):S3,0.33,0.18,11.7
C1040,10,Bản mặt cầu (Deck Slab):S3,0.33,0.18,11.7
C1040,10,Bản mặt cầu (Deck Slab):S3,0.33,0.18,11.7
C1041,10,Cọc khoan nhồi D1200 (26 cọc L=872m):P1-P1D,3.39,0.18,11.7
C1041,10,Cọc khoan nhồi D1200 (26 cọc L=872m):P1-P1D,3.39,0.18,11.7
C1041,10,Cọc khoan nhồi D1200 (26 cọc L=872m):P1-P1D,3.39,0.18,11.7
C1041,10,Bản mặt cầu (Deck Slab):S3,0.33,0.18,11.7
C1041,10,Bản mặt cầu (Deck Slab):S3,0.33,0.18,11.7
C1041,10,Bản mặt cầu (Deck Slab):S3,0.33,0.18,11.7
C1041,10,Bản mặt cầu (Deck Slab):S3,0.33,0.18,11.7
C1042,10,Cọc khoan nhồi D1200 (26 cọc L=872m):P1-P1D,3.39,0.18,11.7
C1042,10,Cọc khoan nhồi D1200 (26 cọc L=872m):P1-P1D,3.39,0.18,11.7
C1042,10,Cọc khoan nhồi D1200 (26 cọc L=872m):P1-P1D,3.39,0.18,11.7
C1042,10,Bản mặt cầu (Deck Slab):S3,0.33,0.18,11.7
C1042,10,Bản mặt cầu (Deck Slab):S3,0.33,0.18,11.7
C1042,10,Bản mặt cầu (Deck Slab):S3,0.33,0.18,11.7
C1042,10,Bản mặt cầu (Deck Slab):S3,0.33,0.18,11.7
C1043,10,Cọc khoan nhồi D1200 (26 cọc L=872m):P1-P1D,3.39,0.18,11.7
C1043,10,Cọc khoan nhồi D1200 (26 cọc L=872m):P1-P1D,3.39,0.18,11.7
C1043,10,Cọc khoan nhồi D1200 (26 cọc L=872m):P1-P1D,3.39,0.18,11.7
C1043,10,Bản mặt cầu (Deck Slab):S3,0.33,0.18,11.7
C1043,10,Bản mặt cầu (Deck Slab):S3,0.33,0.18,11.7
C1043,10,Bản mặt cầu (Deck Slab):S3,0.33,0.18,11.7
C1043,10,Bản mặt cầu (Deck Slab):S3,0.33,0.18,11.7
C1044,10,Cọc khoan nhồi D1200 (26 cọc L=872m):P1-P1D,3.39,0.18,11.7
C1044,10,Cọc khoan nhồi D1200 (26 cọc L=872m):P1-P1D,3.39,0.18,11.7
C1044,10,Cọc khoan nhồi D1200 (26 cọc L=872m):P1-P1D,3.39,0.18,11.7
C1044,10,Bản mặt cầu (Deck Slab):S3,0.33,0.18,11.7
C1044,10,Bản mặt cầu (Deck Slab):S3,0.33,0.18,11.7
C1044,10,Bản mặt cầu (Deck Slab):S3,0.33,0.18,11.7
C1044,10,Bản mặt cầu (Deck Slab):S3,0.33,0.18,11.7
C1045,10,Cọc khoan nhồi D1200 (26 cọc L=872m):P1-P1D,3.39,0.18,11.7
C1045,10,Cọc khoan nhồi D1200 (26 cọc L=872m):P1-P1D,3.39,0.18,11.7
C1045,10,Cọc khoan nhồi D1200 (26 cọc L=872m):P1-P1D,3.39,0.18,11.7
C1045,10,Bản mặt cầu (Deck Slab):S3,0.33,0.18,11.7
C1045,10,Bản mặt cầu (Deck Slab):S3,0.33,0.18,11.7
C1045,10,Bản mặt cầu (Deck Slab):S3,0.33,0.18,11.7
C1045,10,Bản mặt cầu (Deck Slab):S3,0.33,0.18,11.7
C1046,10,Cọc khoan nhồi D1200 (26 cọc L=872m):P1-P1D,3.39,0.18,11.7
C1046,10,Cọc khoan nhồi D1200 (26 cọc L=872m):P1-P1D,3.39,0.18,11.7
C1046,10,Cọc khoan nhồi D1200 (26 cọc L=872m):P1-P1D,3.39,0.18,11.7
C1046,10,Bản mặt cầu (Deck Slab):S3,0.33,0.18,11.7
C1046,10,Bản mặt cầu (Deck Slab):S3,0.33,0.18,11.7
C1046,10,Bản mặt cầu (Deck Slab):S3,0.33,0.18,11.7
C1046,10,Bản mặt cầu (Deck Slab):S3,0.33,0.18,11.7
C1047,10,Cọc khoan nhồi D1200 (26 cọc L=872m):P1-P1D,3.39,0.18,11.7
C1047,10,Cọc khoan nhồi D1200 (26 cọc L=872m):P1-P1D,3.39,0.18,11.7
C1047,10,Cọc khoan nhồi D1200 (26 cọc L=872m):P1-P1D,3.39,0.18,11.7
C1047,10,Bản mặt cầu (Deck Slab):S3,0.33,0.18,11.7
C1047,10,Bản mặt cầu (Deck Slab):S3,0.33,0.18,11.7
C1047,10,Bản mặt cầu (Deck Slab):S3,0.33,0.18,11.7
C1047,10,Bản mặt cầu (Deck Slab):S3,0.33,0.18,11.7
C1048,10,Cọc khoan nhồi D1200 (26 cọc L=872m):P1-P1D,3.39,0.18,11.7
C1048,10,Cọc khoan nhồi D1200 (26 cọc L=872m):P1-P1D,3.39,0.18,11.7
C1048,10,Cọc khoan nhồi D1200 (26 cọc L=872m):P1-P1D,3.39,0.18,11.7
C1048,10,Bản mặt cầu (Deck Slab):S3,0.33,0.18,11.7
C1048,10,Bản mặt cầu (Deck Slab):S3,0.33,0.18,11.7
C1048,10,Bản mặt cầu (Deck Slab):S3,0.33,0.18,11.7
C1048,10,Bản mặt cầu (Deck Slab):S3,0.33,0.18,11.7
C1049,10,Cọc khoan nhồi D1200 (26 cọc L=872m):P1-P1D,3.39,0.18,11.7
C1049,10,Cọc khoan nhồi D1200 (26 cọc L=872m):P1-P1D,3.39,0.18,11.7
C1049,10,Cọc khoan nhồi D1200 (26 cọc L=872m):P1-P1D,3.39,0.18,11.7
C1049,10,Bản mặt cầu (Deck Slab):S3,0.33,0.18,11.7
C1049,10,Bản mặt cầu (Deck Slab):S3,0.33,0.18,11.7
C1049,10,Bản mặt cầu (Deck Slab):S3,0.33,0.18,11.7
C1049,10,Bản mặt cầu (Deck Slab):S3,0.33,0.18,11.7
C1050,10,Cọc khoan nhồi D1200 (26 cọc L=872m):P1-P1D,3.39,0.18,11.7
C1050,10,Cọc khoan nhồi D1200 (26 cọc L=872m):P1-P1D,3.39,0.18,11.7
C1050,10,Cọc khoan nhồi D1200 (26 cọc L=872m):P1-P1D,3.39,0.18,11.7
C1050,10,Bản mặt cầu (Deck Slab):S3,0.33,0.18,11.7
C1050,10,Bản mặt cầu (Deck Slab):S3,0.33,0.18,11.7
C1050,10,Bản mặt cầu (Deck Slab):S3,0.33,0.18,11.7
C1050,10,Bản mặt cầu (Deck Slab):S3,0.33,0.18,11.7
C1051,10,Cọc khoan nhồi D1200 (26 cọc L=872m):P1-P1D,3.39,0.18,11.7
C1051,10,Cọc khoan nhồi D1200 (26 cọc L=872m):P1-P1D,3.39,0.18,11.7
C1051,10,Cọc khoan nhồi D1200 (26 cọc L=872m):P1-P1D,3.39,0.18,11.7
C1051,10,Bản mặt cầu (Deck Slab):S3,0.33,0.18,11.7
C1051,10,Bản mặt cầu (Deck Slab):S3,0.33,0.18,11.7
C1051,10,Bản mặt cầu (Deck Slab):S3,0.33,0.18,11.7
C1051,10,Bản mặt cầu (Deck Slab):S3,0.33,0.18,11.7
C1052,10,Cọc khoan nhồi D1200 (26 cọc L=872m):P1-P1D,3.39,0.18,11.7
C1052,10,Cọc khoan nhồi D1200 (26 cọc L=872m):P1-P1D,3.39,0.18,11.7
C1052,10,Cọc khoan nhồi D1200 (26 cọc L=872m):P1-P1D,3.39,0.18,11.7
C1052,10,Bản mặt cầu (Deck Slab):S3,0.33,0.18,11.7
C1052,10,Bản mặt cầu (Deck Slab):S3,0.33,0.18,11.7
C1052,10,Bản mặt cầu (Deck Slab):S3,0.33,0.18,11.7
C1052,10,Bản mặt cầu (Deck Slab):S3,0.33,0.18,11.7
C1053,10,Cọc khoan nhồi D1200 (26 cọc L=872m):P1-P1D,3.39,0.18,11.7
C1053,10,Cọc khoan nhồi D1200 (26 cọc L=872m):P1-P1D,3.39,0.18,11.7
C1053,10,Cọc khoan nhồi D1200 (26 cọc L=872m):P1-P1D,3.39,0.18,11.7
C1053,10,Bản mặt cầu (Deck Slab):S3,0.33,0.18,11.7
C1053,10,Bản mặt cầu (Deck Slab):S3,0.33,0.18,11.7
C1053,10,Bản mặt cầu (Deck Slab):S3,0.33,0.18,11.7
C1053,10,Bản mặt cầu (Deck Slab):S3,0.33,0.18,11.7
C1054,10,Cọc khoan nhồi D1200 (26 cọc L=872m):P1-P1D,3.39,0.18,11.7
C1054,10,Cọc khoan nhồi D1200 (26 cọc L=872m):P1-P1D,3.39,0.18,11.7
C1054,10,Cọc khoan nhồi D1200 (26 cọc L=872m):P1-P1D,3.39,0.18,11.7
C1054,10,Bản mặt cầu (Deck Slab):S3,0.33,0.18,11.7
C1054,10,Bản mặt cầu (Deck Slab):S3,0.33,0.18,11.7
C1054,10,Bản mặt cầu (Deck Slab):S3,0.33,0.18,11.7
C1054,10,Bản mặt cầu (Deck Slab):S3,0.33,0.18,11.7
C1055,10,Cọc khoan nhồi D1200 (26 cọc L=872m):P1-P1D,3.39,0.18,11.7
C1055,10,Cọc khoan nhồi D1200 (26 cọc L=872m):P1-P1D,3.39,0.18,11.7
C1055,10,Cọc khoan nhồi D1200 (26 cọc L=872m):P1-P1D,3.39,0.18,11.7
C1055,10,Bản mặt cầu (Deck Slab):S3,0.33,0.18,11.7
C1055,10,Bản mặt cầu (Deck Slab):S3,0.33,0.18,11.7
C1055,10,Bản mặt cầu (Deck Slab):S3,0.33,0.18,11.7
C1055,10,Bản mặt cầu (Deck Slab):S3,0.33,0.18,11.7
C1056,10,Cọc khoan nhồi D1200 (26 cọc L=872m):P1-P1D,3.39,0.18,11.7
C1056,10,Cọc khoan nhồi D1200 (26 cọc L=872m):P1-P1D,3.39,0.18,11.7
C1056,10,Cọc khoan nhồi D1200 (26 cọc L=872m):P1-P1D,3.39,0.18,11.7
C1056,10,Bản mặt cầu (Deck Slab):S3,0.33,0.18,11.7
C1056,10,Bản mặt cầu (Deck Slab):S3,0.33,0.18,11.7
C1056,10,Bản mặt cầu (Deck Slab):S3,0.33,0.18,11.7
C1056,10,Bản mặt cầu (Deck Slab):S3,0.33,0.18,11.7
C1057,10,Cọc khoan nhồi D1200 (26 cọc L=872m):P1-P1D,3.39,0.18,11.7
C1057,10,Cọc khoan nhồi D1200 (26 cọc L=872m):P1-P1D,3.39,0.18,11.7
C1057,10,Cọc khoan nhồi D1200 (26 cọc L=872m):P1-P1D,3.39,0.18,11.7
C1057,10,Bản mặt cầu (Deck Slab):S3,0.33,0.18,11.7
C1057,10,Bản mặt cầu (Deck Slab):S3,0.33,0.18,11.7
C1057,10,Bản mặt cầu (Deck Slab):S3,0.33,0.18,11.7
C1057,10,Bản mặt cầu (Deck Slab):S3,0.33,0.18,11.7
C1058,10,Cọc khoan nhồi D1200 (26 cọc L=872m):P1-P1D,3.39,0.18,11.7
C1058,10,Cọc khoan nhồi D1200 (26 cọc L=872m):P1-P1D,3.39,0.18,11.7
C1058,10,Cọc khoan nhồi D1200 (26 cọc L=872m):P1-P1D,3.39,0.18,11.7
C1058,10,Bản mặt cầu (Deck Slab):S3,0.33,0.18,11.7
C1058,10,Bản mặt cầu (Deck Slab):S3,0.33,0.18,11.7
C1058,10,Bản mặt cầu (Deck Slab):S3,0.33,0.18,11.7
C1058,10,Bản mặt cầu (Deck Slab):S3,0.33,0.18,11.7
C1059,10,Cọc khoan nhồi D1200 (26 cọc L=872m):P1-P1D,3.39,0.18,11.7
C1059,10,Cọc khoan nhồi D1200 (26 cọc L=872m):P1-P1D,3.39,0.18,11.7
C1059,10,Cọc khoan nhồi D1200 (26 cọc L=872m):P1-P1D,3.39,0.18,11.7
C1059,10,Bản mặt cầu (Deck Slab):S3,0.33,0.18,11.7
C1059,10,Bản mặt cầu (Deck Slab):S3,0.33,0.18,11.7
C1059,10,Bản mặt cầu (Deck Slab):S3,0.33,0.18,11.7
C1059,10,Bản mặt cầu (Deck Slab):S3,0.33,0.18,11.7
C1060,10,Cọc khoan nhồi D1200 (26 cọc L=872m):P1-P1D,3.39,0.18,11.7
C1060,10,Cọc khoan nhồi D1200 (26 cọc L=872m):P1-P1D,3.39,0.18,11.7
C1060,10,Cọc khoan nhồi D1200 (26 cọc L=872m):P1-P1D,3.39,0.18,11.7
C1060,10,Bản mặt cầu (Deck Slab):S3,0.33,0.18,11.7
C1060,10,Bản mặt cầu (Deck Slab):S3,0.33,0.18,11.7
C1060,10,Bản mặt cầu (Deck Slab):S3,0.33,0.18,11.7
C1060,10,Bản mặt cầu (Deck Slab):S3,0.33,0.18,11.7
C1061,10,Cọc khoan nhồi D1200 (26 cọc L=872m):P1-P1D,3.39,0.18,11.7
C1061,10,Cọc khoan nhồi D1200 (26 cọc L=872m):P1-P1D,3.39,0.18,11.7
C1061,10,Cọc khoan nhồi D1200 (26 cọc L=872m):P1-P1D,3.39,0.18,11.7
C1061,10,Bản mặt cầu (Deck Slab):S3,0.33,0.18,11.7
C1061,10,Bản mặt cầu (Deck Slab):S3,0.33,0.18,11.7
C1061,10,Bản mặt cầu (Deck Slab):S3,0.33,0.18,11.7
C1061,10,Bản mặt cầu (Deck Slab):S3,0.33,0.18,11.7
C1062,10,Cọc khoan nhồi D1200 (26 cọc L=872m):P1-P1D,3.39,0.18,11.7
C1062,10,Cọc khoan nhồi D1200 (26 cọc L=872m):P1-P1D,3.39,0.18,11.7
C1062,10,Cọc khoan nhồi D1200 (26 cọc L=872m):P1-P1D,3.39,0.18,11.7
C1062,10,Bản mặt cầu (Deck Slab):S3,0.33,0.18,11.7
C1062,10,Bản mặt cầu (Deck Slab):S3,0.33,0.18,11.7
C1062,10,Bản mặt cầu (Deck Slab):S3,0.33,0.18,11.7
C1062,10,Bản mặt cầu (Deck Slab):S3,0.33,0.18,11.7
C1063,10,Cọc khoan nhồi D1200 (26 cọc L=872m):P1-P1D,3.39,0.18,11.7
C1063,10,Cọc khoan nhồi D1200 (26 cọc L=872m):P1-P1D,3.39,0.18,11.7
C1063,10,Cọc khoan nhồi D1200 (26 cọc L=872m):P1-P1D,3.39,0.18,11.7
C1063,10,Bản mặt cầu (Deck Slab):S3,0.33,0.18,11.7
C1063,10,Bản mặt cầu (Deck Slab):S3,0.33,0.18,11.7
C1063,10,Bản mặt cầu (Deck Slab):S3,0.33,0.18,11.7
C1063,10,Bản mặt cầu (Deck Slab):S3,0.33,0.18,11.7
C1064,10,Cọc khoan nhồi D1200 (26 cọc L=872m):P1-P1D,3.39,0.18,11.7
C1064,10,Cọc khoan nhồi D1200 (26 cọc L=872m):P1-P1D,3.39,0.18,11.7
C1064,10,Cọc khoan nhồi D1200 (26 cọc L=872m):P1-P1D,3.39,0.18,11.7
C1064,10,Bản mặt cầu (Deck Slab):S3,0.33,0.18,11.7
C1064,10,Bản mặt cầu (Deck Slab):S3,0.33,0.18,11.7
C1064,10,Bản mặt cầu (Deck Slab):S3,0.33,0.18,11.7
C1064,10,Bản mặt cầu (Deck Slab):S3,0.33,0.18,11.7
C1065,10,Cọc khoan nhồi D1200 (26 cọc L=872m):P1-P1D,3.39,0.18,11.7
C1065,10,Cọc khoan nhồi D1200 (26 cọc L=872m):P1-P1D,3.39,0.18,11.7
C1065,10,Cọc khoan nhồi D1200 (26 cọc L=872m):P1-P1D,3.39,0.18,11.7
C1065,10,Bản mặt cầu (Deck Slab):S3,0.33,0.18,11.7
C1065,10,Bản mặt cầu (Deck Slab):S3,0.33,0.18,11.7
C1065,10,Bản mặt cầu (Deck Slab):S3,0.33,0.18,11.7
C1065,10,Bản mặt cầu (Deck Slab):S3,0.33,0.18,11.7
C1066,10,Cọc khoan nhồi D1200 (26 cọc L=872m):P1-P1D,3.39,0.18,11.7
C1066,10,Cọc khoan nhồi D1200 (26 cọc L=872m):P1-P1D,3.39,0.18,11.7
C1066,10,Cọc khoan nhồi D1200 (26 cọc L=872m):P1-P1D,3.39,0.18,11.7
C1066,10,Bản mặt cầu (Deck Slab):S3,0.33,0.18,11.7
C1066,10,Bản mặt cầu (Deck Slab):S3,0.33,0.18,11.7
C1066,10,Bản mặt cầu (Deck Slab):S3,0.33,0.18,11.7
C1066,10,Bản mặt cầu (Deck Slab):S3,0.33,0.18,11.7
C1067,10,Cọc khoan nhồi D1200 (26 cọc L=872m):P1-P1D,3.39,0.18,11.7
C1067,10,Cọc khoan nhồi D1200 (26 cọc L=872m):P1-P1D,3.39,0.18,11.7
C1067,10,Cọc khoan nhồi D1200 (26 cọc L=872m):P1-P1D,3.39,0.18,11.7
C1067,10,Bản mặt cầu (Deck Slab):S3,0.33,0.18,11.7
C1067,10,Bản mặt cầu (Deck Slab):S3,0.33,0.18,11.7
C1067,10,Bản mặt cầu (Deck Slab):S3,0.33,0.18,11.7
C1067,10,Bản mặt cầu (Deck Slab):S3,0.33,0.18,11.7
C1068,10,Cọc khoan nhồi D1200 (26 cọc L=872m):P1-P1D,3.39,0.18,11.7
C1068,10,Cọc khoan nhồi D1200 (26 cọc L=872m):P1-P1D,3.39,0.18,11.7
C1068,10,Cọc khoan nhồi D1200 (26 cọc L=872m):P1-P1D,3.39,0.18,11.7
C1068,10,Bản mặt cầu (Deck Slab):S3,0.33,0.18,11.7
C1068,10,Bản mặt cầu (Deck Slab):S3,0.33,0.18,11.7
C1068,10,Bản mặt cầu (Deck Slab):S3,0.33,0.18,11.7
C1068,10,Bản mặt cầu (Deck Slab):S3,0.33,0.18,11.7
C1069,10,Cọc khoan nhồi D1200 (26 cọc L=872m):P1-P1D,3.39,0.18,11.7
C1069,10,Cọc khoan nhồi D1200 (26 cọc L=872m):P1-P1D,3.39,0.18,11.7
C1069,10,Cọc khoan nhồi D1200 (26 cọc L=872m):P1-P1D,3.39,0.18,11.7
C1069,10,Bản mặt cầu (Deck Slab):S3,0.33,0.18,11.7
C1069,10,Bản mặt cầu (Deck Slab):S3,0.33,0.18,11.7
C1069,10,Bản mặt cầu (Deck Slab):S3,0.33,0.18,11.7
C1069,10,Bản mặt cầu (Deck Slab):S3,0.33,0.18,11.7
C1070,10,Cọc khoan nhồi D1200 (26 cọc L=872m):P1-P1D,3.39,0.18,11.7
C1070,10,Cọc khoan nhồi D1200 (26 cọc L=872m):P1-P1D,3.39,0.18,11.7
C1070,10,Cọc khoan nhồi D1200 (26 cọc L=872m):P1-P1D,3.39,0.18,11.7
C1070,10,Bản mặt cầu (Deck Slab):S3,0.33,0.18,11.7
C1070,10,Bản mặt cầu (Deck Slab):S3,0.33,0.18,11.7
C1070,10,Bản mặt cầu (Deck Slab):S3,0.33,0.18,11.7
C1070,10,Bản mặt cầu (Deck Slab):S3,0.33,0.18,11.7
C1071,10,Cọc khoan nhồi D1200 (26 cọc L=872m):P1-P1D,3.39,0.18,11.7
C1071,10,Cọc khoan nhồi D1200 (26 cọc L=872m):P1-P1D,3.39,0.18,11.7
C1071,10,Cọc khoan nhồi D1200 (26 cọc L=872m):P1-P1D,3.39,0.18,11.7
C1071,10,Bản mặt cầu (Deck Slab):S3,0.33,0.18,11.7
C1071,10,Bản mặt cầu (Deck Slab):S3,0.33,0.18,11.7
C1071,10,Bản mặt cầu (Deck Slab):S3,0.33,0.18,11.7
C1071,10,Bản mặt cầu (Deck Slab):S3,0.33,0.18,11.7
C1072,10,Cọc khoan nhồi D1200 (26 cọc L=872m):P1-P1D,3.39,0.18,11.7
C1072,10,Cọc khoan nhồi D1200 (26 cọc L=872m):P1-P1D,3.39,0.18,11.7
C1072,10,Cọc khoan nhồi D1200 (26 cọc L=872m):P1-P1D,3.39,0.18,11.7
C1072,10,Bản mặt cầu (Deck Slab):S3,0.33,0.18,11.7
C1072,10,Bản mặt cầu (Deck Slab):S3,0.33,0.18,11.7
C1072,10,Bản mặt cầu (Deck Slab):S3,0.33,0.18,11.7
C1072,10,Bản mặt cầu (Deck Slab):S3,0.33,0.18,11.7
C1073,10,Cọc khoan nhồi D1200 (26 cọc L=872m):P1-P1D,3.39,0.18,11.7
C1073,10,Cọc khoan nhồi D1200 (26 cọc L=872m):P1-P1D,3.39,0.18,11.7
C1073,10,Cọc khoan nhồi D1200 (26 cọc L=872m):P1-P1D,3.39,0.18,11.7
C1073,10,Bản mặt cầu (Deck Slab):S3,0.33,0.18,11.7
C1073,10,Bản mặt cầu (Deck Slab):S3,0.33,0.18,11.7
C1073,10,Bản mặt cầu (Deck Slab):S3,0.33,0.18,11.7
C1073,10,Bản mặt cầu (Deck Slab):S3,0.33,0.18,11.7
C1074,10,Cọc khoan nhồi D1200 (26 cọc L=872m):P1-P1D,3.39,0.18,11.7
C1074,10,Cọc khoan nhồi D1200 (26 cọc L=872m):P1-P1D,3.39,0.18,11.7
C1074,10,Cọc khoan nhồi D1200 (26 cọc L=872m):P1-P1D,3.39,0.18,11.7
C1074,10,Bản mặt cầu (Deck Slab):S3,0.33,0.18,11.7
C1074,10,Bản mặt cầu (Deck Slab):S3,0.33,0.18,11.7
C1074,10,Bản mặt cầu (Deck Slab):S3,0.33,0.18,11.7
C1074,10,Bản mặt cầu (Deck Slab):S3,0.33,0.18,11.7
C1075,10,Cọc khoan nhồi D1200 (26 cọc L=872m):P1-P1D,3.39,0.18,11.7
C1075,10,Cọc khoan nhồi D1200 (26 cọc L=872m):P1-P1D,3.39,0.18,11.7
C1075,10,Cọc khoan nhồi D1200 (26 cọc L=872m):P1-P1D,3.39,0.18,11.7
C1075,10,Bản mặt cầu (Deck Slab):S3,0.33,0.18,11.7
C1075,10,Bản mặt cầu (Deck Slab):S3,0.33,0.18,11.7
C1075,10,Bản mặt cầu (Deck Slab):S3,0.33,0.18,11.7
C1075,10,Bản mặt cầu (Deck Slab):S3,0.33,0.18,11.7
C1076,10,Cọc khoan nhồi D1200 (26 cọc L=872m):P1-P1D,3.39,0.18,11.7
C1076,10,Cọc khoan nhồi D1200 (26 cọc L=872m):P1-P1D,3.39,0.18,11.7
C1076,10,Cọc khoan nhồi D1200 (26 cọc L=872m):P1-P1D,3.39,0.18,11.7
C1076,10,Bản mặt cầu (Deck Slab):S3,0.33,0.18,11.7
C1076,10,Bản mặt cầu (Deck Slab):S3,0.33,0.18,11.7
C1076,10,Bản mặt cầu (Deck Slab):S3,0.33,0.18,11.7
C1076,10,Bản mặt cầu (Deck Slab):S3,0.33,0.18,11.7
C1077,10,Cọc khoan nhồi D1200 (26 cọc L=872m):P1-P1D,3.39,0.18,11.7
C1077,10,Cọc khoan nhồi D1200 (26 cọc L=872m):P1-P1D,3.39,0.18,11.7
C1077,10,Cọc khoan nhồi D1200 (26 cọc L=872m):P1-P1D,3.39,0.18,11.7
C1077,10,Bản mặt cầu (Deck Slab):S3,0.33,0.18,11.7
C1077,10,Bản mặt cầu (Deck Slab):S3,0.33,0.18,11.7
C1077,10,Bản mặt cầu (Deck Slab):S3,0.33,0.18,11.7
C1077,10,Bản mặt cầu (Deck Slab):S3,0.33,0.18,11.7
C1078,10,Cọc khoan nhồi D1200 (26 cọc L=872m):P1-P1D,3.39,0.18,11.7
C1078,10,Cọc khoan nhồi D1200 (26 cọc L=872m):P1-P1D,3.39,0.18,11.7
C1078,10,Cọc khoan nhồi D1200 (26 cọc L=872m):P1-P1D,3.39,0.18,11.7
C1078,10,Bản mặt cầu (Deck Slab):S3,0.33,0.18,11.7
C1078,10,Bản mặt cầu (Deck Slab):S3,0.33,0.18,11.7
C1078,10,Bản mặt cầu (Deck Slab):S3,0.33,0.18,11.7
C1078,10,Bản mặt cầu (Deck Slab):S3,0.33,0.18,11.7
C1079,10,Cọc khoan nhồi D1200 (26 cọc L=872m):P1-P1D,3.39,0.18,11.7
C1079,10,Cọc khoan nhồi D1200 (26 cọc L=872m):P1-P1D,3.39,0.18,11.7
C1079,10,Cọc khoan nhồi D1200 (26 cọc L=872m):P1-P1D,3.39,0.18,11.7
C1079,10,Bản mặt cầu (Deck Slab):S3,0.33,0.18,11.7
C1079,10,Bản mặt cầu (Deck Slab):S3,0.33,0.18,11.7
C1079,10,Bản mặt cầu (Deck Slab):S3,0.33,0.18,11.7
C1079,10,Bản mặt cầu (Deck Slab):S3,0.33,0.18,11.7
C1080,10,Cọc khoan nhồi D1200 (26 cọc L=872m):P1-P1D,3.39,0.18,11.7
C1080,10,Cọc khoan nhồi D1200 (26 cọc L=872m):P1-P1D,3.39,0.18,11.7
C1080,10,Cọc khoan nhồi D1200 (26 cọc L=872m):P1-P1D,3.39,0.18,11.7
C1080,10,Bản mặt cầu (Deck Slab):S3,0.33,0.18,11.7
C1080,10,Bản mặt cầu (Deck Slab):S3,0.33,0.18,11.7
C1080,10,Bản mặt cầu (Deck Slab):S3,0.33,0.18,11.7
C1080,10,Bản mặt cầu (Deck Slab):S3,0.33,0.18,11.7
C1081,10,Cọc khoan nhồi D1200 (26 cọc L=872m):P1-P1D,3.39,0.18,11.7
C1081,10,Cọc khoan nhồi D1200 (26 cọc L=872m):P1-P1D,3.39,0.18,11.7
C1081,10,Cọc khoan nhồi D1200 (26 cọc L=872m):P1-P1D,3.39,0.18,11.7
C1081,10,Bản mặt cầu (Deck Slab):S3,0.33,0.18,11.7
C1081,10,Bản mặt cầu (Deck Slab):S3,0.33,0.18,11.7
C1081,10,Bản mặt cầu (Deck Slab):S3,0.33,0.18,11.7
C1081,10,Bản mặt cầu (Deck Slab):S3,0.33,0.18,11.7
C1082,10,Cọc khoan nhồi D1200 (26 cọc L=872m):P1-P1D,3.39,0.18,11.7
C1082,10,Cọc khoan nhồi D1200 (26 cọc L=872m):P1-P1D,3.39,0.18,11.7
C1082,10,Cọc khoan nhồi D1200 (26 cọc L=872m):P1-P1D,3.39,0.18,11.7
C1082,10,Bản mặt cầu (Deck Slab):S3,0.33,0.18,11.7
C1082,10,Bản mặt cầu (Deck Slab):S3,0.33,0.18,11.7
C1082,10,Bản mặt cầu (Deck Slab):S3,0.33,0.18,11.7
C1082,10,Bản mặt cầu (Deck Slab):S3,0.33,0.18,11.7
C1083,10,Cọc khoan nhồi D1200 (26 cọc L=872m):P1-P1D,3.39,0.18,11.7
C1083,10,Cọc khoan nhồi D1200 (26 cọc L=872m):P1-P1D,3.39,0.18,11.7
C1083,10,Cọc khoan nhồi D1200 (26 cọc L=872m):P1-P1D,3.39,0.18,11.7
C1083,10,Bản mặt cầu (Deck Slab):S3,0.33,0.18,11.7
C1083,10,Bản mặt cầu (Deck Slab):S3,0.33,0.18,11.7
C1083,10,Bản mặt cầu (Deck Slab):S3,0.33,0.18,11.7
C1083,10,Bản mặt cầu (Deck Slab):S3,0.33,0.18,11.7
C1084,10,Cọc khoan nhồi D1200 (26 cọc L=872m):P1-P1D,3.39,0.18,11.7
C1084,10,Cọc khoan nhồi D1200 (26 cọc L=872m):P1-P1D,3.39,0.18,11.7
C1084,10,Cọc khoan nhồi D1200 (26 cọc L=872m):P1-P1D,3.39,0.18,11.7
C1084,10,Bản mặt cầu (Deck Slab):S3,0.33,0.18,11.7
C1084,10,Bản mặt cầu (Deck Slab):S3,0.33,0.18,11.7
C1084,10,Bản mặt cầu (Deck Slab):S3,0.33,0.18,11.7
C1084,10,Bản mặt cầu (Deck Slab):S3,0.33,0.18,11.7
C1085,10,Cọc khoan nhồi D1200 (26 cọc L=872m):P1-P1D,3.39,0.18,11.7
C1085,10,Cọc khoan nhồi D1200 (26 cọc L=872m):P1-P1D,3.39,0.18,11.7
C1085,10,Cọc khoan nhồi D1200 (26 cọc L=872m):P1-P1D,3.39,0.18,11.7
C1085,10,Bản mặt cầu (Deck Slab):S3,0.33,0.18,11.7
C1085,10,Bản mặt cầu (Deck Slab):S3,0.33,0.18,11.7
C1085,10,Bản mặt cầu (Deck Slab):S3,0.33,0.18,11.7
C1085,10,Bản mặt cầu (Deck Slab):S3,0.33,0.18,11.7
C1086,10,Cọc khoan nhồi D1200 (26 cọc L=872m):P1-P1D,3.39,0.18,11.7
C1086,10,Cọc khoan nhồi D1200 (26 cọc L=872m):P1-P1D,3.39,0.18,11.7
C1086,10,Cọc khoan nhồi D1200 (26 cọc L=872m):P1-P1D,3.39,0.18,11.7
C1086,10,Bản mặt cầu (Deck Slab):S3,0.33,0.18,11.7
C1086,10,Bản mặt cầu (Deck Slab):S3,0.33,0.18,11.7
C1086,10,Bản mặt cầu (Deck Slab):S3,0.33,0.18,11.7
C1086,10,Bản mặt cầu (Deck Slab):S3,0.33,0.18,11.7
C1087,10,Cọc khoan nhồi D1200 (26 cọc L=872m):P1-P1D,3.39,0.18,11.7
C1087,10,Cọc khoan nhồi D1200 (26 cọc L=872m):P1-P1D,3.39,0.18,11.7
C1087,10,Cọc khoan nhồi D1200 (26 cọc L=872m):P1-P1D,3.39,0.18,11.7
C1087,10,Bản mặt cầu (Deck Slab):S3,0.33,0.18,11.7
C1087,10,Bản mặt cầu (Deck Slab):S3,0.33,0.18,11.7
C1087,10,Bản mặt cầu (Deck Slab):S3,0.33,0.18,11.7
C1087,10,Bản mặt cầu (Deck Slab):S3,0.33,0.18,11.7
C1088,10,Cọc khoan nhồi D1200 (26 cọc L=872m):P1-P1D,3.39,0.18,11.7
C1088,10,Cọc khoan nhồi D1200 (26 cọc L=872m):P1-P1D,3.39,0.18,11.7
C1088,10,Cọc khoan nhồi D1200 (26 cọc L=872m):P1-P1D,3.39,0.18,11.7
C1088,10,Bản mặt cầu (Deck Slab):S3,0.33,0.18,11.7
C1088,10,Bản mặt cầu (Deck Slab):S3,0.33,0.18,11.7
C1088,10,Bản mặt cầu (Deck Slab):S3,0.33,0.18,11.7
C1088,10,Bản mặt cầu (Deck Slab):S3,0.33,0.18,11.7
C1089,10,Cọc khoan nhồi D1200 (26 cọc L=872m):P1-P1D,3.39,0.18,11.7
C1089,10,Cọc khoan nhồi D1200 (26 cọc L=872m):P1-P1D,3.39,0.18,11.7
C1089,10,Cọc khoan nhồi D1200 (26 cọc L=872m):P1-P1D,3.39,0.18,11.7
C1089,10,Bản mặt cầu (Deck Slab):S3,0.33,0.18,11.7
C1089,10,Bản mặt cầu (Deck Slab):S3,0.33,0.18,11.7
C1089,10,Bản mặt cầu (Deck Slab):S3,0.33,0.18,11.7
C1089,10,Bản mặt cầu (Deck Slab):S3,0.33,0.18,11.7
C1090,10,Cọc khoan nhồi D1200 (26 cọc L=872m):P1-P1D,3.39,0.18,11.7
C1090,10,Cọc khoan nhồi D1200 (26 cọc L=872m):P1-P1D,3.39,0.18,11.7
C1090,10,Cọc khoan nhồi D1200 (26 cọc L=872m):P1-P1D,3.39,0.18,11.7
C1090,10,Bản mặt cầu (Deck Slab):S3,0.33,0.18,11.7
C1090,10,Bản mặt cầu (Deck Slab):S3,0.33,0.18,11.7
C1090,10,Bản mặt cầu (Deck Slab):S3,0.33,0.18,11.7
C1090,10,Bản mặt cầu (Deck Slab):S3,0.33,0.18,11.7
C1091,10,Cọc khoan nhồi D1200 (26 cọc L=872m):P1-P1D,3.39,0.18,11.7
C1091,10,Cọc khoan nhồi D1200 (26 cọc L=872m):P1-P1D,3.39,0.18,11.7
C1091,10,Cọc khoan nhồi D1200 (26 cọc L=872m):P1-P1D,3.39,0.18,11.7
C1091,10,Bản mặt cầu (Deck Slab):S3,0.33,0.18,11.7
C1091,10,Bản mặt cầu (Deck Slab):S3,0.33,0.18,11.7
C1091,10,Bản mặt cầu (Deck Slab):S3,0.33,0.18,11.7
C1091,10,Bản mặt cầu (Deck Slab):S3,0.33,0.18,11.7
C1092,10,Cọc khoan nhồi D1200 (26 cọc L=872m):P1-P1D,3.39,0.18,11.7
C1092,10,Cọc khoan nhồi D1200 (26 cọc L=872m):P1-P1D,3.39,0.18,11.7
C1092,10,Cọc khoan nhồi D1200 (26 cọc L=872m):P1-P1D,3.39,0.18,11.7
C1092,10,Bản mặt cầu (Deck Slab):S3,0.33,0.18,11.7
C1092,10,Bản mặt cầu (Deck Slab):S3,0.33,0.18,11.7
C1092,10,Bản mặt cầu (Deck Slab):S3,0.33,0.18,11.7
C1092,10,Bản mặt cầu (Deck Slab):S3,0.33,0.18,11.7
C1093,10,Cọc khoan nhồi D1200 (26 cọc L=872m):P1-P1D,3.39,0.18,11.7
C1093,10,Cọc khoan nhồi D1200 (26 cọc L=872m):P1-P1D,3.39,0.18,11.7
C1093,10,Cọc khoan nhồi D1200 (26 cọc L=872m):P1-P1D,3.39,0.18,11.7
C1093,10,Bản mặt cầu (Deck Slab):S3,0.33,0.18,11.7
C1093,10,Bản mặt cầu (Deck Slab):S3,0.33,0.18,11.7
C1093,10,Bản mặt cầu (Deck Slab):S3,0.33,0.18,11.7
C1093,10,Bản mặt cầu (Deck Slab):S3,0.33,0.18,11.7
C1094,10,Cọc khoan nhồi D1200 (26 cọc L=872m):P1-P1D,3.39,0.18,11.7
C1094,10,Cọc khoan nhồi D1200 (26 cọc L=872m):P1-P1D,3.39,0.18,11.7
C1094,10,Cọc khoan nhồi D1200 (26 cọc L=872m):P1-P1D,3.39,0.18,11.7
C1094,10,Bản mặt cầu (Deck Slab):S3,0.33,0.18,11.7
C1094,10,Bản mặt cầu (Deck Slab):S3,0.33,0.18,11.7
C1094,10,Bản mặt cầu (Deck Slab):S3,0.33,0.18,11.7
C1094,10,Bản mặt cầu (Deck Slab):S3,0.33,0.18,11.7
C1095,10,Cọc khoan nhồi D1200 (26 cọc L=872m):P1-P1D,3.39,0.18,11.7
C1095,10,Cọc khoan nhồi D1200 (26 cọc L=872m):P1-P1D,3.39,0.18,11.7
C1095,10,Cọc khoan nhồi D1200 (26 cọc L=872m):P1-P1D,3.39,0.18,11.7
C1095,10,Bản mặt cầu (Deck Slab):S3,0.33,0.18,11.7
C1095,10,Bản mặt cầu (Deck Slab):S3,0.33,0.18,11.7
C1095,10,Bản mặt cầu (Deck Slab):S3,0.33,0.18,11.7
C1095,10,Bản mặt cầu (Deck Slab):S3,0.33,0.18,11.7
C1096,10,Cọc khoan nhồi D1200 (26 cọc L=872m):P1-P1D,3.39,0.18,11.7
C1096,10,Cọc khoan nhồi D1200 (26 cọc L=872m):P1-P1D,3.39,0.18,11.7
C1096,10,Cọc khoan nhồi D1200 (26 cọc L=872m):P1-P1D,3.39,0.18,11.7
C1096,10,Bản mặt cầu (Deck Slab):S3,0.33,0.18,11.7
C1096,10,Bản mặt cầu (Deck Slab):S3,0.33,0.18,11.7
C1096,10,Bản mặt cầu (Deck Slab):S3,0.33,0.18,11.7
C1096,10,Bản mặt cầu (Deck Slab):S3,0.33,0.18,11.7
C1097,10,Cọc khoan nhồi D1200 (26 cọc L=872m):P1-P1D,3.39,0.18,11.7
C1097,10,Cọc khoan nhồi D1200 (26 cọc L=872m):P1-P1D,3.39,0.18,11.7
C1097,10,Cọc khoan nhồi D1200 (26 cọc L=872m):P1-P1D,3.39,0.18,11.7
C1097,10,Bản mặt cầu (Deck Slab):S3,0.33,0.18,11.7
C1097,10,Bản mặt cầu (Deck Slab):S3,0.33,0.18,11.7
C1097,10,Bản mặt cầu (Deck Slab):S3,0.33,0.18,11.7
C1097,10,Bản mặt cầu (Deck Slab):S3,0.33,0.18,11.7
C1098,10,Cọc khoan nhồi D1200 (26 cọc L=872m):P1-P1D,3.39,0.18,11.7
C1098,10,Cọc khoan nhồi D1200 (26 cọc L=872m):P1-P1D,3.39,0.18,11.7
C1098,10,Cọc khoan nhồi D1200 (26 cọc L=872m):P1-P1D,3.39,0.18,11.7
C1098,10,Bản mặt cầu (Deck Slab):S3,0.33,0.18,11.7
C1098,10,Bản mặt cầu (Deck Slab):S3,0.33,0.18,11.7
C1098,10,Bản mặt cầu (Deck Slab):S3,0.33,0.18,11.7
C1098,10,Bản mặt cầu (Deck Slab):S3,0.33,0.18,11.7
C1099,10,Cọc khoan nhồi D1200 (26 cọc L=872m):P1-P1D,3.39,0.18,11.7
C1099,10,Cọc khoan nhồi D1200 (26 cọc L=872m):P1-P1D,3.39,0.18,11.7
C1099,10,Cọc khoan nhồi D1200 (26 cọc L=872m):P1-P1D,3.39,0.18,11.7
C1099,10,Bản mặt cầu (Deck Slab):S3,0.33,0.18,11.7
C1099,10,Bản mặt cầu (Deck Slab):S3,0.33,0.18,11.7
C1099,10,Bản mặt cầu (Deck Slab):S3,0.33,0.18,11.7
C1099,10,Bản mặt cầu (Deck Slab):S3,0.33,0.18,11.7
C1100,10,Cọc khoan nhồi D1200 (26 cọc L=872m):P1-P1D,3.39,0.18,11.7
C1100,10,Cọc khoan nhồi D1200 (26 cọc L=872m):P1-P1D,3.39,0.18,11.7
C1100,10,Cọc khoan nhồi D1200 (26 cọc L=872m):P1-P1D,3.39,0.18,11.7
C1100,10,Bản mặt cầu (Deck Slab):S3,0.33,0.18,11.7
C1100,10,Bản mặt cầu (Deck Slab):S3,0.33,0.18,11.7
C1100,10,Bản mặt cầu (Deck Slab):S3,0.33,0.18,11.7
C1100,10,Bản mặt cầu (Deck Slab):S3,0.33,0.18,11.7
C1101,10,Cọc khoan nhồi D1200 (26 cọc L=872m):P1-P1D,3.39,0.18,11.7
C1101,10,Cọc khoan nhồi D1200 (26 cọc L=872m):P1-P1D,3.39,0.18,11.7
C1101,10,Cọc khoan nhồi D1200 (26 cọc L=872m):P1-P1D,3.39,0.18,11.7
C1101,10,Bản mặt cầu (Deck Slab):S3,0.33,0.18,11.7
C1101,10,Bản mặt cầu (Deck Slab):S3,0.33,0.18,11.7
C1101,10,Bản mặt cầu (Deck Slab):S3,0.33,0.18,11.7
C1101,10,Bản mặt cầu (Deck Slab):S3,0.33,0.18,11.7
C1102,10,Cọc khoan nhồi D1200 (26 cọc L=872m):P1-P1D,3.39,0.18,11.7
C1102,10,Cọc khoan nhồi D1200 (26 cọc L=872m):P1-P1D,3.39,0.18,11.7
C1102,10,Cọc khoan nhồi D1200 (26 cọc L=872m):P1-P1D,3.39,0.18,11.7
C1102,10,Bản mặt cầu (Deck Slab):S3,0.33,0.18,11.7
C1102,10,Bản mặt cầu (Deck Slab):S3,0.33,0.18,11.7
C1102,10,Bản mặt cầu (Deck Slab):S3,0.33,0.18,11.7
C1102,10,Bản mặt cầu (Deck Slab):S3,0.33,0.18,11.7
C1103,10,Cọc khoan nhồi D1200 (26 cọc L=872m):P1-P1D,3.39,0.18,11.7
C1103,10,Cọc khoan nhồi D1200 (26 cọc L=872m):P1-P1D,3.39,0.18,11.7
C1103,10,Cọc khoan nhồi D1200 (26 cọc L=872m):P1-P1D,3.39,0.18,11.7
C1103,10,Bản mặt cầu (Deck Slab):S3,0.33,0.18,11.7
C1103,10,Bản mặt cầu (Deck Slab):S3,0.33,0.18,11.7
C1103,10,Bản mặt cầu (Deck Slab):S3,0.33,0.18,11.7
C1103,10,Bản mặt cầu (Deck Slab):S3,0.33,0.18,11.7
C1104,10,Cọc khoan nhồi D1200 (26 cọc L=872m):P1-P1D,3.39,0.18,11.7
C1104,10,Cọc khoan nhồi D1200 (26 cọc L=872m):P1-P1D,3.39,0.18,11.7
C1104,10,Cọc khoan nhồi D1200 (26 cọc L=872m):P1-P1D,3.39,0.18,11.7
C1104,10,Bản mặt cầu (Deck Slab):S3,0.33,0.18,11.7
C1104,10,Bản mặt cầu (Deck Slab):S3,0.33,0.18,11.7
C1104,10,Bản mặt cầu (Deck Slab):S3,0.33,0.18,11.7
C1104,10,Bản mặt cầu (Deck Slab):S3,0.33,0.18,11.7
C1105,10,Cọc khoan nhồi D1200 (26 cọc L=872m):P1-P1D,3.39,0.18,11.7
C1105,10,Cọc khoan nhồi D1200 (26 cọc L=872m):P1-P1D,3.39,0.18,11.7
C1105,10,Cọc khoan nhồi D1200 (26 cọc L=872m):P1-P1D,3.39,0.18,11.7
C1105,10,Bản mặt cầu (Deck Slab):S3,0.33,0.18,11.7
C1105,10,Bản mặt cầu (Deck Slab):S3,0.33,0.18,11.7
C1105,10,Bản mặt cầu (Deck Slab):S3,0.33,0.18,11.7
C1105,10,Bản mặt cầu (Deck Slab):S3,0.33,0.18,11.7
C1106,10,Cọc khoan nhồi D1200 (26 cọc L=872m):P1-P1D,3.39,0.18,11.7
C1106,10,Cọc khoan nhồi D1200 (26 cọc L=872m):P1-P1D,3.39,0.18,11.7
C1106,10,Cọc khoan nhồi D1200 (26 cọc L=872m):P1-P1D,3.39,0.18,11.7
C1106,10,Bản mặt cầu (Deck Slab):S3,0.33,0.18,11.7
C1106,10,Bản mặt cầu (Deck Slab):S3,0.33,0.18,11.7
C1106,10,Bản mặt cầu (Deck Slab):S3,0.33,0.18,11.7
C1106,10,Bản mặt cầu (Deck Slab):S3,0.33,0.18,11.7
C1107,10,Cọc khoan nhồi D1200 (26 cọc L=872m):P1-P1D,3.39,0.18,11.7
C1107,10,Cọc khoan nhồi D1200 (26 cọc L=872m):P1-P1D,3.39,0.18,11.7
C1107,10,Cọc khoan nhồi D1200 (26 cọc L=872m):P1-P1D,3.39,0.18,11.7
C1107,10,Bản mặt cầu (Deck Slab):S3,0.33,0.18,11.7
C1107,10,Bản mặt cầu (Deck Slab):S3,0.33,0.18,11.7
C1107,10,Bản mặt cầu (Deck Slab):S3,0.33,0.18,11.7
C1107,10,Bản mặt cầu (Deck Slab):S3,0.33,0.18,11.7
C1108,10,Cọc khoan nhồi D1200 (26 cọc L=872m):P1-P1D,3.39,0.18,11.7
C1108,10,Cọc khoan nhồi D1200 (26 cọc L=872m):P1-P1D,3.39,0.18,11.7
C1108,10,Cọc khoan nhồi D1200 (26 cọc L=872m):P1-P1D,3.39,0.18,11.7
C1108,10,Bản mặt cầu (Deck Slab):S3,0.33,0.18,11.7
C1108,10,Bản mặt cầu (Deck Slab):S3,0.33,0.18,11.7
C1108,10,Bản mặt cầu (Deck Slab):S3,0.33,0.18,11.7
C1108,10,Bản mặt cầu (Deck Slab):S3,0.33,0.18,11.7
C1109,10,Cọc khoan nhồi D1200 (26 cọc L=872m):P1-P1D,3.39,0.18,11.7
C1109,10,Cọc khoan nhồi D1200 (26 cọc L=872m):P1-P1D,3.39,0.18,11.7
C1109,10,Cọc khoan nhồi D1200 (26 cọc L=872m):P1-P1D,3.39,0.18,11.7
C1109,10,Bản mặt cầu (Deck Slab):S3,0.33,0.18,11.7
C1109,10,Bản mặt cầu (Deck Slab):S3,0.33,0.18,11.7
C1109,10,Bản mặt cầu (Deck Slab):S3,0.33,0.18,11.7
C1109,10,Bản mặt cầu (Deck Slab):S3,0.33,0.18,11.7
C1110,10,Cọc khoan nhồi D1200 (26 cọc L=872m):P1-P1D,3.39,0.18,11.7
C1110,10,Cọc khoan nhồi D1200 (26 cọc L=872m):P1-P1D,3.39,0.18,11.7
C1110,10,Cọc khoan nhồi D1200 (26 cọc L=872m):P1-P1D,3.39,0.18,11.7
C1110,10,Bản mặt cầu (Deck Slab):S3,0.33,0.18,11.7
C1110,10,Bản mặt cầu (Deck Slab):S3,0.33,0.18,11.7
C1110,10,Bản mặt cầu (Deck Slab):S3,0.33,0.18,11.7
C1110,10,Bản mặt cầu (Deck Slab):S3,0.33,0.18,11.7
C1111,10,Cọc khoan nhồi D1200 (26 cọc L=872m):P1-P1D,3.39,0.18,11.7
C1111,10,Cọc khoan nhồi D1200 (26 cọc L=872m):P1-P1D,3.39,0.18,11.7
C1111,10,Cọc khoan nhồi D1200 (26 cọc L=872m):P1-P1D,3.39,0.18,11.7
C1111,10,Bản mặt cầu (Deck Slab):S3,0.33,0.18,11.7
C1111,10,Bản mặt cầu (Deck Slab):S3,0.33,0.18,11.7
C1111,10,Bản mặt cầu (Deck Slab):S3,0.33,0.18,11.7
C1111,10,Bản mặt cầu (Deck Slab):S3,0.33,0.18,11.7
C1112,10,Cọc khoan nhồi D1200 (26 cọc L=872m):P1-P1D,3.39,0.18,11.7
C1112,10,Cọc khoan nhồi D1200 (26 cọc L=872m):P1-P1D,3.39,0.18,11.7
C1112,10,Cọc khoan nhồi D1200 (26 cọc L=872m):P1-P1D,3.39,0.18,11.7
C1112,10,Bản mặt cầu (Deck Slab):S3,0.33,0.18,11.7
C1112,10,Bản mặt cầu (Deck Slab):S3,0.33,0.18,11.7
C1112,10,Bản mặt cầu (Deck Slab):S3,0.33,0.18,11.7
C1112,10,Bản mặt cầu (Deck Slab):S3,0.33,0.18,11.7
C1113,10,Cọc khoan nhồi D1200 (26 cọc L=872m):P1-P1D,3.39,0.18,11.7
C1113,10,Cọc khoan nhồi D1200 (26 cọc L=872m):P1-P1D,3.39,0.18,11.7
C1113,10,Cọc khoan nhồi D1200 (26 cọc L=872m):P1-P1D,3.39,0.18,11.7
C1113,10,Bản mặt cầu (Deck Slab):S3,0.33,0.18,11.7
C1113,10,Bản mặt cầu (Deck Slab):S3,0.33,0.18,11.7
C1113,10,Bản mặt cầu (Deck Slab):S3,0.33,0.18,11.7
C1113,10,Bản mặt cầu (Deck Slab):S3,0.33,0.18,11.7
C1114,10,Cọc khoan nhồi D1200 (26 cọc L=872m):P1-P1D,3.39,0.18,11.7
C1114,10,Cọc khoan nhồi D1200 (26 cọc L=872m):P1-P1D,3.39,0.18,11.7
C1114,10,Cọc khoan nhồi D1200 (26 cọc L=872m):P1-P1D,3.39,0.18,11.7
C1114,10,Bản mặt cầu (Deck Slab):S3,0.33,0.18,11.7
C1114,10,Bản mặt cầu (Deck Slab):S3,0.33,0.18,11.7
C1114,10,Bản mặt cầu (Deck Slab):S3,0.33,0.18,11.7
C1114,10,Bản mặt cầu (Deck Slab):S3,0.33,0.18,11.7
C1115,10,Cọc khoan nhồi D1200 (26 cọc L=872m):P1-P1D,3.39,0.18,11.7
C1115,10,Cọc khoan nhồi D1200 (26 cọc L=872m):P1-P1D,3.39,0.18,11.7
C1115,10,Cọc khoan nhồi D1200 (26 cọc L=872m):P1-P1D,3.39,0.18,11.7
C1115,10,Bản mặt cầu (Deck Slab):S3,0.33,0.18,11.7
C1115,10,Bản mặt cầu (Deck Slab):S3,0.33,0.18,11.7
C1115,10,Bản mặt cầu (Deck Slab):S3,0.33,0.18,11.7
C1115,10,Bản mặt cầu (Deck Slab):S3,0.33,0.18,11.7
C1116,10,Cọc khoan nhồi D1200 (26 cọc L=872m):P1-P1D,3.39,0.18,11.7
C1116,10,Cọc khoan nhồi D1200 (26 cọc L=872m):P1-P1D,3.39,0.18,11.7
C1116,10,Cọc khoan nhồi D1200 (26 cọc L=872m):P1-P1D,3.39,0.18,11.7
C1116,10,Bản mặt cầu (Deck Slab):S3,0.33,0.18,11.7
C1116,10,Bản mặt cầu (Deck Slab):S3,0.33,0.18,11.7
C1116,10,Bản mặt cầu (Deck Slab):S3,0.33,0.18,11.7
C1116,10,Bản mặt cầu (Deck Slab):S3,0.33,0.18,11.7
C1117,10,Cọc khoan nhồi D1200 (26 cọc L=872m):P1-P1D,3.39,0.18,11.7
C1117,10,Cọc khoan nhồi D1200 (26 cọc L=872m):P1-P1D,3.39,0.18,11.7
C1117,10,Cọc khoan nhồi D1200 (26 cọc L=872m):P1-P1D,3.39,0.18,11.7
C1117,10,Bản mặt cầu (Deck Slab):S3,0.33,0.18,11.7
C1117,10,Bản mặt cầu (Deck Slab):S3,0.33,0.18,11.7
C1117,10,Bản mặt cầu (Deck Slab):S3,0.33,0.18,11.7
C1117,10,Bản mặt cầu (Deck Slab):S3,0.33,0.18,11.7
C1118,10,Cọc khoan nhồi D1200 (26 cọc L=872m):P1-P1D,3.39,0.18,11.7
C1118,10,Cọc khoan nhồi D1200 (26 cọc L=872m):P1-P1D,3.39,0.18,11.7
C1118,10,Cọc khoan nhồi D1200 (26 cọc L=872m):P1-P1D,3.39,0.18,11.7
C1118,10,Bản mặt cầu (Deck Slab):S3,0.33,0.18,11.7
C1118,10,Bản mặt cầu (Deck Slab):S3,0.33,0.18,11.7
C1118,10,Bản mặt cầu (Deck Slab):S3,0.33,0.18,11.7
C1118,10,Bản mặt cầu (Deck Slab):S3,0.33,0.18,11.7
C1119,10,Cọc khoan nhồi D1200 (26 cọc L=872m):P1-P1D,3.39,0.18,11.7
C1119,10,Cọc khoan nhồi D1200 (26 cọc L=872m):P1-P1D,3.39,0.18,11.7
C1119,10,Cọc khoan nhồi D1200 (26 cọc L=872m):P1-P1D,3.39,0.18,11.7
C1119,10,Bản mặt cầu (Deck Slab):S3,0.33,0.18,11.7
C1119,10,Bản mặt cầu (Deck Slab):S3,0.33,0.18,11.7
C1119,10,Bản mặt cầu (Deck Slab):S3,0.33,0.18,11.7
C1119,10,Bản mặt cầu (Deck Slab):S3,0.33,0.18,11.7
C1120,10,Cọc khoan nhồi D1200 (26 cọc L=872m):P1-P1D,3.39,0.18,11.7
C1120,10,Cọc khoan nhồi D1200 (26 cọc L=872m):P1-P1D,3.39,0.18,11.7
C1120,10,Cọc khoan nhồi D1200 (26 cọc L=872m):P1-P1D,3.39,0.18,11.7
C1120,10,Bản mặt cầu (Deck Slab):S3,0.33,0.18,11.7
C1120,10,Bản mặt cầu (Deck Slab):S3,0.33,0.18,11.7
C1120,10,Bản mặt cầu (Deck Slab):S3,0.33,0.18,11.7
C1120,10,Bản mặt cầu (Deck Slab):S3,0.33,0.18,11.7
C1121,10,Cọc khoan nhồi D1200 (26 cọc L=872m):P1-P1D,3.39,0.18,11.7
C1121,10,Cọc khoan nhồi D1200 (26 cọc L=872m):P1-P1D,3.39,0.18,11.7
C1121,10,Cọc khoan nhồi D1200 (26 cọc L=872m):P1-P1D,3.39,0.18,11.7
C1121,10,Bản mặt cầu (Deck Slab):S3,0.33,0.18,11.7
C1121,10,Bản mặt cầu (Deck Slab):S3,0.33,0.18,11.7
C1121,10,Bản mặt cầu (Deck Slab):S3,0.33,0.18,11.7
C1121,10,Bản mặt cầu (Deck Slab):S3,0.33,0.18,11.7
C1122,10,Cọc khoan nhồi D1200 (26 cọc L=872m):P1-P1D,3.39,0.18,11.7
C1122,10,Cọc khoan nhồi D1200 (26 cọc L=872m):P1-P1D,3.39,0.18,11.7
C1122,10,Cọc khoan nhồi D1200 (26 cọc L=872m):P1-P1D,3.39,0.18,11.7
C1122,10,Bản mặt cầu (Deck Slab):S3,0.33,0.18,11.7
C1122,10,Bản mặt cầu (Deck Slab):S3,0.33,0.18,11.7
C1122,10,Bản mặt cầu (Deck Slab):S3,0.33,0.18,11.7
C1122,10,Bản mặt cầu (Deck Slab):S3,0.33,0.18,11.7
C1123,10,Cọc khoan nhồi D1200 (26 cọc L=872m):P1-P1D,3.39,0.18,11.7
C1123,10,Cọc khoan nhồi D1200 (26 cọc L=872m):P1-P1D,3.39,0.18,11.7
C1123,10,Cọc khoan nhồi D1200 (26 cọc L=872m):P1-P1D,3.39,0.18,11.7
C1123,10,Bản mặt cầu (Deck Slab):S3,0.33,0.18,11.7
C1123,10,Bản mặt cầu (Deck Slab):S3,0.33,0.18,11.7
C1123,10,Bản mặt cầu (Deck Slab):S3,0.33,0.18,11.7
C1123,10,Bản mặt cầu (Deck Slab):S3,0.33,0.18,11.7
C1124,10,Cọc khoan nhồi D1200 (26 cọc L=872m):P1-P1D,3.39,0.18,11.7
C1124,10,Cọc khoan nhồi D1200 (26 cọc L=872m):P1-P1D,3.39,0.18,11.7
C1124,10,Cọc khoan nhồi D1200 (26 cọc L=872m):P1-P1D,3.39,0.18,11.7
C1124,10,Bản mặt cầu (Deck Slab):S3,0.33,0.18,11.7
C1124,10,Bản mặt cầu (Deck Slab):S3,0.33,0.18,11.7
C1124,10,Bản mặt cầu (Deck Slab):S3,0.33,0.18,11.7
C1124,10,Bản mặt cầu (Deck Slab):S3,0.33,0.18,11.7
C1125,10,Cọc khoan nhồi D1200 (26 cọc L=872m):P1-P1D,3.39,0.18,11.7
C1125,10,Cọc khoan nhồi D1200 (26 cọc L=872m):P1-P1D,3.39,0.18,11.7
C1125,10,Cọc khoan nhồi D1200 (26 cọc L=872m):P1-P1D,3.39,0.18,11.7
C1125,10,Bản mặt cầu (Deck Slab):S3,0.33,0.18,11.7
C1125,10,Bản mặt cầu (Deck Slab):S3,0.33,0.18,11.7
C1125,10,Bản mặt cầu (Deck Slab):S3,0.33,0.18,11.7
C1125,10,Bản mặt cầu (Deck Slab):S3,0.33,0.18,11.7
C1126,10,Cọc khoan nhồi D1200 (26 cọc L=872m):P1-P1D,3.39,0.18,11.7
C1126,10,Cọc khoan nhồi D1200 (26 cọc L=872m):P1-P1D,3.39,0.18,11.7
C1126,10,Cọc khoan nhồi D1200 (26 cọc L=872m):P1-P1D,3.39,0.18,11.7
C1126,10,Bản mặt cầu (Deck Slab):S3,0.33,0.18,11.7
C1126,10,Bản mặt cầu (Deck Slab):S3,0.33,0.18,11.7
C1126,10,Bản mặt cầu (Deck Slab):S3,0.33,0.18,11.7
C1126,10,Bản mặt cầu (Deck Slab):S3,0.33,0.18,11.7
C1127,10,Cọc khoan nhồi D1200 (26 cọc L=872m):P1-P1D,3.39,0.18,11.7
C1127,10,Cọc khoan nhồi D1200 (26 cọc L=872m):P1-P1D,3.39,0.18,11.7
C1127,10,Cọc khoan nhồi D1200 (26 cọc L=872m):P1-P1D,3.39,0.18,11.7
C1127,10,Bản mặt cầu (Deck Slab):S3,0.33,0.18,11.7
C1127,10,Bản mặt cầu (Deck Slab):S3,0.33,0.18,11.7
C1127,10,Bản mặt cầu (Deck Slab):S3,0.33,0.18,11.7
C1127,10,Bản mặt cầu (Deck Slab):S3,0.33,0.18,11.7
C1128,10,Cọc khoan nhồi D1200 (26 cọc L=872m):P1-P1D,3.39,0.18,11.7
C1128,10,Cọc khoan nhồi D1200 (26 cọc L=872m):P1-P1D,3.39,0.18,11.7
C1128,10,Cọc khoan nhồi D1200 (26 cọc L=872m):P1-P1D,3.39,0.18,11.7
C1128,10,Bản mặt cầu (Deck Slab):S3,0.33,0.18,11.7
C1128,10,Bản mặt cầu (Deck Slab):S3,0.33,0.18,11.7
C1128,10,Bản mặt cầu (Deck Slab):S3,0.33,0.18,11.7
C1128,10,Bản mặt cầu (Deck Slab):S3,0.33,0.18,11.7
C1129,10,Cọc khoan nhồi D1200 (26 cọc L=872m):P1-P1D,3.39,0.18,11.7
C1129,10,Cọc khoan nhồi D1200 (26 cọc L=872m):P1-P1D,3.39,0.18,11.7
C1129,10,Cọc khoan nhồi D1200 (26 cọc L=872m):P1-P1D,3.39,0.18,11.7
C1129,10,Bản mặt cầu (Deck Slab):S3,0.33,0.18,11.7
C1129,10,Bản mặt cầu (Deck Slab):S3,0.33,0.18,11.7
C1129,10,Bản mặt cầu (Deck Slab):S3,0.33,0.18,11.7
C1129,10,Bản mặt cầu (Deck Slab):S3,0.33,0.18,11.7
C1130,10,Cọc khoan nhồi D1200 (26 cọc L=872m):P1-P1D,3.39,0.18,11.7
C1130,10,Cọc khoan nhồi D1200 (26 cọc L=872m):P1-P1D,3.39,0.18,11.7
C1130,10,Cọc khoan nhồi D1200 (26 cọc L=872m):P1-P1D,3.39,0.18,11.7
C1130,10,Bản mặt cầu (Deck Slab):S3,0.33,0.18,11.7
C1130,10,Bản mặt cầu (Deck Slab):S3,0.33,0.18,11.7
C1130,10,Bản mặt cầu (Deck Slab):S3,0.33,0.18,11.7
C1130,10,Bản mặt cầu (Deck Slab):S3,0.33,0.18,11.7
C1131,10,Cọc khoan nhồi D1200 (26 cọc L=872m):P1-P1D,3.39,0.18,11.7
C1131,10,Cọc khoan nhồi D1200 (26 cọc L=872m):P1-P1D,3.39,0.18,11.7
C1131,10,Cọc khoan nhồi D1200 (26 cọc L=872m):P1-P1D,3.39,0.18,11.7
C1131,10,Bản mặt cầu (Deck Slab):S3,0.33,0.18,11.7
C1131,10,Bản mặt cầu (Deck Slab):S3,0.33,0.18,11.7
C1131,10,Bản mặt cầu (Deck Slab):S3,0.33,0.18,11.7
C1131,10,Bản mặt cầu (Deck Slab):S3,0.33,0.18,11.7
C1132,10,Cọc khoan nhồi D1200 (26 cọc L=872m):P1-P1D,3.39,0.18,11.7
C1132,10,Cọc khoan nhồi D1200 (26 cọc L=872m):P1-P1D,3.39,0.18,11.7
C1132,10,Cọc khoan nhồi D1200 (26 cọc L=872m):P1-P1D,3.39,0.18,11.7
C1132,10,Bản mặt cầu (Deck Slab):S3,0.33,0.18,11.7
C1132,10,Bản mặt cầu (Deck Slab):S3,0.33,0.18,11.7
C1132,10,Bản mặt cầu (Deck Slab):S3,0.33,0.18,11.7
C1132,10,Bản mặt cầu (Deck Slab):S3,0.33,0.18,11.7
C1133,10,Cọc khoan nhồi D1200 (26 cọc L=872m):P1-P1D,3.39,0.18,11.7
C1133,10,Cọc khoan nhồi D1200 (26 cọc L=872m):P1-P1D,3.39,0.18,11.7
C1133,10,Cọc khoan nhồi D1200 (26 cọc L=872m):P1-P1D,3.39,0.18,11.7
C1133,10,Bản mặt cầu (Deck Slab):S3,0.33,0.18,11.7
C1133,10,Bản mặt cầu (Deck Slab):S3,0.33,0.18,11.7
C1133,10,Bản mặt cầu (Deck Slab):S3,0.33,0.18,11.7
C1133,10,Bản mặt cầu (Deck Slab):S3,0.33,0.18,11.7
C1134,10,Cọc khoan nhồi D1200 (26 cọc L=872m):P1-P1D,3.39,0.18,11.7
C1134,10,Cọc khoan nhồi D1200 (26 cọc L=872m):P1-P1D,3.39,0.18,11.7
C1134,10,Cọc khoan nhồi D1200 (26 cọc L=872m):P1-P1D,3.39,0.18,11.7
C1134,10,Bản mặt cầu (Deck Slab):S3,0.33,0.18,11.7
C1134,10,Bản mặt cầu (Deck Slab):S3,0.33,0.18,11.7
C1134,10,Bản mặt cầu (Deck Slab):S3,0.33,0.18,11.7
C1134,10,Bản mặt cầu (Deck Slab):S3,0.33,0.18,11.7
C1135,10,Cọc khoan nhồi D1200 (26 cọc L=872m):P1-P1D,3.39,0.18,11.7
C1135,10,Cọc khoan nhồi D1200 (26 cọc L=872m):P1-P1D,3.39,0.18,11.7
C1135,10,Cọc khoan nhồi D1200 (26 cọc L=872m):P1-P1D,3.39,0.18,11.7
C1135,10,Bản mặt cầu (Deck Slab):S3,0.33,0.18,11.7
C1135,10,Bản mặt cầu (Deck Slab):S3,0.33,0.18,11.7
C1135,10,Bản mặt cầu (Deck Slab):S3,0.33,0.18,11.7
C1135,10,Bản mặt cầu (Deck Slab):S3,0.33,0.18,11.7
C1136,10,Cọc khoan nhồi D1200 (26 cọc L=872m):P1-P1D,3.39,0.18,11.7
C1136,10,Cọc khoan nhồi D1200 (26 cọc L=872m):P1-P1D,3.39,0.18,11.7
C1136,10,Cọc khoan nhồi D1200 (26 cọc L=872m):P1-P1D,3.39,0.18,11.7
C1136,10,Bản mặt cầu (Deck Slab):S3,0.33,0.18,11.7
C1136,10,Bản mặt cầu (Deck Slab):S3,0.33,0.18,11.7
C1136,10,Bản mặt cầu (Deck Slab):S3,0.33,0.18,11.7
C1136,10,Bản mặt cầu (Deck Slab):S3,0.33,0.18,11.7
C1137,10,Cọc khoan nhồi D1200 (26 cọc L=872m):P1-P1D,3.39,0.18,11.7
C1137,10,Cọc khoan nhồi D1200 (26 cọc L=872m):P1-P1D,3.39,0.18,11.7
C1137,10,Cọc khoan nhồi D1200 (26 cọc L=872m):P1-P1D,3.39,0.18,11.7
C1137,10,Bản mặt cầu (Deck Slab):S3,0.33,0.18,11.7
C1137,10,Bản mặt cầu (Deck Slab):S3,0.33,0.18,11.7
C1137,10,Bản mặt cầu (Deck Slab):S3,0.33,0.18,11.7
C1137,10,Bản mặt cầu (Deck Slab):S3,0.33,0.18,11.7
C1138,10,Cọc khoan nhồi D1200 (26 cọc L=872m):P1-P1D,3.39,0.18,11.7
C1138,10,Cọc khoan nhồi D1200 (26 cọc L=872m):P1-P1D,3.39,0.18,11.7
C1138,10,Cọc khoan nhồi D1200 (26 cọc L=872m):P1-P1D,3.39,0.18,11.7
C1138,10,Bản mặt cầu (Deck Slab):S3,0.33,0.18,11.7
C1138,10,Bản mặt cầu (Deck Slab):S3,0.33,0.18,11.7
C1138,10,Bản mặt cầu (Deck Slab):S3,0.33,0.18,11.7
C1138,10,Bản mặt cầu (Deck Slab):S3,0.33,0.18,11.7
C1139,10,Cọc khoan nhồi D1200 (26 cọc L=872m):P1-P1D,3.39,0.18,11.7
C1139,10,Cọc khoan nhồi D1200 (26 cọc L=872m):P1-P1D,3.39,0.18,11.7
C1139,10,Cọc khoan nhồi D1200 (26 cọc L=872m):P1-P1D,3.39,0.18,11.7
C1139,10,Bản mặt cầu (Deck Slab):S3,0.33,0.18,11.7
C1139,10,Bản mặt cầu (Deck Slab):S3,0.33,0.18,11.7
C1139,10,Bản mặt cầu (Deck Slab):S3,0.33,0.18,11.7
C1139,10,Bản mặt cầu (Deck Slab):S3,0.33,0.18,11.7
C1140,10,Cọc khoan nhồi D1200 (26 cọc L=872m):P1-P1D,3.39,0.18,11.7
C1140,10,Cọc khoan nhồi D1200 (26 cọc L=872m):P1-P1D,3.39,0.18,11.7
C1140,10,Cọc khoan nhồi D1200 (26 cọc L=872m):P1-P1D,3.39,0.18,11.7
C1140,10,Bản mặt cầu (Deck Slab):S3,0.33,0.18,11.7
C1140,10,Bản mặt cầu (Deck Slab):S3,0.33,0.18,11.7
C1140,10,Bản mặt cầu (Deck Slab):S3,0.33,0.18,11.7
C1140,10,Bản mặt cầu (Deck Slab):S3,0.33,0.18,11.7
C1141,10,Cọc khoan nhồi D1200 (26 cọc L=872m):P1-P1D,3.39,0.18,11.7
C1141,10,Cọc khoan nhồi D1200 (26 cọc L=872m):P1-P1D,3.39,0.18,11.7
C1141,10,Cọc khoan nhồi D1200 (26 cọc L=872m):P1-P1D,3.39,0.18,11.7
C1141,10,Bản mặt cầu (Deck Slab):S3,0.33,0.18,11.7
C1141,10,Bản mặt cầu (Deck Slab):S3,0.33,0.18,11.7
C1141,10,Bản mặt cầu (Deck Slab):S3,0.33,0.18,11.7
C1141,10,Bản mặt cầu (Deck Slab):S3,0.33,0.18,11.7
C1142,10,Cọc khoan nhồi D1200 (26 cọc L=872m):P1-P1D,3.39,0.18,11.7
C1142,10,Cọc khoan nhồi D1200 (26 cọc L=872m):P1-P1D,3.39,0.18,11.7
C1142,10,Cọc khoan nhồi D1200 (26 cọc L=872m):P1-P1D,3.39,0.18,11.7
C1142,10,Bản mặt cầu (Deck Slab):S3,0.33,0.18,11.7
C1142,10,Bản mặt cầu (Deck Slab):S3,0.33,0.18,11.7
C1142,10,Bản mặt cầu (Deck Slab):S3,0.33,0.18,11.7
C1142,10,Bản mặt cầu (Deck Slab):S3,0.33,0.18,11.7
C1143,10,Cọc khoan nhồi D1200 (26 cọc L=872m):P1-P1D,3.39,0.18,11.7
C1143,10,Cọc khoan nhồi D1200 (26 cọc L=872m):P1-P1D,3.39,0.18,11.7
C1143,10,Cọc khoan nhồi D1200 (26 cọc L=872m):P1-P1D,3.39,0.18,11.7
C1143,10,Bản mặt cầu (Deck Slab):S3,0.33,0.18,11.7
C1143,10,Bản mặt cầu (Deck Slab):S3,0.33,0.18,11.7
C1143,10,Bản mặt cầu (Deck Slab):S3,0.33,0.18,11.7
C1143,10,Bản mặt cầu (Deck Slab):S3,0.33,0.18,11.7
C1144,10,Cọc khoan nhồi D1200 (26 cọc L=872m):P1-P1D,3.39,0.18,11.7
C1144,10,Cọc khoan nhồi D1200 (26 cọc L=872m):P1-P1D,3.39,0.18,11.7
C1144,10,Cọc khoan nhồi D1200 (26 cọc L=872m):P1-P1D,3.39,0.18,11.7
C1144,10,Bản mặt cầu (Deck Slab):S3,0.33,0.18,11.7
C1144,10,Bản mặt cầu (Deck Slab):S3,0.33,0.18,11.7
C1144,10,Bản mặt cầu (Deck Slab):S3,0.33,0.18,11.7
C1144,10,Bản mặt cầu (Deck Slab):S3,0.33,0.18,11.7
C1145,10,Cọc khoan nhồi D1200 (26 cọc L=872m):P1-P1D,3.39,0.18,11.7
C1145,10,Cọc khoan nhồi D1200 (26 cọc L=872m):P1-P1D,3.39,0.18,11.7
C1145,10,Cọc khoan nhồi D1200 (26 cọc L=872m):P1-P1D,3.39,0.18,11.7
C1145,10,Bản mặt cầu (Deck Slab):S3,0.33,0.18,11.7
C1145,10,Bản mặt cầu (Deck Slab):S3,0.33,0.18,11.7
C1145,10,Bản mặt cầu (Deck Slab):S3,0.33,0.18,11.7
C1145,10,Bản mặt cầu (Deck Slab):S3,0.33,0.18,11.7
C1146,10,Cọc khoan nhồi D1200 (26 cọc L=872m):P1-P1D,3.39,0.18,11.7
C1146,10,Cọc khoan nhồi D1200 (26 cọc L=872m):P1-P1D,3.39,0.18,11.7
C1146,10,Cọc khoan nhồi D1200 (26 cọc L=872m):P1-P1D,3.39,0.18,11.7
C1146,10,Bản mặt cầu (Deck Slab):S3,0.33,0.18,11.7
C1146,10,Bản mặt cầu (Deck Slab):S3,0.33,0.18,11.7
C1146,10,Bản mặt cầu (Deck Slab):S3,0.33,0.18,11.7
C1146,10,Bản mặt cầu (Deck Slab):S3,0.33,0.18,11.7
C1147,10,Cọc khoan nhồi D1200 (26 cọc L=872m):P1-P1D,3.39,0.18,11.7
C1147,10,Cọc khoan nhồi D1200 (26 cọc L=872m):P1-P1D,3.39,0.18,11.7
C1147,10,Cọc khoan nhồi D1200 (26 cọc L=872m):P1-P1D,3.39,0.18,11.7
C1147,10,Bản mặt cầu (Deck Slab):S3,0.33,0.18,11.7
C1147,10,Bản mặt cầu (Deck Slab):S3,0.33,0.18,11.7
C1147,10,Bản mặt cầu (Deck Slab):S3,0.33,0.18,11.7
C1147,10,Bản mặt cầu (Deck Slab):S3,0.33,0.18,11.7
C1148,10,Cọc khoan nhồi D1200 (26 cọc L=872m):P1-P1D,3.39,0.18,11.7
C1148,10,Cọc khoan nhồi D1200 (26 cọc L=872m):P1-P1D,3.39,0.18,11.7
C1148,10,Cọc khoan nhồi D1200 (26 cọc L=872m):P1-P1D,3.39,0.18,11.7
C1148,10,Bản mặt cầu (Deck Slab):S3,0.33,0.18,11.7
C1148,10,Bản mặt cầu (Deck Slab):S3,0.33,0.18,11.7
C1148,10,Bản mặt cầu (Deck Slab):S3,0.33,0.18,11.7
C1148,10,Bản mặt cầu (Deck Slab):S3,0.33,0.18,11.7
C1149,10,Cọc khoan nhồi D1200 (26 cọc L=872m):P1-P1D,3.39,0.18,11.7
C1149,10,Cọc khoan nhồi D1200 (26 cọc L=872m):P1-P1D,3.39,0.18,11.7
C1149,10,Cọc khoan nhồi D1200 (26 cọc L=872m):P1-P1D,3.39,0.18,11.7
C1149,10,Bản mặt cầu (Deck Slab):S3,0.33,0.18,11.7
C1149,10,Bản mặt cầu (Deck Slab):S3,0.33,0.18,11.7
C1149,10,Bản mặt cầu (Deck Slab):S3,0.33,0.18,11.7
C1149,10,Bản mặt cầu (Deck Slab):S3,0.33,0.18,11.7
C1150,10,Cọc khoan nhồi D1200 (26 cọc L=872m):P1-P1D,3.39,0.18,11.7
C1150,10,Cọc khoan nhồi D1200 (26 cọc L=872m):P1-P1D,3.39,0.18,11.7
C1150,10,Cọc khoan nhồi D1200 (26 cọc L=872m):P1-P1D,3.39,0.18,11.7
C1150,10,Bản mặt cầu (Deck Slab):S3,0.33,0.18,11.7
C1150,10,Bản mặt cầu (Deck Slab):S3,0.33,0.18,11.7
C1150,10,Bản mặt cầu (Deck Slab):S3,0.33,0.18,11.7
C1150,10,Bản mặt cầu (Deck Slab):S3,0.33,0.18,11.7
C1151,10,Cọc khoan nhồi D1200 (26 cọc L=872m):P1-P1D,3.39,0.18,11.7
C1151,10,Cọc khoan nhồi D1200 (26 cọc L=872m):P1-P1D,3.39,0.18,11.7
C1151,10,Cọc khoan nhồi D1200 (26 cọc L=872m):P1-P1D,3.39,0.18,11.7
C1151,10,Bản mặt cầu (Deck Slab):S3,0.33,0.18,11.7
C1151,10,Bản mặt cầu (Deck Slab):S3,0.33,0.18,11.7
C1151,10,Bản mặt cầu (Deck Slab):S3,0.33,0.18,11.7
C1151,10,Bản mặt cầu (Deck Slab):S3,0.33,0.18,11.7
C1152,10,Cọc khoan nhồi D1200 (26 cọc L=872m):P1-P1D,3.39,0.18,11.7
C1152,10,Cọc khoan nhồi D1200 (26 cọc L=872m):P1-P1D,3.39,0.18,11.7
C1152,10,Cọc khoan nhồi D1200 (26 cọc L=872m):P1-P1D,3.39,0.18,11.7
C1152,10,Bản mặt cầu (Deck Slab):S3,0.33,0.18,11.7
C1152,10,Bản mặt cầu (Deck Slab):S3,0.33,0.18,11.7
C1152,10,Bản mặt cầu (Deck Slab):S3,0.33,0.18,11.7
C1152,10,Bản mặt cầu (Deck Slab):S3,0.33,0.18,11.7
C1153,10,Cọc khoan nhồi D1200 (26 cọc L=872m):P1-P1D,3.39,0.18,11.7
C1153,10,Cọc khoan nhồi D1200 (26 cọc L=872m):P1-P1D,3.39,0.18,11.7
C1153,10,Cọc khoan nhồi D1200 (26 cọc L=872m):P1-P1D,3.39,0.18,11.7
C1153,10,Bản mặt cầu (Deck Slab):S3,0.33,0.18,11.7
C1153,10,Bản mặt cầu (Deck Slab):S3,0.33,0.18,11.7
C1153,10,Bản mặt cầu (Deck Slab):S3,0.33,0.18,11.7
C1153,10,Bản mặt cầu (Deck Slab):S3,0.33,0.18,11.7
C1154,10,Cọc khoan nhồi D1200 (26 cọc L=872m):P1-P1D,3.39,0.18,11.7
C1154,10,Cọc khoan nhồi D1200 (26 cọc L=872m):P1-P1D,3.39,0.18,11.7
C1154,10,Cọc khoan nhồi D1200 (26 cọc L=872m):P1-P1D,3.39,0.18,11.7
C1154,10,Bản mặt cầu (Deck Slab):S3,0.33,0.18,11.7
C1154,10,Bản mặt cầu (Deck Slab):S3,0.33,0.18,11.7
C1154,10,Bản mặt cầu (Deck Slab):S3,0.33,0.18,11.7
C1154,10,Bản mặt cầu (Deck Slab):S3,0.33,0.18,11.7
C1155,10,Cọc khoan nhồi D1200 (26 cọc L=872m):P1-P1D,3.39,0.18,11.7
C1155,10,Cọc khoan nhồi D1200 (26 cọc L=872m):P1-P1D,3.39,0.18,11.7
C1155,10,Cọc khoan nhồi D1200 (26 cọc L=872m):P1-P1D,3.39,0.18,11.7
C1155,10,Bản mặt cầu (Deck Slab):S3,0.33,0.18,11.7
C1155,10,Bản mặt cầu (Deck Slab):S3,0.33,0.18,11.7
C1155,10,Bản mặt cầu (Deck Slab):S3,0.33,0.18,11.7
C1155,10,Bản mặt cầu (Deck Slab):S3,0.33,0.18,11.7
C1156,10,Cọc khoan nhồi D1200 (26 cọc L=872m):P1-P1D,3.39,0.18,11.7
C1156,10,Cọc khoan nhồi D1200 (26 cọc L=872m):P1-P1D,3.39,0.18,11.7
C1156,10,Cọc khoan nhồi D1200 (26 cọc L=872m):P1-P1D,3.39,0.18,11.7
C1156,10,Bản mặt cầu (Deck Slab):S3,0.33,0.18,11.7
C1156,10,Bản mặt cầu (Deck Slab):S3,0.33,0.18,11.7
C1156,10,Bản mặt cầu (Deck Slab):S3,0.33,0.18,11.7
C1156,10,Bản mặt cầu (Deck Slab):S3,0.33,0.18,11.7
C1157,10,Cọc khoan nhồi D1200 (26 cọc L=872m):P1-P1D,3.39,0.18,11.7
C1157,10,Cọc khoan nhồi D1200 (26 cọc L=872m):P1-P1D,3.39,0.18,11.7
C1157,10,Cọc khoan nhồi D1200 (26 cọc L=872m):P1-P1D,3.39,0.18,11.7
C1157,10,Bản mặt cầu (Deck Slab):S3,0.33,0.18,11.7
C1157,10,Bản mặt cầu (Deck Slab):S3,0.33,0.18,11.7
C1157,10,Bản mặt cầu (Deck Slab):S3,0.33,0.18,11.7
C1157,10,Bản mặt cầu (Deck Slab):S3,0.33,0.18,11.7
C1158,10,Cọc khoan nhồi D1200 (26 cọc L=872m):P1-P1D,3.39,0.18,11.7
C1158,10,Cọc khoan nhồi D1200 (26 cọc L=872m):P1-P1D,3.39,0.18,11.7
C1158,10,Cọc khoan nhồi D1200 (26 cọc L=872m):P1-P1D,3.39,0.18,11.7
C1158,10,Bản mặt cầu (Deck Slab):S3,0.33,0.18,11.7
C1158,10,Bản mặt cầu (Deck Slab):S3,0.33,0.18,11.7
C1158,10,Bản mặt cầu (Deck Slab):S3,0.33,0.18,11.7
C1158,10,Bản mặt cầu (Deck Slab):S3,0.33,0.18,11.7
C1159,10,Cọc khoan nhồi D1200 (26 cọc L=872m):P1-P1D,3.39,0.18,11.7
C1159,10,Cọc khoan nhồi D1200 (26 cọc L=872m):P1-P1D,3.39,0.18,11.7
C1159,10,Cọc khoan nhồi D1200 (26 cọc L=872m):P1-P1D,3.39,0.18,11.7
C1159,10,Bản mặt cầu (Deck Slab):S3,0.33,0.18,11.7
C1159,10,Bản mặt cầu (Deck Slab):S3,0.33,0.18,11.7
C1159,10,Bản mặt cầu (Deck Slab):S3,0.33,0.18,11.7
C1159,10,Bản mặt cầu (Deck Slab):S3,0.33,0.18,11.7
C1160,10,Cọc khoan nhồi D1200 (26 cọc L=872m):P1-P1D,3.39,0.18,11.7
C1160,10,Cọc khoan nhồi D1200 (26 cọc L=872m):P1-P1D,3.39,0.18,11.7
C1160,10,Cọc khoan nhồi D1200 (26 cọc L=872m):P1-P1D,3.39,0.18,11.7
C1160,10,Bản mặt cầu (Deck Slab):S3,0.33,0.18,11.7
C1160,10,Bản mặt cầu (Deck Slab):S3,0.33,0.18,11.7
C1160,10,Bản mặt cầu (Deck Slab):S3,0.33,0.18,11.7
C1160,10,Bản mặt cầu (Deck Slab):S3,0.33,0.18,11.7
C1161,10,Cọc khoan nhồi D1200 (26 cọc L=872m):P1-P1D,3.39,0.18,11.7
C1161,10,Cọc khoan nhồi D1200 (26 cọc L=872m):P1-P1D,3.39,0.18,11.7
C1161,10,Cọc khoan nhồi D1200 (26 cọc L=872m):P1-P1D,3.39,0.18,11.7
C1161,10,Bản mặt cầu (Deck Slab):S3,0.33,0.18,11.7
C1161,10,Bản mặt cầu (Deck Slab):S3,0.33,0.18,11.7
C1161,10,Bản mặt cầu (Deck Slab):S3,0.33,0.18,11.7
C1161,10,Bản mặt cầu (Deck Slab):S3,0.33,0.18,11.7
C1162,10,Cọc khoan nhồi D1200 (26 cọc L=872m):P1-P1D,3.39,0.18,11.7
C1162,10,Cọc khoan nhồi D1200 (26 cọc L=872m):P1-P1D,3.39,0.18,11.7
C1162,10,Cọc khoan nhồi D1200 (26 cọc L=872m):P1-P1D,3.39,0.18,11.7
C1162,10,Bản mặt cầu (Deck Slab):S3,0.33,0.18,11.7
C1162,10,Bản mặt cầu (Deck Slab):S3,0.33,0.18,11.7
C1162,10,Bản mặt cầu (Deck Slab):S3,0.33,0.18,11.7
C1162,10,Bản mặt cầu (Deck Slab):S3,0.33,0.18,11.7
C1163,10,Cọc khoan nhồi D1200 (26 cọc L=872m):P1-P1D,3.39,0.18,11.7
C1163,10,Cọc khoan nhồi D1200 (26 cọc L=872m):P1-P1D,3.39,0.18,11.7
C1163,10,Cọc khoan nhồi D1200 (26 cọc L=872m):P1-P1D,3.39,0.18,11.7
C1163,10,Bản mặt cầu (Deck Slab):S3,0.33,0.18,11.7
C1163,10,Bản mặt cầu (Deck Slab):S3,0.33,0.18,11.7
C1163,10,Bản mặt cầu (Deck Slab):S3,0.33,0.18,11.7
C1163,10,Bản mặt cầu (Deck Slab):S3,0.33,0.18,11.7
C1164,10,Cọc khoan nhồi D1200 (26 cọc L=872m):P1-P1D,3.39,0.18,11.7
C1164,10,Cọc khoan nhồi D1200 (26 cọc L=872m):P1-P1D,3.39,0.18,11.7
C1164,10,Cọc khoan nhồi D1200 (26 cọc L=872m):P1-P1D,3.39,0.18,11.7
C1164,10,Bản mặt cầu (Deck Slab):S3,0.33,0.18,11.7
C1164,10,Bản mặt cầu (Deck Slab):S3,0.33,0.18,11.7
C1164,10,Bản mặt cầu (Deck Slab):S3,0.33,0.18,11.7
C1164,10,Bản mặt cầu (Deck Slab):S3,0.33,0.18,11.7
C1165,10,Cọc khoan nhồi D1200 (26 cọc L=872m):P1-P1D,3.39,0.18,11.7
C1165,10,Cọc khoan nhồi D1200 (26 cọc L=872m):P1-P1D,3.39,0.18,11.7
C1165,10,Cọc khoan nhồi D1200 (26 cọc L=872m):P1-P1D,3.39,0.18,11.7
C1165,10,Bản mặt cầu (Deck Slab):S3,0.33,0.18,11.7
C1165,10,Bản mặt cầu (Deck Slab):S3,0.33,0.18,11.7
C1165,10,Bản mặt cầu (Deck Slab):S3,0.33,0.18,11.7
C1165,10,Bản mặt cầu (Deck Slab):S3,0.33,0.18,11.7
C1166,10,Cọc khoan nhồi D1200 (26 cọc L=872m):P1-P1D,3.39,0.18,11.7
C1166,10,Cọc khoan nhồi D1200 (26 cọc L=872m):P1-P1D,3.39,0.18,11.7
C1166,10,Cọc khoan nhồi D1200 (26 cọc L=872m):P1-P1D,3.39,0.18,11.7
C1166,10,Bản mặt cầu (Deck Slab):S3,0.33,0.18,11.7
C1166,10,Bản mặt cầu (Deck Slab):S3,0.33,0.18,11.7
C1166,10,Bản mặt cầu (Deck Slab):S3,0.33,0.18,11.7
C1166,10,Bản mặt cầu (Deck Slab):S3,0.33,0.18,11.7
C1167,10,Cọc khoan nhồi D1200 (26 cọc L=872m):P1-P1D,3.39,0.18,11.7
C1167,10,Cọc khoan nhồi D1200 (26 cọc L=872m):P1-P1D,3.39,0.18,11.7
C1167,10,Cọc khoan nhồi D1200 (26 cọc L=872m):P1-P1D,3.39,0.18,11.7
C1167,10,Bản mặt cầu (Deck Slab):S3,0.33,0.18,11.7
C1167,10,Bản mặt cầu (Deck Slab):S3,0.33,0.18,11.7
C1167,10,Bản mặt cầu (Deck Slab):S3,0.33,0.18,11.7
C1167,10,Bản mặt cầu (Deck Slab):S3,0.33,0.18,11.7
C1168,10,Cọc khoan nhồi D1200 (26 cọc L=872m):P1-P1D,3.39,0.18,11.7
C1168,10,Cọc khoan nhồi D1200 (26 cọc L=872m):P1-P1D,3.39,0.18,11.7
C1168,10,Cọc khoan nhồi D1200 (26 cọc L=872m):P1-P1D,3.39,0.18,11.7
C1168,10,Bản mặt cầu (Deck Slab):S3,0.33,0.18,11.7
C1168,10,Bản mặt cầu (Deck Slab):S3,0.33,0.18,11.7
C1168,10,Bản mặt cầu (Deck Slab):S3,0.33,0.18,11.7
C1168,10,Bản mặt cầu (Deck Slab):S3,0.33,0.18,11.7
C1169,10,Cọc khoan nhồi D1200 (26 cọc L=872m):P1-P1D,3.39,0.18,11.7
C1169,10,Cọc khoan nhồi D1200 (26 cọc L=872m):P1-P1D,3.39,0.18,11.7
C1169,10,Cọc khoan nhồi D1200 (26 cọc L=872m):P1-P1D,3.39,0.18,11.7
C1169,10,Bản mặt cầu (Deck Slab):S3,0.33,0.18,11.7
C1169,10,Bản mặt cầu (Deck Slab):S3,0.33,0.18,11.7
C1169,10,Bản mặt cầu (Deck Slab):S3,0.33,0.18,11.7
C1169,10,Bản mặt cầu (Deck Slab):S3,0.33,0.18,11.7
C1170,10,Cọc khoan nhồi D1200 (26 cọc L=872m):P1-P1D,3.39,0.18,11.7
C1170,10,Cọc khoan nhồi D1200 (26 cọc L=872m):P1-P1D,3.39,0.18,11.7
C1170,10,Cọc khoan nhồi D1200 (26 cọc L=872m):P1-P1D,3.39,0.18,11.7
C1170,10,Bản mặt cầu (Deck Slab):S3,0.33,0.18,11.7
C1170,10,Bản mặt cầu (Deck Slab):S3,0.33,0.18,11.7
C1170,10,Bản mặt cầu (Deck Slab):S3,0.33,0.18,11.7
C1170,10,Bản mặt cầu (Deck Slab):S3,0.33,0.18,11.7
C1171,10,Cọc khoan nhồi D1200 (26 cọc L=872m):P1-P1D,3.39,0.18,11.7
C1171,10,Cọc khoan nhồi D1200 (26 cọc L=872m):P1-P1D,3.39,0.18,11.7
C1171,10,Cọc khoan nhồi D1200 (26 cọc L=872m):P1-P1D,3.39,0.18,11.7
C1171,10,Bản mặt cầu (Deck Slab):S3,0.33,0.18,11.7
C1171,10,Bản mặt cầu (Deck Slab):S3,0.33,0.18,11.7
C1171,10,Bản mặt cầu (Deck Slab):S3,0.33,0.18,11.7
C1171,10,Bản mặt cầu (Deck Slab):S3,0.33,0.18,11.7
C1172,10,Cọc khoan nhồi D1200 (26 cọc L=872m):P1-P1D,3.39,0.18,11.7
C1172,10,Cọc khoan nhồi D1200 (26 cọc L=872m):P1-P1D,3.39,0.18,11.7
C1172,10,Cọc khoan nhồi D1200 (26 cọc L=872m):P1-P1D,3.39,0.18,11.7
C1172,10,Bản mặt cầu (Deck Slab):S3,0.33,0.18,11.7
C1172,10,Bản mặt cầu (Deck Slab):S3,0.33,0.18,11.7
C1172,10,Bản mặt cầu (Deck Slab):S3,0.33,0.18,11.7
C1172,10,Bản mặt cầu (Deck Slab):S3,0.33,0.18,11.7
C1173,10,Cọc khoan nhồi D1200 (26 cọc L=872m):P1-P1D,3.39,0.18,11.7
C1173,10,Cọc khoan nhồi D1200 (26 cọc L=872m):P1-P1D,3.39,0.18,11.7
C1173,10,Cọc khoan nhồi D1200 (26 cọc L=872m):P1-P1D,3.39,0.18,11.7
C1173,10,Bản mặt cầu (Deck Slab):S3,0.33,0.18,11.7
C1173,10,Bản mặt cầu (Deck Slab):S3,0.33,0.18,11.7
C1173,10,Bản mặt cầu (Deck Slab):S3,0.33,0.18,11.7
C1173,10,Bản mặt cầu (Deck Slab):S3,0.33,0.18,11.7
C1174,10,Cọc khoan nhồi D1200 (26 cọc L=872m):P1-P1D,3.39,0.18,11.7
C1174,10,Cọc khoan nhồi D1200 (26 cọc L=872m):P1-P1D,3.39,0.18,11.7
C1174,10,Cọc khoan nhồi D1200 (26 cọc L=872m):P1-P1D,3.39,0.18,11.7
C1174,10,Bản mặt cầu (Deck Slab):S3,0.33,0.18,11.7
C1174,10,Bản mặt cầu (Deck Slab):S3,0.33,0.18,11.7
C1174,10,Bản mặt cầu (Deck Slab):S3,0.33,0.18,11.7
C1174,10,Bản mặt cầu (Deck Slab):S3,0.33,0.18,11.7
C1175,10,Cọc khoan nhồi D1200 (26 cọc L=872m):P1-P1D,3.39,0.18,11.7
C1175,10,Cọc khoan nhồi D1200 (26 cọc L=872m):P1-P1D,3.39,0.18,11.7
C1175,10,Cọc khoan nhồi D1200 (26 cọc L=872m):P1-P1D,3.39,0.18,11.7
C1175,10,Bản mặt cầu (Deck Slab):S3,0.33,0.18,11.7
C1175,10,Bản mặt cầu (Deck Slab):S3,0.33,0.18,11.7
C1175,10,Bản mặt cầu (Deck Slab):S3,0.33,0.18,11.7
C1175,10,Bản mặt cầu (Deck Slab):S3,0.33,0.18,11.7
C1176,10,Cọc khoan nhồi D1200 (26 cọc L=872m):P1-P1D,3.39,0.18,11.7
C1176,10,Cọc khoan nhồi D1200 (26 cọc L=872m):P1-P1D,3.39,0.18,11.7
C1176,10,Cọc khoan nhồi D1200 (26 cọc L=872m):P1-P1D,3.39,0.18,11.7
C1176,10,Bản mặt cầu (Deck Slab):S3,0.33,0.18,11.7
C1176,10,Bản mặt cầu (Deck Slab):S3,0.33,0.18,11.7
C1176,10,Bản mặt cầu (Deck Slab):S3,0.33,0.18,11.7
C1176,10,Bản mặt cầu (Deck Slab):S3,0.33,0.18,11.7
C1177,10,Cọc khoan nhồi D1200 (26 cọc L=872m):P1-P1D,3.39,0.18,11.7
C1177,10,Cọc khoan nhồi D1200 (26 cọc L=872m):P1-P1D,3.39,0.18,11.7
C1177,10,Cọc khoan nhồi D1200 (26 cọc L=872m):P1-P1D,3.39,0.18,11.7
C1177,10,Bản mặt cầu (Deck Slab):S3,0.33,0.18,11.7
C1177,10,Bản mặt cầu (Deck Slab):S3,0.33,0.18,11.7
C1177,10,Bản mặt cầu (Deck Slab):S3,0.33,0.18,11.7
C1177,10,Bản mặt cầu (Deck Slab):S3,0.33,0.18,11.7
C1178,10,Cọc khoan nhồi D1200 (26 cọc L=872m):P1-P1D,3.39,0.18,11.7
C1178,10,Cọc khoan nhồi D1200 (26 cọc L=872m):P1-P1D,3.39,0.18,11.7
C1178,10,Cọc khoan nhồi D1200 (26 cọc L=872m):P1-P1D,3.39,0.18,11.7
C1178,10,Bản mặt cầu (Deck Slab):S3,0.33,0.18,11.7
C1178,10,Bản mặt cầu (Deck Slab):S3,0.33,0.18,11.7
C1178,10,Bản mặt cầu (Deck Slab):S3,0.33,0.18,11.7
C1178,10,Bản mặt cầu (Deck Slab):S3,0.33,0.18,11.7
C1179,10,Cọc khoan nhồi D1200 (26 cọc L=872m):P1-P1D,3.39,0.18,11.7
C1179,10,Cọc khoan nhồi D1200 (26 cọc L=872m):P1-P1D,3.39,0.18,11.7
C1179,10,Cọc khoan nhồi D1200 (26 cọc L=872m):P1-P1D,3.39,0.18,11.7
C1179,10,Bản mặt cầu (Deck Slab):S3,0.33,0.18,11.7
C1179,10,Bản mặt cầu (Deck Slab):S3,0.33,0.18,11.7
C1179,10,Bản mặt cầu (Deck Slab):S3,0.33,0.18,11.7
C1179,10,Bản mặt cầu (Deck Slab):S3,0.33,0.18,11.7
C1180,10,Cọc khoan nhồi D1200 (26 cọc L=872m):P1-P1D,3.39,0.18,11.7
C1180,10,Cọc khoan nhồi D1200 (26 cọc L=872m):P1-P1D,3.39,0.18,11.7
C1180,10,Cọc khoan nhồi D1200 (26 cọc L=872m):P1-P1D,3.39,0.18,11.7
C1180,10,Bản mặt cầu (Deck Slab):S3,0.33,0.18,11.7
C1180,10,Bản mặt cầu (Deck Slab):S3,0.33,0.18,11.7
C1180,10,Bản mặt cầu (Deck Slab):S3,0.33,0.18,11.7
C1180,10,Bản mặt cầu (Deck Slab):S3,0.33,0.18,11.7
C1181,10,Cọc khoan nhồi D1200 (26 cọc L=872m):P1-P1D,3.39,0.18,11.7
C1181,10,Cọc khoan nhồi D1200 (26 cọc L=872m):P1-P1D,3.39,0.18,11.7
C1181,10,Cọc khoan nhồi D1200 (26 cọc L=872m):P1-P1D,3.39,0.18,11.7
C1181,10,Bản mặt cầu (Deck Slab):S3,0.33,0.18,11.7
C1181,10,Bản mặt cầu (Deck Slab):S3,0.33,0.18,11.7
C1181,10,Bản mặt cầu (Deck Slab):S3,0.33,0.18,11.7
C1181,10,Bản mặt cầu (Deck Slab):S3,0.33,0.18,11.7
C1182,10,Cọc khoan nhồi D1200 (26 cọc L=872m):P1-P1D,3.39,0.18,11.7
C1182,10,Cọc khoan nhồi D1200 (26 cọc L=872m):P1-P1D,3.39,0.18,11.7
C1182,10,Cọc khoan nhồi D1200 (26 cọc L=872m):P1-P1D,3.39,0.18,11.7
C1182,10,Bản mặt cầu (Deck Slab):S3,0.33,0.18,11.7
C1182,10,Bản mặt cầu (Deck Slab):S3,0.33,0.18,11.7
C1182,10,Bản mặt cầu (Deck Slab):S3,0.33,0.18,11.7
C1182,10,Bản mặt cầu (Deck Slab):S3,0.33,0.18,11.7
C1183,10,Cọc khoan nhồi D1200 (26 cọc L=872m):P1-P1D,3.39,0.18,11.7
C1183,10,Cọc khoan nhồi D1200 (26 cọc L=872m):P1-P1D,3.39,0.18,11.7
C1183,10,Cọc khoan nhồi D1200 (26 cọc L=872m):P1-P1D,3.39,0.18,11.7
C1183,10,Bản mặt cầu (Deck Slab):S3,0.33,0.18,11.7
C1183,10,Bản mặt cầu (Deck Slab):S3,0.33,0.18,11.7
C1183,10,Bản mặt cầu (Deck Slab):S3,0.33,0.18,11.7
C1183,10,Bản mặt cầu (Deck Slab):S3,0.33,0.18,11.7
C1184,10,Cọc khoan nhồi D1200 (26 cọc L=872m):P1-P1D,3.39,0.18,11.7
C1184,10,Cọc khoan nhồi D1200 (26 cọc L=872m):P1-P1D,3.39,0.18,11.7
C1184,10,Cọc khoan nhồi D1200 (26 cọc L=872m):P1-P1D,3.39,0.18,11.7
C1184,10,Bản mặt cầu (Deck Slab):S3,0.33,0.18,11.7
C1184,10,Bản mặt cầu (Deck Slab):S3,0.33,0.18,11.7
C1184,10,Bản mặt cầu (Deck Slab):S3,0.33,0.18,11.7
C1184,10,Bản mặt cầu (Deck Slab):S3,0.33,0.18,11.7
C1185,10,Cọc khoan nhồi D1200 (26 cọc L=872m):P1-P1D,3.39,0.18,11.7
C1185,10,Cọc khoan nhồi D1200 (26 cọc L=872m):P1-P1D,3.39,0.18,11.7
C1185,10,Cọc khoan nhồi D1200 (26 cọc L=872m):P1-P1D,3.39,0.18,11.7
C1185,10,Bản mặt cầu (Deck Slab):S3,0.33,0.18,11.7
C1185,10,Bản mặt cầu (Deck Slab):S3,0.33,0.18,11.7
C1185,10,Bản mặt cầu (Deck Slab):S3,0.33,0.18,11.7
C1185,10,Bản mặt cầu (Deck Slab):S3,0.33,0.18,11.7
C1186,10,Cọc khoan nhồi D1200 (26 cọc L=872m):P1-P1D,3.39,0.18,11.7
C1186,10,Cọc khoan nhồi D1200 (26 cọc L=872m):P1-P1D,3.39,0.18,11.7
C1186,10,Cọc khoan nhồi D1200 (26 cọc L=872m):P1-P1D,3.39,0.18,11.7
C1186,10,Bản mặt cầu (Deck Slab):S3,0.33,0.18,11.7
C1186,10,Bản mặt cầu (Deck Slab):S3,0.33,0.18,11.7
C1186,10,Bản mặt cầu (Deck Slab):S3,0.33,0.18,11.7
C1186,10,Bản mặt cầu (Deck Slab):S3,0.33,0.18,11.7
C1187,10,Cọc khoan nhồi D1200 (26 cọc L=872m):P1-P1D,3.39,0.18,11.7
C1187,10,Cọc khoan nhồi D1200 (26 cọc L=872m):P1-P1D,3.39,0.18,11.7
C1187,10,Cọc khoan nhồi D1200 (26 cọc L=872m):P1-P1D,3.39,0.18,11.7
C1187,10,Bản mặt cầu (Deck Slab):S3,0.33,0.18,11.7
C1187,10,Bản mặt cầu (Deck Slab):S3,0.33,0.18,11.7
C1187,10,Bản mặt cầu (Deck Slab):S3,0.33,0.18,11.7
C1187,10,Bản mặt cầu (Deck Slab):S3,0.33,0.18,11.7
C1188,10,Cọc khoan nhồi D1200 (26 cọc L=872m):P1-P1D,3.39,0.18,11.7
C1188,10,Cọc khoan nhồi D1200 (26 cọc L=872m):P1-P1D,3.39,0.18,11.7
C1188,10,Cọc khoan nhồi D1200 (26 cọc L=872m):P1-P1D,3.39,0.18,11.7
C1188,10,Bản mặt cầu (Deck Slab):S3,0.33,0.18,11.7
C1188,10,Bản mặt cầu (Deck Slab):S3,0.33,0.18,11.7
C1188,10,Bản mặt cầu (Deck Slab):S3,0.33,0.18,11.7
C1188,10,Bản mặt cầu (Deck Slab):S3,0.33,0.18,11.7
C1189,10,Cọc khoan nhồi D1200 (26 cọc L=872m):P1-P1D,3.39,0.18,11.7
C1189,10,Cọc khoan nhồi D1200 (26 cọc L=872m):P1-P1D,3.39,0.18,11.7
C1189,10,Cọc khoan nhồi D1200 (26 cọc L=872m):P1-P1D,3.39,0.18,11.7
C1189,10,Bản mặt cầu (Deck Slab):S3,0.33,0.18,11.7
C1189,10,Bản mặt cầu (Deck Slab):S3,0.33,0.18,11.7
C1189,10,Bản mặt cầu (Deck Slab):S3,0.33,0.18,11.7
C1189,10,Bản mặt cầu (Deck Slab):S3,0.33,0.18,11.7
C1190,10,Cọc khoan nhồi D1200 (26 cọc L=872m):P1-P1D,3.39,0.18,11.7
C1190,10,Cọc khoan nhồi D1200 (26 cọc L=872m):P1-P1D,3.39,0.18,11.7
C1190,10,Cọc khoan nhồi D1200 (26 cọc L=872m):P1-P1D,3.39,0.18,11.7
C1190,10,Bản mặt cầu (Deck Slab):S3,0.33,0.18,11.7
C1190,10,Bản mặt cầu (Deck Slab):S3,0.33,0.18,11.7
C1190,10,Bản mặt cầu (Deck Slab):S3,0.33,0.18,11.7
C1190,10,Bản mặt cầu (Deck Slab):S3,0.33,0.18,11.7
C1191,10,Cọc khoan nhồi D1200 (26 cọc L=872m):P1-P1D,3.39,0.18,11.7
C1191,10,Cọc khoan nhồi D1200 (26 cọc L=872m):P1-P1D,3.39,0.18,11.7
C1191,10,Cọc khoan nhồi D1200 (26 cọc L=872m):P1-P1D,3.39,0.18,11.7
C1191,10,Bản mặt cầu (Deck Slab):S3,0.33,0.18,11.7
C1191,10,Bản mặt cầu (Deck Slab):S3,0.33,0.18,11.7
C1191,10,Bản mặt cầu (Deck Slab):S3,0.33,0.18,11.7
C1191,10,Bản mặt cầu (Deck Slab):S3,0.33,0.18,11.7
C1192,10,Cọc khoan nhồi D1200 (26 cọc L=872m):P1-P1D,3.39,0.18,11.7
C1192,10,Cọc khoan nhồi D1200 (26 cọc L=872m):P1-P1D,3.39,0.18,11.7
C1192,10,Cọc khoan nhồi D1200 (26 cọc L=872m):P1-P1D,3.39,0.18,11.7
C1192,10,Bản mặt cầu (Deck Slab):S3,0.33,0.18,11.7
C1192,10,Bản mặt cầu (Deck Slab):S3,0.33,0.18,11.7
C1192,10,Bản mặt cầu (Deck Slab):S3,0.33,0.18,11.7
C1192,10,Bản mặt cầu (Deck Slab):S3,0.33,0.18,11.7
C1193,10,Cọc khoan nhồi D1200 (26 cọc L=872m):P1-P1D,3.39,0.18,11.7
C1193,10,Cọc khoan nhồi D1200 (26 cọc L=872m):P1-P1D,3.39,0.18,11.7
C1193,10,Cọc khoan nhồi D1200 (26 cọc L=872m):P1-P1D,3.39,0.18,11.7
C1193,10,Bản mặt cầu (Deck Slab):S3,0.33,0.18,11.7
C1193,10,Bản mặt cầu (Deck Slab):S3,0.33,0.18,11.7
C1193,10,Bản mặt cầu (Deck Slab):S3,0.33,0.18,11.7
C1193,10,Bản mặt cầu (Deck Slab):S3,0.33,0.18,11.7
C1194,10,Cọc khoan nhồi D1200 (26 cọc L=872m):P1-P1D,3.39,0.18,11.7
C1194,10,Cọc khoan nhồi D1200 (26 cọc L=872m):P1-P1D,3.39,0.18,11.7
C1194,10,Cọc khoan nhồi D1200 (26 cọc L=872m):P1-P1D,3.39,0.18,11.7
C1194,10,Bản mặt cầu (Deck Slab):S3,0.33,0.18,11.7
C1194,10,Bản mặt cầu (Deck Slab):S3,0.33,0.18,11.7
C1194,10,Bản mặt cầu (Deck Slab):S3,0.33,0.18,11.7
C1194,10,Bản mặt cầu (Deck Slab):S3,0.33,0.18,11.7
C1195,10,Cọc khoan nhồi D1200 (26 cọc L=872m):P1-P1D,3.39,0.18,11.7
C1195,10,Cọc khoan nhồi D1200 (26 cọc L=872m):P1-P1D,3.39,0.18,11.7
C1195,10,Cọc khoan nhồi D1200 (26 cọc L=872m):P1-P1D,3.39,0.18,11.7
C1195,10,Bản mặt cầu (Deck Slab):S3,0.33,0.18,11.7
C1195,10,Bản mặt cầu (Deck Slab):S3,0.33,0.18,11.7
C1195,10,Bản mặt cầu (Deck Slab):S3,0.33,0.18,11.7
C1195,10,Bản mặt cầu (Deck Slab):S3,0.33,0.18,11.7
C1196,10,Cọc khoan nhồi D1200 (26 cọc L=872m):P1-P1D,3.39,0.18,11.7
C1196,10,Cọc khoan nhồi D1200 (26 cọc L=872m):P1-P1D,3.39,0.18,11.7
C1196,10,Cọc khoan nhồi D1200 (26 cọc L=872m):P1-P1D,3.39,0.18,11.7
C1196,10,Bản mặt cầu (Deck Slab):S3,0.33,0.18,11.7
C1196,10,Bản mặt cầu (Deck Slab):S3,0.33,0.18,11.7
C1196,10,Bản mặt cầu (Deck Slab):S3,0.33,0.18,11.7
C1196,10,Bản mặt cầu (Deck Slab):S3,0.33,0.18,11.7
C1197,10,Cọc khoan nhồi D1200 (26 cọc L=872m):P1-P1D,3.39,0.18,11.7
C1197,10,Cọc khoan nhồi D1200 (26 cọc L=872m):P1-P1D,3.39,0.18,11.7
C1197,10,Cọc khoan nhồi D1200 (26 cọc L=872m):P1-P1D,3.39,0.18,11.7
C1197,10,Bản mặt cầu (Deck Slab):S3,0.33,0.18,11.7
C1197,10,Bản mặt cầu (Deck Slab):S3,0.33,0.18,11.7
C1197,10,Bản mặt cầu (Deck Slab):S3,0.33,0.18,11.7
C1197,10,Bản mặt cầu (Deck Slab):S3,0.33,0.18,11.7
C1198,10,Cọc khoan nhồi D1200 (26 cọc L=872m):P1-P1D,3.39,0.18,11.7
C1198,10,Cọc khoan nhồi D1200 (26 cọc L=872m):P1-P1D,3.39,0.18,11.7
C1198,10,Cọc khoan nhồi D1200 (26 cọc L=872m):P1-P1D,3.39,0.18,11.7
C1198,10,Bản mặt cầu (Deck Slab):S3,0.33,0.18,11.7
C1198,10,Bản mặt cầu (Deck Slab):S3,0.33,0.18,11.7
C1198,10,Bản mặt cầu (Deck Slab):S3,0.33,0.18,11.7
C1198,10,Bản mặt cầu (Deck Slab):S3,0.33,0.18,11.7
C1199,10,Cọc khoan nhồi D1200 (26 cọc L=872m):P1-P1D,3.39,0.18,11.7
C1199,10,Cọc khoan nhồi D1200 (26 cọc L=872m):P1-P1D,3.39,0.18,11.7
C1199,10,Cọc khoan nhồi D1200 (26 cọc L=872m):P1-P1D,3.39,0.18,11.7
C1199,10,Bản mặt cầu (Deck Slab):S3,0.33,0.18,11.7
C1199,10,Bản mặt cầu (Deck Slab):S3,0.33,0.18,11.7
C1199,10,Bản mặt cầu (Deck Slab):S3,0.33,0.18,11.7
C1199,10,Bản mặt cầu (Deck Slab):S3,0.33,0.18,11.7
C1200,10,Cọc khoan nhồi D1200 (26 cọc L=872m):P1-P1D,3.39,0.18,11.7
C1200,10,Cọc khoan nhồi D1200 (26 cọc L=872m):P1-P1D,3.39,0.18,11.7
C1200,10,Cọc khoan nhồi D1200 (26 cọc L=872m):P1-P1D,3.39,0.18,11.7
C1200,10,Bản mặt cầu (Deck Slab):S3,0.33,0.18,11.7
C1200,10,Bản mặt cầu (Deck Slab):S3,0.33,0.18,11.7
C1200,10,Bản mặt cầu (Deck Slab):S3,0.33,0.18,11.7
C1200,10,Bản mặt cầu (Deck Slab):S3,0.33,0.18,11.7
C1201,10,Cọc khoan nhồi D1200 (26 cọc L=872m):P1-P1D,3.39,0.18,11.7
C1201,10,Cọc khoan nhồi D1200 (26 cọc L=872m):P1-P1D,3.39,0.18,11.7
C1201,10,Cọc khoan nhồi D1200 (26 cọc L=872m):P1-P1D,3.39,0.18,11.7
C1201,10,Bản mặt cầu (Deck Slab):S3,0.33,0.18,11.7
C1201,10,Bản mặt cầu (Deck Slab):S3,0.33,0.18,11.7
C1201,10,Bản mặt cầu (Deck Slab):S3,0.33,0.18,11.7
C1201,10,Bản mặt cầu (Deck Slab):S3,0.33,0.18,11.7
C1202,10,Cọc khoan nhồi D1200 (26 cọc L=872m):P1-P1D,3.39,0.18,11.7
C1202,10,Cọc khoan nhồi D1200 (26 cọc L=872m):P1-P1D,3.39,0.18,11.7
C1202,10,Cọc khoan nhồi D1200 (26 cọc L=872m):P1-P1D,3.39,0.18,11.7
C1202,10,Bản mặt cầu (Deck Slab):S3,0.33,0.18,11.7
C1202,10,Bản mặt cầu (Deck Slab):S3,0.33,0.18,11.7
C1202,10,Bản mặt cầu (Deck Slab):S3,0.33,0.18,11.7
C1202,10,Bản mặt cầu (Deck Slab):S3,0.33,0.18,11.7
C1203,10,Cọc khoan nhồi D1200 (26 cọc L=872m):P1-P1D,3.39,0.18,11.7
C1203,10,Cọc khoan nhồi D1200 (26 cọc L=872m):P1-P1D,3.39,0.18,11.7
C1203,10,Cọc khoan nhồi D1200 (26 cọc L=872m):P1-P1D,3.39,0.18,11.7
C1203,10,Bản mặt cầu (Deck Slab):S3,0.33,0.18,11.7
C1203,10,Bản mặt cầu (Deck Slab):S3,0.33,0.18,11.7
C1203,10,Bản mặt cầu (Deck Slab):S3,0.33,0.18,11.7
C1203,10,Bản mặt cầu (Deck Slab):S3,0.33,0.18,11.7
C1204,10,Cọc khoan nhồi D1200 (26 cọc L=872m):P1-P1D,3.39,0.18,11.7
C1204,10,Cọc khoan nhồi D1200 (26 cọc L=872m):P1-P1D,3.39,0.18,11.7
C1204,10,Cọc khoan nhồi D1200 (26 cọc L=872m):P1-P1D,3.39,0.18,11.7
C1204,10,Bản mặt cầu (Deck Slab):S3,0.33,0.18,11.7
C1204,10,Bản mặt cầu (Deck Slab):S3,0.33,0.18,11.7
C1204,10,Bản mặt cầu (Deck Slab):S3,0.33,0.18,11.7
C1204,10,Bản mặt cầu (Deck Slab):S3,0.33,0.18,11.7
C1205,10,Cọc khoan nhồi D1200 (26 cọc L=872m):P1-P1D,3.39,0.18,11.7
C1205,10,Cọc khoan nhồi D1200 (26 cọc L=872m):P1-P1D,3.39,0.18,11.7
C1205,10,Cọc khoan nhồi D1200 (26 cọc L=872m):P1-P1D,3.39,0.18,11.7
C1205,10,Bản mặt cầu (Deck Slab):S3,0.33,0.18,11.7
C1205,10,Bản mặt cầu (Deck Slab):S3,0.33,0.18,11.7
C1205,10,Bản mặt cầu (Deck Slab):S3,0.33,0.18,11.7
C1205,10,Bản mặt cầu (Deck Slab):S3,0.33,0.18,11.7
C1206,10,Cọc khoan nhồi D1200 (26 cọc L=872m):P1-P1D,3.39,0.18,11.7
C1206,10,Cọc khoan nhồi D1200 (26 cọc L=872m):P1-P1D,3.39,0.18,11.7
C1206,10,Cọc khoan nhồi D1200 (26 cọc L=872m):P1-P1D,3.39,0.18,11.7
C1206,10,Bản mặt cầu (Deck Slab):S3,0.33,0.18,11.7
C1206,10,Bản mặt cầu (Deck Slab):S3,0.33,0.18,11.7
C1206,10,Bản mặt cầu (Deck Slab):S3,0.33,0.18,11.7
C1206,10,Bản mặt cầu (Deck Slab):S3,0.33,0.18,11.7
C1207,10,Cọc khoan nhồi D1200 (26 cọc L=872m):P1-P1D,3.39,0.18,11.7
C1207,10,Cọc khoan nhồi D1200 (26 cọc L=872m):P1-P1D,3.39,0.18,11.7
C1207,10,Cọc khoan nhồi D1200 (26 cọc L=872m):P1-P1D,3.39,0.18,11.7
C1207,10,Bản mặt cầu (Deck Slab):S3,0.33,0.18,11.7
C1207,10,Bản mặt cầu (Deck Slab):S3,0.33,0.18,11.7
C1207,10,Bản mặt cầu (Deck Slab):S3,0.33,0.18,11.7
C1207,10,Bản mặt cầu (Deck Slab):S3,0.33,0.18,11.7
C1208,10,Cọc khoan nhồi D1200 (26 cọc L=872m):P1-P1D,3.39,0.18,11.7
C1208,10,Cọc khoan nhồi D1200 (26 cọc L=872m):P1-P1D,3.39,0.18,11.7
C1208,10,Cọc khoan nhồi D1200 (26 cọc L=872m):P1-P1D,3.39,0.18,11.7
C1208,10,Bản mặt cầu (Deck Slab):S3,0.33,0.18,11.7
C1208,10,Bản mặt cầu (Deck Slab):S3,0.33,0.18,11.7
C1208,10,Bản mặt cầu (Deck Slab):S3,0.33,0.18,11.7
C1208,10,Bản mặt cầu (Deck Slab):S3,0.33,0.18,11.7
C1209,10,Cọc khoan nhồi D1200 (26 cọc L=872m):P1-P1D,3.39,0.18,11.7
C1209,10,Cọc khoan nhồi D1200 (26 cọc L=872m):P1-P1D,3.39,0.18,11.7
C1209,10,Cọc khoan nhồi D1200 (26 cọc L=872m):P1-P1D,3.39,0.18,11.7
C1209,10,Bản mặt cầu (Deck Slab):S3,0.33,0.18,11.7
C1209,10,Bản mặt cầu (Deck Slab):S3,0.33,0.18,11.7
C1209,10,Bản mặt cầu (Deck Slab):S3,0.33,0.18,11.7
C1209,10,Bản mặt cầu (Deck Slab):S3,0.33,0.18,11.7
C1210,10,Cọc khoan nhồi D1200 (26 cọc L=872m):P1-P1D,3.39,0.18,11.7
C1210,10,Cọc khoan nhồi D1200 (26 cọc L=872m):P1-P1D,3.39,0.18,11.7
C1210,10,Cọc khoan nhồi D1200 (26 cọc L=872m):P1-P1D,3.39,0.18,11.7
C1210,10,Bản mặt cầu (Deck Slab):S3,0.33,0.18,11.7
C1210,10,Bản mặt cầu (Deck Slab):S3,0.33,0.18,11.7
C1210,10,Bản mặt cầu (Deck Slab):S3,0.33,0.18,11.7
C1210,10,Bản mặt cầu (Deck Slab):S3,0.33,0.18,11.7
C1211,10,Cọc khoan nhồi D1200 (26 cọc L=872m):P1-P1D,3.39,0.18,11.7
C1211,10,Cọc khoan nhồi D1200 (26 cọc L=872m):P1-P1D,3.39,0.18,11.7
C1211,10,Cọc khoan nhồi D1200 (26 cọc L=872m):P1-P1D,3.39,0.18,11.7
C1211,10,Bản mặt cầu (Deck Slab):S3,0.33,0.18,11.7
C1211,10,Bản mặt cầu (Deck Slab):S3,0.33,0.18,11.7
C1211,10,Bản mặt cầu (Deck Slab):S3,0.33,0.18,11.7
C1211,10,Bản mặt cầu (Deck Slab):S3,0.33,0.18,11.7
C1212,10,Cọc khoan nhồi D1200 (26 cọc L=872m):P1-P1D,3.39,0.18,11.7
C1212,10,Cọc khoan nhồi D1200 (26 cọc L=872m):P1-P1D,3.39,0.18,11.7
C1212,10,Cọc khoan nhồi D1200 (26 cọc L=872m):P1-P1D,3.39,0.18,11.7
C1212,10,Bản mặt cầu (Deck Slab):S3,0.33,0.18,11.7
C1212,10,Bản mặt cầu (Deck Slab):S3,0.33,0.18,11.7
C1212,10,Bản mặt cầu (Deck Slab):S3,0.33,0.18,11.7
C1212,10,Bản mặt cầu (Deck Slab):S3,0.33,0.18,11.7
C1213,10,Cọc khoan nhồi D1200 (26 cọc L=872m):P1-P1D,3.39,0.18,11.7
C1213,10,Cọc khoan nhồi D1200 (26 cọc L=872m):P1-P1D,3.39,0.18,11.7
C1213,10,Cọc khoan nhồi D1200 (26 cọc L=872m):P1-P1D,3.39,0.18,11.7
C1213,10,Bản mặt cầu (Deck Slab):S3,0.33,0.18,11.7
C1213,10,Bản mặt cầu (Deck Slab):S3,0.33,0.18,11.7
C1213,10,Bản mặt cầu (Deck Slab):S3,0.33,0.18,11.7
C1213,10,Bản mặt cầu (Deck Slab):S3,0.33,0.18,11.7
C1214,10,Cọc khoan nhồi D1200 (26 cọc L=872m):P1-P1D,3.39,0.18,11.7
C1214,10,Cọc khoan nhồi D1200 (26 cọc L=872m):P1-P1D,3.39,0.18,11.7
C1214,10,Cọc khoan nhồi D1200 (26 cọc L=872m):P1-P1D,3.39,0.18,11.7
C1214,10,Bản mặt cầu (Deck Slab):S3,0.33,0.18,11.7
C1214,10,Bản mặt cầu (Deck Slab):S3,0.33,0.18,11.7
C1214,10,Bản mặt cầu (Deck Slab):S3,0.33,0.18,11.7
C1214,10,Bản mặt cầu (Deck Slab):S3,0.33,0.18,11.7
C1215,10,Cọc khoan nhồi D1200 (26 cọc L=872m):P1-P1D,3.39,0.18,11.7
C1215,10,Cọc khoan nhồi D1200 (26 cọc L=872m):P1-P1D,3.39,0.18,11.7
C1215,10,Cọc khoan nhồi D1200 (26 cọc L=872m):P1-P1D,3.39,0.18,11.7
C1215,10,Bản mặt cầu (Deck Slab):S3,0.33,0.18,11.7
C1215,10,Bản mặt cầu (Deck Slab):S3,0.33,0.18,11.7
C1215,10,Bản mặt cầu (Deck Slab):S3,0.33,0.18,11.7
C1215,10,Bản mặt cầu (Deck Slab):S3,0.33,0.18,11.7
C1216,10,Cọc khoan nhồi D1200 (26 cọc L=872m):P1-P1D,3.39,0.18,11.7
C1216,10,Cọc khoan nhồi D1200 (26 cọc L=872m):P1-P1D,3.39,0.18,11.7
C1216,10,Cọc khoan nhồi D1200 (26 cọc L=872m):P1-P1D,3.39,0.18,11.7
C1216,10,Bản mặt cầu (Deck Slab):S3,0.33,0.18,11.7
C1216,10,Bản mặt cầu (Deck Slab):S3,0.33,0.18,11.7
C1216,10,Bản mặt cầu (Deck Slab):S3,0.33,0.18,11.7
C1216,10,Bản mặt cầu (Deck Slab):S3,0.33,0.18,11.7
C1217,10,Cọc khoan nhồi D1200 (26 cọc L=872m):P1-P1D,3.39,0.18,11.7
C1217,10,Cọc khoan nhồi D1200 (26 cọc L=872m):P1-P1D,3.39,0.18,11.7
C1217,10,Cọc khoan nhồi D1200 (26 cọc L=872m):P1-P1D,3.39,0.18,11.7
C1217,10,Bản mặt cầu (Deck Slab):S3,0.33,0.18,11.7
C1217,10,Bản mặt cầu (Deck Slab):S3,0.33,0.18,11.7
C1217,10,Bản mặt cầu (Deck Slab):S3,0.33,0.18,11.7
C1217,10,Bản mặt cầu (Deck Slab):S3,0.33,0.18,11.7
C1218,10,Cọc khoan nhồi D1200 (26 cọc L=872m):P1-P1D,3.39,0.18,11.7
C1218,10,Cọc khoan nhồi D1200 (26 cọc L=872m):P1-P1D,3.39,0.18,11.7
C1218,10,Cọc khoan nhồi D1200 (26 cọc L=872m):P1-P1D,3.39,0.18,11.7
C1218,10,Bản mặt cầu (Deck Slab):S3,0.33,0.18,11.7
C1218,10,Bản mặt cầu (Deck Slab):S3,0.33,0.18,11.7
C1218,10,Bản mặt cầu (Deck Slab):S3,0.33,0.18,11.7
C1218,10,Bản mặt cầu (Deck Slab):S3,0.33,0.18,11.7
C1219,10,Cọc khoan nhồi D1200 (26 cọc L=872m):P1-P1D,3.39,0.18,11.7
C1219,10,Cọc khoan nhồi D1200 (26 cọc L=872m):P1-P1D,3.39,0.18,11.7
C1219,10,Cọc khoan nhồi D1200 (26 cọc L=872m):P1-P1D,3.39,0.18,11.7
C1219,10,Bản mặt cầu (Deck Slab):S3,0.33,0.18,11.7
C1219,10,Bản mặt cầu (Deck Slab):S3,0.33,0.18,11.7
C1219,10,Bản mặt cầu (Deck Slab):S3,0.33,0.18,11.7
C1219,10,Bản mặt cầu (Deck Slab):S3,0.33,0.18,11.7
C1220,10,Cọc khoan nhồi D1200 (26 cọc L=872m):P1-P1D,3.39,0.18,11.7
C1220,10,Cọc khoan nhồi D1200 (26 cọc L=872m):P1-P1D,3.39,0.18,11.7
C1220,10,Cọc khoan nhồi D1200 (26 cọc L=872m):P1-P1D,3.39,0.18,11.7
C1220,10,Bản mặt cầu (Deck Slab):S3,0.33,0.18,11.7
C1220,10,Bản mặt cầu (Deck Slab):S3,0.33,0.18,11.7
C1220,10,Bản mặt cầu (Deck Slab):S3,0.33,0.18,11.7
C1220,10,Bản mặt cầu (Deck Slab):S3,0.33,0.18,11.7
C1221,10,Cọc khoan nhồi D1200 (26 cọc L=872m):P1-P1D,3.39,0.18,11.7
C1221,10,Cọc khoan nhồi D1200 (26 cọc L=872m):P1-P1D,3.39,0.18,11.7
C1221,10,Cọc khoan nhồi D1200 (26 cọc L=872m):P1-P1D,3.39,0.18,11.7
C1221,10,Bản mặt cầu (Deck Slab):S3,0.33,0.18,11.7
C1221,10,Bản mặt cầu (Deck Slab):S3,0.33,0.18,11.7
C1221,10,Bản mặt cầu (Deck Slab):S3,0.33,0.18,11.7
C1221,10,Bản mặt cầu (Deck Slab):S3,0.33,0.18,11.7
C1222,10,Cọc khoan nhồi D1200 (26 cọc L=872m):P1-P1D,3.39,0.18,11.7
C1222,10,Cọc khoan nhồi D1200 (26 cọc L=872m):P1-P1D,3.39,0.18,11.7
C1222,10,Cọc khoan nhồi D1200 (26 cọc L=872m):P1-P1D,3.39,0.18,11.7
C1222,10,Bản mặt cầu (Deck Slab):S3,0.33,0.18,11.7
C1222,10,Bản mặt cầu (Deck Slab):S3,0.33,0.18,11.7
C1222,10,Bản mặt cầu (Deck Slab):S3,0.33,0.18,11.7
C1222,10,Bản mặt cầu (Deck Slab):S3,0.33,0.18,11.7
C1223,10,Cọc khoan nhồi D1200 (26 cọc L=872m):P1-P1D,3.39,0.18,11.7
C1223,10,Cọc khoan nhồi D1200 (26 cọc L=872m):P1-P1D,3.39,0.18,11.7
C1223,10,Cọc khoan nhồi D1200 (26 cọc L=872m):P1-P1D,3.39,0.18,11.7
C1223,10,Bản mặt cầu (Deck Slab):S3,0.33,0.18,11.7
C1223,10,Bản mặt cầu (Deck Slab):S3,0.33,0.18,11.7
C1223,10,Bản mặt cầu (Deck Slab):S3,0.33,0.18,11.7
C1223,10,Bản mặt cầu (Deck Slab):S3,0.33,0.18,11.7
C1224,10,Cọc khoan nhồi D1200 (26 cọc L=872m):P1-P1D,3.39,0.18,11.7
C1224,10,Cọc khoan nhồi D1200 (26 cọc L=872m):P1-P1D,3.39,0.18,11.7
C1224,10,Cọc khoan nhồi D1200 (26 cọc L=872m):P1-P1D,3.39,0.18,11.7
C1224,10,Bản mặt cầu (Deck Slab):S3,0.33,0.18,11.7
C1224,10,Bản mặt cầu (Deck Slab):S3,0.33,0.18,11.7
C1224,10,Bản mặt cầu (Deck Slab):S3,0.33,0.18,11.7
C1224,10,Bản mặt cầu (Deck Slab):S3,0.33,0.18,11.7
C1225,10,Cọc khoan nhồi D1200 (26 cọc L=872m):P1-P1D,3.39,0.18,11.7
C1225,10,Cọc khoan nhồi D1200 (26 cọc L=872m):P1-P1D,3.39,0.18,11.7
C1225,10,Cọc khoan nhồi D1200 (26 cọc L=872m):P1-P1D,3.39,0.18,11.7
C1225,10,Bản mặt cầu (Deck Slab):S3,0.33,0.18,11.7
C1225,10,Bản mặt cầu (Deck Slab):S3,0.33,0.18,11.7
C1225,10,Bản mặt cầu (Deck Slab):S3,0.33,0.18,11.7
C1225,10,Bản mặt cầu (Deck Slab):S3,0.33,0.18,11.7
C1226,10,Cọc khoan nhồi D1200 (26 cọc L=872m):P1-P1D,3.39,0.18,11.7
C1226,10,Cọc khoan nhồi D1200 (26 cọc L=872m):P1-P1D,3.39,0.18,11.7
C1226,10,Cọc khoan nhồi D1200 (26 cọc L=872m):P1-P1D,3.39,0.18,11.7
C1226,10,Bản mặt cầu (Deck Slab):S3,0.33,0.18,11.7
C1226,10,Bản mặt cầu (Deck Slab):S3,0.33,0.18,11.7
C1226,10,Bản mặt cầu (Deck Slab):S3,0.33,0.18,11.7
C1226,10,Bản mặt cầu (Deck Slab):S3,0.33,0.18,11.7
C1227,10,Cọc khoan nhồi D1200 (26 cọc L=872m):P1-P1D,3.39,0.18,11.7
C1227,10,Cọc khoan nhồi D1200 (26 cọc L=872m):P1-P1D,3.39,0.18,11.7
C1227,10,Cọc khoan nhồi D1200 (26 cọc L=872m):P1-P1D,3.39,0.18,11.7
C1227,10,Bản mặt cầu (Deck Slab):S3,0.33,0.18,11.7
C1227,10,Bản mặt cầu (Deck Slab):S3,0.33,0.18,11.7
C1227,10,Bản mặt cầu (Deck Slab):S3,0.33,0.18,11.7
C1227,10,Bản mặt cầu (Deck Slab):S3,0.33,0.18,11.7
C1228,10,Cọc khoan nhồi D1200 (26 cọc L=872m):P1-P1D,3.39,0.18,11.7
C1228,10,Cọc khoan nhồi D1200 (26 cọc L=872m):P1-P1D,3.39,0.18,11.7
C1228,10,Cọc khoan nhồi D1200 (26 cọc L=872m):P1-P1D,3.39,0.18,11.7
C1228,10,Bản mặt cầu (Deck Slab):S3,0.33,0.18,11.7
C1228,10,Bản mặt cầu (Deck Slab):S3,0.33,0.18,11.7
C1228,10,Bản mặt cầu (Deck Slab):S3,0.33,0.18,11.7
C1228,10,Bản mặt cầu (Deck Slab):S3,0.33,0.18,11.7
C1229,10,Cọc khoan nhồi D1200 (26 cọc L=872m):P1-P1D,3.39,0.18,11.7
C1229,10,Cọc khoan nhồi D1200 (26 cọc L=872m):P1-P1D,3.39,0.18,11.7
C1229,10,Cọc khoan nhồi D1200 (26 cọc L=872m):P1-P1D,3.39,0.18,11.7
C1229,10,Bản mặt cầu (Deck Slab):S3,0.33,0.18,11.7
C1229,10,Bản mặt cầu (Deck Slab):S3,0.33,0.18,11.7
C1229,10,Bản mặt cầu (Deck Slab):S3,0.33,0.18,11.7
C1229,10,Bản mặt cầu (Deck Slab):S3,0.33,0.18,11.7
C1230,10,Cọc khoan nhồi D1200 (26 cọc L=872m):P1-P1D,3.39,0.18,11.7
C1230,10,Cọc khoan nhồi D1200 (26 cọc L=872m):P1-P1D,3.39,0.18,11.7
C1230,10,Cọc khoan nhồi D1200 (26 cọc L=872m):P1-P1D,3.39,0.18,11.7
C1230,10,Bản mặt cầu (Deck Slab):S3,0.33,0.18,11.7
C1230,10,Bản mặt cầu (Deck Slab):S3,0.33,0.18,11.7
C1230,10,Bản mặt cầu (Deck Slab):S3,0.33,0.18,11.7
C1230,10,Bản mặt cầu (Deck Slab):S3,0.33,0.18,11.7
C1231,10,Cọc khoan nhồi D1200 (26 cọc L=872m):P1-P1D,3.39,0.18,11.7
C1231,10,Cọc khoan nhồi D1200 (26 cọc L=872m):P1-P1D,3.39,0.18,11.7
C1231,10,Cọc khoan nhồi D1200 (26 cọc L=872m):P1-P1D,3.39,0.18,11.7
C1231,10,Bản mặt cầu (Deck Slab):S3,0.33,0.18,11.7
C1231,10,Bản mặt cầu (Deck Slab):S3,0.33,0.18,11.7
C1231,10,Bản mặt cầu (Deck Slab):S3,0.33,0.18,11.7
C1231,10,Bản mặt cầu (Deck Slab):S3,0.33,0.18,11.7
C1232,10,Cọc khoan nhồi D1200 (26 cọc L=872m):P1-P1D,3.39,0.18,11.7
C1232,10,Cọc khoan nhồi D1200 (26 cọc L=872m):P1-P1D,3.39,0.18,11.7
C1232,10,Cọc khoan nhồi D1200 (26 cọc L=872m):P1-P1D,3.39,0.18,11.7
C1232,10,Bản mặt cầu (Deck Slab):S3,0.33,0.18,11.7
C1232,10,Bản mặt cầu (Deck Slab):S3,0.33,0.18,11.7
C1232,10,Bản mặt cầu (Deck Slab):S3,0.33,0.18,11.7
C1232,10,Bản mặt cầu (Deck Slab):S3,0.33,0.18,11.7
C1233,10,Cọc khoan nhồi D1200 (26 cọc L=872m):P1-P1D,3.39,0.18,11.7
C1233,10,Cọc khoan nhồi D1200 (26 cọc L=872m):P1-P1D,3.39,0.18,11.7
C1233,10,Cọc khoan nhồi D1200 (26 cọc L=872m):P1-P1D,3.39,0.18,11.7
C1233,10,Bản mặt cầu (Deck Slab):S3,0.33,0.18,11.7
C1233,10,Bản mặt cầu (Deck Slab):S3,0.33,0.18,11.7
C1233,10,Bản mặt cầu (Deck Slab):S3,0.33,0.18,11.7
C1233,10,Bản mặt cầu (Deck Slab):S3,0.33,0.18,11.7
C1234,10,Cọc khoan nhồi D1200 (26 cọc L=872m):P1-P1D,3.39,0.18,11.7
C1234,10,Cọc khoan nhồi D1200 (26 cọc L=872m):P1-P1D,3.39,0.18,11.7
C1234,10,Cọc khoan nhồi D1200 (26 cọc L=872m):P1-P1D,3.39,0.18,11.7
C1234,10,Bản mặt cầu (Deck Slab):S3,0.33,0.18,11.7
C1234,10,Bản mặt cầu (Deck Slab):S3,0.33,0.18,11.7
C1234,10,Bản mặt cầu (Deck Slab):S3,0.33,0.18,11.7
C1234,10,Bản mặt cầu (Deck Slab):S3,0.33,0.18,11.7
C1235,10,Cọc khoan nhồi D1200 (26 cọc L=872m):P1-P1D,3.39,0.18,11.7
C1235,10,Cọc khoan nhồi D1200 (26 cọc L=872m):P1-P1D,3.39,0.18,11.7
C1235,10,Cọc khoan nhồi D1200 (26 cọc L=872m):P1-P1D,3.39,0.18,11.7
C1235,10,Bản mặt cầu (Deck Slab):S3,0.33,0.18,11.7
C1235,10,Bản mặt cầu (Deck Slab):S3,0.33,0.18,11.7
C1235,10,Bản mặt cầu (Deck Slab):S3,0.33,0.18,11.7
C1235,10,Bản mặt cầu (Deck Slab):S3,0.33,0.18,11.7
C1236,10,Cọc khoan nhồi D1200 (26 cọc L=872m):P1-P1D,3.39,0.18,11.7
C1236,10,Cọc khoan nhồi D1200 (26 cọc L=872m):P1-P1D,3.39,0.18,11.7
C1236,10,Cọc khoan nhồi D1200 (26 cọc L=872m):P1-P1D,3.39,0.18,11.7
C1236,10,Bản mặt cầu (Deck Slab):S3,0.33,0.18,11.7
C1236,10,Bản mặt cầu (Deck Slab):S3,0.33,0.18,11.7
C1236,10,Bản mặt cầu (Deck Slab):S3,0.33,0.18,11.7
C1236,10,Bản mặt cầu (Deck Slab):S3,0.33,0.18,11.7
C1237,10,Cọc khoan nhồi D1200 (26 cọc L=872m):P1-P1D,3.39,0.18,11.7
C1237,10,Cọc khoan nhồi D1200 (26 cọc L=872m):P1-P1D,3.39,0.18,11.7
C1237,10,Cọc khoan nhồi D1200 (26 cọc L=872m):P1-P1D,3.39,0.18,11.7
C1237,10,Bản mặt cầu (Deck Slab):S3,0.33,0.18,11.7
C1237,10,Bản mặt cầu (Deck Slab):S3,0.33,0.18,11.7
C1237,10,Bản mặt cầu (Deck Slab):S3,0.33,0.18,11.7
C1237,10,Bản mặt cầu (Deck Slab):S3,0.33,0.18,11.7
C1238,10,Cọc khoan nhồi D1200 (26 cọc L=872m):P1-P1D,3.39,0.18,11.7
C1238,10,Cọc khoan nhồi D1200 (26 cọc L=872m):P1-P1D,3.39,0.18,11.7
C1238,10,Cọc khoan nhồi D1200 (26 cọc L=872m):P1-P1D,3.39,0.18,11.7
C1238,10,Bản mặt cầu (Deck Slab):S3,0.33,0.18,11.7
C1238,10,Bản mặt cầu (Deck Slab):S3,0.33,0.18,11.7
C1238,10,Bản mặt cầu (Deck Slab):S3,0.33,0.18,11.7
C1238,10,Bản mặt cầu (Deck Slab):S3,0.33,0.18,11.7
C1239,10,Cọc khoan nhồi D1200 (26 cọc L=872m):P1-P1D,3.39,0.18,11.7
C1239,10,Cọc khoan nhồi D1200 (26 cọc L=872m):P1-P1D,3.39,0.18,11.7
C1239,10,Cọc khoan nhồi D1200 (26 cọc L=872m):P1-P1D,3.39,0.18,11.7
C1239,10,Bản mặt cầu (Deck Slab):S3,0.33,0.18,11.7
C1239,10,Bản mặt cầu (Deck Slab):S3,0.33,0.18,11.7
C1239,10,Bản mặt cầu (Deck Slab):S3,0.33,0.18,11.7
C1239,10,Bản mặt cầu (Deck Slab):S3,0.33,0.18,11.7
C1240,10,Cọc khoan nhồi D1200 (26 cọc L=872m):P1-P1D,3.39,0.18,11.7
C1240,10,Cọc khoan nhồi D1200 (26 cọc L=872m):P1-P1D,3.39,0.18,11.7
C1240,10,Cọc khoan nhồi D1200 (26 cọc L=872m):P1-P1D,3.39,0.18,11.7
C1240,10,Bản mặt cầu (Deck Slab):S3,0.33,0.18,11.7
C1240,10,Bản mặt cầu (Deck Slab):S3,0.33,0.18,11.7
C1240,10,Bản mặt cầu (Deck Slab):S3,0.33,0.18,11.7
C1240,10,Bản mặt cầu (Deck Slab):S3,0.33,0.18,11.7
C1241,10,Cọc khoan nhồi D1200 (26 cọc L=872m):P1-P1D,3.39,0.18,11.7
C1241,10,Cọc khoan nhồi D1200 (26 cọc L=872m):P1-P1D,3.39,0.18,11.7
C1241,10,Cọc khoan nhồi D1200 (26 cọc L=872m):P1-P1D,3.39,0.18,11.7
C1241,10,Bản mặt cầu (Deck Slab):S3,0.33,0.18,11.7
C1241,10,Bản mặt cầu (Deck Slab):S3,0.33,0.18,11.7
C1241,10,Bản mặt cầu (Deck Slab):S3,0.33,0.18,11.7
C1241,10,Bản mặt cầu (Deck Slab):S3,0.33,0.18,11.7
C1242,10,Cọc khoan nhồi D1200 (26 cọc L=872m):P1-P1D,3.39,0.18,11.7
C1242,10,Cọc khoan nhồi D1200 (26 cọc L=872m):P1-P1D,3.39,0.18,11.7
C1242,10,Cọc khoan nhồi D1200 (26 cọc L=872m):P1-P1D,3.39,0.18,11.7
C1242,10,Bản mặt cầu (Deck Slab):S3,0.33,0.18,11.7
C1242,10,Bản mặt cầu (Deck Slab):S3,0.33,0.18,11.7
C1242,10,Bản mặt cầu (Deck Slab):S3,0.33,0.18,11.7
C1242,10,Bản mặt cầu (Deck Slab):S3,0.33,0.18,11.7
C1243,10,Cọc khoan nhồi D1200 (26 cọc L=872m):P1-P1D,3.39,0.18,11.7
C1243,10,Cọc khoan nhồi D1200 (26 cọc L=872m):P1-P1D,3.39,0.18,11.7
C1243,10,Cọc khoan nhồi D1200 (26 cọc L=872m):P1-P1D,3.39,0.18,11.7
C1243,10,Bản mặt cầu (Deck Slab):S3,0.33,0.18,11.7
C1243,10,Bản mặt cầu (Deck Slab):S3,0.33,0.18,11.7
C1243,10,Bản mặt cầu (Deck Slab):S3,0.33,0.18,11.7
C1243,10,Bản mặt cầu (Deck Slab):S3,0.33,0.18,11.7
C1244,10,Cọc khoan nhồi D1200 (26 cọc L=872m):P1-P1D,3.39,0.18,11.7
C1244,10,Cọc khoan nhồi D1200 (26 cọc L=872m):P1-P1D,3.39,0.18,11.7
C1244,10,Cọc khoan nhồi D1200 (26 cọc L=872m):P1-P1D,3.39,0.18,11.7
C1244,10,Bản mặt cầu (Deck Slab):S3,0.33,0.18,11.7
C1244,10,Bản mặt cầu (Deck Slab):S3,0.33,0.18,11.7
C1244,10,Bản mặt cầu (Deck Slab):S3,0.33,0.18,11.7
C1244,10,Bản mặt cầu (Deck Slab):S3,0.33,0.18,11.7
C1245,10,Cọc khoan nhồi D1200 (26 cọc L=872m):P1-P1D,3.39,0.18,11.7
C1245,10,Cọc khoan nhồi D1200 (26 cọc L=872m):P1-P1D,3.39,0.18,11.7
C1245,10,Cọc khoan nhồi D1200 (26 cọc L=872m):P1-P1D,3.39,0.18,11.7
C1245,10,Bản mặt cầu (Deck Slab):S3,0.33,0.18,11.7
C1245,10,Bản mặt cầu (Deck Slab):S3,0.33,0.18,11.7
C1245,10,Bản mặt cầu (Deck Slab):S3,0.33,0.18,11.7
C1245,10,Bản mặt cầu (Deck Slab):S3,0.33,0.18,11.7
C1246,10,Cọc khoan nhồi D1200 (26 cọc L=872m):P1-P1D,3.39,0.18,11.7
C1246,10,Cọc khoan nhồi D1200 (26 cọc L=872m):P1-P1D,3.39,0.18,11.7
C1246,10,Cọc khoan nhồi D1200 (26 cọc L=872m):P1-P1D,3.39,0.18,11.7
C1246,10,Bản mặt cầu (Deck Slab):S3,0.33,0.18,11.7
C1246,10,Bản mặt cầu (Deck Slab):S3,0.33,0.18,11.7
C1246,10,Bản mặt cầu (Deck Slab):S3,0.33,0.18,11.7
C1246,10,Bản mặt cầu (Deck Slab):S3,0.33,0.18,11.7
C1247,10,Cọc khoan nhồi D1200 (26 cọc L=872m):P1-P1D,3.39,0.18,11.7
C1247,10,Cọc khoan nhồi D1200 (26 cọc L=872m):P1-P1D,3.39,0.18,11.7
C1247,10,Cọc khoan nhồi D1200 (26 cọc L=872m):P1-P1D,3.39,0.18,11.7
C1247,10,Bản mặt cầu (Deck Slab):S3,0.33,0.18,11.7
C1247,10,Bản mặt cầu (Deck Slab):S3,0.33,0.18,11.7
C1247,10,Bản mặt cầu (Deck Slab):S3,0.33,0.18,11.7
C1247,10,Bản mặt cầu (Deck Slab):S3,0.33,0.18,11.7
C1248,10,Cọc khoan nhồi D1200 (26 cọc L=872m):P1-P1D,3.39,0.18,11.7
C1248,10,Cọc khoan nhồi D1200 (26 cọc L=872m):P1-P1D,3.39,0.18,11.7
C1248,10,Cọc khoan nhồi D1200 (26 cọc L=872m):P1-P1D,3.39,0.18,11.7
C1248,10,Bản mặt cầu (Deck Slab):S3,0.33,0.18,11.7
C1248,10,Bản mặt cầu (Deck Slab):S3,0.33,0.18,11.7
C1248,10,Bản mặt cầu (Deck Slab):S3,0.33,0.18,11.7
C1248,10,Bản mặt cầu (Deck Slab):S3,0.33,0.18,11.7
C1249,10,Cọc khoan nhồi D1200 (26 cọc L=872m):P1-P1D,3.39,0.18,11.7
C1249,10,Cọc khoan nhồi D1200 (26 cọc L=872m):P1-P1D,3.39,0.18,11.7
C1249,10,Cọc khoan nhồi D1200 (26 cọc L=872m):P1-P1D,3.39,0.18,11.7
C1249,10,Bản mặt cầu (Deck Slab):S3,0.33,0.18,11.7
C1249,10,Bản mặt cầu (Deck Slab):S3,0.33,0.18,11.7
C1249,10,Bản mặt cầu (Deck Slab):S3,0.33,0.18,11.7
C1249,10,Bản mặt cầu (Deck Slab):S3,0.33,0.18,11.7
C1250,10,Cọc khoan nhồi D1200 (26 cọc L=872m):P1-P1D,3.39,0.18,11.7
C1250,10,Cọc khoan nhồi D1200 (26 cọc L=872m):P1-P1D,3.39,0.18,11.7
C1250,10,Cọc khoan nhồi D1200 (26 cọc L=872m):P1-P1D,3.39,0.18,11.7
C1250,10,Bản mặt cầu (Deck Slab):S3,0.33,0.18,11.7
C1250,10,Bản mặt cầu (Deck Slab):S3,0.33,0.18,11.7
C1250,10,Bản mặt cầu (Deck Slab):S3,0.33,0.18,11.7
C1250,10,Bản mặt cầu (Deck Slab):S3,0.33,0.18,11.7
C1251,10,Cọc khoan nhồi D1200 (26 cọc L=872m):P1-P1D,3.39,0.18,11.7
C1251,10,Cọc khoan nhồi D1200 (26 cọc L=872m):P1-P1D,3.39,0.18,11.7
C1251,10,Cọc khoan nhồi D1200 (26 cọc L=872m):P1-P1D,3.39,0.18,11.7
C1251,10,Bản mặt cầu (Deck Slab):S3,0.33,0.18,11.7
C1251,10,Bản mặt cầu (Deck Slab):S3,0.33,0.18,11.7
C1251,10,Bản mặt cầu (Deck Slab):S3,0.33,0.18,11.7
C1251,10,Bản mặt cầu (Deck Slab):S3,0.33,0.18,11.7
C1252,10,Cọc khoan nhồi D1200 (26 cọc L=872m):P1-P1D,3.39,0.18,11.7
C1252,10,Cọc khoan nhồi D1200 (26 cọc L=872m):P1-P1D,3.39,0.18,11.7
C1252,10,Cọc khoan nhồi D1200 (26 cọc L=872m):P1-P1D,3.39,0.18,11.7
C1252,10,Bản mặt cầu (Deck Slab):S3,0.33,0.18,11.7
C1252,10,Bản mặt cầu (Deck Slab):S3,0.33,0.18,11.7
C1252,10,Bản mặt cầu (Deck Slab):S3,0.33,0.18,11.7
C1252,10,Bản mặt cầu (Deck Slab):S3,0.33,0.18,11.7
C1253,10,Cọc khoan nhồi D1200 (26 cọc L=872m):P1-P1D,3.39,0.18,11.7
C1253,10,Cọc khoan nhồi D1200 (26 cọc L=872m):P1-P1D,3.39,0.18,11.7
C1253,10,Cọc khoan nhồi D1200 (26 cọc L=872m):P1-P1D,3.39,0.18,11.7
C1253,10,Bản mặt cầu (Deck Slab):S3,0.33,0.18,11.7
C1253,10,Bản mặt cầu (Deck Slab):S3,0.33,0.18,11.7
C1253,10,Bản mặt cầu (Deck Slab):S3,0.33,0.18,11.7
C1253,10,Bản mặt cầu (Deck Slab):S3,0.33,0.18,11.7
C1254,10,Cọc khoan nhồi D1200 (26 cọc L=872m):P1-P1D,3.39,0.18,11.7
C1254,10,Cọc khoan nhồi D1200 (26 cọc L=872m):P1-P1D,3.39,0.18,11.7
C1254,10,Cọc khoan nhồi D1200 (26 cọc L=872m):P1-P1D,3.39,0.18,11.7
C1254,10,Bản mặt cầu (Deck Slab):S3,0.33,0.18,11.7
C1254,10,Bản mặt cầu (Deck Slab):S3,0.33,0.18,11.7
C1254,10,Bản mặt cầu (Deck Slab):S3,0.33,0.18,11.7
C1254,10,Bản mặt cầu (Deck Slab):S3,0.33,0.18,11.7
C1255,10,Cọc khoan nhồi D1200 (26 cọc L=872m):P1-P1D,3.39,0.18,11.7
C1255,10,Cọc khoan nhồi D1200 (26 cọc L=872m):P1-P1D,3.39,0.18,11.7
C1255,10,Cọc khoan nhồi D1200 (26 cọc L=872m):P1-P1D,3.39,0.18,11.7
C1255,10,Bản mặt cầu (Deck Slab):S3,0.33,0.18,11.7
C1255,10,Bản mặt cầu (Deck Slab):S3,0.33,0.18,11.7
C1255,10,Bản mặt cầu (Deck Slab):S3,0.33,0.18,11.7
C1255,10,Bản mặt cầu (Deck Slab):S3,0.33,0.18,11.7
C1256,10,Cọc khoan nhồi D1200 (26 cọc L=872m):P1-P1D,3.39,0.18,11.7
C1256,10,Cọc khoan nhồi D1200 (26 cọc L=872m):P1-P1D,3.39,0.18,11.7
C1256,10,Cọc khoan nhồi D1200 (26 cọc L=872m):P1-P1D,3.39,0.18,11.7
C1256,10,Bản mặt cầu (Deck Slab):S3,0.33,0.18,11.7
C1256,10,Bản mặt cầu (Deck Slab):S3,0.33,0.18,11.7
C1256,10,Bản mặt cầu (Deck Slab):S3,0.33,0.18,11.7
C1256,10,Bản mặt cầu (Deck Slab):S3,0.33,0.18,11.7
C1257,10,Cọc khoan nhồi D1200 (26 cọc L=872m):P1-P1D,3.39,0.18,11.7
C1257,10,Cọc khoan nhồi D1200 (26 cọc L=872m):P1-P1D,3.39,0.18,11.7
C1257,10,Cọc khoan nhồi D1200 (26 cọc L=872m):P1-P1D,3.39,0.18,11.7
C1257,10,Bản mặt cầu (Deck Slab):S3,0.33,0.18,11.7
C1257,10,Bản mặt cầu (Deck Slab):S3,0.33,0.18,11.7
C1257,10,Bản mặt cầu (Deck Slab):S3,0.33,0.18,11.7
C1257,10,Bản mặt cầu (Deck Slab):S3,0.33,0.18,11.7
C1258,10,Cọc khoan nhồi D1200 (26 cọc L=872m):P1-P1D,3.39,0.18,11.7
C1258,10,Cọc khoan nhồi D1200 (26 cọc L=872m):P1-P1D,3.39,0.18,11.7
C1258,10,Cọc khoan nhồi D1200 (26 cọc L=872m):P1-P1D,3.39,0.18,11.7
C1258,10,Bản mặt cầu (Deck Slab):S3,0.33,0.18,11.7
C1258,10,Bản mặt cầu (Deck Slab):S3,0.33,0.18,11.7
C1258,10,Bản mặt cầu (Deck Slab):S3,0.33,0.18,11.7
C1258,10,Bản mặt cầu (Deck Slab):S3,0.33,0.18,11.7
C1259,10,Cọc khoan nhồi D1200 (26 cọc L=872m):P1-P1D,3.39,0.18,11.7
C1259,10,Cọc khoan nhồi D1200 (26 cọc L=872m):P1-P1D,3.39,0.18,11.7
C1259,10,Cọc khoan nhồi D1200 (26 cọc L=872m):P1-P1D,3.39,0.18,11.7
C1259,10,Bản mặt cầu (Deck Slab):S3,0.33,0.18,11.7
C1259,10,Bản mặt cầu (Deck Slab):S3,0.33,0.18,11.7
C1259,10,Bản mặt cầu (Deck Slab):S3,0.33,0.18,11.7
C1259,10,Bản mặt cầu (Deck Slab):S3,0.33,0.18,11.7
C1260,10,Cọc khoan nhồi D1200 (26 cọc L=872m):P1-P1D,3.39,0.18,11.7
C1260,10,Cọc khoan nhồi D1200 (26 cọc L=872m):P1-P1D,3.39,0.18,11.7
C1260,10,Cọc khoan nhồi D1200 (26 cọc L=872m):P1-P1D,3.39,0.18,11.7
C1260,10,Bản mặt cầu (Deck Slab):S3,0.33,0.18,11.7
C1260,10,Bản mặt cầu (Deck Slab):S3,0.33,0.18,11.7
C1260,10,Bản mặt cầu (Deck Slab):S3,0.33,0.18,11.7
C1260,10,Bản mặt cầu (Deck Slab):S3,0.33,0.18,11.7
C1261,10,Cọc khoan nhồi D1200 (26 cọc L=872m):P1-P1D,3.39,0.18,11.7
C1261,10,Cọc khoan nhồi D1200 (26 cọc L=872m):P1-P1D,3.39,0.18,11.7
C1261,10,Cọc khoan nhồi D1200 (26 cọc L=872m):P1-P1D,3.39,0.18,11.7
C1261,10,Bản mặt cầu (Deck Slab):S3,0.33,0.18,11.7
C1261,10,Bản mặt cầu (Deck Slab):S3,0.33,0.18,11.7
C1261,10,Bản mặt cầu (Deck Slab):S3,0.33,0.18,11.7
C1261,10,Bản mặt cầu (Deck Slab):S3,0.33,0.18,11.7
C1262,10,Cọc khoan nhồi D1200 (26 cọc L=872m):P1-P1D,3.39,0.18,11.7
C1262,10,Cọc khoan nhồi D1200 (26 cọc L=872m):P1-P1D,3.39,0.18,11.7
C1262,10,Cọc khoan nhồi D1200 (26 cọc L=872m):P1-P1D,3.39,0.18,11.7
C1262,10,Bản mặt cầu (Deck Slab):S3,0.33,0.18,11.7
C1262,10,Bản mặt cầu (Deck Slab):S3,0.33,0.18,11.7
C1262,10,Bản mặt cầu (Deck Slab):S3,0.33,0.18,11.7
C1262,10,Bản mặt cầu (Deck Slab):S3,0.33,0.18,11.7
C1263,10,Cọc khoan nhồi D1200 (26 cọc L=872m):P1-P1D,3.39,0.18,11.7
C1263,10,Cọc khoan nhồi D1200 (26 cọc L=872m):P1-P1D,3.39,0.18,11.7
C1263,10,Cọc khoan nhồi D1200 (26 cọc L=872m):P1-P1D,3.39,0.18,11.7
C1263,10,Bản mặt cầu (Deck Slab):S3,0.33,0.18,11.7
C1263,10,Bản mặt cầu (Deck Slab):S3,0.33,0.18,11.7
C1263,10,Bản mặt cầu (Deck Slab):S3,0.33,0.18,11.7
C1263,10,Bản mặt cầu (Deck Slab):S3,0.33,0.18,11.7
C1264,10,Cọc khoan nhồi D1200 (26 cọc L=872m):P1-P1D,3.39,0.18,11.7
C1264,10,Cọc khoan nhồi D1200 (26 cọc L=872m):P1-P1D,3.39,0.18,11.7
C1264,10,Cọc khoan nhồi D1200 (26 cọc L=872m):P1-P1D,3.39,0.18,11.7
C1264,10,Bản mặt cầu (Deck Slab):S3,0.33,0.18,11.7
C1264,10,Bản mặt cầu (Deck Slab):S3,0.33,0.18,11.7
C1264,10,Bản mặt cầu (Deck Slab):S3,0.33,0.18,11.7
C1264,10,Bản mặt cầu (Deck Slab):S3,0.33,0.18,11.7
C1265,10,Cọc khoan nhồi D1200 (26 cọc L=872m):P1-P1D,3.39,0.18,11.7
C1265,10,Cọc khoan nhồi D1200 (26 cọc L=872m):P1-P1D,3.39,0.18,11.7
C1265,10,Cọc khoan nhồi D1200 (26 cọc L=872m):P1-P1D,3.39,0.18,11.7
C1265,10,Bản mặt cầu (Deck Slab):S3,0.33,0.18,11.7
C1265,10,Bản mặt cầu (Deck Slab):S3,0.33,0.18,11.7
C1265,10,Bản mặt cầu (Deck Slab):S3,0.33,0.18,11.7
C1265,10,Bản mặt cầu (Deck Slab):S3,0.33,0.18,11.7
C1266,10,Cọc khoan nhồi D1200 (26 cọc L=872m):P1-P1D,3.39,0.18,11.7
C1266,10,Cọc khoan nhồi D1200 (26 cọc L=872m):P1-P1D,3.39,0.18,11.7
C1266,10,Cọc khoan nhồi D1200 (26 cọc L=872m):P1-P1D,3.39,0.18,11.7
C1266,10,Bản mặt cầu (Deck Slab):S3,0.33,0.18,11.7
C1266,10,Bản mặt cầu (Deck Slab):S3,0.33,0.18,11.7
C1266,10,Bản mặt cầu (Deck Slab):S3,0.33,0.18,11.7
C1266,10,Bản mặt cầu (Deck Slab):S3,0.33,0.18,11.7
C1267,10,Cọc khoan nhồi D1200 (26 cọc L=872m):P1-P1D,3.39,0.18,11.7
C1267,10,Cọc khoan nhồi D1200 (26 cọc L=872m):P1-P1D,3.39,0.18,11.7
C1267,10,Cọc khoan nhồi D1200 (26 cọc L=872m):P1-P1D,3.39,0.18,11.7
C1267,10,Bản mặt cầu (Deck Slab):S3,0.33,0.18,11.7
C1267,10,Bản mặt cầu (Deck Slab):S3,0.33,0.18,11.7
C1267,10,Bản mặt cầu (Deck Slab):S3,0.33,0.18,11.7
C1267,10,Bản mặt cầu (Deck Slab):S3,0.33,0.18,11.7
C1268,10,Cọc khoan nhồi D1200 (26 cọc L=872m):P1-P1D,3.39,0.18,11.7
C1268,10,Cọc khoan nhồi D1200 (26 cọc L=872m):P1-P1D,3.39,0.18,11.7
C1268,10,Cọc khoan nhồi D1200 (26 cọc L=872m):P1-P1D,3.39,0.18,11.7
C1268,10,Bản mặt cầu (Deck Slab):S3,0.33,0.18,11.7
C1268,10,Bản mặt cầu (Deck Slab):S3,0.33,0.18,11.7
C1268,10,Bản mặt cầu (Deck Slab):S3,0.33,0.18,11.7
C1268,10,Bản mặt cầu (Deck Slab):S3,0.33,0.18,11.7
C1269,10,Cọc khoan nhồi D1200 (26 cọc L=872m):P1-P1D,3.39,0.18,11.7
C1269,10,Cọc khoan nhồi D1200 (26 cọc L=872m):P1-P1D,3.39,0.18,11.7
C1269,10,Cọc khoan nhồi D1200 (26 cọc L=872m):P1-P1D,3.39,0.18,11.7
C1269,10,Bản mặt cầu (Deck Slab):S3,0.33,0.18,11.7
C1269,10,Bản mặt cầu (Deck Slab):S3,0.33,0.18,11.7
C1269,10,Bản mặt cầu (Deck Slab):S3,0.33,0.18,11.7
C1269,10,Bản mặt cầu (Deck Slab):S3,0.33,0.18,11.7
C1270,10,Cọc khoan nhồi D1200 (26 cọc L=872m):P1-P1D,3.39,0.18,11.7
C1270,10,Cọc khoan nhồi D1200 (26 cọc L=872m):P1-P1D,3.39,0.18,11.7
C1270,10,Cọc khoan nhồi D1200 (26 cọc L=872m):P1-P1D,3.39,0.18,11.7
C1270,10,Bản mặt cầu (Deck Slab):S3,0.33,0.18,11.7
C1270,10,Bản mặt cầu (Deck Slab):S3,0.33,0.18,11.7
C1270,10,Bản mặt cầu (Deck Slab):S3,0.33,0.18,11.7
C1270,10,Bản mặt cầu (Deck Slab):S3,0.33,0.18,11.7
C1271,10,Cọc khoan nhồi D1200 (26 cọc L=872m):P1-P1D,3.39,0.18,11.7
C1271,10,Cọc khoan nhồi D1200 (26 cọc L=872m):P1-P1D,3.39,0.18,11.7
C1271,10,Cọc khoan nhồi D1200 (26 cọc L=872m):P1-P1D,3.39,0.18,11.7
C1271,10,Bản mặt cầu (Deck Slab):S3,0.33,0.18,11.7
C1271,10,Bản mặt cầu (Deck Slab):S3,0.33,0.18,11.7
C1271,10,Bản mặt cầu (Deck Slab):S3,0.33,0.18,11.7
C1271,10,Bản mặt cầu (Deck Slab):S3,0.33,0.18,11.7
C1272,10,Cọc khoan nhồi D1200 (26 cọc L=872m):P1-P1D,3.39,0.18,11.7
C1272,10,Cọc khoan nhồi D1200 (26 cọc L=872m):P1-P1D,3.39,0.18,11.7
C1272,10,Cọc khoan nhồi D1200 (26 cọc L=872m):P1-P1D,3.39,0.18,11.7
C1272,10,Bản mặt cầu (Deck Slab):S3,0.33,0.18,11.7
C1272,10,Bản mặt cầu (Deck Slab):S3,0.33,0.18,11.7
C1272,10,Bản mặt cầu (Deck Slab):S3,0.33,0.18,11.7
C1272,10,Bản mặt cầu (Deck Slab):S3,0.33,0.18,11.7
C1273,10,Cọc khoan nhồi D1200 (26 cọc L=872m):P1-P1D,3.39,0.18,11.7
C1273,10,Cọc khoan nhồi D1200 (26 cọc L=872m):P1-P1D,3.39,0.18,11.7
C1273,10,Cọc khoan nhồi D1200 (26 cọc L=872m):P1-P1D,3.39,0.18,11.7
C1273,10,Bản mặt cầu (Deck Slab):S3,0.33,0.18,11.7
C1273,10,Bản mặt cầu (Deck Slab):S3,0.33,0.18,11.7
C1273,10,Bản mặt cầu (Deck Slab):S3,0.33,0.18,11.7
C1273,10,Bản mặt cầu (Deck Slab):S3,0.33,0.18,11.7
C1274,10,Cọc khoan nhồi D1200 (26 cọc L=872m):P1-P1D,3.39,0.18,11.7
C1274,10,Cọc khoan nhồi D1200 (26 cọc L=872m):P1-P1D,3.39,0.18,11.7
C1274,10,Cọc khoan nhồi D1200 (26 cọc L=872m):P1-P1D,3.39,0.18,11.7
C1274,10,Bản mặt cầu (Deck Slab):S3,0.33,0.18,11.7
C1274,10,Bản mặt cầu (Deck Slab):S3,0.33,0.18,11.7
C1274,10,Bản mặt cầu (Deck Slab):S3,0.33,0.18,11.7
C1274,10,Bản mặt cầu (Deck Slab):S3,0.33,0.18,11.7
C1275,10,Cọc khoan nhồi D1200 (26 cọc L=872m):P1-P1D,3.39,0.18,11.7
C1275,10,Cọc khoan nhồi D1200 (26 cọc L=872m):P1-P1D,3.39,0.18,11.7
C1275,10,Cọc khoan nhồi D1200 (26 cọc L=872m):P1-P1D,3.39,0.18,11.7
C1275,10,Bản mặt cầu (Deck Slab):S3,0.33,0.18,11.7
C1275,10,Bản mặt cầu (Deck Slab):S3,0.33,0.18,11.7
C1275,10,Bản mặt cầu (Deck Slab):S3,0.33,0.18,11.7
C1275,10,Bản mặt cầu (Deck Slab):S3,0.33,0.18,11.7
C1276,10,Cọc khoan nhồi D1200 (26 cọc L=872m):P1-P1D,3.39,0.18,11.7
C1276,10,Cọc khoan nhồi D1200 (26 cọc L=872m):P1-P1D,3.39,0.18,11.7
C1276,10,Cọc khoan nhồi D1200 (26 cọc L=872m):P1-P1D,3.39,0.18,11.7
C1276,10,Bản mặt cầu (Deck Slab):S3,0.33,0.18,11.7
C1276,10,Bản mặt cầu (Deck Slab):S3,0.33,0.18,11.7
C1276,10,Bản mặt cầu (Deck Slab):S3,0.33,0.18,11.7
C1276,10,Bản mặt cầu (Deck Slab):S3,0.33,0.18,11.7
C1277,10,Cọc khoan nhồi D1200 (26 cọc L=872m):P1-P1D,3.39,0.18,11.7
C1277,10,Cọc khoan nhồi D1200 (26 cọc L=872m):P1-P1D,3.39,0.18,11.7
C1277,10,Cọc khoan nhồi D1200 (26 cọc L=872m):P1-P1D,3.39,0.18,11.7
C1277,10,Bản mặt cầu (Deck Slab):S3,0.33,0.18,11.7
C1277,10,Bản mặt cầu (Deck Slab):S3,0.33,0.18,11.7
C1277,10,Bản mặt cầu (Deck Slab):S3,0.33,0.18,11.7
C1277,10,Bản mặt cầu (Deck Slab):S3,0.33,0.18,11.7
C1278,10,Cọc khoan nhồi D1200 (26 cọc L=872m):P1-P1D,3.39,0.18,11.7
C1278,10,Cọc khoan nhồi D1200 (26 cọc L=872m):P1-P1D,3.39,0.18,11.7
C1278,10,Cọc khoan nhồi D1200 (26 cọc L=872m):P1-P1D,3.39,0.18,11.7
C1278,10,Bản mặt cầu (Deck Slab):S3,0.33,0.18,11.7
C1278,10,Bản mặt cầu (Deck Slab):S3,0.33,0.18,11.7
C1278,10,Bản mặt cầu (Deck Slab):S3,0.33,0.18,11.7
C1278,10,Bản mặt cầu (Deck Slab):S3,0.33,0.18,11.7
C1279,10,Cọc khoan nhồi D1200 (26 cọc L=872m):P1-P1D,3.39,0.18,11.7
C1279,10,Cọc khoan nhồi D1200 (26 cọc L=872m):P1-P1D,3.39,0.18,11.7
C1279,10,Cọc khoan nhồi D1200 (26 cọc L=872m):P1-P1D,3.39,0.18,11.7
C1279,10,Bản mặt cầu (Deck Slab):S3,0.33,0.18,11.7
C1279,10,Bản mặt cầu (Deck Slab):S3,0.33,0.18,11.7
C1279,10,Bản mặt cầu (Deck Slab):S3,0.33,0.18,11.7
C1279,10,Bản mặt cầu (Deck Slab):S3,0.33,0.18,11.7
C1280,10,Cọc khoan nhồi D1200 (26 cọc L=872m):P1-P1D,3.39,0.18,11.7
C1280,10,Cọc khoan nhồi D1200 (26 cọc L=872m):P1-P1D,3.39,0.18,11.7
C1280,10,Cọc khoan nhồi D1200 (26 cọc L=872m):P1-P1D,3.39,0.18,11.7
C1280,10,Bản mặt cầu (Deck Slab):S3,0.33,0.18,11.7
C1280,10,Bản mặt cầu (Deck Slab):S3,0.33,0.18,11.7
C1280,10,Bản mặt cầu (Deck Slab):S3,0.33,0.18,11.7
C1280,10,Bản mặt cầu (Deck Slab):S3,0.33,0.18,11.7
C1281,10,Cọc khoan nhồi D1200 (26 cọc L=872m):P1-P1D,3.39,0.18,11.7
C1281,10,Cọc khoan nhồi D1200 (26 cọc L=872m):P1-P1D,3.39,0.18,11.7
C1281,10,Cọc khoan nhồi D1200 (26 cọc L=872m):P1-P1D,3.39,0.18,11.7
C1281,10,Bản mặt cầu (Deck Slab):S3,0.33,0.18,11.7
C1281,10,Bản mặt cầu (Deck Slab):S3,0.33,0.18,11.7
C1281,10,Bản mặt cầu (Deck Slab):S3,0.33,0.18,11.7
C1281,10,Bản mặt cầu (Deck Slab):S3,0.33,0.18,11.7
C1282,10,Cọc khoan nhồi D1200 (26 cọc L=872m):P1-P1D,3.39,0.18,11.7
C1282,10,Cọc khoan nhồi D1200 (26 cọc L=872m):P1-P1D,3.39,0.18,11.7
C1282,10,Cọc khoan nhồi D1200 (26 cọc L=872m):P1-P1D,3.39,0.18,11.7
C1282,10,Bản mặt cầu (Deck Slab):S3,0.33,0.18,11.7
C1282,10,Bản mặt cầu (Deck Slab):S3,0.33,0.18,11.7
C1282,10,Bản mặt cầu (Deck Slab):S3,0.33,0.18,11.7
C1282,10,Bản mặt cầu (Deck Slab):S3,0.33,0.18,11.7
C1283,10,Cọc khoan nhồi D1200 (26 cọc L=872m):P1-P1D,3.39,0.18,11.7
C1283,10,Cọc khoan nhồi D1200 (26 cọc L=872m):P1-P1D,3.39,0.18,11.7
C1283,10,Cọc khoan nhồi D1200 (26 cọc L=872m):P1-P1D,3.39,0.18,11.7
C1283,10,Bản mặt cầu (Deck Slab):S3,0.33,0.18,11.7
C1283,10,Bản mặt cầu (Deck Slab):S3,0.33,0.18,11.7
C1283,10,Bản mặt cầu (Deck Slab):S3,0.33,0.18,11.7
C1283,10,Bản mặt cầu (Deck Slab):S3,0.33,0.18,11.7
C1284,10,Cọc khoan nhồi D1200 (26 cọc L=872m):P1-P1D,3.39,0.18,11.7
C1284,10,Cọc khoan nhồi D1200 (26 cọc L=872m):P1-P1D,3.39,0.18,11.7
C1284,10,Cọc khoan nhồi D1200 (26 cọc L=872m):P1-P1D,3.39,0.18,11.7
C1284,10,Bản mặt cầu (Deck Slab):S3,0.33,0.18,11.7
C1284,10,Bản mặt cầu (Deck Slab):S3,0.33,0.18,11.7
C1284,10,Bản mặt cầu (Deck Slab):S3,0.33,0.18,11.7
C1284,10,Bản mặt cầu (Deck Slab):S3,0.33,0.18,11.7
C1285,10,Cọc khoan nhồi D1200 (26 cọc L=872m):P1-P1D,3.39,0.18,11.7
C1285,10,Cọc khoan nhồi D1200 (26 cọc L=872m):P1-P1D,3.39,0.18,11.7
C1285,10,Cọc khoan nhồi D1200 (26 cọc L=872m):P1-P1D,3.39,0.18,11.7
C1285,10,Bản mặt cầu (Deck Slab):S3,0.33,0.18,11.7
C1285,10,Bản mặt cầu (Deck Slab):S3,0.33,0.18,11.7
C1285,10,Bản mặt cầu (Deck Slab):S3,0.33,0.18,11.7
C1285,10,Bản mặt cầu (Deck Slab):S3,0.33,0.18,11.7
C1286,10,Cọc khoan nhồi D1200 (26 cọc L=872m):P1-P1D,3.39,0.18,11.7
C1286,10,Cọc khoan nhồi D1200 (26 cọc L=872m):P1-P1D,3.39,0.18,11.7
C1286,10,Cọc khoan nhồi D1200 (26 cọc L=872m):P1-P1D,3.39,0.18,11.7
C1286,10,Bản mặt cầu (Deck Slab):S3,0.33,0.18,11.7
C1286,10,Bản mặt cầu (Deck Slab):S3,0.33,0.18,11.7
C1286,10,Bản mặt cầu (Deck Slab):S3,0.33,0.18,11.7
C1286,10,Bản mặt cầu (Deck Slab):S3,0.33,0.18,11.7
C1287,10,Cọc khoan nhồi D1200 (26 cọc L=872m):P1-P1D,3.39,0.18,11.7
C1287,10,Cọc khoan nhồi D1200 (26 cọc L=872m):P1-P1D,3.39,0.18,11.7
C1287,10,Cọc khoan nhồi D1200 (26 cọc L=872m):P1-P1D,3.39,0.18,11.7
C1287,10,Bản mặt cầu (Deck Slab):S3,0.33,0.18,11.7
C1287,10,Bản mặt cầu (Deck Slab):S3,0.33,0.18,11.7
C1287,10,Bản mặt cầu (Deck Slab):S3,0.33,0.18,11.7
C1287,10,Bản mặt cầu (Deck Slab):S3,0.33,0.18,11.7
C1288,10,Cọc khoan nhồi D1200 (26 cọc L=872m):P1-P1D,3.39,0.18,11.7
C1288,10,Cọc khoan nhồi D1200 (26 cọc L=872m):P1-P1D,3.39,0.18,11.7
C1288,10,Cọc khoan nhồi D1200 (26 cọc L=872m):P1-P1D,3.39,0.18,11.7
C1288,10,Bản mặt cầu (Deck Slab):S3,0.33,0.18,11.7
C1288,10,Bản mặt cầu (Deck Slab):S3,0.33,0.18,11.7
C1288,10,Bản mặt cầu (Deck Slab):S3,0.33,0.18,11.7
C1288,10,Bản mặt cầu (Deck Slab):S3,0.33,0.18,11.7
C1289,10,Cọc khoan nhồi D1200 (26 cọc L=872m):P1-P1D,3.39,0.18,11.7
C1289,10,Cọc khoan nhồi D1200 (26 cọc L=872m):P1-P1D,3.39,0.18,11.7
C1289,10,Cọc khoan nhồi D1200 (26 cọc L=872m):P1-P1D,3.39,0.18,11.7
C1289,10,Bản mặt cầu (Deck Slab):S3,0.33,0.18,11.7
C1289,10,Bản mặt cầu (Deck Slab):S3,0.33,0.18,11.7
C1289,10,Bản mặt cầu (Deck Slab):S3,0.33,0.18,11.7
C1289,10,Bản mặt cầu (Deck Slab):S3,0.33,0.18,11.7
C1290,10,Cọc khoan nhồi D1200 (26 cọc L=872m):P1-P1D,3.39,0.18,11.7
C1290,10,Cọc khoan nhồi D1200 (26 cọc L=872m):P1-P1D,3.39,0.18,11.7
C1290,10,Cọc khoan nhồi D1200 (26 cọc L=872m):P1-P1D,3.39,0.18,11.7
C1290,10,Bản mặt cầu (Deck Slab):S3,0.33,0.18,11.7
C1290,10,Bản mặt cầu (Deck Slab):S3,0.33,0.18,11.7
C1290,10,Bản mặt cầu (Deck Slab):S3,0.33,0.18,11.7
C1290,10,Bản mặt cầu (Deck Slab):S3,0.33,0.18,11.7
C1291,10,Cọc khoan nhồi D1200 (26 cọc L=872m):P1-P1D,3.39,0.18,11.7
C1291,10,Cọc khoan nhồi D1200 (26 cọc L=872m):P1-P1D,3.39,0.18,11.7
C1291,10,Cọc khoan nhồi D1200 (26 cọc L=872m):P1-P1D,3.39,0.18,11.7
C1291,10,Bản mặt cầu (Deck Slab):S3,0.33,0.18,11.7
C1291,10,Bản mặt cầu (Deck Slab):S3,0.33,0.18,11.7
C1291,10,Bản mặt cầu (Deck Slab):S3,0.33,0.18,11.7
C1291,10,Bản mặt cầu (Deck Slab):S3,0.33,0.18,11.7
C1292,10,Cọc khoan nhồi D1200 (26 cọc L=872m):P1-P1D,3.39,0.18,11.7
C1292,10,Cọc khoan nhồi D1200 (26 cọc L=872m):P1-P1D,3.39,0.18,11.7
C1292,10,Cọc khoan nhồi D1200 (26 cọc L=872m):P1-P1D,3.39,0.18,11.7
C1292,10,Bản mặt cầu (Deck Slab):S3,0.33,0.18,11.7
C1292,10,Bản mặt cầu (Deck Slab):S3,0.33,0.18,11.7
C1292,10,Bản mặt cầu (Deck Slab):S3,0.33,0.18,11.7
C1292,10,Bản mặt cầu (Deck Slab):S3,0.33,0.18,11.7
C1293,10,Cọc khoan nhồi D1200 (26 cọc L=872m):P1-P1D,3.39,0.18,11.7
C1293,10,Cọc khoan nhồi D1200 (26 cọc L=872m):P1-P1D,3.39,0.18,11.7
C1293,10,Cọc khoan nhồi D1200 (26 cọc L=872m):P1-P1D,3.39,0.18,11.7
C1293,10,Bản mặt cầu (Deck Slab):S3,0.33,0.18,11.7
C1293,10,Bản mặt cầu (Deck Slab):S3,0.33,0.18,11.7
C1293,10,Bản mặt cầu (Deck Slab):S3,0.33,0.18,11.7
C1293,10,Bản mặt cầu (Deck Slab):S3,0.33,0.18,11.7
C1294,10,Cọc khoan nhồi D1200 (26 cọc L=872m):P1-P1D,3.39,0.18,11.7
C1294,10,Cọc khoan nhồi D1200 (26 cọc L=872m):P1-P1D,3.39,0.18,11.7
C1294,10,Cọc khoan nhồi D1200 (26 cọc L=872m):P1-P1D,3.39,0.18,11.7
C1294,10,Bản mặt cầu (Deck Slab):S3,0.33,0.18,11.7
C1294,10,Bản mặt cầu (Deck Slab):S3,0.33,0.18,11.7
C1294,10,Bản mặt cầu (Deck Slab):S3,0.33,0.18,11.7
C1294,10,Bản mặt cầu (Deck Slab):S3,0.33,0.18,11.7
C1295,10,Cọc khoan nhồi D1200 (26 cọc L=872m):P1-P1D,3.39,0.18,11.7
C1295,10,Cọc khoan nhồi D1200 (26 cọc L=872m):P1-P1D,3.39,0.18,11.7
C1295,10,Cọc khoan nhồi D1200 (26 cọc L=872m):P1-P1D,3.39,0.18,11.7
C1295,10,Bản mặt cầu (Deck Slab):S3,0.33,0.18,11.7
C1295,10,Bản mặt cầu (Deck Slab):S3,0.33,0.18,11.7
C1295,10,Bản mặt cầu (Deck Slab):S3,0.33,0.18,11.7
C1295,10,Bản mặt cầu (Deck Slab):S3,0.33,0.18,11.7
C1296,10,Cọc khoan nhồi D1200 (26 cọc L=872m):P1-P1D,3.39,0.18,11.7
C1296,10,Cọc khoan nhồi D1200 (26 cọc L=872m):P1-P1D,3.39,0.18,11.7
C1296,10,Cọc khoan nhồi D1200 (26 cọc L=872m):P1-P1D,3.39,0.18,11.7
C1296,10,Bản mặt cầu (Deck Slab):S3,0.33,0.18,11.7
C1296,10,Bản mặt cầu (Deck Slab):S3,0.33,0.18,11.7
C1296,10,Bản mặt cầu (Deck Slab):S3,0.33,0.18,11.7
C1296,10,Bản mặt cầu (Deck Slab):S3,0.33,0.18,11.7
C1297,10,Cọc khoan nhồi D1200 (26 cọc L=872m):P1-P1D,3.39,0.18,11.7
C1297,10,Cọc khoan nhồi D1200 (26 cọc L=872m):P1-P1D,3.39,0.18,11.7
C1297,10,Cọc khoan nhồi D1200 (26 cọc L=872m):P1-P1D,3.39,0.18,11.7
C1297,10,Bản mặt cầu (Deck Slab):S3,0.33,0.18,11.7
C1297,10,Bản mặt cầu (Deck Slab):S3,0.33,0.18,11.7
C1297,10,Bản mặt cầu (Deck Slab):S3,0.33,0.18,11.7
C1297,10,Bản mặt cầu (Deck Slab):S3,0.33,0.18,11.7
C1298,10,Cọc khoan nhồi D1200 (26 cọc L=872m):P1-P1D,3.39,0.18,11.7
C1298,10,Cọc khoan nhồi D1200 (26 cọc L=872m):P1-P1D,3.39,0.18,11.7
C1298,10,Cọc khoan nhồi D1200 (26 cọc L=872m):P1-P1D,3.39,0.18,11.7
C1298,10,Bản mặt cầu (Deck Slab):S3,0.33,0.18,11.7
C1298,10,Bản mặt cầu (Deck Slab):S3,0.33,0.18,11.7
C1298,10,Bản mặt cầu (Deck Slab):S3,0.33,0.18,11.7
C1298,10,Bản mặt cầu (Deck Slab):S3,0.33,0.18,11.7
C1299,10,Cọc khoan nhồi D1200 (26 cọc L=872m):P1-P1D,3.39,0.18,11.7
C1299,10,Cọc khoan nhồi D1200 (26 cọc L=872m):P1-P1D,3.39,0.18,11.7
C1299,10,Cọc khoan nhồi D1200 (26 cọc L=872m):P1-P1D,3.39,0.18,11.7
C1299,10,Bản mặt cầu (Deck Slab):S3,0.33,0.18,11.7
C1299,10,Bản mặt cầu (Deck Slab):S3,0.33,0.18,11.7
C1299,10,Bản mặt cầu (Deck Slab):S3,0.33,0.18,11.7
C1299,10,Bản mặt cầu (Deck Slab):S3,0.33,0.18,11.7
C1300,10,Cọc khoan nhồi D1200 (26 cọc L=872m):P1-P1D,3.39,0.18,11.7
C1300,10,Cọc khoan nhồi D1200 (26 cọc L=872m):P1-P1D,3.39,0.18,11.7
C1300,10,Cọc khoan nhồi D1200 (26 cọc L=872m):P1-P1D,3.39,0.18,11.7
C1300,10,Bản mặt cầu (Deck Slab):S3,0.33,0.18,11.7
C1300,10,Bản mặt cầu (Deck Slab):S3,0.33,0.18,11.7
C1300,10,Bản mặt cầu (Deck Slab):S3,0.33,0.18,11.7
C1300,10,Bản mặt cầu (Deck Slab):S3,0.33,0.18,11.7
C1301,10,Cọc khoan nhồi D1200 (26 cọc L=872m):P1-P1D,3.39,0.18,11.7
C1301,10,Cọc khoan nhồi D1200 (26 cọc L=872m):P1-P1D,3.39,0.18,11.7
C1301,10,Cọc khoan nhồi D1200 (26 cọc L=872m):P1-P1D,3.39,0.18,11.7
C1301,10,Bản mặt cầu (Deck Slab):S3,0.33,0.18,11.7
C1301,10,Bản mặt cầu (Deck Slab):S3,0.33,0.18,11.7
C1301,10,Bản mặt cầu (Deck Slab):S3,0.33,0.18,11.7
C1301,10,Bản mặt cầu (Deck Slab):S3,0.33,0.18,11.7
C1302,10,Cọc khoan nhồi D1200 (26 cọc L=872m):P1-P1D,3.39,0.18,11.7
C1302,10,Cọc khoan nhồi D1200 (26 cọc L=872m):P1-P1D,3.39,0.18,11.7
C1302,10,Cọc khoan nhồi D1200 (26 cọc L=872m):P1-P1D,3.39,0.18,11.7
C1302,10,Bản mặt cầu (Deck Slab):S3,0.33,0.18,11.7
C1302,10,Bản mặt cầu (Deck Slab):S3,0.33,0.18,11.7
C1302,10,Bản mặt cầu (Deck Slab):S3,0.33,0.18,11.7
C1302,10,Bản mặt cầu (Deck Slab):S3,0.33,0.18,11.7
C1303,10,Cọc khoan nhồi D1200 (26 cọc L=872m):P1-P1D,3.39,0.18,11.7
C1303,10,Cọc khoan nhồi D1200 (26 cọc L=872m):P1-P1D,3.39,0.18,11.7
C1303,10,Cọc khoan nhồi D1200 (26 cọc L=872m):P1-P1D,3.39,0.18,11.7
C1303,10,Bản mặt cầu (Deck Slab):S3,0.33,0.18,11.7
C1303,10,Bản mặt cầu (Deck Slab):S3,0.33,0.18,11.7
C1303,10,Bản mặt cầu (Deck Slab):S3,0.33,0.18,11.7
C1303,10,Bản mặt cầu (Deck Slab):S3,0.33,0.18,11.7
C1304,10,Cọc khoan nhồi D1200 (26 cọc L=872m):P1-P1D,3.39,0.18,11.7
C1304,10,Cọc khoan nhồi D1200 (26 cọc L=872m):P1-P1D,3.39,0.18,11.7
C1304,10,Cọc khoan nhồi D1200 (26 cọc L=872m):P1-P1D,3.39,0.18,11.7
C1304,10,Bản mặt cầu (Deck Slab):S3,0.33,0.18,11.7
C1304,10,Bản mặt cầu (Deck Slab):S3,0.33,0.18,11.7
C1304,10,Bản mặt cầu (Deck Slab):S3,0.33,0.18,11.7
C1304,10,Bản mặt cầu (Deck Slab):S3,0.33,0.18,11.7
C1305,10,Cọc khoan nhồi D1200 (26 cọc L=872m):P1-P1D,3.39,0.18,11.7
C1305,10,Cọc khoan nhồi D1200 (26 cọc L=872m):P1-P1D,3.39,0.18,11.7
C1305,10,Cọc khoan nhồi D1200 (26 cọc L=872m):P1-P1D,3.39,0.18,11.7
C1305,10,Bản mặt cầu (Deck Slab):S3,0.33,0.18,11.7
C1305,10,Bản mặt cầu (Deck Slab):S3,0.33,0.18,11.7
C1305,10,Bản mặt cầu (Deck Slab):S3,0.33,0.18,11.7
C1305,10,Bản mặt cầu (Deck Slab):S3,0.33,0.18,11.7
C1306,10,Cọc khoan nhồi D1200 (26 cọc L=872m):P1-P1D,3.39,0.18,11.7
C1306,10,Cọc khoan nhồi D1200 (26 cọc L=872m):P1-P1D,3.39,0.18,11.7
C1306,10,Cọc khoan nhồi D1200 (26 cọc L=872m):P1-P1D,3.39,0.18,11.7
C1306,10,Bản mặt cầu (Deck Slab):S3,0.33,0.18,11.7
C1306,10,Bản mặt cầu (Deck Slab):S3,0.33,0.18,11.7
C1306,10,Bản mặt cầu (Deck Slab):S3,0.33,0.18,11.7
C1306,10,Bản mặt cầu (Deck Slab):S3,0.33,0.18,11.7
C1307,10,Cọc khoan nhồi D1200 (26 cọc L=872m):P1-P1D,3.39,0.18,11.7
C1307,10,Cọc khoan nhồi D1200 (26 cọc L=872m):P1-P1D,3.39,0.18,11.7
C1307,10,Cọc khoan nhồi D1200 (26 cọc L=872m):P1-P1D,3.39,0.18,11.7
C1307,10,Bản mặt cầu (Deck Slab):S3,0.33,0.18,11.7
C1307,10,Bản mặt cầu (Deck Slab):S3,0.33,0.18,11.7
C1307,10,Bản mặt cầu (Deck Slab):S3,0.33,0.18,11.7
C1307,10,Bản mặt cầu (Deck Slab):S3,0.33,0.18,11.7
C1308,10,Cọc khoan nhồi D1200 (26 cọc L=872m):P1-P1D,3.39,0.18,11.7
C1308,10,Cọc khoan nhồi D1200 (26 cọc L=872m):P1-P1D,3.39,0.18,11.7
C1308,10,Cọc khoan nhồi D1200 (26 cọc L=872m):P1-P1D,3.39,0.18,11.7
C1308,10,Bản mặt cầu (Deck Slab):S3,0.33,0.18,11.7
C1308,10,Bản mặt cầu (Deck Slab):S3,0.33,0.18,11.7
C1308,10,Bản mặt cầu (Deck Slab):S3,0.33,0.18,11.7
C1308,10,Bản mặt cầu (Deck Slab):S3,0.33,0.18,11.7
C1309,10,Cọc khoan nhồi D1200 (26 cọc L=872m):P1-P1D,3.39,0.18,11.7
C1309,10,Cọc khoan nhồi D1200 (26 cọc L=872m):P1-P1D,3.39,0.18,11.7
C1309,10,Cọc khoan nhồi D1200 (26 cọc L=872m):P1-P1D,3.39,0.18,11.7
C1309,10,Bản mặt cầu (Deck Slab):S3,0.33,0.18,11.7
C1309,10,Bản mặt cầu (Deck Slab):S3,0.33,0.18,11.7
C1309,10,Bản mặt cầu (Deck Slab):S3,0.33,0.18,11.7
C1309,10,Bản mặt cầu (Deck Slab):S3,0.33,0.18,11.7
C1310,10,Cọc khoan nhồi D1200 (26 cọc L=872m):P1-P1D,3.39,0.18,11.7
C1310,10,Cọc khoan nhồi D1200 (26 cọc L=872m):P1-P1D,3.39,0.18,11.7
C1310,10,Cọc khoan nhồi D1200 (26 cọc L=872m):P1-P1D,3.39,0.18,11.7
C1310,10,Bản mặt cầu (Deck Slab):S3,0.33,0.18,11.7
C1310,10,Bản mặt cầu (Deck Slab):S3,0.33,0.18,11.7
C1310,10,Bản mặt cầu (Deck Slab):S3,0.33,0.18,11.7
C1310,10,Bản mặt cầu (Deck Slab):S3,0.33,0.18,11.7
C1311,10,Cọc khoan nhồi D1200 (26 cọc L=872m):P1-P1D,3.39,0.18,11.7
C1311,10,Cọc khoan nhồi D1200 (26 cọc L=872m):P1-P1D,3.39,0.18,11.7
C1311,10,Cọc khoan nhồi D1200 (26 cọc L=872m):P1-P1D,3.39,0.18,11.7
C1311,10,Bản mặt cầu (Deck Slab):S3,0.33,0.18,11.7
C1311,10,Bản mặt cầu (Deck Slab):S3,0.33,0.18,11.7
C1311,10,Bản mặt cầu (Deck Slab):S3,0.33,0.18,11.7
C1311,10,Bản mặt cầu (Deck Slab):S3,0.33,0.18,11.7
C1312,10,Cọc khoan nhồi D1200 (26 cọc L=872m):P1-P1D,3.39,0.18,11.7
C1312,10,Cọc khoan nhồi D1200 (26 cọc L=872m):P1-P1D,3.39,0.18,11.7
C1312,10,Cọc khoan nhồi D1200 (26 cọc L=872m):P1-P1D,3.39,0.18,11.7
C1312,10,Bản mặt cầu (Deck Slab):S3,0.33,0.18,11.7
C1312,10,Bản mặt cầu (Deck Slab):S3,0.33,0.18,11.7
C1312,10,Bản mặt cầu (Deck Slab):S3,0.33,0.18,11.7
C1312,10,Bản mặt cầu (Deck Slab):S3,0.33,0.18,11.7
C1313,10,Cọc khoan nhồi D1200 (26 cọc L=872m):P1-P1D,3.39,0.18,11.7
C1313,10,Cọc khoan nhồi D1200 (26 cọc L=872m):P1-P1D,3.39,0.18,11.7
C1313,10,Cọc khoan nhồi D1200 (26 cọc L=872m):P1-P1D,3.39,0.18,11.7
C1313,10,Bản mặt cầu (Deck Slab):S3,0.33,0.18,11.7
C1313,10,Bản mặt cầu (Deck Slab):S3,0.33,0.18,11.7
C1313,10,Bản mặt cầu (Deck Slab):S3,0.33,0.18,11.7
C1313,10,Bản mặt cầu (Deck Slab):S3,0.33,0.18,11.7
C1314,10,Cọc khoan nhồi D1200 (26 cọc L=872m):P1-P1D,3.39,0.18,11.7
C1314,10,Cọc khoan nhồi D1200 (26 cọc L=872m):P1-P1D,3.39,0.18,11.7
C1314,10,Cọc khoan nhồi D1200 (26 cọc L=872m):P1-P1D,3.39,0.18,11.7
C1314,10,Bản mặt cầu (Deck Slab):S3,0.33,0.18,11.7
C1314,10,Bản mặt cầu (Deck Slab):S3,0.33,0.18,11.7
C1314,10,Bản mặt cầu (Deck Slab):S3,0.33,0.18,11.7
C1314,10,Bản mặt cầu (Deck Slab):S3,0.33,0.18,11.7
C1315,10,Cọc khoan nhồi D1200 (26 cọc L=872m):P1-P1D,3.39,0.18,11.7
C1315,10,Cọc khoan nhồi D1200 (26 cọc L=872m):P1-P1D,3.39,0.18,11.7
C1315,10,Cọc khoan nhồi D1200 (26 cọc L=872m):P1-P1D,3.39,0.18,11.7
C1315,10,Bản mặt cầu (Deck Slab):S3,0.33,0.18,11.7
C1315,10,Bản mặt cầu (Deck Slab):S3,0.33,0.18,11.7
C1315,10,Bản mặt cầu (Deck Slab):S3,0.33,0.18,11.7
C1315,10,Bản mặt cầu (Deck Slab):S3,0.33,0.18,11.7
C1316,10,Cọc khoan nhồi D1200 (26 cọc L=872m):P1-P1D,3.39,0.18,11.7
C1316,10,Cọc khoan nhồi D1200 (26 cọc L=872m):P1-P1D,3.39,0.18,11.7
C1316,10,Cọc khoan nhồi D1200 (26 cọc L=872m):P1-P1D,3.39,0.18,11.7
C1316,10,Bản mặt cầu (Deck Slab):S3,0.33,0.18,11.7
C1316,10,Bản mặt cầu (Deck Slab):S3,0.33,0.18,11.7
C1316,10,Bản mặt cầu (Deck Slab):S3,0.33,0.18,11.7
C1316,10,Bản mặt cầu (Deck Slab):S3,0.33,0.18,11.7
C1317,10,Cọc khoan nhồi D1200 (26 cọc L=872m):P1-P1D,3.39,0.18,11.7
C1317,10,Cọc khoan nhồi D1200 (26 cọc L=872m):P1-P1D,3.39,0.18,11.7
C1317,10,Cọc khoan nhồi D1200 (26 cọc L=872m):P1-P1D,3.39,0.18,11.7
C1317,10,Bản mặt cầu (Deck Slab):S3,0.33,0.18,11.7
C1317,10,Bản mặt cầu (Deck Slab):S3,0.33,0.18,11.7
C1317,10,Bản mặt cầu (Deck Slab):S3,0.33,0.18,11.7
C1317,10,Bản mặt cầu (Deck Slab):S3,0.33,0.18,11.7
C1318,10,Cọc khoan nhồi D1200 (26 cọc L=872m):P1-P1D,3.39,0.18,11.7
C1318,10,Cọc khoan nhồi D1200 (26 cọc L=872m):P1-P1D,3.39,0.18,11.7
C1318,10,Cọc khoan nhồi D1200 (26 cọc L=872m):P1-P1D,3.39,0.18,11.7
C1318,10,Bản mặt cầu (Deck Slab):S3,0.33,0.18,11.7
C1318,10,Bản mặt cầu (Deck Slab):S3,0.33,0.18,11.7
C1318,10,Bản mặt cầu (Deck Slab):S3,0.33,0.18,11.7
C1318,10,Bản mặt cầu (Deck Slab):S3,0.33,0.18,11.7
C1319,10,Cọc khoan nhồi D1200 (26 cọc L=872m):P1-P1D,3.39,0.18,11.7
C1319,10,Cọc khoan nhồi D1200 (26 cọc L=872m):P1-P1D,3.39,0.18,11.7
C1319,10,Cọc khoan nhồi D1200 (26 cọc L=872m):P1-P1D,3.39,0.18,11.7
C1319,10,Bản mặt cầu (Deck Slab):S3,0.33,0.18,11.7
C1319,10,Bản mặt cầu (Deck Slab):S3,0.33,0.18,11.7
C1319,10,Bản mặt cầu (Deck Slab):S3,0.33,0.18,11.7
C1319,10,Bản mặt cầu (Deck Slab):S3,0.33,0.18,11.7
C1320,10,Cọc khoan nhồi D1200 (26 cọc L=872m):P1-P1D,3.39,0.18,11.7
C1320,10,Cọc khoan nhồi D1200 (26 cọc L=872m):P1-P1D,3.39,0.18,11.7
C1320,10,Cọc khoan nhồi D1200 (26 cọc L=872m):P1-P1D,3.39,0.18,11.7
C1320,10,Bản mặt cầu (Deck Slab):S3,0.33,0.18,11.7
C1320,10,Bản mặt cầu (Deck Slab):S3,0.33,0.18,11.7
C1320,10,Bản mặt cầu (Deck Slab):S3,0.33,0.18,11.7
C1320,10,Bản mặt cầu (Deck Slab):S3,0.33,0.18,11.7
C1321,10,Cọc khoan nhồi D1200 (26 cọc L=872m):P1-P1D,3.39,0.18,11.7
C1321,10,Cọc khoan nhồi D1200 (26 cọc L=872m):P1-P1D,3.39,0.18,11.7
C1321,10,Cọc khoan nhồi D1200 (26 cọc L=872m):P1-P1D,3.39,0.18,11.7
C1321,10,Bản mặt cầu (Deck Slab):S3,0.33,0.18,11.7
C1321,10,Bản mặt cầu (Deck Slab):S3,0.33,0.18,11.7
C1321,10,Bản mặt cầu (Deck Slab):S3,0.33,0.18,11.7
C1321,10,Bản mặt cầu (Deck Slab):S3,0.33,0.18,11.7
C1322,10,Cọc khoan nhồi D1200 (26 cọc L=872m):P1-P1D,3.39,0.18,11.7
C1322,10,Cọc khoan nhồi D1200 (26 cọc L=872m):P1-P1D,3.39,0.18,11.7
C1322,10,Cọc khoan nhồi D1200 (26 cọc L=872m):P1-P1D,3.39,0.18,11.7
C1322,10,Bản mặt cầu (Deck Slab):S3,0.33,0.18,11.7
C1322,10,Bản mặt cầu (Deck Slab):S3,0.33,0.18,11.7
C1322,10,Bản mặt cầu (Deck Slab):S3,0.33,0.18,11.7
C1322,10,Bản mặt cầu (Deck Slab):S3,0.33,0.18,11.7
C1323,10,Cọc khoan nhồi D1200 (26 cọc L=872m):P1-P1D,3.39,0.18,11.7
C1323,10,Cọc khoan nhồi D1200 (26 cọc L=872m):P1-P1D,3.39,0.18,11.7
C1323,10,Cọc khoan nhồi D1200 (26 cọc L=872m):P1-P1D,3.39,0.18,11.7
C1323,10,Bản mặt cầu (Deck Slab):S3,0.33,0.18,11.7
C1323,10,Bản mặt cầu (Deck Slab):S3,0.33,0.18,11.7
C1323,10,Bản mặt cầu (Deck Slab):S3,0.33,0.18,11.7
C1323,10,Bản mặt cầu (Deck Slab):S3,0.33,0.18,11.7
C1324,10,Cọc khoan nhồi D1200 (26 cọc L=872m):P1-P1D,3.39,0.18,11.7
C1324,10,Cọc khoan nhồi D1200 (26 cọc L=872m):P1-P1D,3.39,0.18,11.7
C1324,10,Cọc khoan nhồi D1200 (26 cọc L=872m):P1-P1D,3.39,0.18,11.7
C1324,10,Bản mặt cầu (Deck Slab):S3,0.33,0.18,11.7
C1324,10,Bản mặt cầu (Deck Slab):S3,0.33,0.18,11.7
C1324,10,Bản mặt cầu (Deck Slab):S3,0.33,0.18,11.7
C1324,10,Bản mặt cầu (Deck Slab):S3,0.33,0.18,11.7
C1325,10,Cọc khoan nhồi D1200 (26 cọc L=872m):P1-P1D,3.39,0.18,11.7
C1325,10,Cọc khoan nhồi D1200 (26 cọc L=872m):P1-P1D,3.39,0.18,11.7
C1325,10,Cọc khoan nhồi D1200 (26 cọc L=872m):P1-P1D,3.39,0.18,11.7
C1325,10,Bản mặt cầu (Deck Slab):S3,0.33,0.18,11.7
C1325,10,Bản mặt cầu (Deck Slab):S3,0.33,0.18,11.7
C1325,10,Bản mặt cầu (Deck Slab):S3,0.33,0.18,11.7
C1325,10,Bản mặt cầu (Deck Slab):S3,0.33,0.18,11.7
C1326,10,Cọc khoan nhồi D1200 (26 cọc L=872m):P1-P1D,3.39,0.18,11.7
C1326,10,Cọc khoan nhồi D1200 (26 cọc L=872m):P1-P1D,3.39,0.18,11.7
C1326,10,Cọc khoan nhồi D1200 (26 cọc L=872m):P1-P1D,3.39,0.18,11.7
C1326,10,Bản mặt cầu (Deck Slab):S3,0.33,0.18,11.7
C1326,10,Bản mặt cầu (Deck Slab):S3,0.33,0.18,11.7
C1326,10,Bản mặt cầu (Deck Slab):S3,0.33,0.18,11.7
C1326,10,Bản mặt cầu (Deck Slab):S3,0.33,0.18,11.7
C1327,10,Cọc khoan nhồi D1200 (26 cọc L=872m):P1-P1D,3.39,0.18,11.7
C1327,10,Cọc khoan nhồi D1200 (26 cọc L=872m):P1-P1D,3.39,0.18,11.7
C1327,10,Cọc khoan nhồi D1200 (26 cọc L=872m):P1-P1D,3.39,0.18,11.7
C1327,10,Bản mặt cầu (Deck Slab):S3,0.33,0.18,11.7
C1327,10,Bản mặt cầu (Deck Slab):S3,0.33,0.18,11.7
C1327,10,Bản mặt cầu (Deck Slab):S3,0.33,0.18,11.7
C1327,10,Bản mặt cầu (Deck Slab):S3,0.33,0.18,11.7
C1328,10,Cọc khoan nhồi D1200 (26 cọc L=872m):P1-P1D,3.39,0.18,11.7
C1328,10,Cọc khoan nhồi D1200 (26 cọc L=872m):P1-P1D,3.39,0.18,11.7
C1328,10,Cọc khoan nhồi D1200 (26 cọc L=872m):P1-P1D,3.39,0.18,11.7
C1328,10,Bản mặt cầu (Deck Slab):S3,0.33,0.18,11.7
C1328,10,Bản mặt cầu (Deck Slab):S3,0.33,0.18,11.7
C1328,10,Bản mặt cầu (Deck Slab):S3,0.33,0.18,11.7
C1328,10,Bản mặt cầu (Deck Slab):S3,0.33,0.18,11.7
C1329,10,Cọc khoan nhồi D1200 (26 cọc L=872m):P1-P1D,3.39,0.18,11.7
C1329,10,Cọc khoan nhồi D1200 (26 cọc L=872m):P1-P1D,3.39,0.18,11.7
C1329,10,Cọc khoan nhồi D1200 (26 cọc L=872m):P1-P1D,3.39,0.18,11.7
C1329,10,Bản mặt cầu (Deck Slab):S3,0.33,0.18,11.7
C1329,10,Bản mặt cầu (Deck Slab):S3,0.33,0.18,11.7
C1329,10,Bản mặt cầu (Deck Slab):S3,0.33,0.18,11.7
C1329,10,Bản mặt cầu (Deck Slab):S3,0.33,0.18,11.7
C1330,10,Cọc khoan nhồi D1200 (26 cọc L=872m):P1-P1D,3.39,0.18,11.7
C1330,10,Cọc khoan nhồi D1200 (26 cọc L=872m):P1-P1D,3.39,0.18,11.7
C1330,10,Cọc khoan nhồi D1200 (26 cọc L=872m):P1-P1D,3.39,0.18,11.7
C1330,10,Bản mặt cầu (Deck Slab):S3,0.33,0.18,11.7
C1330,10,Bản mặt cầu (Deck Slab):S3,0.33,0.18,11.7
C1330,10,Bản mặt cầu (Deck Slab):S3,0.33,0.18,11.7
C1330,10,Bản mặt cầu (Deck Slab):S3,0.33,0.18,11.7
C1331,10,Cọc khoan nhồi D1200 (26 cọc L=872m):P1-P1D,3.39,0.18,11.7
C1331,10,Cọc khoan nhồi D1200 (26 cọc L=872m):P1-P1D,3.39,0.18,11.7
C1331,10,Cọc khoan nhồi D1200 (26 cọc L=872m):P1-P1D,3.39,0.18,11.7
C1331,10,Bản mặt cầu (Deck Slab):S3,0.33,0.18,11.7
C1331,10,Bản mặt cầu (Deck Slab):S3,0.33,0.18,11.7
C1331,10,Bản mặt cầu (Deck Slab):S3,0.33,0.18,11.7
C1331,10,Bản mặt cầu (Deck Slab):S3,0.33,0.18,11.7
C1332,10,Cọc khoan nhồi D1200 (26 cọc L=872m):P1-P1D,3.39,0.18,11.7
C1332,10,Cọc khoan nhồi D1200 (26 cọc L=872m):P1-P1D,3.39,0.18,11.7
C1332,10,Cọc khoan nhồi D1200 (26 cọc L=872m):P1-P1D,3.39,0.18,11.7
C1332,10,Bản mặt cầu (Deck Slab):S3,0.33,0.18,11.7
C1332,10,Bản mặt cầu (Deck Slab):S3,0.33,0.18,11.7
C1332,10,Bản mặt cầu (Deck Slab):S3,0.33,0.18,11.7
C1332,10,Bản mặt cầu (Deck Slab):S3,0.33,0.18,11.7
C1333,10,Cọc khoan nhồi D1200 (26 cọc L=872m):P1-P1D,3.39,0.18,11.7
C1333,10,Cọc khoan nhồi D1200 (26 cọc L=872m):P1-P1D,3.39,0.18,11.7
C1333,10,Cọc khoan nhồi D1200 (26 cọc L=872m):P1-P1D,3.39,0.18,11.7
C1333,10,Bản mặt cầu (Deck Slab):S3,0.33,0.18,11.7
C1333,10,Bản mặt cầu (Deck Slab):S3,0.33,0.18,11.7
C1333,10,Bản mặt cầu (Deck Slab):S3,0.33,0.18,11.7
C1333,10,Bản mặt cầu (Deck Slab):S3,0.33,0.18,11.7
C1334,10,Cọc khoan nhồi D1200 (26 cọc L=872m):P1-P1D,3.39,0.18,11.7
C1334,10,Cọc khoan nhồi D1200 (26 cọc L=872m):P1-P1D,3.39,0.18,11.7
C1334,10,Cọc khoan nhồi D1200 (26 cọc L=872m):P1-P1D,3.39,0.18,11.7
C1334,10,Bản mặt cầu (Deck Slab):S3,0.33,0.18,11.7
C1334,10,Bản mặt cầu (Deck Slab):S3,0.33,0.18,11.7
C1334,10,Bản mặt cầu (Deck Slab):S3,0.33,0.18,11.7
C1334,10,Bản mặt cầu (Deck Slab):S3,0.33,0.18,11.7
C1335,10,Cọc khoan nhồi D1200 (26 cọc L=872m):P1-P1D,3.39,0.18,11.7
C1335,10,Cọc khoan nhồi D1200 (26 cọc L=872m):P1-P1D,3.39,0.18,11.7
C1335,10,Cọc khoan nhồi D1200 (26 cọc L=872m):P1-P1D,3.39,0.18,11.7
C1335,10,Bản mặt cầu (Deck Slab):S3,0.33,0.18,11.7
C1335,10,Bản mặt cầu (Deck Slab):S3,0.33,0.18,11.7
C1335,10,Bản mặt cầu (Deck Slab):S3,0.33,0.18,11.7
C1335,10,Bản mặt cầu (Deck Slab):S3,0.33,0.18,11.7
C1336,10,Cọc khoan nhồi D1200 (26 cọc L=872m):P1-P1D,3.39,0.18,11.7
C1336,10,Cọc khoan nhồi D1200 (26 cọc L=872m):P1-P1D,3.39,0.18,11.7
C1336,10,Cọc khoan nhồi D1200 (26 cọc L=872m):P1-P1D,3.39,0.18,11.7
C1336,10,Bản mặt cầu (Deck Slab):S3,0.33,0.18,11.7
C1336,10,Bản mặt cầu (Deck Slab):S3,0.33,0.18,11.7
C1336,10,Bản mặt cầu (Deck Slab):S3,0.33,0.18,11.7
C1336,10,Bản mặt cầu (Deck Slab):S3,0.33,0.18,11.7
C1337,10,Cọc khoan nhồi D1200 (26 cọc L=872m):P1-P1D,3.39,0.18,11.7
C1337,10,Cọc khoan nhồi D1200 (26 cọc L=872m):P1-P1D,3.39,0.18,11.7
C1337,10,Cọc khoan nhồi D1200 (26 cọc L=872m):P1-P1D,3.39,0.18,11.7
C1337,10,Bản mặt cầu (Deck Slab):S3,0.33,0.18,11.7
C1337,10,Bản mặt cầu (Deck Slab):S3,0.33,0.18,11.7
C1337,10,Bản mặt cầu (Deck Slab):S3,0.33,0.18,11.7
C1337,10,Bản mặt cầu (Deck Slab):S3,0.33,0.18,11.7
C1338,10,Cọc khoan nhồi D1200 (26 cọc L=872m):P1-P1D,3.39,0.18,11.7
C1338,10,Cọc khoan nhồi D1200 (26 cọc L=872m):P1-P1D,3.39,0.18,11.7
C1338,10,Cọc khoan nhồi D1200 (26 cọc L=872m):P1-P1D,3.39,0.18,11.7
C1338,10,Bản mặt cầu (Deck Slab):S3,0.33,0.18,11.7
C1338,10,Bản mặt cầu (Deck Slab):S3,0.33,0.18,11.7
C1338,10,Bản mặt cầu (Deck Slab):S3,0.33,0.18,11.7
C1338,10,Bản mặt cầu (Deck Slab):S3,0.33,0.18,11.7
C1339,10,Cọc khoan nhồi D1200 (26 cọc L=872m):P1-P1D,3.39,0.18,11.7
C1339,10,Cọc khoan nhồi D1200 (26 cọc L=872m):P1-P1D,3.39,0.18,11.7
C1339,10,Cọc khoan nhồi D1200 (26 cọc L=872m):P1-P1D,3.39,0.18,11.7
C1339,10,Bản mặt cầu (Deck Slab):S3,0.33,0.18,11.7
C1339,10,Bản mặt cầu (Deck Slab):S3,0.33,0.18,11.7
C1339,10,Bản mặt cầu (Deck Slab):S3,0.33,0.18,11.7
C1339,10,Bản mặt cầu (Deck Slab):S3,0.33,0.18,11.7
C1340,10,Cọc khoan nhồi D1200 (26 cọc L=872m):P1-P1D,3.39,0.18,11.7
C1340,10,Cọc khoan nhồi D1200 (26 cọc L=872m):P1-P1D,3.39,0.18,11.7
C1340,10,Cọc khoan nhồi D1200 (26 cọc L=872m):P1-P1D,3.39,0.18,11.7
C1340,10,Bản mặt cầu (Deck Slab):S3,0.33,0.18,11.7
C1340,10,Bản mặt cầu (Deck Slab):S3,0.33,0.18,11.7
C1340,10,Bản mặt cầu (Deck Slab):S3,0.33,0.18,11.7
C1340,10,Bản mặt cầu (Deck Slab):S3,0.33,0.18,11.7
C1341,10,Cọc khoan nhồi D1200 (26 cọc L=872m):P1-P1D,3.39,0.18,11.7
C1341,10,Cọc khoan nhồi D1200 (26 cọc L=872m):P1-P1D,3.39,0.18,11.7
C1341,10,Cọc khoan nhồi D1200 (26 cọc L=872m):P1-P1D,3.39,0.18,11.7
C1341,10,Bản mặt cầu (Deck Slab):S3,0.33,0.18,11.7
C1341,10,Bản mặt cầu (Deck Slab):S3,0.33,0.18,11.7
C1341,10,Bản mặt cầu (Deck Slab):S3,0.33,0.18,11.7
C1341,10,Bản mặt cầu (Deck Slab):S3,0.33,0.18,11.7
C1342,10,Cọc khoan nhồi D1200 (26 cọc L=872m):P1-P1D,3.39,0.18,11.7
C1342,10,Cọc khoan nhồi D1200 (26 cọc L=872m):P1-P1D,3.39,0.18,11.7
C1342,10,Cọc khoan nhồi D1200 (26 cọc L=872m):P1-P1D,3.39,0.18,11.7
C1342,10,Bản mặt cầu (Deck Slab):S3,0.33,0.18,11.7
C1342,10,Bản mặt cầu (Deck Slab):S3,0.33,0.18,11.7
C1342,10,Bản mặt cầu (Deck Slab):S3,0.33,0.18,11.7
C1342,10,Bản mặt cầu (Deck Slab):S3,0.33,0.18,11.7
C1343,10,Cọc khoan nhồi D1200 (26 cọc L=872m):P1-P1D,3.39,0.18,11.7
C1343,10,Cọc khoan nhồi D1200 (26 cọc L=872m):P1-P1D,3.39,0.18,11.7
C1343,10,Cọc khoan nhồi D1200 (26 cọc L=872m):P1-P1D,3.39,0.18,11.7
C1343,10,Bản mặt cầu (Deck Slab):S3,0.33,0.18,11.7
C1343,10,Bản mặt cầu (Deck Slab):S3,0.33,0.18,11.7
C1343,10,Bản mặt cầu (Deck Slab):S3,0.33,0.18,11.7
C1343,10,Bản mặt cầu (Deck Slab):S3,0.33,0.18,11.7
C1344,10,Cọc khoan nhồi D1200 (26 cọc L=872m):P1-P1D,3.39,0.18,11.7
C1344,10,Cọc khoan nhồi D1200 (26 cọc L=872m):P1-P1D,3.39,0.18,11.7
C1344,10,Cọc khoan nhồi D1200 (26 cọc L=872m):P1-P1D,3.39,0.18,11.7
C1344,10,Bản mặt cầu (Deck Slab):S3,0.33,0.18,11.7
C1344,10,Bản mặt cầu (Deck Slab):S3,0.33,0.18,11.7
C1344,10,Bản mặt cầu (Deck Slab):S3,0.33,0.18,11.7
C1344,10,Bản mặt cầu (Deck Slab):S3,0.33,0.18,11.7
C1345,10,Cọc khoan nhồi D1200 (26 cọc L=872m):P1-P1D,3.39,0.18,11.7
C1345,10,Cọc khoan nhồi D1200 (26 cọc L=872m):P1-P1D,3.39,0.18,11.7
C1345,10,Cọc khoan nhồi D1200 (26 cọc L=872m):P1-P1D,3.39,0.18,11.7
C1345,10,Bản mặt cầu (Deck Slab):S3,0.33,0.18,11.7
C1345,10,Bản mặt cầu (Deck Slab):S3,0.33,0.18,11.7
C1345,10,Bản mặt cầu (Deck Slab):S3,0.33,0.18,11.7
C1345,10,Bản mặt cầu (Deck Slab):S3,0.33,0.18,11.7
C1346,10,Cọc khoan nhồi D1200 (26 cọc L=872m):P1-P1D,3.39,0.18,11.7
C1346,10,Cọc khoan nhồi D1200 (26 cọc L=872m):P1-P1D,3.39,0.18,11.7
C1346,10,Cọc khoan nhồi D1200 (26 cọc L=872m):P1-P1D,3.39,0.18,11.7
C1346,10,Bản mặt cầu (Deck Slab):S3,0.33,0.18,11.7
C1346,10,Bản mặt cầu (Deck Slab):S3,0.33,0.18,11.7
C1346,10,Bản mặt cầu (Deck Slab):S3,0.33,0.18,11.7
C1346,10,Bản mặt cầu (Deck Slab):S3,0.33,0.18,11.7
C1347,10,Cọc khoan nhồi D1200 (26 cọc L=872m):P1-P1D,3.39,0.18,11.7
C1347,10,Cọc khoan nhồi D1200 (26 cọc L=872m):P1-P1D,3.39,0.18,11.7
C1347,10,Cọc khoan nhồi D1200 (26 cọc L=872m):P1-P1D,3.39,0.18,11.7
C1347,10,Bản mặt cầu (Deck Slab):S3,0.33,0.18,11.7
C1347,10,Bản mặt cầu (Deck Slab):S3,0.33,0.18,11.7
C1347,10,Bản mặt cầu (Deck Slab):S3,0.33,0.18,11.7
C1347,10,Bản mặt cầu (Deck Slab):S3,0.33,0.18,11.7
C1348,10,Cọc khoan nhồi D1200 (26 cọc L=872m):P1-P1D,3.39,0.18,11.7
C1348,10,Cọc khoan nhồi D1200 (26 cọc L=872m):P1-P1D,3.39,0.18,11.7
C1348,10,Cọc khoan nhồi D1200 (26 cọc L=872m):P1-P1D,3.39,0.18,11.7
C1348,10,Bản mặt cầu (Deck Slab):S3,0.33,0.18,11.7
C1348,10,Bản mặt cầu (Deck Slab):S3,0.33,0.18,11.7
C1348,10,Bản mặt cầu (Deck Slab):S3,0.33,0.18,11.7
C1348,10,Bản mặt cầu (Deck Slab):S3,0.33,0.18,11.7
C1349,10,Cọc khoan nhồi D1200 (26 cọc L=872m):P1-P1D,3.39,0.18,11.7
C1349,10,Cọc khoan nhồi D1200 (26 cọc L=872m):P1-P1D,3.39,0.18,11.7
C1349,10,Cọc khoan nhồi D1200 (26 cọc L=872m):P1-P1D,3.39,0.18,11.7
C1349,10,Bản mặt cầu (Deck Slab):S3,0.33,0.18,11.7
C1349,10,Bản mặt cầu (Deck Slab):S3,0.33,0.18,11.7
C1349,10,Bản mặt cầu (Deck Slab):S3,0.33,0.18,11.7
C1349,10,Bản mặt cầu (Deck Slab):S3,0.33,0.18,11.7
C1350,10,Cọc khoan nhồi D1200 (26 cọc L=872m):P1-P1D,3.39,0.18,11.7
C1350,10,Cọc khoan nhồi D1200 (26 cọc L=872m):P1-P1D,3.39,0.18,11.7
C1350,10,Cọc khoan nhồi D1200 (26 cọc L=872m):P1-P1D,3.39,0.18,11.7
C1350,10,Bản mặt cầu (Deck Slab):S3,0.33,0.18,11.7
C1350,10,Bản mặt cầu (Deck Slab):S3,0.33,0.18,11.7
C1350,10,Bản mặt cầu (Deck Slab):S3,0.33,0.18,11.7
C1350,10,Bản mặt cầu (Deck Slab):S3,0.33,0.18,11.7
C1351,10,Cọc khoan nhồi D1200 (26 cọc L=872m):P1-P1D,3.39,0.18,11.7
C1351,10,Cọc khoan nhồi D1200 (26 cọc L=872m):P1-P1D,3.39,0.18,11.7
C1351,10,Cọc khoan nhồi D1200 (26 cọc L=872m):P1-P1D,3.39,0.18,11.7
C1351,10,Bản mặt cầu (Deck Slab):S3,0.33,0.18,11.7
C1351,10,Bản mặt cầu (Deck Slab):S3,0.33,0.18,11.7
C1351,10,Bản mặt cầu (Deck Slab):S3,0.33,0.18,11.7
C1351,10,Bản mặt cầu (Deck Slab):S3,0.33,0.18,11.7
C1352,10,Cọc khoan nhồi D1200 (26 cọc L=872m):P1-P1D,3.39,0.18,11.7
C1352,10,Cọc khoan nhồi D1200 (26 cọc L=872m):P1-P1D,3.39,0.18,11.7
C1352,10,Cọc khoan nhồi D1200 (26 cọc L=872m):P1-P1D,3.39,0.18,11.7
C1352,10,Bản mặt cầu (Deck Slab):S3,0.33,0.18,11.7
C1352,10,Bản mặt cầu (Deck Slab):S3,0.33,0.18,11.7
C1352,10,Bản mặt cầu (Deck Slab):S3,0.33,0.18,11.7
C1352,10,Bản mặt cầu (Deck Slab):S3,0.33,0.18,11.7
C1353,10,Cọc khoan nhồi D1200 (26 cọc L=872m):P1-P1D,3.39,0.18,11.7
C1353,10,Cọc khoan nhồi D1200 (26 cọc L=872m):P1-P1D,3.39,0.18,11.7
C1353,10,Cọc khoan nhồi D1200 (26 cọc L=872m):P1-P1D,3.39,0.18,11.7
C1353,10,Bản mặt cầu (Deck Slab):S3,0.33,0.18,11.7
C1353,10,Bản mặt cầu (Deck Slab):S3,0.33,0.18,11.7
C1353,10,Bản mặt cầu (Deck Slab):S3,0.33,0.18,11.7
C1353,10,Bản mặt cầu (Deck Slab):S3,0.33,0.18,11.7
C1354,10,Cọc khoan nhồi D1200 (26 cọc L=872m):P1-P1D,3.39,0.18,11.7
C1354,10,Cọc khoan nhồi D1200 (26 cọc L=872m):P1-P1D,3.39,0.18,11.7
C1354,10,Cọc khoan nhồi D1200 (26 cọc L=872m):P1-P1D,3.39,0.18,11.7
C1354,10,Bản mặt cầu (Deck Slab):S3,0.33,0.18,11.7
C1354,10,Bản mặt cầu (Deck Slab):S3,0.33,0.18,11.7
C1354,10,Bản mặt cầu (Deck Slab):S3,0.33,0.18,11.7
C1354,10,Bản mặt cầu (Deck Slab):S3,0.33,0.18,11.7
C1355,10,Cọc khoan nhồi D1200 (26 cọc L=872m):P1-P1D,3.39,0.18,11.7
C1355,10,Cọc khoan nhồi D1200 (26 cọc L=872m):P1-P1D,3.39,0.18,11.7
C1355,10,Cọc khoan nhồi D1200 (26 cọc L=872m):P1-P1D,3.39,0.18,11.7
C1355,10,Bản mặt cầu (Deck Slab):S3,0.33,0.18,11.7
C1355,10,Bản mặt cầu (Deck Slab):S3,0.33,0.18,11.7
C1355,10,Bản mặt cầu (Deck Slab):S3,0.33,0.18,11.7
C1355,10,Bản mặt cầu (Deck Slab):S3,0.33,0.18,11.7
C1356,10,Cọc khoan nhồi D1200 (26 cọc L=872m):P1-P1D,3.39,0.18,11.7
C1356,10,Cọc khoan nhồi D1200 (26 cọc L=872m):P1-P1D,3.39,0.18,11.7
C1356,10,Cọc khoan nhồi D1200 (26 cọc L=872m):P1-P1D,3.39,0.18,11.7
C1356,10,Bản mặt cầu (Deck Slab):S3,0.33,0.18,11.7
C1356,10,Bản mặt cầu (Deck Slab):S3,0.33,0.18,11.7
C1356,10,Bản mặt cầu (Deck Slab):S3,0.33,0.18,11.7
C1356,10,Bản mặt cầu (Deck Slab):S3,0.33,0.18,11.7
C1357,10,Cọc khoan nhồi D1200 (26 cọc L=872m):P1-P1D,3.39,0.18,11.7
C1357,10,Cọc khoan nhồi D1200 (26 cọc L=872m):P1-P1D,3.39,0.18,11.7
C1357,10,Cọc khoan nhồi D1200 (26 cọc L=872m):P1-P1D,3.39,0.18,11.7
C1357,10,Bản mặt cầu (Deck Slab):S3,0.33,0.18,11.7
C1357,10,Bản mặt cầu (Deck Slab):S3,0.33,0.18,11.7
C1357,10,Bản mặt cầu (Deck Slab):S3,0.33,0.18,11.7
C1357,10,Bản mặt cầu (Deck Slab):S3,0.33,0.18,11.7
C1358,10,Cọc khoan nhồi D1200 (26 cọc L=872m):P1-P1D,3.39,0.18,11.7
C1358,10,Cọc khoan nhồi D1200 (26 cọc L=872m):P1-P1D,3.39,0.18,11.7
C1358,10,Cọc khoan nhồi D1200 (26 cọc L=872m):P1-P1D,3.39,0.18,11.7
C1358,10,Bản mặt cầu (Deck Slab):S3,0.33,0.18,11.7
C1358,10,Bản mặt cầu (Deck Slab):S3,0.33,0.18,11.7
C1358,10,Bản mặt cầu (Deck Slab):S3,0.33,0.18,11.7
C1358,10,Bản mặt cầu (Deck Slab):S3,0.33,0.18,11.7
C1359,10,Cọc khoan nhồi D1200 (26 cọc L=872m):P1-P1D,3.39,0.18,11.7
C1359,10,Cọc khoan nhồi D1200 (26 cọc L=872m):P1-P1D,3.39,0.18,11.7
C1359,10,Cọc khoan nhồi D1200 (26 cọc L=872m):P1-P1D,3.39,0.18,11.7
C1359,10,Bản mặt cầu (Deck Slab):S3,0.33,0.18,11.7
C1359,10,Bản mặt cầu (Deck Slab):S3,0.33,0.18,11.7
C1359,10,Bản mặt cầu (Deck Slab):S3,0.33,0.18,11.7
C1359,10,Bản mặt cầu (Deck Slab):S3,0.33,0.18,11.7
C1360,10,Cọc khoan nhồi D1200 (26 cọc L=872m):P1-P1D,3.39,0.18,11.7
C1360,10,Cọc khoan nhồi D1200 (26 cọc L=872m):P1-P1D,3.39,0.18,11.7
C1360,10,Cọc khoan nhồi D1200 (26 cọc L=872m):P1-P1D,3.39,0.18,11.7
C1360,10,Bản mặt cầu (Deck Slab):S3,0.33,0.18,11.7
C1360,10,Bản mặt cầu (Deck Slab):S3,0.33,0.18,11.7
C1360,10,Bản mặt cầu (Deck Slab):S3,0.33,0.18,11.7
C1360,10,Bản mặt cầu (Deck Slab):S3,0.33,0.18,11.7
C1361,10,Cọc khoan nhồi D1200 (26 cọc L=872m):P1-P1D,3.39,0.18,11.7
C1361,10,Cọc khoan nhồi D1200 (26 cọc L=872m):P1-P1D,3.39,0.18,11.7
C1361,10,Cọc khoan nhồi D1200 (26 cọc L=872m):P1-P1D,3.39,0.18,11.7
C1361,10,Bản mặt cầu (Deck Slab):S3,0.33,0.18,11.7
C1361,10,Bản mặt cầu (Deck Slab):S3,0.33,0.18,11.7
C1361,10,Bản mặt cầu (Deck Slab):S3,0.33,0.18,11.7
C1361,10,Bản mặt cầu (Deck Slab):S3,0.33,0.18,11.7
C1362,10,Cọc khoan nhồi D1200 (26 cọc L=872m):P1-P1D,3.39,0.18,11.7
C1362,10,Cọc khoan nhồi D1200 (26 cọc L=872m):P1-P1D,3.39,0.18,11.7
C1362,10,Cọc khoan nhồi D1200 (26 cọc L=872m):P1-P1D,3.39,0.18,11.7
C1362,10,Bản mặt cầu (Deck Slab):S3,0.33,0.18,11.7
C1362,10,Bản mặt cầu (Deck Slab):S3,0.33,0.18,11.7
C1362,10,Bản mặt cầu (Deck Slab):S3,0.33,0.18,11.7
C1362,10,Bản mặt cầu (Deck Slab):S3,0.33,0.18,11.7
C1363,10,Cọc khoan nhồi D1200 (26 cọc L=872m):P1-P1D,3.39,0.18,11.7
C1363,10,Cọc khoan nhồi D1200 (26 cọc L=872m):P1-P1D,3.39,0.18,11.7
C1363,10,Cọc khoan nhồi D1200 (26 cọc L=872m):P1-P1D,3.39,0.18,11.7
C1363,10,Bản mặt cầu (Deck Slab):S3,0.33,0.18,11.7
C1363,10,Bản mặt cầu (Deck Slab):S3,0.33,0.18,11.7
C1363,10,Bản mặt cầu (Deck Slab):S3,0.33,0.18,11.7
C1363,10,Bản mặt cầu (Deck Slab):S3,0.33,0.18,11.7
C1364,10,Cọc khoan nhồi D1200 (26 cọc L=872m):P1-P1D,3.39,0.18,11.7
C1364,10,Cọc khoan nhồi D1200 (26 cọc L=872m):P1-P1D,3.39,0.18,11.7
C1364,10,Cọc khoan nhồi D1200 (26 cọc L=872m):P1-P1D,3.39,0.18,11.7
C1364,10,Bản mặt cầu (Deck Slab):S3,0.33,0.18,11.7
C1364,10,Bản mặt cầu (Deck Slab):S3,0.33,0.18,11.7
C1364,10,Bản mặt cầu (Deck Slab):S3,0.33,0.18,11.7
C1364,10,Bản mặt cầu (Deck Slab):S3,0.33,0.18,11.7
C1365,10,Cọc khoan nhồi D1200 (26 cọc L=872m):P1-P1D,3.39,0.18,11.7
C1365,10,Cọc khoan nhồi D1200 (26 cọc L=872m):P1-P1D,3.39,0.18,11.7
C1365,10,Cọc khoan nhồi D1200 (26 cọc L=872m):P1-P1D,3.39,0.18,11.7
C1365,10,Bản mặt cầu (Deck Slab):S3,0.33,0.18,11.7
C1365,10,Bản mặt cầu (Deck Slab):S3,0.33,0.18,11.7
C1365,10,Bản mặt cầu (Deck Slab):S3,0.33,0.18,11.7
C1365,10,Bản mặt cầu (Deck Slab):S3,0.33,0.18,11.7
C1366,10,Cọc khoan nhồi D1200 (26 cọc L=872m):P1-P1D,3.39,0.18,11.7
C1366,10,Cọc khoan nhồi D1200 (26 cọc L=872m):P1-P1D,3.39,0.18,11.7
C1366,10,Cọc khoan nhồi D1200 (26 cọc L=872m):P1-P1D,3.39,0.18,11.7
C1366,10,Bản mặt cầu (Deck Slab):S3,0.33,0.18,11.7
C1366,10,Bản mặt cầu (Deck Slab):S3,0.33,0.18,11.7
C1366,10,Bản mặt cầu (Deck Slab):S3,0.33,0.18,11.7
C1366,10,Bản mặt cầu (Deck Slab):S3,0.33,0.18,11.7
C1367,10,Cọc khoan nhồi D1200 (26 cọc L=872m):P1-P1D,3.39,0.18,11.7
C1367,10,Cọc khoan nhồi D1200 (26 cọc L=872m):P1-P1D,3.39,0.18,11.7
C1367,10,Cọc khoan nhồi D1200 (26 cọc L=872m):P1-P1D,3.39,0.18,11.7
C1367,10,Bản mặt cầu (Deck Slab):S3,0.33,0.18,11.7
C1367,10,Bản mặt cầu (Deck Slab):S3,0.33,0.18,11.7
C1367,10,Bản mặt cầu (Deck Slab):S3,0.33,0.18,11.7
C1367,10,Bản mặt cầu (Deck Slab):S3,0.33,0.18,11.7
C1368,10,Cọc khoan nhồi D1200 (26 cọc L=872m):P1-P1D,3.39,0.18,11.7
C1368,10,Cọc khoan nhồi D1200 (26 cọc L=872m):P1-P1D,3.39,0.18,11.7
C1368,10,Cọc khoan nhồi D1200 (26 cọc L=872m):P1-P1D,3.39,0.18,11.7
C1368,10,Bản mặt cầu (Deck Slab):S3,0.33,0.18,11.7
C1368,10,Bản mặt cầu (Deck Slab):S3,0.33,0.18,11.7
C1368,10,Bản mặt cầu (Deck Slab):S3,0.33,0.18,11.7
C1368,10,Bản mặt cầu (Deck Slab):S3,0.33,0.18,11.7
C1369,10,Cọc khoan nhồi D1200 (26 cọc L=872m):P1-P1D,3.39,0.18,11.7
C1369,10,Cọc khoan nhồi D1200 (26 cọc L=872m):P1-P1D,3.39,0.18,11.7
C1369,10,Cọc khoan nhồi D1200 (26 cọc L=872m):P1-P1D,3.39,0.18,11.7
C1369,10,Bản mặt cầu (Deck Slab):S3,0.33,0.18,11.7
C1369,10,Bản mặt cầu (Deck Slab):S3,0.33,0.18,11.7
C1369,10,Bản mặt cầu (Deck Slab):S3,0.33,0.18,11.7
C1369,10,Bản mặt cầu (Deck Slab):S3,0.33,0.18,11.7
C1370,10,Cọc khoan nhồi D1200 (26 cọc L=872m):P1-P1D,3.39,0.18,11.7
C1370,10,Cọc khoan nhồi D1200 (26 cọc L=872m):P1-P1D,3.39,0.18,11.7
C1370,10,Cọc khoan nhồi D1200 (26 cọc L=872m):P1-P1D,3.39,0.18,11.7
C1370,10,Bản mặt cầu (Deck Slab):S3,0.33,0.18,11.7
C1370,10,Bản mặt cầu (Deck Slab):S3,0.33,0.18,11.7
C1370,10,Bản mặt cầu (Deck Slab):S3,0.33,0.18,11.7
C1370,10,Bản mặt cầu (Deck Slab):S3,0.33,0.18,11.7
C1371,10,Cọc khoan nhồi D1200 (26 cọc L=872m):P1-P1D,3.39,0.18,11.7
C1371,10,Cọc khoan nhồi D1200 (26 cọc L=872m):P1-P1D,3.39,0.18,11.7
C1371,10,Cọc khoan nhồi D1200 (26 cọc L=872m):P1-P1D,3.39,0.18,11.7
C1371,10,Bản mặt cầu (Deck Slab):S3,0.33,0.18,11.7
C1371,10,Bản mặt cầu (Deck Slab):S3,0.33,0.18,11.7
C1371,10,Bản mặt cầu (Deck Slab):S3,0.33,0.18,11.7
C1371,10,Bản mặt cầu (Deck Slab):S3,0.33,0.18,11.7
C1372,10,Cọc khoan nhồi D1200 (26 cọc L=872m):P1-P1D,3.39,0.18,11.7
C1372,10,Cọc khoan nhồi D1200 (26 cọc L=872m):P1-P1D,3.39,0.18,11.7
C1372,10,Cọc khoan nhồi D1200 (26 cọc L=872m):P1-P1D,3.39,0.18,11.7
C1372,10,Bản mặt cầu (Deck Slab):S3,0.33,0.18,11.7
C1372,10,Bản mặt cầu (Deck Slab):S3,0.33,0.18,11.7
C1372,10,Bản mặt cầu (Deck Slab):S3,0.33,0.18,11.7
C1372,10,Bản mặt cầu (Deck Slab):S3,0.33,0.18,11.7
C1373,10,Cọc khoan nhồi D1200 (26 cọc L=872m):P1-P1D,3.39,0.18,11.7
C1373,10,Cọc khoan nhồi D1200 (26 cọc L=872m):P1-P1D,3.39,0.18,11.7
C1373,10,Cọc khoan nhồi D1200 (26 cọc L=872m):P1-P1D,3.39,0.18,11.7
C1373,10,Bản mặt cầu (Deck Slab):S3,0.33,0.18,11.7
C1373,10,Bản mặt cầu (Deck Slab):S3,0.33,0.18,11.7
C1373,10,Bản mặt cầu (Deck Slab):S3,0.33,0.18,11.7
C1373,10,Bản mặt cầu (Deck Slab):S3,0.33,0.18,11.7
C1374,10,Cọc khoan nhồi D1200 (26 cọc L=872m):P1-P1D,3.39,0.18,11.7
C1374,10,Cọc khoan nhồi D1200 (26 cọc L=872m):P1-P1D,3.39,0.18,11.7
C1374,10,Cọc khoan nhồi D1200 (26 cọc L=872m):P1-P1D,3.39,0.18,11.7
C1374,10,Bản mặt cầu (Deck Slab):S3,0.33,0.18,11.7
C1374,10,Bản mặt cầu (Deck Slab):S3,0.33,0.18,11.7
C1374,10,Bản mặt cầu (Deck Slab):S3,0.33,0.18,11.7
C1374,10,Bản mặt cầu (Deck Slab):S3,0.33,0.18,11.7
C1375,10,Cọc khoan nhồi D1200 (26 cọc L=872m):P1-P1D,3.39,0.18,11.7
C1375,10,Cọc khoan nhồi D1200 (26 cọc L=872m):P1-P1D,3.39,0.18,11.7
C1375,10,Cọc khoan nhồi D1200 (26 cọc L=872m):P1-P1D,3.39,0.18,11.7
C1375,10,Bản mặt cầu (Deck Slab):S3,0.33,0.18,11.7
C1375,10,Bản mặt cầu (Deck Slab):S3,0.33,0.18,11.7
C1375,10,Bản mặt cầu (Deck Slab):S3,0.33,0.18,11.7
C1375,10,Bản mặt cầu (Deck Slab):S3,0.33,0.18,11.7
C1376,10,Cọc khoan nhồi D1200 (26 cọc L=872m):P1-P1D,3.39,0.18,11.7
C1376,10,Cọc khoan nhồi D1200 (26 cọc L=872m):P1-P1D,3.39,0.18,11.7
C1376,10,Cọc khoan nhồi D1200 (26 cọc L=872m):P1-P1D,3.39,0.18,11.7
C1376,10,Bản mặt cầu (Deck Slab):S3,0.33,0.18,11.7
C1376,10,Bản mặt cầu (Deck Slab):S3,0.33,0.18,11.7
C1376,10,Bản mặt cầu (Deck Slab):S3,0.33,0.18,11.7
C1376,10,Bản mặt cầu (Deck Slab):S3,0.33,0.18,11.7
C1377,10,Cọc khoan nhồi D1200 (26 cọc L=872m):P1-P1D,3.39,0.18,11.7
C1377,10,Cọc khoan nhồi D1200 (26 cọc L=872m):P1-P1D,3.39,0.18,11.7
C1377,10,Cọc khoan nhồi D1200 (26 cọc L=872m):P1-P1D,3.39,0.18,11.7
C1377,10,Bản mặt cầu (Deck Slab):S3,0.33,0.18,11.7
C1377,10,Bản mặt cầu (Deck Slab):S3,0.33,0.18,11.7
C1377,10,Bản mặt cầu (Deck Slab):S3,0.33,0.18,11.7
C1377,10,Bản mặt cầu (Deck Slab):S3,0.33,0.18,11.7
C1378,10,Cọc khoan nhồi D1200 (26 cọc L=872m):P1-P1D,3.39,0.18,11.7
C1378,10,Cọc khoan nhồi D1200 (26 cọc L=872m):P1-P1D,3.39,0.18,11.7
C1378,10,Cọc khoan nhồi D1200 (26 cọc L=872m):P1-P1D,3.39,0.18,11.7
C1378,10,Bản mặt cầu (Deck Slab):S3,0.33,0.18,11.7
C1378,10,Bản mặt cầu (Deck Slab):S3,0.33,0.18,11.7
C1378,10,Bản mặt cầu (Deck Slab):S3,0.33,0.18,11.7
C1378,10,Bản mặt cầu (Deck Slab):S3,0.33,0.18,11.7
C1379,10,Cọc khoan nhồi D1200 (26 cọc L=872m):P1-P1D,3.39,0.18,11.7
C1379,10,Cọc khoan nhồi D1200 (26 cọc L=872m):P1-P1D,3.39,0.18,11.7
C1379,10,Cọc khoan nhồi D1200 (26 cọc L=872m):P1-P1D,3.39,0.18,11.7
C1379,10,Bản mặt cầu (Deck Slab):S3,0.33,0.18,11.7
C1379,10,Bản mặt cầu (Deck Slab):S3,0.33,0.18,11.7
C1379,10,Bản mặt cầu (Deck Slab):S3,0.33,0.18,11.7
C1379,10,Bản mặt cầu (Deck Slab):S3,0.33,0.18,11.7
C1380,10,Cọc khoan nhồi D1200 (26 cọc L=872m):P1-P1D,3.39,0.18,11.7
C1380,10,Cọc khoan nhồi D1200 (26 cọc L=872m):P1-P1D,3.39,0.18,11.7
C1380,10,Cọc khoan nhồi D1200 (26 cọc L=872m):P1-P1D,3.39,0.18,11.7
C1380,10,Bản mặt cầu (Deck Slab):S3,0.33,0.18,11.7
C1380,10,Bản mặt cầu (Deck Slab):S3,0.33,0.18,11.7
C1380,10,Bản mặt cầu (Deck Slab):S3,0.33,0.18,11.7
C1380,10,Bản mặt cầu (Deck Slab):S3,0.33,0.18,11.7
C1381,10,Cọc khoan nhồi D1200 (26 cọc L=872m):P1-P1D,3.39,0.18,11.7
C1381,10,Cọc khoan nhồi D1200 (26 cọc L=872m):P1-P1D,3.39,0.18,11.7
C1381,10,Cọc khoan nhồi D1200 (26 cọc L=872m):P1-P1D,3.39,0.18,11.7
C1381,10,Bản mặt cầu (Deck Slab):S3,0.33,0.18,11.7
C1381,10,Bản mặt cầu (Deck Slab):S3,0.33,0.18,11.7
C1381,10,Bản mặt cầu (Deck Slab):S3,0.33,0.18,11.7
C1381,10,Bản mặt cầu (Deck Slab):S3,0.33,0.18,11.7
C1382,10,Cọc khoan nhồi D1200 (26 cọc L=872m):P1-P1D,3.39,0.18,11.7
C1382,10,Cọc khoan nhồi D1200 (26 cọc L=872m):P1-P1D,3.39,0.18,11.7
C1382,10,Cọc khoan nhồi D1200 (26 cọc L=872m):P1-P1D,3.39,0.18,11.7
C1382,10,Bản mặt cầu (Deck Slab):S3,0.33,0.18,11.7
C1382,10,Bản mặt cầu (Deck Slab):S3,0.33,0.18,11.7
C1382,10,Bản mặt cầu (Deck Slab):S3,0.33,0.18,11.7
C1382,10,Bản mặt cầu (Deck Slab):S3,0.33,0.18,11.7
C1383,10,Cọc khoan nhồi D1200 (26 cọc L=872m):P1-P1D,3.39,0.18,11.7
C1383,10,Cọc khoan nhồi D1200 (26 cọc L=872m):P1-P1D,3.39,0.18,11.7
C1383,10,Cọc khoan nhồi D1200 (26 cọc L=872m):P1-P1D,3.39,0.18,11.7
C1383,10,Bản mặt cầu (Deck Slab):S3,0.33,0.18,11.7
C1383,10,Bản mặt cầu (Deck Slab):S3,0.33,0.18,11.7
C1383,10,Bản mặt cầu (Deck Slab):S3,0.33,0.18,11.7
C1383,10,Bản mặt cầu (Deck Slab):S3,0.33,0.18,11.7
C1384,10,Cọc khoan nhồi D1200 (26 cọc L=872m):P1-P1D,3.39,0.18,11.7
C1384,10,Cọc khoan nhồi D1200 (26 cọc L=872m):P1-P1D,3.39,0.18,11.7
C1384,10,Cọc khoan nhồi D1200 (26 cọc L=872m):P1-P1D,3.39,0.18,11.7
C1384,10,Bản mặt cầu (Deck Slab):S3,0.33,0.18,11.7
C1384,10,Bản mặt cầu (Deck Slab):S3,0.33,0.18,11.7
C1384,10,Bản mặt cầu (Deck Slab):S3,0.33,0.18,11.7
C1384,10,Bản mặt cầu (Deck Slab):S3,0.33,0.18,11.7
C1385,10,Cọc khoan nhồi D1200 (26 cọc L=872m):P1-P1D,3.39,0.18,11.7
C1385,10,Cọc khoan nhồi D1200 (26 cọc L=872m):P1-P1D,3.39,0.18,11.7
C1385,10,Cọc khoan nhồi D1200 (26 cọc L=872m):P1-P1D,3.39,0.18,11.7
C1385,10,Bản mặt cầu (Deck Slab):S3,0.33,0.18,11.7
C1385,10,Bản mặt cầu (Deck Slab):S3,0.33,0.18,11.7
C1385,10,Bản mặt cầu (Deck Slab):S3,0.33,0.18,11.7
C1385,10,Bản mặt cầu (Deck Slab):S3,0.33,0.18,11.7
C1386,10,Cọc khoan nhồi D1200 (26 cọc L=872m):P1-P1D,3.39,0.18,11.7
C1386,10,Cọc khoan nhồi D1200 (26 cọc L=872m):P1-P1D,3.39,0.18,11.7
C1386,10,Cọc khoan nhồi D1200 (26 cọc L=872m):P1-P1D,3.39,0.18,11.7
C1386,10,Bản mặt cầu (Deck Slab):S3,0.33,0.18,11.7
C1386,10,Bản mặt cầu (Deck Slab):S3,0.33,0.18,11.7
C1386,10,Bản mặt cầu (Deck Slab):S3,0.33,0.18,11.7
C1386,10,Bản mặt cầu (Deck Slab):S3,0.33,0.18,11.7
C1387,10,Cọc khoan nhồi D1200 (26 cọc L=872m):P1-P1D,3.39,0.18,11.7
C1387,10,Cọc khoan nhồi D1200 (26 cọc L=872m):P1-P1D,3.39,0.18,11.7
C1387,10,Cọc khoan nhồi D1200 (26 cọc L=872m):P1-P1D,3.39,0.18,11.7
C1387,10,Bản mặt cầu (Deck Slab):S3,0.33,0.18,11.7
C1387,10,Bản mặt cầu (Deck Slab):S3,0.33,0.18,11.7
C1387,10,Bản mặt cầu (Deck Slab):S3,0.33,0.18,11.7
C1387,10,Bản mặt cầu (Deck Slab):S3,0.33,0.18,11.7
C1388,10,Cọc khoan nhồi D1200 (26 cọc L=872m):P1-P1D,3.39,0.18,11.7
C1388,10,Cọc khoan nhồi D1200 (26 cọc L=872m):P1-P1D,3.39,0.18,11.7
C1388,10,Cọc khoan nhồi D1200 (26 cọc L=872m):P1-P1D,3.39,0.18,11.7
C1388,10,Bản mặt cầu (Deck Slab):S3,0.33,0.18,11.7
C1388,10,Bản mặt cầu (Deck Slab):S3,0.33,0.18,11.7
C1388,10,Bản mặt cầu (Deck Slab):S3,0.33,0.18,11.7
C1388,10,Bản mặt cầu (Deck Slab):S3,0.33,0.18,11.7
C1389,10,Cọc khoan nhồi D1200 (26 cọc L=872m):P1-P1D,3.39,0.18,11.7
C1389,10,Cọc khoan nhồi D1200 (26 cọc L=872m):P1-P1D,3.39,0.18,11.7
C1389,10,Cọc khoan nhồi D1200 (26 cọc L=872m):P1-P1D,3.39,0.18,11.7
C1389,10,Bản mặt cầu (Deck Slab):S3,0.33,0.18,11.7
C1389,10,Bản mặt cầu (Deck Slab):S3,0.33,0.18,11.7
C1389,10,Bản mặt cầu (Deck Slab):S3,0.33,0.18,11.7
C1389,10,Bản mặt cầu (Deck Slab):S3,0.33,0.18,11.7
C1390,10,Cọc khoan nhồi D1200 (26 cọc L=872m):P1-P1D,3.39,0.18,11.7
C1390,10,Cọc khoan nhồi D1200 (26 cọc L=872m):P1-P1D,3.39,0.18,11.7
C1390,10,Cọc khoan nhồi D1200 (26 cọc L=872m):P1-P1D,3.39,0.18,11.7
C1390,10,Bản mặt cầu (Deck Slab):S3,0.33,0.18,11.7
C1390,10,Bản mặt cầu (Deck Slab):S3,0.33,0.18,11.7
C1390,10,Bản mặt cầu (Deck Slab):S3,0.33,0.18,11.7
C1390,10,Bản mặt cầu (Deck Slab):S3,0.33,0.18,11.7
C1391,10,Cọc khoan nhồi D1200 (26 cọc L=872m):P1-P1D,3.39,0.18,11.7
C1391,10,Cọc khoan nhồi D1200 (26 cọc L=872m):P1-P1D,3.39,0.18,11.7
C1391,10,Cọc khoan nhồi D1200 (26 cọc L=872m):P1-P1D,3.39,0.18,11.7
C1391,10,Bản mặt cầu (Deck Slab):S3,0.33,0.18,11.7
C1391,10,Bản mặt cầu (Deck Slab):S3,0.33,0.18,11.7
C1391,10,Bản mặt cầu (Deck Slab):S3,0.33,0.18,11.7
C1391,10,Bản mặt cầu (Deck Slab):S3,0.33,0.18,11.7
C1392,10,Cọc khoan nhồi D1200 (26 cọc L=872m):P1-P1D,3.39,0.18,11.7
C1392,10,Cọc khoan nhồi D1200 (26 cọc L=872m):P1-P1D,3.39,0.18,11.7
C1392,10,Cọc khoan nhồi D1200 (26 cọc L=872m):P1-P1D,3.39,0.18,11.7
C1392,10,Bản mặt cầu (Deck Slab):S3,0.33,0.18,11.7
C1392,10,Bản mặt cầu (Deck Slab):S3,0.33,0.18,11.7
C1392,10,Bản mặt cầu (Deck Slab):S3,0.33,0.18,11.7
C1392,10,Bản mặt cầu (Deck Slab):S3,0.33,0.18,11.7
C1393,10,Cọc khoan nhồi D1200 (26 cọc L=872m):P1-P1D,3.39,0.18,11.7
C1393,10,Cọc khoan nhồi D1200 (26 cọc L=872m):P1-P1D,3.39,0.18,11.7
C1393,10,Cọc khoan nhồi D1200 (26 cọc L=872m):P1-P1D,3.39,0.18,11.7
C1393,10,Bản mặt cầu (Deck Slab):S3,0.33,0.18,11.7
C1393,10,Bản mặt cầu (Deck Slab):S3,0.33,0.18,11.7
C1393,10,Bản mặt cầu (Deck Slab):S3,0.33,0.18,11.7
C1393,10,Bản mặt cầu (Deck Slab):S3,0.33,0.18,11.7
C1394,10,Cọc khoan nhồi D1200 (26 cọc L=872m):P1-P1D,3.39,0.18,11.7
C1394,10,Cọc khoan nhồi D1200 (26 cọc L=872m):P1-P1D,3.39,0.18,11.7
C1394,10,Cọc khoan nhồi D1200 (26 cọc L=872m):P1-P1D,3.39,0.18,11.7
C1394,10,Bản mặt cầu (Deck Slab):S3,0.33,0.18,11.7
C1394,10,Bản mặt cầu (Deck Slab):S3,0.33,0.18,11.7
C1394,10,Bản mặt cầu (Deck Slab):S3,0.33,0.18,11.7
C1394,10,Bản mặt cầu (Deck Slab):S3,0.33,0.18,11.7
C1395,10,Cọc khoan nhồi D1200 (26 cọc L=872m):P1-P1D,3.39,0.18,11.7
C1395,10,Cọc khoan nhồi D1200 (26 cọc L=872m):P1-P1D,3.39,0.18,11.7
C1395,10,Cọc khoan nhồi D1200 (26 cọc L=872m):P1-P1D,3.39,0.18,11.7
C1395,10,Bản mặt cầu (Deck Slab):S3,0.33,0.18,11.7
C1395,10,Bản mặt cầu (Deck Slab):S3,0.33,0.18,11.7
C1395,10,Bản mặt cầu (Deck Slab):S3,0.33,0.18,11.7
C1395,10,Bản mặt cầu (Deck Slab):S3,0.33,0.18,11.7
C1396,10,Cọc khoan nhồi D1200 (26 cọc L=872m):P1-P1D,3.39,0.18,11.7
C1396,10,Cọc khoan nhồi D1200 (26 cọc L=872m):P1-P1D,3.39,0.18,11.7
C1396,10,Cọc khoan nhồi D1200 (26 cọc L=872m):P1-P1D,3.39,0.18,11.7
C1396,10,Bản mặt cầu (Deck Slab):S3,0.33,0.18,11.7
C1396,10,Bản mặt cầu (Deck Slab):S3,0.33,0.18,11.7
C1396,10,Bản mặt cầu (Deck Slab):S3,0.33,0.18,11.7
C1396,10,Bản mặt cầu (Deck Slab):S3,0.33,0.18,11.7
C1397,10,Cọc khoan nhồi D1200 (26 cọc L=872m):P1-P1D,3.39,0.18,11.7
C1397,10,Cọc khoan nhồi D1200 (26 cọc L=872m):P1-P1D,3.39,0.18,11.7
C1397,10,Cọc khoan nhồi D1200 (26 cọc L=872m):P1-P1D,3.39,0.18,11.7
C1397,10,Bản mặt cầu (Deck Slab):S3,0.33,0.18,11.7
C1397,10,Bản mặt cầu (Deck Slab):S3,0.33,0.18,11.7
C1397,10,Bản mặt cầu (Deck Slab):S3,0.33,0.18,11.7
C1397,10,Bản mặt cầu (Deck Slab):S3,0.33,0.18,11.7
C1398,10,Cọc khoan nhồi D1200 (26 cọc L=872m):P1-P1D,3.39,0.18,11.7
C1398,10,Cọc khoan nhồi D1200 (26 cọc L=872m):P1-P1D,3.39,0.18,11.7
C1398,10,Cọc khoan nhồi D1200 (26 cọc L=872m):P1-P1D,3.39,0.18,11.7
C1398,10,Bản mặt cầu (Deck Slab):S3,0.33,0.18,11.7
C1398,10,Bản mặt cầu (Deck Slab):S3,0.33,0.18,11.7
C1398,10,Bản mặt cầu (Deck Slab):S3,0.33,0.18,11.7
C1398,10,Bản mặt cầu (Deck Slab):S3,0.33,0.18,11.7
C1399,10,Cọc khoan nhồi D1200 (26 cọc L=872m):P1-P1D,3.39,0.18,11.7
C1399,10,Cọc khoan nhồi D1200 (26 cọc L=872m):P1-P1D,3.39,0.18,11.7
C1399,10,Cọc khoan nhồi D1200 (26 cọc L=872m):P1-P1D,3.39,0.18,11.7
C1399,10,Bản mặt cầu (Deck Slab):S3,0.33,0.18,11.7
C1399,10,Bản mặt cầu (Deck Slab):S3,0.33,0.18,11.7
C1399,10,Bản mặt cầu (Deck Slab):S3,0.33,0.18,11.7
C1399,10,Bản mặt cầu (Deck Slab):S3,0.33,0.18,11.7
C1400,10,Cọc khoan nhồi D1200 (26 cọc L=872m):P1-P1D,3.39,0.18,11.7
C1400,10,Cọc khoan nhồi D1200 (26 cọc L=872m):P1-P1D,3.39,0.18,11.7
C1400,10,Cọc khoan nhồi D1200 (26 cọc L=872m):P1-P1D,3.39,0.18,11.7
C1400,10,Bản mặt cầu (Deck Slab):S3,0.33,0.18,11.7
C1400,10,Bản mặt cầu (Deck Slab):S3,0.33,0.18,11.7
C1400,10,Bản mặt cầu (Deck Slab):S3,0.33,0.18,11.7
C1400,10,Bản mặt cầu (Deck Slab):S3,0.33,0.18,11.7
C1401,10,Cọc khoan nhồi D1200 (26 cọc L=872m):P1-P1D,3.39,0.18,11.7
C1401,10,Cọc khoan nhồi D1200 (26 cọc L=872m):P1-P1D,3.39,0.18,11.7
C1401,10,Cọc khoan nhồi D1200 (26 cọc L=872m):P1-P1D,3.39,0.18,11.7
C1401,10,Bản mặt cầu (Deck Slab):S3,0.33,0.18,11.7
C1401,10,Bản mặt cầu (Deck Slab):S3,0.33,0.18,11.7
C1401,10,Bản mặt cầu (Deck Slab):S3,0.33,0.18,11.7
C1401,10,Bản mặt cầu (Deck Slab):S3,0.33,0.18,11.7
C1402,10,Cọc khoan nhồi D1200 (26 cọc L=872m):P1-P1D,3.39,0.18,11.7
C1402,10,Cọc khoan nhồi D1200 (26 cọc L=872m):P1-P1D,3.39,0.18,11.7
C1402,10,Cọc khoan nhồi D1200 (26 cọc L=872m):P1-P1D,3.39,0.18,11.7
C1402,10,Bản mặt cầu (Deck Slab):S3,0.33,0.18,11.7
C1402,10,Bản mặt cầu (Deck Slab):S3,0.33,0.18,11.7
C1402,10,Bản mặt cầu (Deck Slab):S3,0.33,0.18,11.7
C1402,10,Bản mặt cầu (Deck Slab):S3,0.33,0.18,11.7
C1403,10,Cọc khoan nhồi D1200 (26 cọc L=872m):P1-P1D,3.39,0.18,11.7
C1403,10,Cọc khoan nhồi D1200 (26 cọc L=872m):P1-P1D,3.39,0.18,11.7
C1403,10,Cọc khoan nhồi D1200 (26 cọc L=872m):P1-P1D,3.39,0.18,11.7
C1403,10,Bản mặt cầu (Deck Slab):S3,0.33,0.18,11.7
C1403,10,Bản mặt cầu (Deck Slab):S3,0.33,0.18,11.7
C1403,10,Bản mặt cầu (Deck Slab):S3,0.33,0.18,11.7
C1403,10,Bản mặt cầu (Deck Slab):S3,0.33,0.18,11.7
C1404,10,Cọc khoan nhồi D1200 (26 cọc L=872m):P1-P1D,3.39,0.18,11.7
C1404,10,Cọc khoan nhồi D1200 (26 cọc L=872m):P1-P1D,3.39,0.18,11.7
C1404,10,Cọc khoan nhồi D1200 (26 cọc L=872m):P1-P1D,3.39,0.18,11.7
C1404,10,Bản mặt cầu (Deck Slab):S3,0.33,0.18,11.7
C1404,10,Bản mặt cầu (Deck Slab):S3,0.33,0.18,11.7
C1404,10,Bản mặt cầu (Deck Slab):S3,0.33,0.18,11.7
C1404,10,Bản mặt cầu (Deck Slab):S3,0.33,0.18,11.7
C1405,10,Cọc khoan nhồi D1200 (26 cọc L=872m):P1-P1D,3.39,0.18,11.7
C1405,10,Cọc khoan nhồi D1200 (26 cọc L=872m):P1-P1D,3.39,0.18,11.7
C1405,10,Cọc khoan nhồi D1200 (26 cọc L=872m):P1-P1D,3.39,0.18,11.7
C1405,10,Bản mặt cầu (Deck Slab):S3,0.33,0.18,11.7
C1405,10,Bản mặt cầu (Deck Slab):S3,0.33,0.18,11.7
C1405,10,Bản mặt cầu (Deck Slab):S3,0.33,0.18,11.7
C1405,10,Bản mặt cầu (Deck Slab):S3,0.33,0.18,11.7
C1406,10,Cọc khoan nhồi D1200 (26 cọc L=872m):P1-P1D,3.39,0.18,11.7
C1406,10,Cọc khoan nhồi D1200 (26 cọc L=872m):P1-P1D,3.39,0.18,11.7
C1406,10,Cọc khoan nhồi D1200 (26 cọc L=872m):P1-P1D,3.39,0.18,11.7
C1406,10,Bản mặt cầu (Deck Slab):S3,0.33,0.18,11.7
C1406,10,Bản mặt cầu (Deck Slab):S3,0.33,0.18,11.7
C1406,10,Bản mặt cầu (Deck Slab):S3,0.33,0.18,11.7
C1406,10,Bản mặt cầu (Deck Slab):S3,0.33,0.18,11.7
C1407,10,Cọc khoan nhồi D1200 (26 cọc L=872m):P1-P1D,3.39,0.18,11.7
C1407,10,Cọc khoan nhồi D1200 (26 cọc L=872m):P1-P1D,3.39,0.18,11.7
C1407,10,Cọc khoan nhồi D1200 (26 cọc L=872m):P1-P1D,3.39,0.18,11.7
C1407,10,Bản mặt cầu (Deck Slab):S3,0.33,0.18,11.7
C1407,10,Bản mặt cầu (Deck Slab):S3,0.33,0.18,11.7
C1407,10,Bản mặt cầu (Deck Slab):S3,0.33,0.18,11.7
C1407,10,Bản mặt cầu (Deck Slab):S3,0.33,0.18,11.7
C1408,10,Cọc khoan nhồi D1200 (26 cọc L=872m):P1-P1D,3.39,0.18,11.7
C1408,10,Cọc khoan nhồi D1200 (26 cọc L=872m):P1-P1D,3.39,0.18,11.7
C1408,10,Cọc khoan nhồi D1200 (26 cọc L=872m):P1-P1D,3.39,0.18,11.7
C1408,10,Bản mặt cầu (Deck Slab):S3,0.33,0.18,11.7
C1408,10,Bản mặt cầu (Deck Slab):S3,0.33,0.18,11.7
C1408,10,Bản mặt cầu (Deck Slab):S3,0.33,0.18,11.7
C1408,10,Bản mặt cầu (Deck Slab):S3,0.33,0.18,11.7
C1409,10,Cọc khoan nhồi D1200 (26 cọc L=872m):P1-P1D,3.39,0.18,11.7
C1409,10,Cọc khoan nhồi D1200 (26 cọc L=872m):P1-P1D,3.39,0.18,11.7
C1409,10,Cọc khoan nhồi D1200 (26 cọc L=872m):P1-P1D,3.39,0.18,11.7
C1409,10,Bản mặt cầu (Deck Slab):S3,0.33,0.18,11.7
C1409,10,Bản mặt cầu (Deck Slab):S3,0.33,0.18,11.7
C1409,10,Bản mặt cầu (Deck Slab):S3,0.33,0.18,11.7
C1409,10,Bản mặt cầu (Deck Slab):S3,0.33,0.18,11.7
C1410,10,Cọc khoan nhồi D1200 (26 cọc L=872m):P1-P1D,3.39,0.18,11.7
C1410,10,Cọc khoan nhồi D1200 (26 cọc L=872m):P1-P1D,3.39,0.18,11.7
C1410,10,Cọc khoan nhồi D1200 (26 cọc L=872m):P1-P1D,3.39,0.18,11.7
C1410,10,Bản mặt cầu (Deck Slab):S3,0.33,0.18,11.7
C1410,10,Bản mặt cầu (Deck Slab):S3,0.33,0.18,11.7
C1410,10,Bản mặt cầu (Deck Slab):S3,0.33,0.18,11.7
C1410,10,Bản mặt cầu (Deck Slab):S3,0.33,0.18,11.7
C1411,10,Cọc khoan nhồi D1200 (26 cọc L=872m):P1-P1D,3.39,0.18,11.7
C1411,10,Cọc khoan nhồi D1200 (26 cọc L=872m):P1-P1D,3.39,0.18,11.7
C1411,10,Cọc khoan nhồi D1200 (26 cọc L=872m):P1-P1D,3.39,0.18,11.7
C1411,10,Bản mặt cầu (Deck Slab):S3,0.33,0.18,11.7
C1411,10,Bản mặt cầu (Deck Slab):S3,0.33,0.18,11.7
C1411,10,Bản mặt cầu (Deck Slab):S3,0.33,0.18,11.7
C1411,10,Bản mặt cầu (Deck Slab):S3,0.33,0.18,11.7
C1412,10,Cọc khoan nhồi D1200 (26 cọc L=872m):P1-P1D,3.39,0.18,11.7
C1412,10,Cọc khoan nhồi D1200 (26 cọc L=872m):P1-P1D,3.39,0.18,11.7
C1412,10,Cọc khoan nhồi D1200 (26 cọc L=872m):P1-P1D,3.39,0.18,11.7
C1412,10,Bản mặt cầu (Deck Slab):S3,0.33,0.18,11.7
C1412,10,Bản mặt cầu (Deck Slab):S3,0.33,0.18,11.7
C1412,10,Bản mặt cầu (Deck Slab):S3,0.33,0.18,11.7
C1412,10,Bản mặt cầu (Deck Slab):S3,0.33,0.18,11.7
C1413,10,Cọc khoan nhồi D1200 (26 cọc L=872m):P1-P1D,3.39,0.18,11.7
C1413,10,Cọc khoan nhồi D1200 (26 cọc L=872m):P1-P1D,3.39,0.18,11.7
C1413,10,Cọc khoan nhồi D1200 (26 cọc L=872m):P1-P1D,3.39,0.18,11.7
C1413,10,Bản mặt cầu (Deck Slab):S3,0.33,0.18,11.7
C1413,10,Bản mặt cầu (Deck Slab):S3,0.33,0.18,11.7
C1413,10,Bản mặt cầu (Deck Slab):S3,0.33,0.18,11.7
C1413,10,Bản mặt cầu (Deck Slab):S3,0.33,0.18,11.7
C1414,10,Cọc khoan nhồi D1200 (26 cọc L=872m):P1-P1D,3.39,0.18,11.7
C1414,10,Cọc khoan nhồi D1200 (26 cọc L=872m):P1-P1D,3.39,0.18,11.7
C1414,10,Cọc khoan nhồi D1200 (26 cọc L=872m):P1-P1D,3.39,0.18,11.7
C1414,10,Bản mặt cầu (Deck Slab):S3,0.33,0.18,11.7
C1414,10,Bản mặt cầu (Deck Slab):S3,0.33,0.18,11.7
C1414,10,Bản mặt cầu (Deck Slab):S3,0.33,0.18,11.7
C1414,10,Bản mặt cầu (Deck Slab):S3,0.33,0.18,11.7
C1415,10,Cọc khoan nhồi D1200 (26 cọc L=872m):P1-P1D,3.39,0.18,11.7
C1415,10,Cọc khoan nhồi D1200 (26 cọc L=872m):P1-P1D,3.39,0.18,11.7
C1415,10,Cọc khoan nhồi D1200 (26 cọc L=872m):P1-P1D,3.39,0.18,11.7
C1415,10,Bản mặt cầu (Deck Slab):S3,0.33,0.18,11.7
C1415,10,Bản mặt cầu (Deck Slab):S3,0.33,0.18,11.7
C1415,10,Bản mặt cầu (Deck Slab):S3,0.33,0.18,11.7
C1415,10,Bản mặt cầu (Deck Slab):S3,0.33,0.18,11.7
C1416,10,Cọc khoan nhồi D1200 (26 cọc L=872m):P1-P1D,3.39,0.18,11.7
C1416,10,Cọc khoan nhồi D1200 (26 cọc L=872m):P1-P1D,3.39,0.18,11.7
C1416,10,Cọc khoan nhồi D1200 (26 cọc L=872m):P1-P1D,3.39,0.18,11.7
C1416,10,Bản mặt cầu (Deck Slab):S3,0.33,0.18,11.7
C1416,10,Bản mặt cầu (Deck Slab):S3,0.33,0.18,11.7
C1416,10,Bản mặt cầu (Deck Slab):S3,0.33,0.18,11.7
C1416,10,Bản mặt cầu (Deck Slab):S3,0.33,0.18,11.7
C1417,10,Cọc khoan nhồi D1200 (26 cọc L=872m):P1-P1D,3.39,0.18,11.7
C1417,10,Cọc khoan nhồi D1200 (26 cọc L=872m):P1-P1D,3.39,0.18,11.7
C1417,10,Cọc khoan nhồi D1200 (26 cọc L=872m):P1-P1D,3.39,0.18,11.7
C1417,10,Bản mặt cầu (Deck Slab):S3,0.33,0.18,11.7
C1417,10,Bản mặt cầu (Deck Slab):S3,0.33,0.18,11.7
C1417,10,Bản mặt cầu (Deck Slab):S3,0.33,0.18,11.7
C1417,10,Bản mặt cầu (Deck Slab):S3,0.33,0.18,11.7
C1418,10,Cọc khoan nhồi D1200 (26 cọc L=872m):P1-P1D,3.39,0.18,11.7
C1418,10,Cọc khoan nhồi D1200 (26 cọc L=872m):P1-P1D,3.39,0.18,11.7
C1418,10,Cọc khoan nhồi D1200 (26 cọc L=872m):P1-P1D,3.39,0.18,11.7
C1418,10,Bản mặt cầu (Deck Slab):S3,0.33,0.18,11.7
C1418,10,Bản mặt cầu (Deck Slab):S3,0.33,0.18,11.7
C1418,10,Bản mặt cầu (Deck Slab):S3,0.33,0.18,11.7
C1418,10,Bản mặt cầu (Deck Slab):S3,0.33,0.18,11.7
C1419,10,Cọc khoan nhồi D1200 (26 cọc L=872m):P1-P1D,3.39,0.18,11.7
C1419,10,Cọc khoan nhồi D1200 (26 cọc L=872m):P1-P1D,3.39,0.18,11.7
C1419,10,Cọc khoan nhồi D1200 (26 cọc L=872m):P1-P1D,3.39,0.18,11.7
C1419,10,Bản mặt cầu (Deck Slab):S3,0.33,0.18,11.7
C1419,10,Bản mặt cầu (Deck Slab):S3,0.33,0.18,11.7
C1419,10,Bản mặt cầu (Deck Slab):S3,0.33,0.18,11.7
C1419,10,Bản mặt cầu (Deck Slab):S3,0.33,0.18,11.7
C1420,10,Cọc khoan nhồi D1200 (26 cọc L=872m):P1-P1D,3.39,0.18,11.7
C1420,10,Cọc khoan nhồi D1200 (26 cọc L=872m):P1-P1D,3.39,0.18,11.7
C1420,10,Cọc khoan nhồi D1200 (26 cọc L=872m):P1-P1D,3.39,0.18,11.7
C1420,10,Bản mặt cầu (Deck Slab):S3,0.33,0.18,11.7
C1420,10,Bản mặt cầu (Deck Slab):S3,0.33,0.18,11.7
C1420,10,Bản mặt cầu (Deck Slab):S3,0.33,0.18,11.7
C1420,10,Bản mặt cầu (Deck Slab):S3,0.33,0.18,11.7
C1421,10,Cọc khoan nhồi D1200 (26 cọc L=872m):P1-P1D,3.39,0.18,11.7
C1421,10,Cọc khoan nhồi D1200 (26 cọc L=872m):P1-P1D,3.39,0.18,11.7
C1421,10,Cọc khoan nhồi D1200 (26 cọc L=872m):P1-P1D,3.39,0.18,11.7
C1421,10,Bản mặt cầu (Deck Slab):S3,0.33,0.18,11.7
C1421,10,Bản mặt cầu (Deck Slab):S3,0.33,0.18,11.7
C1421,10,Bản mặt cầu (Deck Slab):S3,0.33,0.18,11.7
C1421,10,Bản mặt cầu (Deck Slab):S3,0.33,0.18,11.7
C1422,10,Cọc khoan nhồi D1200 (26 cọc L=872m):P1-P1D,3.39,0.18,11.7
C1422,10,Cọc khoan nhồi D1200 (26 cọc L=872m):P1-P1D,3.39,0.18,11.7
C1422,10,Cọc khoan nhồi D1200 (26 cọc L=872m):P1-P1D,3.39,0.18,11.7
C1422,10,Bản mặt cầu (Deck Slab):S3,0.33,0.18,11.7
C1422,10,Bản mặt cầu (Deck Slab):S3,0.33,0.18,11.7
C1422,10,Bản mặt cầu (Deck Slab):S3,0.33,0.18,11.7
C1422,10,Bản mặt cầu (Deck Slab):S3,0.33,0.18,11.7
C1423,10,Cọc khoan nhồi D1200 (26 cọc L=872m):P1-P1D,3.39,0.18,11.7
C1423,10,Cọc khoan nhồi D1200 (26 cọc L=872m):P1-P1D,3.39,0.18,11.7
C1423,10,Cọc khoan nhồi D1200 (26 cọc L=872m):P1-P1D,3.39,0.18,11.7
C1423,10,Bản mặt cầu (Deck Slab):S3,0.33,0.18,11.7
C1423,10,Bản mặt cầu (Deck Slab):S3,0.33,0.18,11.7
C1423,10,Bản mặt cầu (Deck Slab):S3,0.33,0.18,11.7
C1423,10,Bản mặt cầu (Deck Slab):S3,0.33,0.18,11.7
C1424,10,Cọc khoan nhồi D1200 (26 cọc L=872m):P1-P1D,3.39,0.18,11.7
C1424,10,Cọc khoan nhồi D1200 (26 cọc L=872m):P1-P1D,3.39,0.18,11.7
C1424,10,Cọc khoan nhồi D1200 (26 cọc L=872m):P1-P1D,3.39,0.18,11.7
C1424,10,Bản mặt cầu (Deck Slab):S3,0.33,0.18,11.7
C1424,10,Bản mặt cầu (Deck Slab):S3,0.33,0.18,11.7
C1424,10,Bản mặt cầu (Deck Slab):S3,0.33,0.18,11.7
C1424,10,Bản mặt cầu (Deck Slab):S3,0.33,0.18,11.7
C1425,10,Cọc khoan nhồi D1200 (26 cọc L=872m):P1-P1D,3.39,0.18,11.7
C1425,10,Cọc khoan nhồi D1200 (26 cọc L=872m):P1-P1D,3.39,0.18,11.7
C1425,10,Cọc khoan nhồi D1200 (26 cọc L=872m):P1-P1D,3.39,0.18,11.7
C1425,10,Bản mặt cầu (Deck Slab):S3,0.33,0.18,11.7
C1425,10,Bản mặt cầu (Deck Slab):S3,0.33,0.18,11.7
C1425,10,Bản mặt cầu (Deck Slab):S3,0.33,0.18,11.7
C1425,10,Bản mặt cầu (Deck Slab):S3,0.33,0.18,11.7
C1426,10,Cọc khoan nhồi D1200 (26 cọc L=872m):P1-P1D,3.39,0.18,11.7
C1426,10,Cọc khoan nhồi D1200 (26 cọc L=872m):P1-P1D,3.39,0.18,11.7
C1426,10,Cọc khoan nhồi D1200 (26 cọc L=872m):P1-P1D,3.39,0.18,11.7
C1426,10,Bản mặt cầu (Deck Slab):S3,0.33,0.18,11.7
C1426,10,Bản mặt cầu (Deck Slab):S3,0.33,0.18,11.7
C1426,10,Bản mặt cầu (Deck Slab):S3,0.33,0.18,11.7
C1426,10,Bản mặt cầu (Deck Slab):S3,0.33,0.18,11.7
C1427,10,Cọc khoan nhồi D1200 (26 cọc L=872m):P1-P1D,3.39,0.18,11.7
C1427,10,Cọc khoan nhồi D1200 (26 cọc L=872m):P1-P1D,3.39,0.18,11.7
C1427,10,Cọc khoan nhồi D1200 (26 cọc L=872m):P1-P1D,3.39,0.18,11.7
C1427,10,Bản mặt cầu (Deck Slab):S3,0.33,0.18,11.7
C1427,10,Bản mặt cầu (Deck Slab):S3,0.33,0.18,11.7
C1427,10,Bản mặt cầu (Deck Slab):S3,0.33,0.18,11.7
C1427,10,Bản mặt cầu (Deck Slab):S3,0.33,0.18,11.7
C1428,10,Cọc khoan nhồi D1200 (26 cọc L=872m):P1-P1D,3.39,0.18,11.7
C1428,10,Cọc khoan nhồi D1200 (26 cọc L=872m):P1-P1D,3.39,0.18,11.7
C1428,10,Cọc khoan nhồi D1200 (26 cọc L=872m):P1-P1D,3.39,0.18,11.7
C1428,10,Bản mặt cầu (Deck Slab):S3,0.33,0.18,11.7
C1428,10,Bản mặt cầu (Deck Slab):S3,0.33,0.18,11.7
C1428,10,Bản mặt cầu (Deck Slab):S3,0.33,0.18,11.7
C1428,10,Bản mặt cầu (Deck Slab):S3,0.33,0.18,11.7
C1429,10,Cọc khoan nhồi D1200 (26 cọc L=872m):P1-P1D,3.39,0.18,11.7
C1429,10,Cọc khoan nhồi D1200 (26 cọc L=872m):P1-P1D,3.39,0.18,11.7
C1429,10,Cọc khoan nhồi D1200 (26 cọc L=872m):P1-P1D,3.39,0.18,11.7
C1429,10,Bản mặt cầu (Deck Slab):S3,0.33,0.18,11.7
C1429,10,Bản mặt cầu (Deck Slab):S3,0.33,0.18,11.7
C1429,10,Bản mặt cầu (Deck Slab):S3,0.33,0.18,11.7
C1429,10,Bản mặt cầu (Deck Slab):S3,0.33,0.18,11.7
C1430,10,Cọc khoan nhồi D1200 (26 cọc L=872m):P1-P1D,3.39,0.18,11.7
C1430,10,Cọc khoan nhồi D1200 (26 cọc L=872m):P1-P1D,3.39,0.18,11.7
C1430,10,Cọc khoan nhồi D1200 (26 cọc L=872m):P1-P1D,3.39,0.18,11.7
C1430,10,Bản mặt cầu (Deck Slab):S3,0.33,0.18,11.7
C1430,10,Bản mặt cầu (Deck Slab):S3,0.33,0.18,11.7
C1430,10,Bản mặt cầu (Deck Slab):S3,0.33,0.18,11.7
C1430,10,Bản mặt cầu (Deck Slab):S3,0.33,0.18,11.7
C1431,10,Cọc khoan nhồi D1200 (26 cọc L=872m):P1-P1D,3.39,0.18,11.7
C1431,10,Cọc khoan nhồi D1200 (26 cọc L=872m):P1-P1D,3.39,0.18,11.7
C1431,10,Cọc khoan nhồi D1200 (26 cọc L=872m):P1-P1D,3.39,0.18,11.7
C1431,10,Bản mặt cầu (Deck Slab):S3,0.33,0.18,11.7
C1431,10,Bản mặt cầu (Deck Slab):S3,0.33,0.18,11.7
C1431,10,Bản mặt cầu (Deck Slab):S3,0.33,0.18,11.7
C1431,10,Bản mặt cầu (Deck Slab):S3,0.33,0.18,11.7
C1432,10,Cọc khoan nhồi D1200 (26 cọc L=872m):P1-P1D,3.39,0.18,11.7
C1432,10,Cọc khoan nhồi D1200 (26 cọc L=872m):P1-P1D,3.39,0.18,11.7
C1432,10,Cọc khoan nhồi D1200 (26 cọc L=872m):P1-P1D,3.39,0.18,11.7
C1432,10,Bản mặt cầu (Deck Slab):S3,0.33,0.18,11.7
C1432,10,Bản mặt cầu (Deck Slab):S3,0.33,0.18,11.7
C1432,10,Bản mặt cầu (Deck Slab):S3,0.33,0.18,11.7
C1432,10,Bản mặt cầu (Deck Slab):S3,0.33,0.18,11.7
C1433,10,Cọc khoan nhồi D1200 (26 cọc L=872m):P1-P1D,3.39,0.18,11.7
C1433,10,Cọc khoan nhồi D1200 (26 cọc L=872m):P1-P1D,3.39,0.18,11.7
C1433,10,Cọc khoan nhồi D1200 (26 cọc L=872m):P1-P1D,3.39,0.18,11.7
C1433,10,Bản mặt cầu (Deck Slab):S3,0.33,0.18,11.7
C1433,10,Bản mặt cầu (Deck Slab):S3,0.33,0.18,11.7
C1433,10,Bản mặt cầu (Deck Slab):S3,0.33,0.18,11.7
C1433,10,Bản mặt cầu (Deck Slab):S3,0.33,0.18,11.7
C1434,10,Cọc khoan nhồi D1200 (26 cọc L=872m):P1-P1D,3.39,0.18,11.7
C1434,10,Cọc khoan nhồi D1200 (26 cọc L=872m):P1-P1D,3.39,0.18,11.7
C1434,10,Cọc khoan nhồi D1200 (26 cọc L=872m):P1-P1D,3.39,0.18,11.7
C1434,10,Bản mặt cầu (Deck Slab):S3,0.33,0.18,11.7
C1434,10,Bản mặt cầu (Deck Slab):S3,0.33,0.18,11.7
C1434,10,Bản mặt cầu (Deck Slab):S3,0.33,0.18,11.7
C1434,10,Bản mặt cầu (Deck Slab):S3,0.33,0.18,11.7
C1435,10,Cọc khoan nhồi D1200 (26 cọc L=872m):P1-P1D,3.39,0.18,11.7
C1435,10,Cọc khoan nhồi D1200 (26 cọc L=872m):P1-P1D,3.39,0.18,11.7
C1435,10,Cọc khoan nhồi D1200 (26 cọc L=872m):P1-P1D,3.39,0.18,11.7
C1435,10,Bản mặt cầu (Deck Slab):S3,0.33,0.18,11.7
C1435,10,Bản mặt cầu (Deck Slab):S3,0.33,0.18,11.7
C1435,10,Bản mặt cầu (Deck Slab):S3,0.33,0.18,11.7
C1435,10,Bản mặt cầu (Deck Slab):S3,0.33,0.18,11.7
C1436,10,Cọc khoan nhồi D1200 (26 cọc L=872m):P1-P1D,3.39,0.18,11.7
C1436,10,Cọc khoan nhồi D1200 (26 cọc L=872m):P1-P1D,3.39,0.18,11.7
C1436,10,Cọc khoan nhồi D1200 (26 cọc L=872m):P1-P1D,3.39,0.18,11.7
C1436,10,Bản mặt cầu (Deck Slab):S3,0.33,0.18,11.7
C1436,10,Bản mặt cầu (Deck Slab):S3,0.33,0.18,11.7
C1436,10,Bản mặt cầu (Deck Slab):S3,0.33,0.18,11.7
C1436,10,Bản mặt cầu (Deck Slab):S3,0.33,0.18,11.7
C1437,10,Cọc khoan nhồi D1200 (26 cọc L=872m):P1-P1D,3.39,0.18,11.7
C1437,10,Cọc khoan nhồi D1200 (26 cọc L=872m):P1-P1D,3.39,0.18,11.7
C1437,10,Cọc khoan nhồi D1200 (26 cọc L=872m):P1-P1D,3.39,0.18,11.7
C1437,10,Bản mặt cầu (Deck Slab):S3,0.33,0.18,11.7
C1437,10,Bản mặt cầu (Deck Slab):S3,0.33,0.18,11.7
C1437,10,Bản mặt cầu (Deck Slab):S3,0.33,0.18,11.7
C1437,10,Bản mặt cầu (Deck Slab):S3,0.33,0.18,11.7
C1438,10,Cọc khoan nhồi D1200 (26 cọc L=872m):P1-P1D,3.39,0.18,11.7
C1438,10,Cọc khoan nhồi D1200 (26 cọc L=872m):P1-P1D,3.39,0.18,11.7
C1438,10,Cọc khoan nhồi D1200 (26 cọc L=872m):P1-P1D,3.39,0.18,11.7
C1438,10,Bản mặt cầu (Deck Slab):S3,0.33,0.18,11.7
C1438,10,Bản mặt cầu (Deck Slab):S3,0.33,0.18,11.7
C1438,10,Bản mặt cầu (Deck Slab):S3,0.33,0.18,11.7
C1438,10,Bản mặt cầu (Deck Slab):S3,0.33,0.18,11.7
C1439,10,Cọc khoan nhồi D1200 (26 cọc L=872m):P1-P1D,3.39,0.18,11.7
C1439,10,Cọc khoan nhồi D1200 (26 cọc L=872m):P1-P1D,3.39,0.18,11.7
C1439,10,Cọc khoan nhồi D1200 (26 cọc L=872m):P1-P1D,3.39,0.18,11.7
C1439,10,Bản mặt cầu (Deck Slab):S3,0.33,0.18,11.7
C1439,10,Bản mặt cầu (Deck Slab):S3,0.33,0.18,11.7
C1439,10,Bản mặt cầu (Deck Slab):S3,0.33,0.18,11.7
C1439,10,Bản mặt cầu (Deck Slab):S3,0.33,0.18,11.7
C1440,10,Cọc khoan nhồi D1200 (26 cọc L=872m):P1-P1D,3.39,0.18,11.7
C1440,10,Cọc khoan nhồi D1200 (26 cọc L=872m):P1-P1D,3.39,0.18,11.7
C1440,10,Cọc khoan nhồi D1200 (26 cọc L=872m):P1-P1D,3.39,0.18,11.7
C1440,10,Bản mặt cầu (Deck Slab):S3,0.33,0.18,11.7
C1440,10,Bản mặt cầu (Deck Slab):S3,0.33,0.18,11.7
C1440,10,Bản mặt cầu (Deck Slab):S3,0.33,0.18,11.7
C1440,10,Bản mặt cầu (Deck Slab):S3,0.33,0.18,11.7
C1441,10,Cọc khoan nhồi D1200 (26 cọc L=872m):P1-P1D,3.39,0.18,11.7
C1441,10,Cọc khoan nhồi D1200 (26 cọc L=872m):P1-P1D,3.39,0.18,11.7
C1441,10,Cọc khoan nhồi D1200 (26 cọc L=872m):P1-P1D,3.39,0.18,11.7
C1441,10,Bản mặt cầu (Deck Slab):S3,0.33,0.18,11.7
C1441,10,Bản mặt cầu (Deck Slab):S3,0.33,0.18,11.7
C1441,10,Bản mặt cầu (Deck Slab):S3,0.33,0.18,11.7
C1441,10,Bản mặt cầu (Deck Slab):S3,0.33,0.18,11.7
C1442,10,Cọc khoan nhồi D1200 (26 cọc L=872m):P1-P1D,3.39,0.18,11.7
C1442,10,Cọc khoan nhồi D1200 (26 cọc L=872m):P1-P1D,3.39,0.18,11.7
C1442,10,Cọc khoan nhồi D1200 (26 cọc L=872m):P1-P1D,3.39,0.18,11.7
C1442,10,Bản mặt cầu (Deck Slab):S3,0.33,0.18,11.7
C1442,10,Bản mặt cầu (Deck Slab):S3,0.33,0.18,11.7
C1442,10,Bản mặt cầu (Deck Slab):S3,0.33,0.18,11.7
C1442,10,Bản mặt cầu (Deck Slab):S3,0.33,0.18,11.7
C1443,10,Cọc khoan nhồi D1200 (26 cọc L=872m):P1-P1D,3.39,0.18,11.7
C1443,10,Cọc khoan nhồi D1200 (26 cọc L=872m):P1-P1D,3.39,0.18,11.7
C1443,10,Cọc khoan nhồi D1200 (26 cọc L=872m):P1-P1D,3.39,0.18,11.7
C1443,10,Bản mặt cầu (Deck Slab):S3,0.33,0.18,11.7
C1443,10,Bản mặt cầu (Deck Slab):S3,0.33,0.18,11.7
C1443,10,Bản mặt cầu (Deck Slab):S3,0.33,0.18,11.7
C1443,10,Bản mặt cầu (Deck Slab):S3,0.33,0.18,11.7
C1444,10,Cọc khoan nhồi D1200 (26 cọc L=872m):P1-P1D,3.39,0.18,11.7
C1444,10,Cọc khoan nhồi D1200 (26 cọc L=872m):P1-P1D,3.39,0.18,11.7
C1444,10,Cọc khoan nhồi D1200 (26 cọc L=872m):P1-P1D,3.39,0.18,11.7
C1444,10,Bản mặt cầu (Deck Slab):S3,0.33,0.18,11.7
C1444,10,Bản mặt cầu (Deck Slab):S3,0.33,0.18,11.7
C1444,10,Bản mặt cầu (Deck Slab):S3,0.33,0.18,11.7
C1444,10,Bản mặt cầu (Deck Slab):S3,0.33,0.18,11.7
C1445,10,Cọc khoan nhồi D1200 (26 cọc L=872m):P1-P1D,3.39,0.18,11.7
C1445,10,Cọc khoan nhồi D1200 (26 cọc L=872m):P1-P1D,3.39,0.18,11.7
C1445,10,Cọc khoan nhồi D1200 (26 cọc L=872m):P1-P1D,3.39,0.18,11.7
C1445,10,Bản mặt cầu (Deck Slab):S3,0.33,0.18,11.7
C1445,10,Bản mặt cầu (Deck Slab):S3,0.33,0.18,11.7
C1445,10,Bản mặt cầu (Deck Slab):S3,0.33,0.18,11.7
C1445,10,Bản mặt cầu (Deck Slab):S3,0.33,0.18,11.7
C1446,10,Cọc khoan nhồi D1200 (26 cọc L=872m):P1-P1D,3.39,0.18,11.7
C1446,10,Cọc khoan nhồi D1200 (26 cọc L=872m):P1-P1D,3.39,0.18,11.7
C1446,10,Cọc khoan nhồi D1200 (26 cọc L=872m):P1-P1D,3.39,0.18,11.7
C1446,10,Bản mặt cầu (Deck Slab):S3,0.33,0.18,11.7
C1446,10,Bản mặt cầu (Deck Slab):S3,0.33,0.18,11.7
C1446,10,Bản mặt cầu (Deck Slab):S3,0.33,0.18,11.7
C1446,10,Bản mặt cầu (Deck Slab):S3,0.33,0.18,11.7
C1447,10,Cọc khoan nhồi D1200 (26 cọc L=872m):P1-P1D,3.39,0.18,11.7
C1447,10,Cọc khoan nhồi D1200 (26 cọc L=872m):P1-P1D,3.39,0.18,11.7
C1447,10,Cọc khoan nhồi D1200 (26 cọc L=872m):P1-P1D,3.39,0.18,11.7
C1447,10,Bản mặt cầu (Deck Slab):S3,0.33,0.18,11.7
C1447,10,Bản mặt cầu (Deck Slab):S3,0.33,0.18,11.7
C1447,10,Bản mặt cầu (Deck Slab):S3,0.33,0.18,11.7
C1447,10,Bản mặt cầu (Deck Slab):S3,0.33,0.18,11.7
C1448,10,Cọc khoan nhồi D1200 (26 cọc L=872m):P1-P1D,3.39,0.18,11.7
C1448,10,Cọc khoan nhồi D1200 (26 cọc L=872m):P1-P1D,3.39,0.18,11.7
C1448,10,Cọc khoan nhồi D1200 (26 cọc L=872m):P1-P1D,3.39,0.18,11.7
C1448,10,Bản mặt cầu (Deck Slab):S3,0.33,0.18,11.7
C1448,10,Bản mặt cầu (Deck Slab):S3,0.33,0.18,11.7
C1448,10,Bản mặt cầu (Deck Slab):S3,0.33,0.18,11.7
C1448,10,Bản mặt cầu (Deck Slab):S3,0.33,0.18,11.7
C1449,10,Cọc khoan nhồi D1200 (26 cọc L=872m):P1-P1D,3.39,0.18,11.7
C1449,10,Cọc khoan nhồi D1200 (26 cọc L=872m):P1-P1D,3.39,0.18,11.7
C1449,10,Cọc khoan nhồi D1200 (26 cọc L=872m):P1-P1D,3.39,0.18,11.7
C1449,10,Bản mặt cầu (Deck Slab):S3,0.33,0.18,11.7
C1449,10,Bản mặt cầu (Deck Slab):S3,0.33,0.18,11.7
C1449,10,Bản mặt cầu (Deck Slab):S3,0.33,0.18,11.7
C1449,10,Bản mặt cầu (Deck Slab):S3,0.33,0.18,11.7
C1450,10,Cọc khoan nhồi D1200 (26 cọc L=872m):P1-P1D,3.39,0.18,11.7
C1450,10,Cọc khoan nhồi D1200 (26 cọc L=872m):P1-P1D,3.39,0.18,11.7
C1450,10,Cọc khoan nhồi D1200 (26 cọc L=872m):P1-P1D,3.39,0.18,11.7
C1450,10,Bản mặt cầu (Deck Slab):S3,0.33,0.18,11.7
C1450,10,Bản mặt cầu (Deck Slab):S3,0.33,0.18,11.7
C1450,10,Bản mặt cầu (Deck Slab):S3,0.33,0.18,11.7
C1450,10,Bản mặt cầu (Deck Slab):S3,0.33,0.18,11.7
C1451,10,Cọc khoan nhồi D1200 (26 cọc L=872m):P1-P1D,3.39,0.18,11.7
C1451,10,Cọc khoan nhồi D1200 (26 cọc L=872m):P1-P1D,3.39,0.18,11.7
C1451,10,Cọc khoan nhồi D1200 (26 cọc L=872m):P1-P1D,3.39,0.18,11.7
C1451,10,Bản mặt cầu (Deck Slab):S3,0.33,0.18,11.7
C1451,10,Bản mặt cầu (Deck Slab):S3,0.33,0.18,11.7
C1451,10,Bản mặt cầu (Deck Slab):S3,0.33,0.18,11.7
C1451,10,Bản mặt cầu (Deck Slab):S3,0.33,0.18,11.7
C1452,10,Cọc khoan nhồi D1200 (26 cọc L=872m):P1-P1D,3.39,0.18,11.7
C1452,10,Cọc khoan nhồi D1200 (26 cọc L=872m):P1-P1D,3.39,0.18,11.7
C1452,10,Cọc khoan nhồi D1200 (26 cọc L=872m):P1-P1D,3.39,0.18,11.7
C1452,10,Bản mặt cầu (Deck Slab):S3,0.33,0.18,11.7
C1452,10,Bản mặt cầu (Deck Slab):S3,0.33,0.18,11.7
C1452,10,Bản mặt cầu (Deck Slab):S3,0.33,0.18,11.7
C1452,10,Bản mặt cầu (Deck Slab):S3,0.33,0.18,11.7
C1453,10,Cọc khoan nhồi D1200 (26 cọc L=872m):P1-P1D,3.39,0.18,11.7
C1453,10,Cọc khoan nhồi D1200 (26 cọc L=872m):P1-P1D,3.39,0.18,11.7
C1453,10,Cọc khoan nhồi D1200 (26 cọc L=872m):P1-P1D,3.39,0.18,11.7
C1453,10,Bản mặt cầu (Deck Slab):S3,0.33,0.18,11.7
C1453,10,Bản mặt cầu (Deck Slab):S3,0.33,0.18,11.7
C1453,10,Bản mặt cầu (Deck Slab):S3,0.33,0.18,11.7
C1453,10,Bản mặt cầu (Deck Slab):S3,0.33,0.18,11.7
C1454,10,Cọc khoan nhồi D1200 (26 cọc L=872m):P1-P1D,3.39,0.18,11.7
C1454,10,Cọc khoan nhồi D1200 (26 cọc L=872m):P1-P1D,3.39,0.18,11.7
C1454,10,Cọc khoan nhồi D1200 (26 cọc L=872m):P1-P1D,3.39,0.18,11.7
C1454,10,Bản mặt cầu (Deck Slab):S3,0.33,0.18,11.7
C1454,10,Bản mặt cầu (Deck Slab):S3,0.33,0.18,11.7
C1454,10,Bản mặt cầu (Deck Slab):S3,0.33,0.18,11.7
C1454,10,Bản mặt cầu (Deck Slab):S3,0.33,0.18,11.7
C1455,10,Cọc khoan nhồi D1200 (26 cọc L=872m):P1-P1D,3.39,0.18,11.7
C1455,10,Cọc khoan nhồi D1200 (26 cọc L=872m):P1-P1D,3.39,0.18,11.7
C1455,10,Cọc khoan nhồi D1200 (26 cọc L=872m):P1-P1D,3.39,0.18,11.7
C1455,10,Bản mặt cầu (Deck Slab):S3,0.33,0.18,11.7
C1455,10,Bản mặt cầu (Deck Slab):S3,0.33,0.18,11.7
C1455,10,Bản mặt cầu (Deck Slab):S3,0.33,0.18,11.7
C1455,10,Bản mặt cầu (Deck Slab):S3,0.33,0.18,11.7
C1456,10,Cọc khoan nhồi D1200 (26 cọc L=872m):P1-P1D,3.39,0.18,11.7
C1456,10,Cọc khoan nhồi D1200 (26 cọc L=872m):P1-P1D,3.39,0.18,11.7
C1456,10,Cọc khoan nhồi D1200 (26 cọc L=872m):P1-P1D,3.39,0.18,11.7
C1456,10,Bản mặt cầu (Deck Slab):S3,0.33,0.18,11.7
C1456,10,Bản mặt cầu (Deck Slab):S3,0.33,0.18,11.7
C1456,10,Bản mặt cầu (Deck Slab):S3,0.33,0.18,11.7
C1456,10,Bản mặt cầu (Deck Slab):S3,0.33,0.18,11.7
C1457,10,Cọc khoan nhồi D1200 (26 cọc L=872m):P1-P1D,3.39,0.18,11.7
C1457,10,Cọc khoan nhồi D1200 (26 cọc L=872m):P1-P1D,3.39,0.18,11.7
C1457,10,Cọc khoan nhồi D1200 (26 cọc L=872m):P1-P1D,3.39,0.18,11.7
C1457,10,Bản mặt cầu (Deck Slab):S3,0.33,0.18,11.7
C1457,10,Bản mặt cầu (Deck Slab):S3,0.33,0.18,11.7
C1457,10,Bản mặt cầu (Deck Slab):S3,0.33,0.18,11.7
C1457,10,Bản mặt cầu (Deck Slab):S3,0.33,0.18,11.7
C1458,10,Cọc khoan nhồi D1200 (26 cọc L=872m):P1-P1D,3.39,0.18,11.7
C1458,10,Cọc khoan nhồi D1200 (26 cọc L=872m):P1-P1D,3.39,0.18,11.7
C1458,10,Cọc khoan nhồi D1200 (26 cọc L=872m):P1-P1D,3.39,0.18,11.7
C1458,10,Bản mặt cầu (Deck Slab):S3,0.33,0.18,11.7
C1458,10,Bản mặt cầu (Deck Slab):S3,0.33,0.18,11.7
C1458,10,Bản mặt cầu (Deck Slab):S3,0.33,0.18,11.7
C1458,10,Bản mặt cầu (Deck Slab):S3,0.33,0.18,11.7
C1459,10,Cọc khoan nhồi D1200 (26 cọc L=872m):P1-P1D,3.39,0.18,11.7
C1459,10,Cọc khoan nhồi D1200 (26 cọc L=872m):P1-P1D,3.39,0.18,11.7
C1459,10,Cọc khoan nhồi D1200 (26 cọc L=872m):P1-P1D,3.39,0.18,11.7
C1459,10,Bản mặt cầu (Deck Slab):S3,0.33,0.18,11.7
C1459,10,Bản mặt cầu (Deck Slab):S3,0.33,0.18,11.7
C1459,10,Bản mặt cầu (Deck Slab):S3,0.33,0.18,11.7
C1459,10,Bản mặt cầu (Deck Slab):S3,0.33,0.18,11.7
C1460,10,Cọc khoan nhồi D1200 (26 cọc L=872m):P1-P1D,3.39,0.18,11.7
C1460,10,Cọc khoan nhồi D1200 (26 cọc L=872m):P1-P1D,3.39,0.18,11.7
C1460,10,Cọc khoan nhồi D1200 (26 cọc L=872m):P1-P1D,3.39,0.18,11.7
C1460,10,Bản mặt cầu (Deck Slab):S3,0.33,0.18,11.7
C1460,10,Bản mặt cầu (Deck Slab):S3,0.33,0.18,11.7
C1460,10,Bản mặt cầu (Deck Slab):S3,0.33,0.18,11.7
C1460,10,Bản mặt cầu (Deck Slab):S3,0.33,0.18,11.7
C1461,10,Cọc khoan nhồi D1200 (26 cọc L=872m):P1-P1D,3.39,0.18,11.7
C1461,10,Cọc khoan nhồi D1200 (26 cọc L=872m):P1-P1D,3.39,0.18,11.7
C1461,10,Cọc khoan nhồi D1200 (26 cọc L=872m):P1-P1D,3.39,0.18,11.7
C1461,10,Bản mặt cầu (Deck Slab):S3,0.33,0.18,11.7
C1461,10,Bản mặt cầu (Deck Slab):S3,0.33,0.18,11.7
C1461,10,Bản mặt cầu (Deck Slab):S3,0.33,0.18,11.7
C1461,10,Bản mặt cầu (Deck Slab):S3,0.33,0.18,11.7
C1462,10,Cọc khoan nhồi D1200 (26 cọc L=872m):P1-P1D,3.39,0.18,11.7
C1462,10,Cọc khoan nhồi D1200 (26 cọc L=872m):P1-P1D,3.39,0.18,11.7
C1462,10,Cọc khoan nhồi D1200 (26 cọc L=872m):P1-P1D,3.39,0.18,11.7
C1462,10,Bản mặt cầu (Deck Slab):S3,0.33,0.18,11.7
C1462,10,Bản mặt cầu (Deck Slab):S3,0.33,0.18,11.7
C1462,10,Bản mặt cầu (Deck Slab):S3,0.33,0.18,11.7
C1462,10,Bản mặt cầu (Deck Slab):S3,0.33,0.18,11.7
C1463,10,Cọc khoan nhồi D1200 (26 cọc L=872m):P1-P1D,3.39,0.18,11.7
C1463,10,Cọc khoan nhồi D1200 (26 cọc L=872m):P1-P1D,3.39,0.18,11.7
C1463,10,Cọc khoan nhồi D1200 (26 cọc L=872m):P1-P1D,3.39,0.18,11.7
C1463,10,Bản mặt cầu (Deck Slab):S3,0.33,0.18,11.7
C1463,10,Bản mặt cầu (Deck Slab):S3,0.33,0.18,11.7
C1463,10,Bản mặt cầu (Deck Slab):S3,0.33,0.18,11.7
C1463,10,Bản mặt cầu (Deck Slab):S3,0.33,0.18,11.7
C1464,10,Cọc khoan nhồi D1200 (26 cọc L=872m):P1-P1D,3.39,0.18,11.7
C1464,10,Cọc khoan nhồi D1200 (26 cọc L=872m):P1-P1D,3.39,0.18,11.7
C1464,10,Cọc khoan nhồi D1200 (26 cọc L=872m):P1-P1D,3.39,0.18,11.7
C1464,10,Bản mặt cầu (Deck Slab):S3,0.33,0.18,11.7
C1464,10,Bản mặt cầu (Deck Slab):S3,0.33,0.18,11.7
C1464,10,Bản mặt cầu (Deck Slab):S3,0.33,0.18,11.7
C1464,10,Bản mặt cầu (Deck Slab):S3,0.33,0.18,11.7
C1465,10,Cọc khoan nhồi D1200 (26 cọc L=872m):P1-P1D,3.39,0.18,11.7
C1465,10,Cọc khoan nhồi D1200 (26 cọc L=872m):P1-P1D,3.39,0.18,11.7
C1465,10,Cọc khoan nhồi D1200 (26 cọc L=872m):P1-P1D,3.39,0.18,11.7
C1465,10,Bản mặt cầu (Deck Slab):S3,0.33,0.18,11.7
C1465,10,Bản mặt cầu (Deck Slab):S3,0.33,0.18,11.7
C1465,10,Bản mặt cầu (Deck Slab):S3,0.33,0.18,11.7
C1465,10,Bản mặt cầu (Deck Slab):S3,0.33,0.18,11.7
C1466,10,Cọc khoan nhồi D1200 (26 cọc L=872m):P1-P1D,3.39,0.18,11.7
C1466,10,Cọc khoan nhồi D1200 (26 cọc L=872m):P1-P1D,3.39,0.18,11.7
C1466,10,Cọc khoan nhồi D1200 (26 cọc L=872m):P1-P1D,3.39,0.18,11.7
C1466,10,Bản mặt cầu (Deck Slab):S3,0.33,0.18,11.7
C1466,10,Bản mặt cầu (Deck Slab):S3,0.33,0.18,11.7
C1466,10,Bản mặt cầu (Deck Slab):S3,0.33,0.18,11.7
C1466,10,Bản mặt cầu (Deck Slab):S3,0.33,0.18,11.7
C1467,10,Cọc khoan nhồi D1200 (26 cọc L=872m):P1-P1D,3.39,0.18,11.7
C1467,10,Cọc khoan nhồi D1200 (26 cọc L=872m):P1-P1D,3.39,0.18,11.7
C1467,10,Cọc khoan nhồi D1200 (26 cọc L=872m):P1-P1D,3.39,0.18,11.7
C1467,10,Bản mặt cầu (Deck Slab):S3,0.33,0.18,11.7
C1467,10,Bản mặt cầu (Deck Slab):S3,0.33,0.18,11.7
C1467,10,Bản mặt cầu (Deck Slab):S3,0.33,0.18,11.7
C1467,10,Bản mặt cầu (Deck Slab):S3,0.33,0.18,11.7
C1468,10,Cọc khoan nhồi D1200 (26 cọc L=872m):P1-P1D,3.39,0.18,11.7
C1468,10,Cọc khoan nhồi D1200 (26 cọc L=872m):P1-P1D,3.39,0.18,11.7
C1468,10,Cọc khoan nhồi D1200 (26 cọc L=872m):P1-P1D,3.39,0.18,11.7
C1468,10,Bản mặt cầu (Deck Slab):S3,0.33,0.18,11.7
C1468,10,Bản mặt cầu (Deck Slab):S3,0.33,0.18,11.7
C1468,10,Bản mặt cầu (Deck Slab):S3,0.33,0.18,11.7
C1468,10,Bản mặt cầu (Deck Slab):S3,0.33,0.18,11.7
C1469,10,Cọc khoan nhồi D1200 (26 cọc L=872m):P1-P1D,3.39,0.18,11.7
C1469,10,Cọc khoan nhồi D1200 (26 cọc L=872m):P1-P1D,3.39,0.18,11.7
C1469,10,Cọc khoan nhồi D1200 (26 cọc L=872m):P1-P1D,3.39,0.18,11.7
C1469,10,Bản mặt cầu (Deck Slab):S3,0.33,0.18,11.7
C1469,10,Bản mặt cầu (Deck Slab):S3,0.33,0.18,11.7
C1469,10,Bản mặt cầu (Deck Slab):S3,0.33,0.18,11.7
C1469,10,Bản mặt cầu (Deck Slab):S3,0.33,0.18,11.7
C1470,10,Cọc khoan nhồi D1200 (26 cọc L=872m):P1-P1D,3.39,0.18,11.7
C1470,10,Cọc khoan nhồi D1200 (26 cọc L=872m):P1-P1D,3.39,0.18,11.7
C1470,10,Cọc khoan nhồi D1200 (26 cọc L=872m):P1-P1D,3.39,0.18,11.7
C1470,10,Bản mặt cầu (Deck Slab):S3,0.33,0.18,11.7
C1470,10,Bản mặt cầu (Deck Slab):S3,0.33,0.18,11.7
C1470,10,Bản mặt cầu (Deck Slab):S3,0.33,0.18,11.7
C1470,10,Bản mặt cầu (Deck Slab):S3,0.33,0.18,11.7
C1471,10,Cọc khoan nhồi D1200 (26 cọc L=872m):P1-P1D,3.39,0.18,11.7
C1471,10,Cọc khoan nhồi D1200 (26 cọc L=872m):P1-P1D,3.39,0.18,11.7
C1471,10,Cọc khoan nhồi D1200 (26 cọc L=872m):P1-P1D,3.39,0.18,11.7
C1471,10,Bản mặt cầu (Deck Slab):S3,0.33,0.18,11.7
C1471,10,Bản mặt cầu (Deck Slab):S3,0.33,0.18,11.7
C1471,10,Bản mặt cầu (Deck Slab):S3,0.33,0.18,11.7
C1471,10,Bản mặt cầu (Deck Slab):S3,0.33,0.18,11.7
C1472,10,Cọc khoan nhồi D1200 (26 cọc L=872m):P1-P1D,3.39,0.18,11.7
C1472,10,Cọc khoan nhồi D1200 (26 cọc L=872m):P1-P1D,3.39,0.18,11.7
C1472,10,Cọc khoan nhồi D1200 (26 cọc L=872m):P1-P1D,3.39,0.18,11.7
C1472,10,Bản mặt cầu (Deck Slab):S3,0.33,0.18,11.7
C1472,10,Bản mặt cầu (Deck Slab):S3,0.33,0.18,11.7
C1472,10,Bản mặt cầu (Deck Slab):S3,0.33,0.18,11.7
C1472,10,Bản mặt cầu (Deck Slab):S3,0.33,0.18,11.7
C1473,10,Cọc khoan nhồi D1200 (26 cọc L=872m):P1-P1D,3.39,0.18,11.7
C1473,10,Cọc khoan nhồi D1200 (26 cọc L=872m):P1-P1D,3.39,0.18,11.7
C1473,10,Cọc khoan nhồi D1200 (26 cọc L=872m):P1-P1D,3.39,0.18,11.7
C1473,10,Bản mặt cầu (Deck Slab):S3,0.33,0.18,11.7
C1473,10,Bản mặt cầu (Deck Slab):S3,0.33,0.18,11.7
C1473,10,Bản mặt cầu (Deck Slab):S3,0.33,0.18,11.7
C1473,10,Bản mặt cầu (Deck Slab):S3,0.33,0.18,11.7
C1474,10,Cọc khoan nhồi D1200 (26 cọc L=872m):P1-P1D,3.39,0.18,11.7
C1474,10,Cọc khoan nhồi D1200 (26 cọc L=872m):P1-P1D,3.39,0.18,11.7
C1474,10,Cọc khoan nhồi D1200 (26 cọc L=872m):P1-P1D,3.39,0.18,11.7
C1474,10,Bản mặt cầu (Deck Slab):S3,0.33,0.18,11.7
C1474,10,Bản mặt cầu (Deck Slab):S3,0.33,0.18,11.7
C1474,10,Bản mặt cầu (Deck Slab):S3,0.33,0.18,11.7
C1474,10,Bản mặt cầu (Deck Slab):S3,0.33,0.18,11.7
C1475,10,Cọc khoan nhồi D1200 (26 cọc L=872m):P1-P1D,3.39,0.18,11.7
C1475,10,Cọc khoan nhồi D1200 (26 cọc L=872m):P1-P1D,3.39,0.18,11.7
C1475,10,Cọc khoan nhồi D1200 (26 cọc L=872m):P1-P1D,3.39,0.18,11.7
C1475,10,Bản mặt cầu (Deck Slab):S3,0.33,0.18,11.7
C1475,10,Bản mặt cầu (Deck Slab):S3,0.33,0.18,11.7
C1475,10,Bản mặt cầu (Deck Slab):S3,0.33,0.18,11.7
C1475,10,Bản mặt cầu (Deck Slab):S3,0.33,0.18,11.7
C1476,10,Cọc khoan nhồi D1200 (26 cọc L=872m):P1-P1D,3.39,0.18,11.7
C1476,10,Cọc khoan nhồi D1200 (26 cọc L=872m):P1-P1D,3.39,0.18,11.7
C1476,10,Cọc khoan nhồi D1200 (26 cọc L=872m):P1-P1D,3.39,0.18,11.7
C1476,10,Bản mặt cầu (Deck Slab):S3,0.33,0.18,11.7
C1476,10,Bản mặt cầu (Deck Slab):S3,0.33,0.18,11.7
C1476,10,Bản mặt cầu (Deck Slab):S3,0.33,0.18,11.7
C1476,10,Bản mặt cầu (Deck Slab):S3,0.33,0.18,11.7
C1477,10,Cọc khoan nhồi D1200 (26 cọc L=872m):P1-P1D,3.39,0.18,11.7
C1477,10,Cọc khoan nhồi D1200 (26 cọc L=872m):P1-P1D,3.39,0.18,11.7
C1477,10,Cọc khoan nhồi D1200 (26 cọc L=872m):P1-P1D,3.39,0.18,11.7
C1477,10,Bản mặt cầu (Deck Slab):S3,0.33,0.18,11.7
C1477,10,Bản mặt cầu (Deck Slab):S3,0.33,0.18,11.7
C1477,10,Bản mặt cầu (Deck Slab):S3,0.33,0.18,11.7
C1477,10,Bản mặt cầu (Deck Slab):S3,0.33,0.18,11.7
C1478,10,Cọc khoan nhồi D1200 (26 cọc L=872m):P1-P1D,3.39,0.18,11.7
C1478,10,Cọc khoan nhồi D1200 (26 cọc L=872m):P1-P1D,3.39,0.18,11.7
C1478,10,Cọc khoan nhồi D1200 (26 cọc L=872m):P1-P1D,3.39,0.18,11.7
C1478,10,Bản mặt cầu (Deck Slab):S3,0.33,0.18,11.7
C1478,10,Bản mặt cầu (Deck Slab):S3,0.33,0.18,11.7
C1478,10,Bản mặt cầu (Deck Slab):S3,0.33,0.18,11.7
C1478,10,Bản mặt cầu (Deck Slab):S3,0.33,0.18,11.7
C1479,10,Cọc khoan nhồi D1200 (26 cọc L=872m):P1-P1D,3.39,0.18,11.7
C1479,10,Cọc khoan nhồi D1200 (26 cọc L=872m):P1-P1D,3.39,0.18,11.7
C1479,10,Cọc khoan nhồi D1200 (26 cọc L=872m):P1-P1D,3.39,0.18,11.7
C1479,10,Bản mặt cầu (Deck Slab):S3,0.33,0.18,11.7
C1479,10,Bản mặt cầu (Deck Slab):S3,0.33,0.18,11.7
C1479,10,Bản mặt cầu (Deck Slab):S3,0.33,0.18,11.7
C1479,10,Bản mặt cầu (Deck Slab):S3,0.33,0.18,11.7
C1480,10,Cọc khoan nhồi D1200 (26 cọc L=872m):P1-P1D,3.39,0.18,11.7
C1480,10,Cọc khoan nhồi D1200 (26 cọc L=872m):P1-P1D,3.39,0.18,11.7
C1480,10,Cọc khoan nhồi D1200 (26 cọc L=872m):P1-P1D,3.39,0.18,11.7
C1480,10,Bản mặt cầu (Deck Slab):S3,0.33,0.18,11.7
C1480,10,Bản mặt cầu (Deck Slab):S3,0.33,0.18,11.7
C1480,10,Bản mặt cầu (Deck Slab):S3,0.33,0.18,11.7
C1480,10,Bản mặt cầu (Deck Slab):S3,0.33,0.18,11.7
C1481,10,Cọc khoan nhồi D1200 (26 cọc L=872m):P1-P1D,3.39,0.18,11.7
C1481,10,Cọc khoan nhồi D1200 (26 cọc L=872m):P1-P1D,3.39,0.18,11.7
C1481,10,Cọc khoan nhồi D1200 (26 cọc L=872m):P1-P1D,3.39,0.18,11.7
C1481,10,Bản mặt cầu (Deck Slab):S3,0.33,0.18,11.7
C1481,10,Bản mặt cầu (Deck Slab):S3,0.33,0.18,11.7
C1481,10,Bản mặt cầu (Deck Slab):S3,0.33,0.18,11.7
C1481,10,Bản mặt cầu (Deck Slab):S3,0.33,0.18,11.7
C1482,10,Cọc khoan nhồi D1200 (26 cọc L=872m):P1-P1D,3.39,0.18,11.7
C1482,10,Cọc khoan nhồi D1200 (26 cọc L=872m):P1-P1D,3.39,0.18,11.7
C1482,10,Cọc khoan nhồi D1200 (26 cọc L=872m):P1-P1D,3.39,0.18,11.7
C1482,10,Bản mặt cầu (Deck Slab):S3,0.33,0.18,11.7
C1482,10,Bản mặt cầu (Deck Slab):S3,0.33,0.18,11.7
C1482,10,Bản mặt cầu (Deck Slab):S3,0.33,0.18,11.7
C1482,10,Bản mặt cầu (Deck Slab):S3,0.33,0.18,11.7
C1483,10,Cọc khoan nhồi D1200 (26 cọc L=872m):P1-P1D,3.39,0.18,11.7
C1483,10,Cọc khoan nhồi D1200 (26 cọc L=872m):P1-P1D,3.39,0.18,11.7
C1483,10,Cọc khoan nhồi D1200 (26 cọc L=872m):P1-P1D,3.39,0.18,11.7
C1483,10,Bản mặt cầu (Deck Slab):S3,0.33,0.18,11.7
C1483,10,Bản mặt cầu (Deck Slab):S3,0.33,0.18,11.7
C1483,10,Bản mặt cầu (Deck Slab):S3,0.33,0.18,11.7
C1483,10,Bản mặt cầu (Deck Slab):S3,0.33,0.18,11.7
C1484,10,Cọc khoan nhồi D1200 (26 cọc L=872m):P1-P1D,3.39,0.18,11.7
C1484,10,Cọc khoan nhồi D1200 (26 cọc L=872m):P1-P1D,3.39,0.18,11.7
C1484,10,Cọc khoan nhồi D1200 (26 cọc L=872m):P1-P1D,3.39,0.18,11.7
C1484,10,Bản mặt cầu (Deck Slab):S3,0.33,0.18,11.7
C1484,10,Bản mặt cầu (Deck Slab):S3,0.33,0.18,11.7
C1484,10,Bản mặt cầu (Deck Slab):S3,0.33,0.18,11.7
C1484,10,Bản mặt cầu (Deck Slab):S3,0.33,0.18,11.7
C1485,10,Cọc khoan nhồi D1200 (26 cọc L=872m):P1-P1D,3.39,0.18,11.7
C1485,10,Cọc khoan nhồi D1200 (26 cọc L=872m):P1-P1D,3.39,0.18,11.7
C1485,10,Cọc khoan nhồi D1200 (26 cọc L=872m):P1-P1D,3.39,0.18,11.7
C1485,10,Bản mặt cầu (Deck Slab):S3,0.33,0.18,11.7
C1485,10,Bản mặt cầu (Deck Slab):S3,0.33,0.18,11.7
C1485,10,Bản mặt cầu (Deck Slab):S3,0.33,0.18,11.7
C1485,10,Bản mặt cầu (Deck Slab):S3,0.33,0.18,11.7
C1486,10,Cọc khoan nhồi D1200 (26 cọc L=872m):P1-P1D,3.39,0.18,11.7
C1486,10,Cọc khoan nhồi D1200 (26 cọc L=872m):P1-P1D,3.39,0.18,11.7
C1486,10,Cọc khoan nhồi D1200 (26 cọc L=872m):P1-P1D,3.39,0.18,11.7
C1486,10,Bản mặt cầu (Deck Slab):S3,0.33,0.18,11.7
C1486,10,Bản mặt cầu (Deck Slab):S3,0.33,0.18,11.7
C1486,10,Bản mặt cầu (Deck Slab):S3,0.33,0.18,11.7
C1486,10,Bản mặt cầu (Deck Slab):S3,0.33,0.18,11.7
C1487,10,Cọc khoan nhồi D1200 (26 cọc L=872m):P1-P1D,3.39,0.18,11.7
C1487,10,Cọc khoan nhồi D1200 (26 cọc L=872m):P1-P1D,3.39,0.18,11.7
C1487,10,Cọc khoan nhồi D1200 (26 cọc L=872m):P1-P1D,3.39,0.18,11.7
C1487,10,Bản mặt cầu (Deck Slab):S3,0.33,0.18,11.7
C1487,10,Bản mặt cầu (Deck Slab):S3,0.33,0.18,11.7
C1487,10,Bản mặt cầu (Deck Slab):S3,0.33,0.18,11.7
C1487,10,Bản mặt cầu (Deck Slab):S3,0.33,0.18,11.7
C1488,10,Cọc khoan nhồi D1200 (26 cọc L=872m):P1-P1D,3.39,0.18,11.7
C1488,10,Cọc khoan nhồi D1200 (26 cọc L=872m):P1-P1D,3.39,0.18,11.7
C1488,10,Cọc khoan nhồi D1200 (26 cọc L=872m):P1-P1D,3.39,0.18,11.7
C1488,10,Bản mặt cầu (Deck Slab):S3,0.33,0.18,11.7
C1488,10,Bản mặt cầu (Deck Slab):S3,0.33,0.18,11.7
C1488,10,Bản mặt cầu (Deck Slab):S3,0.33,0.18,11.7
C1488,10,Bản mặt cầu (Deck Slab):S3,0.33,0.18,11.7
C1489,10,Cọc khoan nhồi D1200 (26 cọc L=872m):P1-P1D,3.39,0.18,11.7
C1489,10,Cọc khoan nhồi D1200 (26 cọc L=872m):P1-P1D,3.39,0.18,11.7
C1489,10,Cọc khoan nhồi D1200 (26 cọc L=872m):P1-P1D,3.39,0.18,11.7
C1489,10,Bản mặt cầu (Deck Slab):S3,0.33,0.18,11.7
C1489,10,Bản mặt cầu (Deck Slab):S3,0.33,0.18,11.7
C1489,10,Bản mặt cầu (Deck Slab):S3,0.33,0.18,11.7
C1489,10,Bản mặt cầu (Deck Slab):S3,0.33,0.18,11.7
C1490,10,Cọc khoan nhồi D1200 (26 cọc L=872m):P1-P1D,3.39,0.18,11.7
C1490,10,Cọc khoan nhồi D1200 (26 cọc L=872m):P1-P1D,3.39,0.18,11.7
C1490,10,Cọc khoan nhồi D1200 (26 cọc L=872m):P1-P1D,3.39,0.18,11.7
C1490,10,Bản mặt cầu (Deck Slab):S3,0.33,0.18,11.7
C1490,10,Bản mặt cầu (Deck Slab):S3,0.33,0.18,11.7
C1490,10,Bản mặt cầu (Deck Slab):S3,0.33,0.18,11.7
C1490,10,Bản mặt cầu (Deck Slab):S3,0.33,0.18,11.7
C1491,10,Cọc khoan nhồi D1200 (26 cọc L=872m):P1-P1D,3.39,0.18,11.7
C1491,10,Cọc khoan nhồi D1200 (26 cọc L=872m):P1-P1D,3.39,0.18,11.7
C1491,10,Cọc khoan nhồi D1200 (26 cọc L=872m):P1-P1D,3.39,0.18,11.7
C1491,10,Bản mặt cầu (Deck Slab):S3,0.33,0.18,11.7
C1491,10,Bản mặt cầu (Deck Slab):S3,0.33,0.18,11.7
C1491,10,Bản mặt cầu (Deck Slab):S3,0.33,0.18,11.7
C1491,10,Bản mặt cầu (Deck Slab):S3,0.33,0.18,11.7
C1492,10,Cọc khoan nhồi D1200 (26 cọc L=872m):P1-P1D,3.39,0.18,11.7
C1492,10,Cọc khoan nhồi D1200 (26 cọc L=872m):P1-P1D,3.39,0.18,11.7
C1492,10,Cọc khoan nhồi D1200 (26 cọc L=872m):P1-P1D,3.39,0.18,11.7
C1492,10,Bản mặt cầu (Deck Slab):S3,0.33,0.18,11.7
C1492,10,Bản mặt cầu (Deck Slab):S3,0.33,0.18,11.7
C1492,10,Bản mặt cầu (Deck Slab):S3,0.33,0.18,11.7
C1492,10,Bản mặt cầu (Deck Slab):S3,0.33,0.18,11.7
C1493,10,Cọc khoan nhồi D1200 (26 cọc L=872m):P1-P1D,3.39,0.18,11.7
C1493,10,Cọc khoan nhồi D1200 (26 cọc L=872m):P1-P1D,3.39,0.18,11.7
C1493,10,Cọc khoan nhồi D1200 (26 cọc L=872m):P1-P1D,3.39,0.18,11.7
C1493,10,Bản mặt cầu (Deck Slab):S3,0.33,0.18,11.7
C1493,10,Bản mặt cầu (Deck Slab):S3,0.33,0.18,11.7
C1493,10,Bản mặt cầu (Deck Slab):S3,0.33,0.18,11.7
C1493,10,Bản mặt cầu (Deck Slab):S3,0.33,0.18,11.7
C1494,10,Cọc khoan nhồi D1200 (26 cọc L=872m):P1-P1D,3.39,0.18,11.7
C1494,10,Cọc khoan nhồi D1200 (26 cọc L=872m):P1-P1D,3.39,0.18,11.7
C1494,10,Cọc khoan nhồi D1200 (26 cọc L=872m):P1-P1D,3.39,0.18,11.7
C1494,10,Bản mặt cầu (Deck Slab):S3,0.33,0.18,11.7
C1494,10,Bản mặt cầu (Deck Slab):S3,0.33,0.18,11.7
C1494,10,Bản mặt cầu (Deck Slab):S3,0.33,0.18,11.7
C1494,10,Bản mặt cầu (Deck Slab):S3,0.33,0.18,11.7
C1495,10,Cọc khoan nhồi D1200 (26 cọc L=872m):P1-P1D,3.39,0.18,11.7
C1495,10,Cọc khoan nhồi D1200 (26 cọc L=872m):P1-P1D,3.39,0.18,11.7
C1495,10,Cọc khoan nhồi D1200 (26 cọc L=872m):P1-P1D,3.39,0.18,11.7
C1495,10,Bản mặt cầu (Deck Slab):S3,0.33,0.18,11.7
C1495,10,Bản mặt cầu (Deck Slab):S3,0.33,0.18,11.7
C1495,10,Bản mặt cầu (Deck Slab):S3,0.33,0.18,11.7
C1495,10,Bản mặt cầu (Deck Slab):S3,0.33,0.18,11.7
C1496,10,Cọc khoan nhồi D1200 (26 cọc L=872m):P1-P1D,3.39,0.18,11.7
C1496,10,Cọc khoan nhồi D1200 (26 cọc L=872m):P1-P1D,3.39,0.18,11.7
C1496,10,Cọc khoan nhồi D1200 (26 cọc L=872m):P1-P1D,3.39,0.18,11.7
C1496,10,Bản mặt cầu (Deck Slab):S3,0.33,0.18,11.7
C1496,10,Bản mặt cầu (Deck Slab):S3,0.33,0.18,11.7
C1496,10,Bản mặt cầu (Deck Slab):S3,0.33,0.18,11.7
C1496,10,Bản mặt cầu (Deck Slab):S3,0.33,0.18,11.7
C1497,10,Cọc khoan nhồi D1200 (26 cọc L=872m):P1-P1D,3.39,0.18,11.7
C1497,10,Cọc khoan nhồi D1200 (26 cọc L=872m):P1-P1D,3.39,0.18,11.7
C1497,10,Cọc khoan nhồi D1200 (26 cọc L=872m):P1-P1D,3.39,0.18,11.7
C1497,10,Bản mặt cầu (Deck Slab):S3,0.33,0.18,11.7
C1497,10,Bản mặt cầu (Deck Slab):S3,0.33,0.18,11.7
C1497,10,Bản mặt cầu (Deck Slab):S3,0.33,0.18,11.7
C1497,10,Bản mặt cầu (Deck Slab):S3,0.33,0.18,11.7
C1498,10,Cọc khoan nhồi D1200 (26 cọc L=872m):P1-P1D,3.39,0.18,11.7
C1498,10,Cọc khoan nhồi D1200 (26 cọc L=872m):P1-P1D,3.39,0.18,11.7
C1498,10,Cọc khoan nhồi D1200 (26 cọc L=872m):P1-P1D,3.39,0.18,11.7
C1498,10,Bản mặt cầu (Deck Slab):S3,0.33,0.18,11.7
C1498,10,Bản mặt cầu (Deck Slab):S3,0.33,0.18,11.7
C1498,10,Bản mặt cầu (Deck Slab):S3,0.33,0.18,11.7
C1498,10,Bản mặt cầu (Deck Slab):S3,0.33,0.18,11.7
C1499,10,Cọc khoan nhồi D1200 (26 cọc L=872m):P1-P1D,3.39,0.18,11.7
C1499,10,Cọc khoan nhồi D1200 (26 cọc L=872m):P1-P1D,3.39,0.18,11.7
C1499,10,Cọc khoan nhồi D1200 (26 cọc L=872m):P1-P1D,3.39,0.18,11.7
C1499,10,Bản mặt cầu (Deck Slab):S3,0.33,0.18,11.7
C1499,10,Bản mặt cầu (Deck Slab):S3,0.33,0.18,11.7
C1499,10,Bản mặt cầu (Deck Slab):S3,0.33,0.18,11.7
C1499,10,Bản mặt cầu (Deck Slab):S3,0.33,0.18,11.7
C1500,10,Cọc khoan nhồi D1200 (26 cọc L=872m):P1-P1D,3.39,0.18,11.7
C1500,10,Cọc khoan nhồi D1200 (26 cọc L=872m):P1-P1D,3.39,0.18,11.7
C1500,10,Cọc khoan nhồi D1200 (26 cọc L=872m):P1-P1D,3.39,0.18,11.7
C1500,10,Bản mặt cầu (Deck Slab):S3,0.33,0.18,11.7
C1500,10,Bản mặt cầu (Deck Slab):S3,0.33,0.18,11.7
C1500,10,Bản mặt cầu (Deck Slab):S3,0.33,0.18,11.7
C1500,10,Bản mặt cầu (Deck Slab):S3,0.33,0.18,11.7
C1501,10,Cọc khoan nhồi D1200 (26 cọc L=872m):P1-P1D,3.39,0.18,11.7
C1501,10,Cọc khoan nhồi D1200 (26 cọc L=872m):P1-P1D,3.39,0.18,11.7
C1501,10,Cọc khoan nhồi D1200 (26 cọc L=872m):P1-P1D,3.39,0.18,11.7
C1501,10,Bản mặt cầu (Deck Slab):S3,0.33,0.18,11.7
C1501,10,Bản mặt cầu (Deck Slab):S3,0.33,0.18,11.7
C1501,10,Bản mặt cầu (Deck Slab):S3,0.33,0.18,11.7
C1501,10,Bản mặt cầu (Deck Slab):S3,0.33,0.18,11.7
C1502,10,Cọc khoan nhồi D1200 (26 cọc L=872m):P1-P1D,3.39,0.18,11.7
C1502,10,Cọc khoan nhồi D1200 (26 cọc L=872m):P1-P1D,3.39,0.18,11.7
C1502,10,Cọc khoan nhồi D1200 (26 cọc L=872m):P1-P1D,3.39,0.18,11.7
C1502,10,Bản mặt cầu (Deck Slab):S3,0.33,0.18,11.7
C1502,10,Bản mặt cầu (Deck Slab):S3,0.33,0.18,11.7
C1502,10,Bản mặt cầu (Deck Slab):S3,0.33,0.18,11.7
C1502,10,Bản mặt cầu (Deck Slab):S3,0.33,0.18,11.7
C1503,10,Cọc khoan nhồi D1200 (26 cọc L=872m):P1-P1D,3.39,0.18,11.7
C1503,10,Cọc khoan nhồi D1200 (26 cọc L=872m):P1-P1D,3.39,0.18,11.7
C1503,10,Cọc khoan nhồi D1200 (26 cọc L=872m):P1-P1D,3.39,0.18,11.7
C1503,10,Bản mặt cầu (Deck Slab):S3,0.33,0.18,11.7
C1503,10,Bản mặt cầu (Deck Slab):S3,0.33,0.18,11.7
C1503,10,Bản mặt cầu (Deck Slab):S3,0.33,0.18,11.7
C1503,10,Bản mặt cầu (Deck Slab):S3,0.33,0.18,11.7
C1504,10,Cọc khoan nhồi D1200 (26 cọc L=872m):P1-P1D,3.39,0.18,11.7
C1504,10,Cọc khoan nhồi D1200 (26 cọc L=872m):P1-P1D,3.39,0.18,11.7
C1504,10,Cọc khoan nhồi D1200 (26 cọc L=872m):P1-P1D,3.39,0.18,11.7
C1504,10,Bản mặt cầu (Deck Slab):S3,0.33,0.18,11.7
C1504,10,Bản mặt cầu (Deck Slab):S3,0.33,0.18,11.7
C1504,10,Bản mặt cầu (Deck Slab):S3,0.33,0.18,11.7
C1504,10,Bản mặt cầu (Deck Slab):S3,0.33,0.18,11.7
C1505,10,Cọc khoan nhồi D1200 (26 cọc L=872m):P1-P1D,3.39,0.18,11.7
C1505,10,Cọc khoan nhồi D1200 (26 cọc L=872m):P1-P1D,3.39,0.18,11.7
C1505,10,Cọc khoan nhồi D1200 (26 cọc L=872m):P1-P1D,3.39,0.18,11.7
C1505,10,Bản mặt cầu (Deck Slab):S3,0.33,0.18,11.7
C1505,10,Bản mặt cầu (Deck Slab):S3,0.33,0.18,11.7
C1505,10,Bản mặt cầu (Deck Slab):S3,0.33,0.18,11.7
C1505,10,Bản mặt cầu (Deck Slab):S3,0.33,0.18,11.7
C1506,10,Cọc khoan nhồi D1200 (26 cọc L=872m):P1-P1D,3.39,0.18,11.7
C1506,10,Cọc khoan nhồi D1200 (26 cọc L=872m):P1-P1D,3.39,0.18,11.7
C1506,10,Cọc khoan nhồi D1200 (26 cọc L=872m):P1-P1D,3.39,0.18,11.7
C1506,10,Bản mặt cầu (Deck Slab):S3,0.33,0.18,11.7
C1506,10,Bản mặt cầu (Deck Slab):S3,0.33,0.18,11.7
C1506,10,Bản mặt cầu (Deck Slab):S3,0.33,0.18,11.7
C1506,10,Bản mặt cầu (Deck Slab):S3,0.33,0.18,11.7
C1507,10,Cọc khoan nhồi D1200 (26 cọc L=872m):P1-P1D,3.39,0.18,11.7
C1507,10,Cọc khoan nhồi D1200 (26 cọc L=872m):P1-P1D,3.39,0.18,11.7
C1507,10,Cọc khoan nhồi D1200 (26 cọc L=872m):P1-P1D,3.39,0.18,11.7
C1507,10,Bản mặt cầu (Deck Slab):S3,0.33,0.18,11.7
C1507,10,Bản mặt cầu (Deck Slab):S3,0.33,0.18,11.7
C1507,10,Bản mặt cầu (Deck Slab):S3,0.33,0.18,11.7
C1507,10,Bản mặt cầu (Deck Slab):S3,0.33,0.18,11.7
C1508,10,Cọc khoan nhồi D1200 (26 cọc L=872m):P1-P1D,3.39,0.18,11.7
C1508,10,Cọc khoan nhồi D1200 (26 cọc L=872m):P1-P1D,3.39,0.18,11.7
C1508,10,Cọc khoan nhồi D1200 (26 cọc L=872m):P1-P1D,3.39,0.18,11.7
C1508,10,Bản mặt cầu (Deck Slab):S3,0.33,0.18,11.7
C1508,10,Bản mặt cầu (Deck Slab):S3,0.33,0.18,11.7
C1508,10,Bản mặt cầu (Deck Slab):S3,0.33,0.18,11.7
C1508,10,Bản mặt cầu (Deck Slab):S3,0.33,0.18,11.7
C1509,10,Cọc khoan nhồi D1200 (26 cọc L=872m):P1-P1D,3.39,0.18,11.7
C1509,10,Cọc khoan nhồi D1200 (26 cọc L=872m):P1-P1D,3.39,0.18,11.7
C1509,10,Cọc khoan nhồi D1200 (26 cọc L=872m):P1-P1D,3.39,0.18,11.7
C1509,10,Bản mặt cầu (Deck Slab):S3,0.33,0.18,11.7
C1509,10,Bản mặt cầu (Deck Slab):S3,0.33,0.18,11.7
C1509,10,Bản mặt cầu (Deck Slab):S3,0.33,0.18,11.7
C1509,10,Bản mặt cầu (Deck Slab):S3,0.33,0.18,11.7
C1510,10,Cọc khoan nhồi D1200 (26 cọc L=872m):P1-P1D,3.39,0.18,11.7
C1510,10,Cọc khoan nhồi D1200 (26 cọc L=872m):P1-P1D,3.39,0.18,11.7
C1510,10,Cọc khoan nhồi D1200 (26 cọc L=872m):P1-P1D,3.39,0.18,11.7
C1510,10,Bản mặt cầu (Deck Slab):S3,0.33,0.18,11.7
C1510,10,Bản mặt cầu (Deck Slab):S3,0.33,0.18,11.7
C1510,10,Bản mặt cầu (Deck Slab):S3,0.33,0.18,11.7
C1510,10,Bản mặt cầu (Deck Slab):S3,0.33,0.18,11.7
C1511,10,Cọc khoan nhồi D1200 (26 cọc L=872m):P1-P1D,3.39,0.18,11.7
C1511,10,Cọc khoan nhồi D1200 (26 cọc L=872m):P1-P1D,3.39,0.18,11.7
C1511,10,Cọc khoan nhồi D1200 (26 cọc L=872m):P1-P1D,3.39,0.18,11.7
C1511,10,Bản mặt cầu (Deck Slab):S3,0.33,0.18,11.7
C1511,10,Bản mặt cầu (Deck Slab):S3,0.33,0.18,11.7
C1511,10,Bản mặt cầu (Deck Slab):S3,0.33,0.18,11.7
C1511,10,Bản mặt cầu (Deck Slab):S3,0.33,0.18,11.7
C1512,10,Cọc khoan nhồi D1200 (26 cọc L=872m):P1-P1D,3.39,0.18,11.7
C1512,10,Cọc khoan nhồi D1200 (26 cọc L=872m):P1-P1D,3.39,0.18,11.7
C1512,10,Cọc khoan nhồi D1200 (26 cọc L=872m):P1-P1D,3.39,0.18,11.7
C1512,10,Bản mặt cầu (Deck Slab):S3,0.33,0.18,11.7
C1512,10,Bản mặt cầu (Deck Slab):S3,0.33,0.18,11.7
C1512,10,Bản mặt cầu (Deck Slab):S3,0.33,0.18,11.7
C1512,10,Bản mặt cầu (Deck Slab):S3,0.33,0.18,11.7
C1513,10,Cọc khoan nhồi D1200 (26 cọc L=872m):P1-P1D,3.39,0.18,11.7
C1513,10,Cọc khoan nhồi D1200 (26 cọc L=872m):P1-P1D,3.39,0.18,11.7
C1513,10,Cọc khoan nhồi D1200 (26 cọc L=872m):P1-P1D,3.39,0.18,11.7
C1513,10,Bản mặt cầu (Deck Slab):S3,0.33,0.18,11.7
C1513,10,Bản mặt cầu (Deck Slab):S3,0.33,0.18,11.7
C1513,10,Bản mặt cầu (Deck Slab):S3,0.33,0.18,11.7
C1513,10,Bản mặt cầu (Deck Slab):S3,0.33,0.18,11.7
C1514,10,Cọc khoan nhồi D1200 (26 cọc L=872m):P1-P1D,3.39,0.18,11.7
C1514,10,Cọc khoan nhồi D1200 (26 cọc L=872m):P1-P1D,3.39,0.18,11.7
C1514,10,Cọc khoan nhồi D1200 (26 cọc L=872m):P1-P1D,3.39,0.18,11.7
C1514,10,Bản mặt cầu (Deck Slab):S3,0.33,0.18,11.7
C1514,10,Bản mặt cầu (Deck Slab):S3,0.33,0.18,11.7
C1514,10,Bản mặt cầu (Deck Slab):S3,0.33,0.18,11.7
C1514,10,Bản mặt cầu (Deck Slab):S3,0.33,0.18,11.7
C1515,10,Cọc khoan nhồi D1200 (26 cọc L=872m):P1-P1D,3.39,0.18,11.7
C1515,10,Cọc khoan nhồi D1200 (26 cọc L=872m):P1-P1D,3.39,0.18,11.7
C1515,10,Cọc khoan nhồi D1200 (26 cọc L=872m):P1-P1D,3.39,0.18,11.7
C1515,10,Bản mặt cầu (Deck Slab):S3,0.33,0.18,11.7
C1515,10,Bản mặt cầu (Deck Slab):S3,0.33,0.18,11.7
C1515,10,Bản mặt cầu (Deck Slab):S3,0.33,0.18,11.7
C1515,10,Bản mặt cầu (Deck Slab):S3,0.33,0.18,11.7
C1516,10,Cọc khoan nhồi D1200 (26 cọc L=872m):P1-P1D,3.39,0.18,11.7
C1516,10,Cọc khoan nhồi D1200 (26 cọc L=872m):P1-P1D,3.39,0.18,11.7
C1516,10,Cọc khoan nhồi D1200 (26 cọc L=872m):P1-P1D,3.39,0.18,11.7
C1516,10,Bản mặt cầu (Deck Slab):S3,0.33,0.18,11.7
C1516,10,Bản mặt cầu (Deck Slab):S3,0.33,0.18,11.7
C1516,10,Bản mặt cầu (Deck Slab):S3,0.33,0.18,11.7
C1516,10,Bản mặt cầu (Deck Slab):S3,0.33,0.18,11.7
C1517,10,Cọc khoan nhồi D1200 (26 cọc L=872m):P1-P1D,3.39,0.18,11.7
C1517,10,Cọc khoan nhồi D1200 (26 cọc L=872m):P1-P1D,3.39,0.18,11.7
C1517,10,Cọc khoan nhồi D1200 (26 cọc L=872m):P1-P1D,3.39,0.18,11.7
C1517,10,Bản mặt cầu (Deck Slab):S3,0.33,0.18,11.7
C1517,10,Bản mặt cầu (Deck Slab):S3,0.33,0.18,11.7
C1517,10,Bản mặt cầu (Deck Slab):S3,0.33,0.18,11.7
C1517,10,Bản mặt cầu (Deck Slab):S3,0.33,0.18,11.7
C1518,10,Cọc khoan nhồi D1200 (26 cọc L=872m):P1-P1D,3.39,0.18,11.7
C1518,10,Cọc khoan nhồi D1200 (26 cọc L=872m):P1-P1D,3.39,0.18,11.7
C1518,10,Cọc khoan nhồi D1200 (26 cọc L=872m):P1-P1D,3.39,0.18,11.7
C1518,10,Bản mặt cầu (Deck Slab):S3,0.33,0.18,11.7
C1518,10,Bản mặt cầu (Deck Slab):S3,0.33,0.18,11.7
C1518,10,Bản mặt cầu (Deck Slab):S3,0.33,0.18,11.7
C1518,10,Bản mặt cầu (Deck Slab):S3,0.33,0.18,11.7
C1519,10,Cọc khoan nhồi D1200 (26 cọc L=872m):P1-P1D,3.39,0.18,11.7
C1519,10,Cọc khoan nhồi D1200 (26 cọc L=872m):P1-P1D,3.39,0.18,11.7
C1519,10,Cọc khoan nhồi D1200 (26 cọc L=872m):P1-P1D,3.39,0.18,11.7
C1519,10,Bản mặt cầu (Deck Slab):S3,0.33,0.18,11.7
C1519,10,Bản mặt cầu (Deck Slab):S3,0.33,0.18,11.7
C1519,10,Bản mặt cầu (Deck Slab):S3,0.33,0.18,11.7
C1519,10,Bản mặt cầu (Deck Slab):S3,0.33,0.18,11.7
C1520,10,Cọc khoan nhồi D1200 (26 cọc L=872m):P1-P1D,3.39,0.18,11.7
C1520,10,Cọc khoan nhồi D1200 (26 cọc L=872m):P1-P1D,3.39,0.18,11.7
C1520,10,Cọc khoan nhồi D1200 (26 cọc L=872m):P1-P1D,3.39,0.18,11.7
C1520,10,Bản mặt cầu (Deck Slab):S3,0.33,0.18,11.7
C1520,10,Bản mặt cầu (Deck Slab):S3,0.33,0.18,11.7
C1520,10,Bản mặt cầu (Deck Slab):S3,0.33,0.18,11.7
C1520,10,Bản mặt cầu (Deck Slab):S3,0.33,0.18,11.7
C1521,10,Cọc khoan nhồi D1200 (26 cọc L=872m):P1-P1D,3.39,0.18,11.7
C1521,10,Cọc khoan nhồi D1200 (26 cọc L=872m):P1-P1D,3.39,0.18,11.7
C1521,10,Cọc khoan nhồi D1200 (26 cọc L=872m):P1-P1D,3.39,0.18,11.7
C1521,10,Bản mặt cầu (Deck Slab):S3,0.33,0.18,11.7
C1521,10,Bản mặt cầu (Deck Slab):S3,0.33,0.18,11.7
C1521,10,Bản mặt cầu (Deck Slab):S3,0.33,0.18,11.7
C1521,10,Bản mặt cầu (Deck Slab):S3,0.33,0.18,11.7
C1522,10,Cọc khoan nhồi D1200 (26 cọc L=872m):P1-P1D,3.39,0.18,11.7
C1522,10,Cọc khoan nhồi D1200 (26 cọc L=872m):P1-P1D,3.39,0.18,11.7
C1522,10,Cọc khoan nhồi D1200 (26 cọc L=872m):P1-P1D,3.39,0.18,11.7
C1522,10,Bản mặt cầu (Deck Slab):S3,0.33,0.18,11.7
C1522,10,Bản mặt cầu (Deck Slab):S3,0.33,0.18,11.7
C1522,10,Bản mặt cầu (Deck Slab):S3,0.33,0.18,11.7
C1522,10,Bản mặt cầu (Deck Slab):S3,0.33,0.18,11.7
C1523,10,Cọc khoan nhồi D1200 (26 cọc L=872m):P1-P1D,3.39,0.18,11.7
C1523,10,Cọc khoan nhồi D1200 (26 cọc L=872m):P1-P1D,3.39,0.18,11.7
C1523,10,Cọc khoan nhồi D1200 (26 cọc L=872m):P1-P1D,3.39,0.18,11.7
C1523,10,Bản mặt cầu (Deck Slab):S3,0.33,0.18,11.7
C1523,10,Bản mặt cầu (Deck Slab):S3,0.33,0.18,11.7
C1523,10,Bản mặt cầu (Deck Slab):S3,0.33,0.18,11.7
C1523,10,Bản mặt cầu (Deck Slab):S3,0.33,0.18,11.7
C1524,10,Cọc khoan nhồi D1200 (26 cọc L=872m):P1-P1D,3.39,0.18,11.7
C1524,10,Cọc khoan nhồi D1200 (26 cọc L=872m):P1-P1D,3.39,0.18,11.7
C1524,10,Cọc khoan nhồi D1200 (26 cọc L=872m):P1-P1D,3.39,0.18,11.7
C1524,10,Bản mặt cầu (Deck Slab):S3,0.33,0.18,11.7
C1524,10,Bản mặt cầu (Deck Slab):S3,0.33,0.18,11.7
C1524,10,Bản mặt cầu (Deck Slab):S3,0.33,0.18,11.7
C1524,10,Bản mặt cầu (Deck Slab):S3,0.33,0.18,11.7
C1525,10,Cọc khoan nhồi D1200 (26 cọc L=872m):P1-P1D,3.39,0.18,11.7
C1525,10,Cọc khoan nhồi D1200 (26 cọc L=872m):P1-P1D,3.39,0.18,11.7
C1525,10,Cọc khoan nhồi D1200 (26 cọc L=872m):P1-P1D,3.39,0.18,11.7
C1525,10,Bản mặt cầu (Deck Slab):S3,0.33,0.18,11.7
C1525,10,Bản mặt cầu (Deck Slab):S3,0.33,0.18,11.7
C1525,10,Bản mặt cầu (Deck Slab):S3,0.33,0.18,11.7
C1525,10,Bản mặt cầu (Deck Slab):S3,0.33,0.18,11.7
C1526,10,Cọc khoan nhồi D1200 (26 cọc L=872m):P1-P1D,3.39,0.18,11.7
C1526,10,Cọc khoan nhồi D1200 (26 cọc L=872m):P1-P1D,3.39,0.18,11.7
C1526,10,Cọc khoan nhồi D1200 (26 cọc L=872m):P1-P1D,3.39,0.18,11.7
C1526,10,Bản mặt cầu (Deck Slab):S3,0.33,0.18,11.7
C1526,10,Bản mặt cầu (Deck Slab):S3,0.33,0.18,11.7
C1526,10,Bản mặt cầu (Deck Slab):S3,0.33,0.18,11.7
C1526,10,Bản mặt cầu (Deck Slab):S3,0.33,0.18,11.7
C1527,10,Cọc khoan nhồi D1200 (26 cọc L=872m):P1-P1D,3.39,0.18,11.7
C1527,10,Cọc khoan nhồi D1200 (26 cọc L=872m):P1-P1D,3.39,0.18,11.7
C1527,10,Cọc khoan nhồi D1200 (26 cọc L=872m):P1-P1D,3.39,0.18,11.7
C1527,10,Bản mặt cầu (Deck Slab):S3,0.33,0.18,11.7
C1527,10,Bản mặt cầu (Deck Slab):S3,0.33,0.18,11.7
C1527,10,Bản mặt cầu (Deck Slab):S3,0.33,0.18,11.7
C1527,10,Bản mặt cầu (Deck Slab):S3,0.33,0.18,11.7
C1528,10,Cọc khoan nhồi D1200 (26 cọc L=872m):P1-P1D,3.39,0.18,11.7
C1528,10,Cọc khoan nhồi D1200 (26 cọc L=872m):P1-P1D,3.39,0.18,11.7
C1528,10,Cọc khoan nhồi D1200 (26 cọc L=872m):P1-P1D,3.39,0.18,11.7
C1528,10,Bản mặt cầu (Deck Slab):S3,0.33,0.18,11.7
C1528,10,Bản mặt cầu (Deck Slab):S3,0.33,0.18,11.7
C1528,10,Bản mặt cầu (Deck Slab):S3,0.33,0.18,11.7
C1528,10,Bản mặt cầu (Deck Slab):S3,0.33,0.18,11.7
C1529,10,Cọc khoan nhồi D1200 (26 cọc L=872m):P1-P1D,3.39,0.18,11.7
C1529,10,Cọc khoan nhồi D1200 (26 cọc L=872m):P1-P1D,3.39,0.18,11.7
C1529,10,Cọc khoan nhồi D1200 (26 cọc L=872m):P1-P1D,3.39,0.18,11.7
C1529,10,Bản mặt cầu (Deck Slab):S3,0.33,0.18,11.7
C1529,10,Bản mặt cầu (Deck Slab):S3,0.33,0.18,11.7
C1529,10,Bản mặt cầu (Deck Slab):S3,0.33,0.18,11.7
C1529,10,Bản mặt cầu (Deck Slab):S3,0.33,0.18,11.7
C1530,10,Cọc khoan nhồi D1200 (26 cọc L=872m):P1-P1D,3.39,0.18,11.7
C1530,10,Cọc khoan nhồi D1200 (26 cọc L=872m):P1-P1D,3.39,0.18,11.7
C1530,10,Cọc khoan nhồi D1200 (26 cọc L=872m):P1-P1D,3.39,0.18,11.7
C1530,10,Bản mặt cầu (Deck Slab):S3,0.33,0.18,11.7
C1530,10,Bản mặt cầu (Deck Slab):S3,0.33,0.18,11.7
C1530,10,Bản mặt cầu (Deck Slab):S3,0.33,0.18,11.7
C1530,10,Bản mặt cầu (Deck Slab):S3,0.33,0.18,11.7
C1531,10,Cọc khoan nhồi D1200 (26 cọc L=872m):P1-P1D,3.39,0.18,11.7
C1531,10,Cọc khoan nhồi D1200 (26 cọc L=872m):P1-P1D,3.39,0.18,11.7
C1531,10,Cọc khoan nhồi D1200 (26 cọc L=872m):P1-P1D,3.39,0.18,11.7
C1531,10,Bản mặt cầu (Deck Slab):S3,0.33,0.18,11.7
C1531,10,Bản mặt cầu (Deck Slab):S3,0.33,0.18,11.7
C1531,10,Bản mặt cầu (Deck Slab):S3,0.33,0.18,11.7
C1531,10,Bản mặt cầu (Deck Slab):S3,0.33,0.18,11.7
C1532,10,Cọc khoan nhồi D1200 (26 cọc L=872m):P1-P1D,3.39,0.18,11.7
C1532,10,Cọc khoan nhồi D1200 (26 cọc L=872m):P1-P1D,3.39,0.18,11.7
C1532,10,Cọc khoan nhồi D1200 (26 cọc L=872m):P1-P1D,3.39,0.18,11.7
C1532,10,Bản mặt cầu (Deck Slab):S3,0.33,0.18,11.7
C1532,10,Bản mặt cầu (Deck Slab):S3,0.33,0.18,11.7
C1532,10,Bản mặt cầu (Deck Slab):S3,0.33,0.18,11.7
C1532,10,Bản mặt cầu (Deck Slab):S3,0.33,0.18,11.7
C1533,10,Cọc khoan nhồi D1200 (26 cọc L=872m):P1-P1D,3.39,0.18,11.7
C1533,10,Cọc khoan nhồi D1200 (26 cọc L=872m):P1-P1D,3.39,0.18,11.7
C1533,10,Cọc khoan nhồi D1200 (26 cọc L=872m):P1-P1D,3.39,0.18,11.7
C1533,10,Bản mặt cầu (Deck Slab):S3,0.33,0.18,11.7
C1533,10,Bản mặt cầu (Deck Slab):S3,0.33,0.18,11.7
C1533,10,Bản mặt cầu (Deck Slab):S3,0.33,0.18,11.7
C1533,10,Bản mặt cầu (Deck Slab):S3,0.33,0.18,11.7
C1534,10,Cọc khoan nhồi D1200 (26 cọc L=872m):P1-P1D,3.39,0.18,11.7
C1534,10,Cọc khoan nhồi D1200 (26 cọc L=872m):P1-P1D,3.39,0.18,11.7
C1534,10,Cọc khoan nhồi D1200 (26 cọc L=872m):P1-P1D,3.39,0.18,11.7
C1534,10,Bản mặt cầu (Deck Slab):S3,0.33,0.18,11.7
C1534,10,Bản mặt cầu (Deck Slab):S3,0.33,0.18,11.7
C1534,10,Bản mặt cầu (Deck Slab):S3,0.33,0.18,11.7
C1534,10,Bản mặt cầu (Deck Slab):S3,0.33,0.18,11.7
C1535,10,Cọc khoan nhồi D1200 (26 cọc L=872m):P1-P1D,3.39,0.18,11.7
C1535,10,Cọc khoan nhồi D1200 (26 cọc L=872m):P1-P1D,3.39,0.18,11.7
C1535,10,Cọc khoan nhồi D1200 (26 cọc L=872m):P1-P1D,3.39,0.18,11.7
C1535,10,Bản mặt cầu (Deck Slab):S3,0.33,0.18,11.7
C1535,10,Bản mặt cầu (Deck Slab):S3,0.33,0.18,11.7
C1535,10,Bản mặt cầu (Deck Slab):S3,0.33,0.18,11.7
C1535,10,Bản mặt cầu (Deck Slab):S3,0.33,0.18,11.7
C1536,10,Cọc khoan nhồi D1200 (26 cọc L=872m):P1-P1D,3.39,0.18,11.7
C1536,10,Cọc khoan nhồi D1200 (26 cọc L=872m):P1-P1D,3.39,0.18,11.7
C1536,10,Cọc khoan nhồi D1200 (26 cọc L=872m):P1-P1D,3.39,0.18,11.7
C1536,10,Bản mặt cầu (Deck Slab):S3,0.33,0.18,11.7
C1536,10,Bản mặt cầu (Deck Slab):S3,0.33,0.18,11.7
C1536,10,Bản mặt cầu (Deck Slab):S3,0.33,0.18,11.7
C1536,10,Bản mặt cầu (Deck Slab):S3,0.33,0.18,11.7
C1537,10,Cọc khoan nhồi D1200 (26 cọc L=872m):P1-P1D,3.39,0.18,11.7
C1537,10,Cọc khoan nhồi D1200 (26 cọc L=872m):P1-P1D,3.39,0.18,11.7
C1537,10,Cọc khoan nhồi D1200 (26 cọc L=872m):P1-P1D,3.39,0.18,11.7
C1537,10,Bản mặt cầu (Deck Slab):S3,0.33,0.18,11.7
C1537,10,Bản mặt cầu (Deck Slab):S3,0.33,0.18,11.7
C1537,10,Bản mặt cầu (Deck Slab):S3,0.33,0.18,11.7
C1537,10,Bản mặt cầu (Deck Slab):S3,0.33,0.18,11.7
C1538,10,Cọc khoan nhồi D1200 (26 cọc L=872m):P1-P1D,3.39,0.18,11.7
C1538,10,Cọc khoan nhồi D1200 (26 cọc L=872m):P1-P1D,3.39,0.18,11.7
C1538,10,Cọc khoan nhồi D1200 (26 cọc L=872m):P1-P1D,3.39,0.18,11.7
C1538,10,Bản mặt cầu (Deck Slab):S3,0.33,0.18,11.7
C1538,10,Bản mặt cầu (Deck Slab):S3,0.33,0.18,11.7
C1538,10,Bản mặt cầu (Deck Slab):S3,0.33,0.18,11.7
C1538,10,Bản mặt cầu (Deck Slab):S3,0.33,0.18,11.7
C1539,10,Cọc khoan nhồi D1200 (26 cọc L=872m):P1-P1D,3.39,0.18,11.7
C1539,10,Cọc khoan nhồi D1200 (26 cọc L=872m):P1-P1D,3.39,0.18,11.7
C1539,10,Cọc khoan nhồi D1200 (26 cọc L=872m):P1-P1D,3.39,0.18,11.7
C1539,10,Bản mặt cầu (Deck Slab):S3,0.33,0.18,11.7
C1539,10,Bản mặt cầu (Deck Slab):S3,0.33,0.18,11.7
C1539,10,Bản mặt cầu (Deck Slab):S3,0.33,0.18,11.7
C1539,10,Bản mặt cầu (Deck Slab):S3,0.33,0.18,11.7
C1540,10,Cọc khoan nhồi D1200 (26 cọc L=872m):P1-P1D,3.39,0.18,11.7
C1540,10,Cọc khoan nhồi D1200 (26 cọc L=872m):P1-P1D,3.39,0.18,11.7
C1540,10,Cọc khoan nhồi D1200 (26 cọc L=872m):P1-P1D,3.39,0.18,11.7
C1540,10,Bản mặt cầu (Deck Slab):S3,0.33,0.18,11.7
C1540,10,Bản mặt cầu (Deck Slab):S3,0.33,0.18,11.7
C1540,10,Bản mặt cầu (Deck Slab):S3,0.33,0.18,11.7
C1540,10,Bản mặt cầu (Deck Slab):S3,0.33,0.18,11.7
C1541,10,Cọc khoan nhồi D1200 (26 cọc L=872m):P1-P1D,3.39,0.18,11.7
C1541,10,Cọc khoan nhồi D1200 (26 cọc L=872m):P1-P1D,3.39,0.18,11.7
C1541,10,Cọc khoan nhồi D1200 (26 cọc L=872m):P1-P1D,3.39,0.18,11.7
C1541,10,Bản mặt cầu (Deck Slab):S3,0.33,0.18,11.7
C1541,10,Bản mặt cầu (Deck Slab):S3,0.33,0.18,11.7
C1541,10,Bản mặt cầu (Deck Slab):S3,0.33,0.18,11.7
C1541,10,Bản mặt cầu (Deck Slab):S3,0.33,0.18,11.7
C1542,10,Cọc khoan nhồi D1200 (26 cọc L=872m):P1-P1D,3.39,0.18,11.7
C1542,10,Cọc khoan nhồi D1200 (26 cọc L=872m):P1-P1D,3.39,0.18,11.7
C1542,10,Cọc khoan nhồi D1200 (26 cọc L=872m):P1-P1D,3.39,0.18,11.7
C1542,10,Bản mặt cầu (Deck Slab):S3,0.33,0.18,11.7
C1542,10,Bản mặt cầu (Deck Slab):S3,0.33,0.18,11.7
C1542,10,Bản mặt cầu (Deck Slab):S3,0.33,0.18,11.7
C1542,10,Bản mặt cầu (Deck Slab):S3,0.33,0.18,11.7
C1543,10,Cọc khoan nhồi D1200 (26 cọc L=872m):P1-P1D,3.39,0.18,11.7
C1543,10,Cọc khoan nhồi D1200 (26 cọc L=872m):P1-P1D,3.39,0.18,11.7
C1543,10,Cọc khoan nhồi D1200 (26 cọc L=872m):P1-P1D,3.39,0.18,11.7
C1543,10,Bản mặt cầu (Deck Slab):S3,0.33,0.18,11.7
C1543,10,Bản mặt cầu (Deck Slab):S3,0.33,0.18,11.7
C1543,10,Bản mặt cầu (Deck Slab):S3,0.33,0.18,11.7
C1543,10,Bản mặt cầu (Deck Slab):S3,0.33,0.18,11.7
C1544,10,Cọc khoan nhồi D1200 (26 cọc L=872m):P1-P1D,3.39,0.18,11.7
C1544,10,Cọc khoan nhồi D1200 (26 cọc L=872m):P1-P1D,3.39,0.18,11.7
C1544,10,Cọc khoan nhồi D1200 (26 cọc L=872m):P1-P1D,3.39,0.18,11.7
C1544,10,Bản mặt cầu (Deck Slab):S3,0.33,0.18,11.7
C1544,10,Bản mặt cầu (Deck Slab):S3,0.33,0.18,11.7
C1544,10,Bản mặt cầu (Deck Slab):S3,0.33,0.18,11.7
C1544,10,Bản mặt cầu (Deck Slab):S3,0.33,0.18,11.7
C1545,10,Cọc khoan nhồi D1200 (26 cọc L=872m):P1-P1D,3.39,0.18,11.7
C1545,10,Cọc khoan nhồi D1200 (26 cọc L=872m):P1-P1D,3.39,0.18,11.7
C1545,10,Cọc khoan nhồi D1200 (26 cọc L=872m):P1-P1D,3.39,0.18,11.7
C1545,10,Bản mặt cầu (Deck Slab):S3,0.33,0.18,11.7
C1545,10,Bản mặt cầu (Deck Slab):S3,0.33,0.18,11.7
C1545,10,Bản mặt cầu (Deck Slab):S3,0.33,0.18,11.7
C1545,10,Bản mặt cầu (Deck Slab):S3,0.33,0.18,11.7
C1546,10,Cọc khoan nhồi D1200 (26 cọc L=872m):P1-P1D,3.39,0.18,11.7
C1546,10,Cọc khoan nhồi D1200 (26 cọc L=872m):P1-P1D,3.39,0.18,11.7
C1546,10,Cọc khoan nhồi D1200 (26 cọc L=872m):P1-P1D,3.39,0.18,11.7
C1546,10,Bản mặt cầu (Deck Slab):S3,0.33,0.18,11.7
C1546,10,Bản mặt cầu (Deck Slab):S3,0.33,0.18,11.7
C1546,10,Bản mặt cầu (Deck Slab):S3,0.33,0.18,11.7
C1546,10,Bản mặt cầu (Deck Slab):S3,0.33,0.18,11.7
C1547,10,Cọc khoan nhồi D1200 (26 cọc L=872m):P1-P1D,3.39,0.18,11.7
C1547,10,Cọc khoan nhồi D1200 (26 cọc L=872m):P1-P1D,3.39,0.18,11.7
C1547,10,Cọc khoan nhồi D1200 (26 cọc L=872m):P1-P1D,3.39,0.18,11.7
C1547,10,Bản mặt cầu (Deck Slab):S3,0.33,0.18,11.7
C1547,10,Bản mặt cầu (Deck Slab):S3,0.33,0.18,11.7
C1547,10,Bản mặt cầu (Deck Slab):S3,0.33,0.18,11.7
C1547,10,Bản mặt cầu (Deck Slab):S3,0.33,0.18,11.7
C1548,10,Cọc khoan nhồi D1200 (26 cọc L=872m):P1-P1D,3.39,0.18,11.7
C1548,10,Cọc khoan nhồi D1200 (26 cọc L=872m):P1-P1D,3.39,0.18,11.7
C1548,10,Cọc khoan nhồi D1200 (26 cọc L=872m):P1-P1D,3.39,0.18,11.7
C1548,10,Bản mặt cầu (Deck Slab):S3,0.33,0.18,11.7
C1548,10,Bản mặt cầu (Deck Slab):S3,0.33,0.18,11.7
C1548,10,Bản mặt cầu (Deck Slab):S3,0.33,0.18,11.7
C1548,10,Bản mặt cầu (Deck Slab):S3,0.33,0.18,11.7
C1549,10,Cọc khoan nhồi D1200 (26 cọc L=872m):P1-P1D,3.39,0.18,11.7
C1549,10,Cọc khoan nhồi D1200 (26 cọc L=872m):P1-P1D,3.39,0.18,11.7
C1549,10,Cọc khoan nhồi D1200 (26 cọc L=872m):P1-P1D,3.39,0.18,11.7
C1549,10,Bản mặt cầu (Deck Slab):S3,0.33,0.18,11.7
C1549,10,Bản mặt cầu (Deck Slab):S3,0.33,0.18,11.7
C1549,10,Bản mặt cầu (Deck Slab):S3,0.33,0.18,11.7
C1549,10,Bản mặt cầu (Deck Slab):S3,0.33,0.18,11.7
C1550,10,Cọc khoan nhồi D1200 (26 cọc L=872m):P1-P1D,3.39,0.18,11.7
C1550,10,Cọc khoan nhồi D1200 (26 cọc L=872m):P1-P1D,3.39,0.18,11.7
C1550,10,Cọc khoan nhồi D1200 (26 cọc L=872m):P1-P1D,3.39,0.18,11.7
C1550,10,Bản mặt cầu (Deck Slab):S3,0.33,0.18,11.7
C1550,10,Bản mặt cầu (Deck Slab):S3,0.33,0.18,11.7
C1550,10,Bản mặt cầu (Deck Slab):S3,0.33,0.18,11.7
C1550,10,Bản mặt cầu (Deck Slab):S3,0.33,0.18,11.7
C1551,10,Cọc khoan nhồi D1200 (26 cọc L=872m):P1-P1D,3.39,0.18,11.7
C1551,10,Cọc khoan nhồi D1200 (26 cọc L=872m):P1-P1D,3.39,0.18,11.7
C1551,10,Cọc khoan nhồi D1200 (26 cọc L=872m):P1-P1D,3.39,0.18,11.7
C1551,10,Bản mặt cầu (Deck Slab):S3,0.33,0.18,11.7
C1551,10,Bản mặt cầu (Deck Slab):S3,0.33,0.18,11.7
C1551,10,Bản mặt cầu (Deck Slab):S3,0.33,0.18,11.7
C1551,10,Bản mặt cầu (Deck Slab):S3,0.33,0.18,11.7
C1552,10,Cọc khoan nhồi D1200 (26 cọc L=872m):P1-P1D,3.39,0.18,11.7
C1552,10,Cọc khoan nhồi D1200 (26 cọc L=872m):P1-P1D,3.39,0.18,11.7
C1552,10,Cọc khoan nhồi D1200 (26 cọc L=872m):P1-P1D,3.39,0.18,11.7
C1552,10,Bản mặt cầu (Deck Slab):S3,0.33,0.18,11.7
C1552,10,Bản mặt cầu (Deck Slab):S3,0.33,0.18,11.7
C1552,10,Bản mặt cầu (Deck Slab):S3,0.33,0.18,11.7
C1552,10,Bản mặt cầu (Deck Slab):S3,0.33,0.18,11.7
C1553,10,Cọc khoan nhồi D1200 (26 cọc L=872m):P1-P1D,3.39,0.18,11.7
C1553,10,Cọc khoan nhồi D1200 (26 cọc L=872m):P1-P1D,3.39,0.18,11.7
C1553,10,Cọc khoan nhồi D1200 (26 cọc L=872m):P1-P1D,3.39,0.18,11.7
C1553,10,Bản mặt cầu (Deck Slab):S3,0.33,0.18,11.7
C1553,10,Bản mặt cầu (Deck Slab):S3,0.33,0.18,11.7
C1553,10,Bản mặt cầu (Deck Slab):S3,0.33,0.18,11.7
C1553,10,Bản mặt cầu (Deck Slab):S3,0.33,0.18,11.7
C1554,10,Cọc khoan nhồi D1200 (26 cọc L=872m):P1-P1D,3.39,0.18,11.7
C1554,10,Cọc khoan nhồi D1200 (26 cọc L=872m):P1-P1D,3.39,0.18,11.7
C1554,10,Cọc khoan nhồi D1200 (26 cọc L=872m):P1-P1D,3.39,0.18,11.7
C1554,10,Bản mặt cầu (Deck Slab):S3,0.33,0.18,11.7
C1554,10,Bản mặt cầu (Deck Slab):S3,0.33,0.18,11.7
C1554,10,Bản mặt cầu (Deck Slab):S3,0.33,0.18,11.7
C1554,10,Bản mặt cầu (Deck Slab):S3,0.33,0.18,11.7
C1555,10,Cọc khoan nhồi D1200 (26 cọc L=872m):P1-P1D,3.39,0.18,11.7
C1555,10,Cọc khoan nhồi D1200 (26 cọc L=872m):P1-P1D,3.39,0.18,11.7
C1555,10,Cọc khoan nhồi D1200 (26 cọc L=872m):P1-P1D,3.39,0.18,11.7
C1555,10,Bản mặt cầu (Deck Slab):S3,0.33,0.18,11.7
C1555,10,Bản mặt cầu (Deck Slab):S3,0.33,0.18,11.7
C1555,10,Bản mặt cầu (Deck Slab):S3,0.33,0.18,11.7
C1555,10,Bản mặt cầu (Deck Slab):S3,0.33,0.18,11.7
C1556,10,Cọc khoan nhồi D1200 (26 cọc L=872m):P1-P1D,3.39,0.18,11.7
C1556,10,Cọc khoan nhồi D1200 (26 cọc L=872m):P1-P1D,3.39,0.18,11.7
C1556,10,Cọc khoan nhồi D1200 (26 cọc L=872m):P1-P1D,3.39,0.18,11.7
C1556,10,Bản mặt cầu (Deck Slab):S3,0.33,0.18,11.7
C1556,10,Bản mặt cầu (Deck Slab):S3,0.33,0.18,11.7
C1556,10,Bản mặt cầu (Deck Slab):S3,0.33,0.18,11.7
C1556,10,Bản mặt cầu (Deck Slab):S3,0.33,0.18,11.7
C1557,10,Cọc khoan nhồi D1200 (26 cọc L=872m):P1-P1D,3.39,0.18,11.7
C1557,10,Cọc khoan nhồi D1200 (26 cọc L=872m):P1-P1D,3.39,0.18,11.7
C1557,10,Cọc khoan nhồi D1200 (26 cọc L=872m):P1-P1D,3.39,0.18,11.7
C1557,10,Bản mặt cầu (Deck Slab):S3,0.33,0.18,11.7
C1557,10,Bản mặt cầu (Deck Slab):S3,0.33,0.18,11.7
C1557,10,Bản mặt cầu (Deck Slab):S3,0.33,0.18,11.7
C1557,10,Bản mặt cầu (Deck Slab):S3,0.33,0.18,11.7
C1558,10,Cọc khoan nhồi D1200 (26 cọc L=872m):P1-P1D,3.39,0.18,11.7
C1558,10,Cọc khoan nhồi D1200 (26 cọc L=872m):P1-P1D,3.39,0.18,11.7
C1558,10,Cọc khoan nhồi D1200 (26 cọc L=872m):P1-P1D,3.39,0.18,11.7
C1558,10,Bản mặt cầu (Deck Slab):S3,0.33,0.18,11.7
C1558,10,Bản mặt cầu (Deck Slab):S3,0.33,0.18,11.7
C1558,10,Bản mặt cầu (Deck Slab):S3,0.33,0.18,11.7
C1558,10,Bản mặt cầu (Deck Slab):S3,0.33,0.18,11.7
C1559,10,Cọc khoan nhồi D1200 (26 cọc L=872m):P1-P1D,3.39,0.18,11.7
C1559,10,Cọc khoan nhồi D1200 (26 cọc L=872m):P1-P1D,3.39,0.18,11.7
C1559,10,Cọc khoan nhồi D1200 (26 cọc L=872m):P1-P1D,3.39,0.18,11.7
C1559,10,Bản mặt cầu (Deck Slab):S3,0.33,0.18,11.7
C1559,10,Bản mặt cầu (Deck Slab):S3,0.33,0.18,11.7
C1559,10,Bản mặt cầu (Deck Slab):S3,0.33,0.18,11.7
C1559,10,Bản mặt cầu (Deck Slab):S3,0.33,0.18,11.7
C1560,10,Cọc khoan nhồi D1200 (26 cọc L=872m):P1-P1D,3.39,0.18,11.7
C1560,10,Cọc khoan nhồi D1200 (26 cọc L=872m):P1-P1D,3.39,0.18,11.7
C1560,10,Cọc khoan nhồi D1200 (26 cọc L=872m):P1-P1D,3.39,0.18,11.7
C1560,10,Bản mặt cầu (Deck Slab):S3,0.33,0.18,11.7
C1560,10,Bản mặt cầu (Deck Slab):S3,0.33,0.18,11.7
C1560,10,Bản mặt cầu (Deck Slab):S3,0.33,0.18,11.7
C1560,10,Bản mặt cầu (Deck Slab):S3,0.33,0.18,11.7
C1561,10,Cọc khoan nhồi D1200 (26 cọc L=872m):P1-P1D,3.39,0.18,11.7
C1561,10,Cọc khoan nhồi D1200 (26 cọc L=872m):P1-P1D,3.39,0.18,11.7
C1561,10,Cọc khoan nhồi D1200 (26 cọc L=872m):P1-P1D,3.39,0.18,11.7
C1561,10,Bản mặt cầu (Deck Slab):S3,0.33,0.18,11.7
C1561,10,Bản mặt cầu (Deck Slab):S3,0.33,0.18,11.7
C1561,10,Bản mặt cầu (Deck Slab):S3,0.33,0.18,11.7
C1561,10,Bản mặt cầu (Deck Slab):S3,0.33,0.18,11.7
C1562,10,Cọc khoan nhồi D1200 (26 cọc L=872m):P1-P1D,3.39,0.18,11.7
C1562,10,Cọc khoan nhồi D1200 (26 cọc L=872m):P1-P1D,3.39,0.18,11.7
C1562,10,Cọc khoan nhồi D1200 (26 cọc L=872m):P1-P1D,3.39,0.18,11.7
C1562,10,Bản mặt cầu (Deck Slab):S3,0.33,0.18,11.7
C1562,10,Bản mặt cầu (Deck Slab):S3,0.33,0.18,11.7
C1562,10,Bản mặt cầu (Deck Slab):S3,0.33,0.18,11.7
C1562,10,Bản mặt cầu (Deck Slab):S3,0.33,0.18,11.7
C1563,10,Cọc khoan nhồi D1200 (26 cọc L=872m):P1-P1D,3.39,0.18,11.7
C1563,10,Cọc khoan nhồi D1200 (26 cọc L=872m):P1-P1D,3.39,0.18,11.7
C1563,10,Cọc khoan nhồi D1200 (26 cọc L=872m):P1-P1D,3.39,0.18,11.7
C1563,10,Bản mặt cầu (Deck Slab):S3,0.33,0.18,11.7
C1563,10,Bản mặt cầu (Deck Slab):S3,0.33,0.18,11.7
C1563,10,Bản mặt cầu (Deck Slab):S3,0.33,0.18,11.7
C1563,10,Bản mặt cầu (Deck Slab):S3,0.33,0.18,11.7
C1564,10,Cọc khoan nhồi D1200 (26 cọc L=872m):P1-P1D,3.39,0.18,11.7
C1564,10,Cọc khoan nhồi D1200 (26 cọc L=872m):P1-P1D,3.39,0.18,11.7
C1564,10,Cọc khoan nhồi D1200 (26 cọc L=872m):P1-P1D,3.39,0.18,11.7
C1564,10,Bản mặt cầu (Deck Slab):S3,0.33,0.18,11.7
C1564,10,Bản mặt cầu (Deck Slab):S3,0.33,0.18,11.7
C1564,10,Bản mặt cầu (Deck Slab):S3,0.33,0.18,11.7
C1564,10,Bản mặt cầu (Deck Slab):S3,0.33,0.18,11.7
C1565,10,Cọc khoan nhồi D1200 (26 cọc L=872m):P1-P1D,3.39,0.18,11.7
C1565,10,Cọc khoan nhồi D1200 (26 cọc L=872m):P1-P1D,3.39,0.18,11.7
C1565,10,Cọc khoan nhồi D1200 (26 cọc L=872m):P1-P1D,3.39,0.18,11.7
C1565,10,Bản mặt cầu (Deck Slab):S3,0.33,0.18,11.7
C1565,10,Bản mặt cầu (Deck Slab):S3,0.33,0.18,11.7
C1565,10,Bản mặt cầu (Deck Slab):S3,0.33,0.18,11.7
C1565,10,Bản mặt cầu (Deck Slab):S3,0.33,0.18,11.7
C1566,10,Cọc khoan nhồi D1200 (26 cọc L=872m):P1-P1D,3.39,0.18,11.7
C1566,10,Cọc khoan nhồi D1200 (26 cọc L=872m):P1-P1D,3.39,0.18,11.7
C1566,10,Cọc khoan nhồi D1200 (26 cọc L=872m):P1-P1D,3.39,0.18,11.7
C1566,10,Bản mặt cầu (Deck Slab):S3,0.33,0.18,11.7
C1566,10,Bản mặt cầu (Deck Slab):S3,0.33,0.18,11.7
C1566,10,Bản mặt cầu (Deck Slab):S3,0.33,0.18,11.7
C1566,10,Bản mặt cầu (Deck Slab):S3,0.33,0.18,11.7
C1567,10,Cọc khoan nhồi D1200 (26 cọc L=872m):P1-P1D,3.39,0.18,11.7
C1567,10,Cọc khoan nhồi D1200 (26 cọc L=872m):P1-P1D,3.39,0.18,11.7
C1567,10,Cọc khoan nhồi D1200 (26 cọc L=872m):P1-P1D,3.39,0.18,11.7
C1567,10,Bản mặt cầu (Deck Slab):S3,0.33,0.18,11.7
C1567,10,Bản mặt cầu (Deck Slab):S3,0.33,0.18,11.7
C1567,10,Bản mặt cầu (Deck Slab):S3,0.33,0.18,11.7
C1567,10,Bản mặt cầu (Deck Slab):S3,0.33,0.18,11.7
C1568,10,Cọc khoan nhồi D1200 (26 cọc L=872m):P1-P1D,3.39,0.18,11.7
C1568,10,Cọc khoan nhồi D1200 (26 cọc L=872m):P1-P1D,3.39,0.18,11.7
C1568,10,Cọc khoan nhồi D1200 (26 cọc L=872m):P1-P1D,3.39,0.18,11.7
C1568,10,Bản mặt cầu (Deck Slab):S3,0.33,0.18,11.7
C1568,10,Bản mặt cầu (Deck Slab):S3,0.33,0.18,11.7
C1568,10,Bản mặt cầu (Deck Slab):S3,0.33,0.18,11.7
C1568,10,Bản mặt cầu (Deck Slab):S3,0.33,0.18,11.7
C1569,10,Cọc khoan nhồi D1200 (26 cọc L=872m):P1-P1D,3.39,0.18,11.7
C1569,10,Cọc khoan nhồi D1200 (26 cọc L=872m):P1-P1D,3.39,0.18,11.7
C1569,10,Cọc khoan nhồi D1200 (26 cọc L=872m):P1-P1D,3.39,0.18,11.7
C1569,10,Bản mặt cầu (Deck Slab):S3,0.33,0.18,11.7
C1569,10,Bản mặt cầu (Deck Slab):S3,0.33,0.18,11.7
C1569,10,Bản mặt cầu (Deck Slab):S3,0.33,0.18,11.7
C1569,10,Bản mặt cầu (Deck Slab):S3,0.33,0.18,11.7
C1570,10,Cọc khoan nhồi D1200 (26 cọc L=872m):P1-P1D,3.39,0.18,11.7
C1570,10,Cọc khoan nhồi D1200 (26 cọc L=872m):P1-P1D,3.39,0.18,11.7
C1570,10,Cọc khoan nhồi D1200 (26 cọc L=872m):P1-P1D,3.39,0.18,11.7
C1570,10,Bản mặt cầu (Deck Slab):S3,0.33,0.18,11.7
C1570,10,Bản mặt cầu (Deck Slab):S3,0.33,0.18,11.7
C1570,10,Bản mặt cầu (Deck Slab):S3,0.33,0.18,11.7
C1570,10,Bản mặt cầu (Deck Slab):S3,0.33,0.18,11.7
C1571,10,Cọc khoan nhồi D1200 (26 cọc L=872m):P1-P1D,3.39,0.18,11.7
C1571,10,Cọc khoan nhồi D1200 (26 cọc L=872m):P1-P1D,3.39,0.18,11.7
C1571,10,Cọc khoan nhồi D1200 (26 cọc L=872m):P1-P1D,3.39,0.18,11.7
C1571,10,Bản mặt cầu (Deck Slab):S3,0.33,0.18,11.7
C1571,10,Bản mặt cầu (Deck Slab):S3,0.33,0.18,11.7
C1571,10,Bản mặt cầu (Deck Slab):S3,0.33,0.18,11.7
C1571,10,Bản mặt cầu (Deck Slab):S3,0.33,0.18,11.7
C1572,10,Cọc khoan nhồi D1200 (26 cọc L=872m):P1-P1D,3.39,0.18,11.7
C1572,10,Cọc khoan nhồi D1200 (26 cọc L=872m):P1-P1D,3.39,0.18,11.7
C1572,10,Cọc khoan nhồi D1200 (26 cọc L=872m):P1-P1D,3.39,0.18,11.7
C1572,10,Bản mặt cầu (Deck Slab):S3,0.33,0.18,11.7
C1572,10,Bản mặt cầu (Deck Slab):S3,0.33,0.18,11.7
C1572,10,Bản mặt cầu (Deck Slab):S3,0.33,0.18,11.7
C1572,10,Bản mặt cầu (Deck Slab):S3,0.33,0.18,11.7
C1573,10,Cọc khoan nhồi D1200 (26 cọc L=872m):P1-P1D,3.39,0.18,11.7
C1573,10,Cọc khoan nhồi D1200 (26 cọc L=872m):P1-P1D,3.39,0.18,11.7
C1573,10,Cọc khoan nhồi D1200 (26 cọc L=872m):P1-P1D,3.39,0.18,11.7
C1573,10,Bản mặt cầu (Deck Slab):S3,0.33,0.18,11.7
C1573,10,Bản mặt cầu (Deck Slab):S3,0.33,0.18,11.7
C1573,10,Bản mặt cầu (Deck Slab):S3,0.33,0.18,11.7
C1573,10,Bản mặt cầu (Deck Slab):S3,0.33,0.18,11.7
C1574,10,Cọc khoan nhồi D1200 (26 cọc L=872m):P1-P1D,3.39,0.18,11.7
C1574,10,Cọc khoan nhồi D1200 (26 cọc L=872m):P1-P1D,3.39,0.18,11.7
C1574,10,Cọc khoan nhồi D1200 (26 cọc L=872m):P1-P1D,3.39,0.18,11.7
C1574,10,Bản mặt cầu (Deck Slab):S3,0.33,0.18,11.7
C1574,10,Bản mặt cầu (Deck Slab):S3,0.33,0.18,11.7
C1574,10,Bản mặt cầu (Deck Slab):S3,0.33,0.18,11.7
C1574,10,Bản mặt cầu (Deck Slab):S3,0.33,0.18,11.7
C1575,10,Cọc khoan nhồi D1200 (26 cọc L=872m):P1-P1D,3.39,0.18,11.7
C1575,10,Cọc khoan nhồi D1200 (26 cọc L=872m):P1-P1D,3.39,0.18,11.7
C1575,10,Cọc khoan nhồi D1200 (26 cọc L=872m):P1-P1D,3.39,0.18,11.7
C1575,10,Bản mặt cầu (Deck Slab):S3,0.33,0.18,11.7
C1575,10,Bản mặt cầu (Deck Slab):S3,0.33,0.18,11.7
C1575,10,Bản mặt cầu (Deck Slab):S3,0.33,0.18,11.7
C1575,10,Bản mặt cầu (Deck Slab):S3,0.33,0.18,11.7
C1576,10,Cọc khoan nhồi D1200 (26 cọc L=872m):P1-P1D,3.39,0.18,11.7
C1576,10,Cọc khoan nhồi D1200 (26 cọc L=872m):P1-P1D,3.39,0.18,11.7
C1576,10,Cọc khoan nhồi D1200 (26 cọc L=872m):P1-P1D,3.39,0.18,11.7
C1576,10,Bản mặt cầu (Deck Slab):S3,0.33,0.18,11.7
C1576,10,Bản mặt cầu (Deck Slab):S3,0.33,0.18,11.7
C1576,10,Bản mặt cầu (Deck Slab):S3,0.33,0.18,11.7
C1576,10,Bản mặt cầu (Deck Slab):S3,0.33,0.18,11.7
C1577,10,Cọc khoan nhồi D1200 (26 cọc L=872m):P1-P1D,3.39,0.18,11.7
C1577,10,Cọc khoan nhồi D1200 (26 cọc L=872m):P1-P1D,3.39,0.18,11.7
C1577,10,Cọc khoan nhồi D1200 (26 cọc L=872m):P1-P1D,3.39,0.18,11.7
C1577,10,Bản mặt cầu (Deck Slab):S3,0.33,0.18,11.7
C1577,10,Bản mặt cầu (Deck Slab):S3,0.33,0.18,11.7
C1577,10,Bản mặt cầu (Deck Slab):S3,0.33,0.18,11.7
C1577,10,Bản mặt cầu (Deck Slab):S3,0.33,0.18,11.7
C1578,10,Cọc khoan nhồi D1200 (26 cọc L=872m):P1-P1D,3.39,0.18,11.7
C1578,10,Cọc khoan nhồi D1200 (26 cọc L=872m):P1-P1D,3.39,0.18,11.7
C1578,10,Cọc khoan nhồi D1200 (26 cọc L=872m):P1-P1D,3.39,0.18,11.7
C1578,10,Bản mặt cầu (Deck Slab):S3,0.33,0.18,11.7
C1578,10,Bản mặt cầu (Deck Slab):S3,0.33,0.18,11.7
C1578,10,Bản mặt cầu (Deck Slab):S3,0.33,0.18,11.7
C1578,10,Bản mặt cầu (Deck Slab):S3,0.33,0.18,11.7
C1579,10,Cọc khoan nhồi D1200 (26 cọc L=872m):P1-P1D,3.39,0.18,11.7
C1579,10,Cọc khoan nhồi D1200 (26 cọc L=872m):P1-P1D,3.39,0.18,11.7
C1579,10,Cọc khoan nhồi D1200 (26 cọc L=872m):P1-P1D,3.39,0.18,11.7
C1579,10,Bản mặt cầu (Deck Slab):S3,0.33,0.18,11.7
C1579,10,Bản mặt cầu (Deck Slab):S3,0.33,0.18,11.7
C1579,10,Bản mặt cầu (Deck Slab):S3,0.33,0.18,11.7
C1579,10,Bản mặt cầu (Deck Slab):S3,0.33,0.18,11.7
C1580,10,Cọc khoan nhồi D1200 (26 cọc L=872m):P1-P1D,3.39,0.18,11.7
C1580,10,Cọc khoan nhồi D1200 (26 cọc L=872m):P1-P1D,3.39,0.18,11.7
C1580,10,Cọc khoan nhồi D1200 (26 cọc L=872m):P1-P1D,3.39,0.18,11.7
C1580,10,Bản mặt cầu (Deck Slab):S3,0.33,0.18,11.7
C1580,10,Bản mặt cầu (Deck Slab):S3,0.33,0.18,11.7
C1580,10,Bản mặt cầu (Deck Slab):S3,0.33,0.18,11.7
C1580,10,Bản mặt cầu (Deck Slab):S3,0.33,0.18,11.7
C1581,10,Cọc khoan nhồi D1200 (26 cọc L=872m):P1-P1D,3.39,0.18,11.7
C1581,10,Cọc khoan nhồi D1200 (26 cọc L=872m):P1-P1D,3.39,0.18,11.7
C1581,10,Cọc khoan nhồi D1200 (26 cọc L=872m):P1-P1D,3.39,0.18,11.7
C1581,10,Bản mặt cầu (Deck Slab):S3,0.33,0.18,11.7
C1581,10,Bản mặt cầu (Deck Slab):S3,0.33,0.18,11.7
C1581,10,Bản mặt cầu (Deck Slab):S3,0.33,0.18,11.7
C1581,10,Bản mặt cầu (Deck Slab):S3,0.33,0.18,11.7
C1582,10,Cọc khoan nhồi D1200 (26 cọc L=872m):P1-P1D,3.39,0.18,11.7
C1582,10,Cọc khoan nhồi D1200 (26 cọc L=872m):P1-P1D,3.39,0.18,11.7
C1582,10,Cọc khoan nhồi D1200 (26 cọc L=872m):P1-P1D,3.39,0.18,11.7
C1582,10,Bản mặt cầu (Deck Slab):S3,0.33,0.18,11.7
C1582,10,Bản mặt cầu (Deck Slab):S3,0.33,0.18,11.7
C1582,10,Bản mặt cầu (Deck Slab):S3,0.33,0.18,11.7
C1582,10,Bản mặt cầu (Deck Slab):S3,0.33,0.18,11.7
C1583,10,Cọc khoan nhồi D1200 (26 cọc L=872m):P1-P1D,3.39,0.18,11.7
C1583,10,Cọc khoan nhồi D1200 (26 cọc L=872m):P1-P1D,3.39,0.18,11.7
C1583,10,Cọc khoan nhồi D1200 (26 cọc L=872m):P1-P1D,3.39,0.18,11.7
C1583,10,Bản mặt cầu (Deck Slab):S3,0.33,0.18,11.7
C1583,10,Bản mặt cầu (Deck Slab):S3,0.33,0.18,11.7
C1583,10,Bản mặt cầu (Deck Slab):S3,0.33,0.18,11.7
C1583,10,Bản mặt cầu (Deck Slab):S3,0.33,0.18,11.7
C1584,10,Cọc khoan nhồi D1200 (26 cọc L=872m):P1-P1D,3.39,0.18,11.7
C1584,10,Cọc khoan nhồi D1200 (26 cọc L=872m):P1-P1D,3.39,0.18,11.7
C1584,10,Cọc khoan nhồi D1200 (26 cọc L=872m):P1-P1D,3.39,0.18,11.7
C1584,10,Bản mặt cầu (Deck Slab):S3,0.33,0.18,11.7
C1584,10,Bản mặt cầu (Deck Slab):S3,0.33,0.18,11.7
C1584,10,Bản mặt cầu (Deck Slab):S3,0.33,0.18,11.7
C1584,10,Bản mặt cầu (Deck Slab):S3,0.33,0.18,11.7
C1585,10,Cọc khoan nhồi D1200 (26 cọc L=872m):P1-P1D,3.39,0.18,11.7
C1585,10,Cọc khoan nhồi D1200 (26 cọc L=872m):P1-P1D,3.39,0.18,11.7
C1585,10,Cọc khoan nhồi D1200 (26 cọc L=872m):P1-P1D,3.39,0.18,11.7
C1585,10,Bản mặt cầu (Deck Slab):S3,0.33,0.18,11.7
C1585,10,Bản mặt cầu (Deck Slab):S3,0.33,0.18,11.7
C1585,10,Bản mặt cầu (Deck Slab):S3,0.33,0.18,11.7
C1585,10,Bản mặt cầu (Deck Slab):S3,0.33,0.18,11.7
C1586,10,Cọc khoan nhồi D1200 (26 cọc L=872m):P1-P1D,3.39,0.18,11.7
C1586,10,Cọc khoan nhồi D1200 (26 cọc L=872m):P1-P1D,3.39,0.18,11.7
C1586,10,Cọc khoan nhồi D1200 (26 cọc L=872m):P1-P1D,3.39,0.18,11.7
C1586,10,Bản mặt cầu (Deck Slab):S3,0.33,0.18,11.7
C1586,10,Bản mặt cầu (Deck Slab):S3,0.33,0.18,11.7
C1586,10,Bản mặt cầu (Deck Slab):S3,0.33,0.18,11.7
C1586,10,Bản mặt cầu (Deck Slab):S3,0.33,0.18,11.7
C1587,10,Cọc khoan nhồi D1200 (26 cọc L=872m):P1-P1D,3.39,0.18,11.7
C1587,10,Cọc khoan nhồi D1200 (26 cọc L=872m):P1-P1D,3.39,0.18,11.7
C1587,10,Cọc khoan nhồi D1200 (26 cọc L=872m):P1-P1D,3.39,0.18,11.7
C1587,10,Bản mặt cầu (Deck Slab):S3,0.33,0.18,11.7
C1587,10,Bản mặt cầu (Deck Slab):S3,0.33,0.18,11.7
C1587,10,Bản mặt cầu (Deck Slab):S3,0.33,0.18,11.7
C1587,10,Bản mặt cầu (Deck Slab):S3,0.33,0.18,11.7
C1588,10,Cọc khoan nhồi D1200 (26 cọc L=872m):P1-P1D,3.39,0.18,11.7
C1588,10,Cọc khoan nhồi D1200 (26 cọc L=872m):P1-P1D,3.39,0.18,11.7
C1588,10,Cọc khoan nhồi D1200 (26 cọc L=872m):P1-P1D,3.39,0.18,11.7
C1588,10,Bản mặt cầu (Deck Slab):S3,0.33,0.18,11.7
C1588,10,Bản mặt cầu (Deck Slab):S3,0.33,0.18,11.7
C1588,10,Bản mặt cầu (Deck Slab):S3,0.33,0.18,11.7
C1588,10,Bản mặt cầu (Deck Slab):S3,0.33,0.18,11.7
C1589,10,Cọc khoan nhồi D1200 (26 cọc L=872m):P1-P1D,3.39,0.18,11.7
C1589,10,Cọc khoan nhồi D1200 (26 cọc L=872m):P1-P1D,3.39,0.18,11.7
C1589,10,Cọc khoan nhồi D1200 (26 cọc L=872m):P1-P1D,3.39,0.18,11.7
C1589,10,Bản mặt cầu (Deck Slab):S3,0.33,0.18,11.7
C1589,10,Bản mặt cầu (Deck Slab):S3,0.33,0.18,11.7
C1589,10,Bản mặt cầu (Deck Slab):S3,0.33,0.18,11.7
C1589,10,Bản mặt cầu (Deck Slab):S3,0.33,0.18,11.7
C1590,10,Cọc khoan nhồi D1200 (26 cọc L=872m):P1-P1D,3.39,0.18,11.7
C1590,10,Cọc khoan nhồi D1200 (26 cọc L=872m):P1-P1D,3.39,0.18,11.7
C1590,10,Cọc khoan nhồi D1200 (26 cọc L=872m):P1-P1D,3.39,0.18,11.7
C1590,10,Bản mặt cầu (Deck Slab):S3,0.33,0.18,11.7
C1590,10,Bản mặt cầu (Deck Slab):S3,0.33,0.18,11.7
C1590,10,Bản mặt cầu (Deck Slab):S3,0.33,0.18,11.7
C1590,10,Bản mặt cầu (Deck Slab):S3,0.33,0.18,11.7
C1591,10,Cọc khoan nhồi D1200 (26 cọc L=872m):P1-P1D,3.39,0.18,11.7
C1591,10,Cọc khoan nhồi D1200 (26 cọc L=872m):P1-P1D,3.39,0.18,11.7
C1591,10,Cọc khoan nhồi D1200 (26 cọc L=872m):P1-P1D,3.39,0.18,11.7
C1591,10,Bản mặt cầu (Deck Slab):S3,0.33,0.18,11.7
C1591,10,Bản mặt cầu (Deck Slab):S3,0.33,0.18,11.7
C1591,10,Bản mặt cầu (Deck Slab):S3,0.33,0.18,11.7
C1591,10,Bản mặt cầu (Deck Slab):S3,0.33,0.18,11.7
C1592,10,Cọc khoan nhồi D1200 (26 cọc L=872m):P1-P1D,3.39,0.18,11.7
C1592,10,Cọc khoan nhồi D1200 (26 cọc L=872m):P1-P1D,3.39,0.18,11.7
C1592,10,Cọc khoan nhồi D1200 (26 cọc L=872m):P1-P1D,3.39,0.18,11.7
C1592,10,Bản mặt cầu (Deck Slab):S3,0.33,0.18,11.7
C1592,10,Bản mặt cầu (Deck Slab):S3,0.33,0.18,11.7
C1592,10,Bản mặt cầu (Deck Slab):S3,0.33,0.18,11.7
C1592,10,Bản mặt cầu (Deck Slab):S3,0.33,0.18,11.7
C1593,10,Cọc khoan nhồi D1200 (26 cọc L=872m):P1-P1D,3.39,0.18,11.7
C1593,10,Cọc khoan nhồi D1200 (26 cọc L=872m):P1-P1D,3.39,0.18,11.7
C1593,10,Cọc khoan nhồi D1200 (26 cọc L=872m):P1-P1D,3.39,0.18,11.7
C1593,10,Bản mặt cầu (Deck Slab):S3,0.33,0.18,11.7
C1593,10,Bản mặt cầu (Deck Slab):S3,0.33,0.18,11.7
C1593,10,Bản mặt cầu (Deck Slab):S3,0.33,0.18,11.7
C1593,10,Bản mặt cầu (Deck Slab):S3,0.33,0.18,11.7
C1594,10,Cọc khoan nhồi D1200 (26 cọc L=872m):P1-P1D,3.39,0.18,11.7
C1594,10,Cọc khoan nhồi D1200 (26 cọc L=872m):P1-P1D,3.39,0.18,11.7
C1594,10,Cọc khoan nhồi D1200 (26 cọc L=872m):P1-P1D,3.39,0.18,11.7
C1594,10,Bản mặt cầu (Deck Slab):S3,0.33,0.18,11.7
C1594,10,Bản mặt cầu (Deck Slab):S3,0.33,0.18,11.7
C1594,10,Bản mặt cầu (Deck Slab):S3,0.33,0.18,11.7
C1594,10,Bản mặt cầu (Deck Slab):S3,0.33,0.18,11.7
C1595,10,Cọc khoan nhồi D1200 (26 cọc L=872m):P1-P1D,3.39,0.18,11.7
C1595,10,Cọc khoan nhồi D1200 (26 cọc L=872m):P1-P1D,3.39,0.18,11.7
C1595,10,Cọc khoan nhồi D1200 (26 cọc L=872m):P1-P1D,3.39,0.18,11.7
C1595,10,Bản mặt cầu (Deck Slab):S3,0.33,0.18,11.7
C1595,10,Bản mặt cầu (Deck Slab):S3,0.33,0.18,11.7
C1595,10,Bản mặt cầu (Deck Slab):S3,0.33,0.18,11.7
C1595,10,Bản mặt cầu (Deck Slab):S3,0.33,0.18,11.7
C1596,10,Cọc khoan nhồi D1200 (26 cọc L=872m):P1-P1D,3.39,0.18,11.7
C1596,10,Cọc khoan nhồi D1200 (26 cọc L=872m):P1-P1D,3.39,0.18,11.7
C1596,10,Cọc khoan nhồi D1200 (26 cọc L=872m):P1-P1D,3.39,0.18,11.7
C1596,10,Bản mặt cầu (Deck Slab):S3,0.33,0.18,11.7
C1596,10,Bản mặt cầu (Deck Slab):S3,0.33,0.18,11.7
C1596,10,Bản mặt cầu (Deck Slab):S3,0.33,0.18,11.7
C1596,10,Bản mặt cầu (Deck Slab):S3,0.33,0.18,11.7
C1597,10,Cọc khoan nhồi D1200 (26 cọc L=872m):P1-P1D,3.39,0.18,11.7
C1597,10,Cọc khoan nhồi D1200 (26 cọc L=872m):P1-P1D,3.39,0.18,11.7
C1597,10,Cọc khoan nhồi D1200 (26 cọc L=872m):P1-P1D,3.39,0.18,11.7
C1597,10,Bản mặt cầu (Deck Slab):S3,0.33,0.18,11.7
C1597,10,Bản mặt cầu (Deck Slab):S3,0.33,0.18,11.7
C1597,10,Bản mặt cầu (Deck Slab):S3,0.33,0.18,11.7
C1597,10,Bản mặt cầu (Deck Slab):S3,0.33,0.18,11.7
C1598,10,Cọc khoan nhồi D1200 (26 cọc L=872m):P1-P1D,3.39,0.18,11.7
C1598,10,Cọc khoan nhồi D1200 (26 cọc L=872m):P1-P1D,3.39,0.18,11.7
C1598,10,Cọc khoan nhồi D1200 (26 cọc L=872m):P1-P1D,3.39,0.18,11.7
C1598,10,Bản mặt cầu (Deck Slab):S3,0.33,0.18,11.7
C1598,10,Bản mặt cầu (Deck Slab):S3,0.33,0.18,11.7
C1598,10,Bản mặt cầu (Deck Slab):S3,0.33,0.18,11.7
C1598,10,Bản mặt cầu (Deck Slab):S3,0.33,0.18,11.7
C1599,10,Cọc khoan nhồi D1200 (26 cọc L=872m):P1-P1D,3.39,0.18,11.7
C1599,10,Cọc khoan nhồi D1200 (26 cọc L=872m):P1-P1D,3.39,0.18,11.7
C1599,10,Cọc khoan nhồi D1200 (26 cọc L=872m):P1-P1D,3.39,0.18,11.7
C1599,10,Bản mặt cầu (Deck Slab):S3,0.33,0.18,11.7
C1599,10,Bản mặt cầu (Deck Slab):S3,0.33,0.18,11.7
C1599,10,Bản mặt cầu (Deck Slab):S3,0.33,0.18,11.7
C1599,10,Bản mặt cầu (Deck Slab):S3,0.33,0.18,11.7
C1600,10,Cọc khoan nhồi D1200 (26 cọc L=872m):P1-P1D,3.39,0.18,11.7
C1600,10,Cọc khoan nhồi D1200 (26 cọc L=872m):P1-P1D,3.39,0.18,11.7
C1600,10,Cọc khoan nhồi D1200 (26 cọc L=872m):P1-P1D,3.39,0.18,11.7
C1600,10,Bản mặt cầu (Deck Slab):S3,0.33,0.18,11.7
C1600,10,Bản mặt cầu (Deck Slab):S3,0.33,0.18,11.7
C1600,10,Bản mặt cầu (Deck Slab):S3,0.33,0.18,11.7
C1600,10,Bản mặt cầu (Deck Slab):S3,0.33,0.18,11.7
C1601,10,Cọc khoan nhồi D1200 (26 cọc L=872m):P1-P1D,3.39,0.18,11.7
C1601,10,Cọc khoan nhồi D1200 (26 cọc L=872m):P1-P1D,3.39,0.18,11.7
C1601,10,Cọc khoan nhồi D1200 (26 cọc L=872m):P1-P1D,3.39,0.18,11.7
C1601,10,Bản mặt cầu (Deck Slab):S3,0.33,0.18,11.7
C1601,10,Bản mặt cầu (Deck Slab):S3,0.33,0.18,11.7
C1601,10,Bản mặt cầu (Deck Slab):S3,0.33,0.18,11.7
C1601,10,Bản mặt cầu (Deck Slab):S3,0.33,0.18,11.7
C1602,10,Cọc khoan nhồi D1200 (26 cọc L=872m):P1-P1D,3.39,0.18,11.7
C1602,10,Cọc khoan nhồi D1200 (26 cọc L=872m):P1-P1D,3.39,0.18,11.7
C1602,10,Cọc khoan nhồi D1200 (26 cọc L=872m):P1-P1D,3.39,0.18,11.7
C1602,10,Bản mặt cầu (Deck Slab):S3,0.33,0.18,11.7
C1602,10,Bản mặt cầu (Deck Slab):S3,0.33,0.18,11.7
C1602,10,Bản mặt cầu (Deck Slab):S3,0.33,0.18,11.7
C1602,10,Bản mặt cầu (Deck Slab):S3,0.33,0.18,11.7
C1603,10,Cọc khoan nhồi D1200 (26 cọc L=872m):P1-P1D,3.39,0.18,11.7
C1603,10,Cọc khoan nhồi D1200 (26 cọc L=872m):P1-P1D,3.39,0.18,11.7
C1603,10,Cọc khoan nhồi D1200 (26 cọc L=872m):P1-P1D,3.39,0.18,11.7
C1603,10,Bản mặt cầu (Deck Slab):S3,0.33,0.18,11.7
C1603,10,Bản mặt cầu (Deck Slab):S3,0.33,0.18,11.7
C1603,10,Bản mặt cầu (Deck Slab):S3,0.33,0.18,11.7
C1603,10,Bản mặt cầu (Deck Slab):S3,0.33,0.18,11.7
C1604,10,Cọc khoan nhồi D1200 (26 cọc L=872m):P1-P1D,3.39,0.18,11.7
C1604,10,Cọc khoan nhồi D1200 (26 cọc L=872m):P1-P1D,3.39,0.18,11.7
C1604,10,Cọc khoan nhồi D1200 (26 cọc L=872m):P1-P1D,3.39,0.18,11.7
C1604,10,Bản mặt cầu (Deck Slab):S3,0.33,0.18,11.7
C1604,10,Bản mặt cầu (Deck Slab):S3,0.33,0.18,11.7
C1604,10,Bản mặt cầu (Deck Slab):S3,0.33,0.18,11.7
C1604,10,Bản mặt cầu (Deck Slab):S3,0.33,0.18,11.7
C1605,10,Cọc khoan nhồi D1200 (26 cọc L=872m):P1-P1D,3.39,0.18,11.7
C1605,10,Cọc khoan nhồi D1200 (26 cọc L=872m):P1-P1D,3.39,0.18,11.7
C1605,10,Cọc khoan nhồi D1200 (26 cọc L=872m):P1-P1D,3.39,0.18,11.7
C1605,10,Bản mặt cầu (Deck Slab):S3,0.33,0.18,11.7
C1605,10,Bản mặt cầu (Deck Slab):S3,0.33,0.18,11.7
C1605,10,Bản mặt cầu (Deck Slab):S3,0.33,0.18,11.7
C1605,10,Bản mặt cầu (Deck Slab):S3,0.33,0.18,11.7
C1606,10,Cọc khoan nhồi D1200 (26 cọc L=872m):P1-P1D,3.39,0.18,11.7
C1606,10,Cọc khoan nhồi D1200 (26 cọc L=872m):P1-P1D,3.39,0.18,11.7
C1606,10,Cọc khoan nhồi D1200 (26 cọc L=872m):P1-P1D,3.39,0.18,11.7
C1606,10,Bản mặt cầu (Deck Slab):S3,0.33,0.18,11.7
C1606,10,Bản mặt cầu (Deck Slab):S3,0.33,0.18,11.7
C1606,10,Bản mặt cầu (Deck Slab):S3,0.33,0.18,11.7
C1606,10,Bản mặt cầu (Deck Slab):S3,0.33,0.18,11.7
C1607,10,Cọc khoan nhồi D1200 (26 cọc L=872m):P1-P1D,3.39,0.18,11.7
C1607,10,Cọc khoan nhồi D1200 (26 cọc L=872m):P1-P1D,3.39,0.18,11.7
C1607,10,Cọc khoan nhồi D1200 (26 cọc L=872m):P1-P1D,3.39,0.18,11.7
C1607,10,Bản mặt cầu (Deck Slab):S3,0.33,0.18,11.7
C1607,10,Bản mặt cầu (Deck Slab):S3,0.33,0.18,11.7
C1607,10,Bản mặt cầu (Deck Slab):S3,0.33,0.18,11.7
C1607,10,Bản mặt cầu (Deck Slab):S3,0.33,0.18,11.7
C1608,10,Cọc khoan nhồi D1200 (26 cọc L=872m):P1-P1D,3.39,0.18,11.7
C1608,10,Cọc khoan nhồi D1200 (26 cọc L=872m):P1-P1D,3.39,0.18,11.7
C1608,10,Cọc khoan nhồi D1200 (26 cọc L=872m):P1-P1D,3.39,0.18,11.7
C1608,10,Bản mặt cầu (Deck Slab):S3,0.33,0.18,11.7
C1608,10,Bản mặt cầu (Deck Slab):S3,0.33,0.18,11.7
C1608,10,Bản mặt cầu (Deck Slab):S3,0.33,0.18,11.7
C1608,10,Bản mặt cầu (Deck Slab):S3,0.33,0.18,11.7
C1609,10,Cọc khoan nhồi D1200 (26 cọc L=872m):P1-P1D,3.39,0.18,11.7
C1609,10,Cọc khoan nhồi D1200 (26 cọc L=872m):P1-P1D,3.39,0.18,11.7
C1609,10,Cọc khoan nhồi D1200 (26 cọc L=872m):P1-P1D,3.39,0.18,11.7
C1609,10,Bản mặt cầu (Deck Slab):S3,0.33,0.18,11.7
C1609,10,Bản mặt cầu (Deck Slab):S3,0.33,0.18,11.7
C1609,10,Bản mặt cầu (Deck Slab):S3,0.33,0.18,11.7
C1609,10,Bản mặt cầu (Deck Slab):S3,0.33,0.18,11.7
C1610,10,Cọc khoan nhồi D1200 (26 cọc L=872m):P1-P1D,3.39,0.18,11.7
C1610,10,Cọc khoan nhồi D1200 (26 cọc L=872m):P1-P1D,3.39,0.18,11.7
C1610,10,Cọc khoan nhồi D1200 (26 cọc L=872m):P1-P1D,3.39,0.18,11.7
C1610,10,Bản mặt cầu (Deck Slab):S3,0.33,0.18,11.7
C1610,10,Bản mặt cầu (Deck Slab):S3,0.33,0.18,11.7
C1610,10,Bản mặt cầu (Deck Slab):S3,0.33,0.18,11.7
C1610,10,Bản mặt cầu (Deck Slab):S3,0.33,0.18,11.7
C1611,10,Cọc khoan nhồi D1200 (26 cọc L=872m):P1-P1D,3.39,0.18,11.7
C1611,10,Cọc khoan nhồi D1200 (26 cọc L=872m):P1-P1D,3.39,0.18,11.7
C1611,10,Cọc khoan nhồi D1200 (26 cọc L=872m):P1-P1D,3.39,0.18,11.7
C1611,10,Bản mặt cầu (Deck Slab):S3,0.33,0.18,11.7
C1611,10,Bản mặt cầu (Deck Slab):S3,0.33,0.18,11.7
C1611,10,Bản mặt cầu (Deck Slab):S3,0.33,0.18,11.7
C1611,10,Bản mặt cầu (Deck Slab):S3,0.33,0.18,11.7
C1612,10,Cọc khoan nhồi D1200 (26 cọc L=872m):P1-P1D,3.39,0.18,11.7
C1612,10,Cọc khoan nhồi D1200 (26 cọc L=872m):P1-P1D,3.39,0.18,11.7
C1612,10,Cọc khoan nhồi D1200 (26 cọc L=872m):P1-P1D,3.39,0.18,11.7
C1612,10,Bản mặt cầu (Deck Slab):S3,0.33,0.18,11.7
C1612,10,Bản mặt cầu (Deck Slab):S3,0.33,0.18,11.7
C1612,10,Bản mặt cầu (Deck Slab):S3,0.33,0.18,11.7
C1612,10,Bản mặt cầu (Deck Slab):S3,0.33,0.18,11.7
C1613,10,Cọc khoan nhồi D1200 (26 cọc L=872m):P1-P1D,3.39,0.18,11.7
C1613,10,Cọc khoan nhồi D1200 (26 cọc L=872m):P1-P1D,3.39,0.18,11.7
C1613,10,Cọc khoan nhồi D1200 (26 cọc L=872m):P1-P1D,3.39,0.18,11.7
C1613,10,Bản mặt cầu (Deck Slab):S3,0.33,0.18,11.7
C1613,10,Bản mặt cầu (Deck Slab):S3,0.33,0.18,11.7
C1613,10,Bản mặt cầu (Deck Slab):S3,0.33,0.18,11.7
C1613,10,Bản mặt cầu (Deck Slab):S3,0.33,0.18,11.7
C1614,10,Cọc khoan nhồi D1200 (26 cọc L=872m):P1-P1D,3.39,0.18,11.7
C1614,10,Cọc khoan nhồi D1200 (26 cọc L=872m):P1-P1D,3.39,0.18,11.7
C1614,10,Cọc khoan nhồi D1200 (26 cọc L=872m):P1-P1D,3.39,0.18,11.7
C1614,10,Bản mặt cầu (Deck Slab):S3,0.33,0.18,11.7
C1614,10,Bản mặt cầu (Deck Slab):S3,0.33,0.18,11.7
C1614,10,Bản mặt cầu (Deck Slab):S3,0.33,0.18,11.7
C1614,10,Bản mặt cầu (Deck Slab):S3,0.33,0.18,11.7
C1615,10,Cọc khoan nhồi D1200 (26 cọc L=872m):P1-P1D,3.39,0.18,11.7
C1615,10,Cọc khoan nhồi D1200 (26 cọc L=872m):P1-P1D,3.39,0.18,11.7
C1615,10,Cọc khoan nhồi D1200 (26 cọc L=872m):P1-P1D,3.39,0.18,11.7
C1615,10,Bản mặt cầu (Deck Slab):S3,0.33,0.18,11.7
C1615,10,Bản mặt cầu (Deck Slab):S3,0.33,0.18,11.7
C1615,10,Bản mặt cầu (Deck Slab):S3,0.33,0.18,11.7
C1615,10,Bản mặt cầu (Deck Slab):S3,0.33,0.18,11.7
C1616,10,Cọc khoan nhồi D1200 (26 cọc L=872m):P1-P1D,3.39,0.18,11.7
C1616,10,Cọc khoan nhồi D1200 (26 cọc L=872m):P1-P1D,3.39,0.18,11.7
C1616,10,Cọc khoan nhồi D1200 (26 cọc L=872m):P1-P1D,3.39,0.18,11.7
C1616,10,Bản mặt cầu (Deck Slab):S3,0.33,0.18,11.7
C1616,10,Bản mặt cầu (Deck Slab):S3,0.33,0.18,11.7
C1616,10,Bản mặt cầu (Deck Slab):S3,0.33,0.18,11.7
C1616,10,Bản mặt cầu (Deck Slab):S3,0.33,0.18,11.7
C1617,10,Cọc khoan nhồi D1200 (26 cọc L=872m):P1-P1D,3.39,0.18,11.7
C1617,10,Cọc khoan nhồi D1200 (26 cọc L=872m):P1-P1D,3.39,0.18,11.7
C1617,10,Cọc khoan nhồi D1200 (26 cọc L=872m):P1-P1D,3.39,0.18,11.7
C1617,10,Bản mặt cầu (Deck Slab):S3,0.33,0.18,11.7
C1617,10,Bản mặt cầu (Deck Slab):S3,0.33,0.18,11.7
C1617,10,Bản mặt cầu (Deck Slab):S3,0.33,0.18,11.7
C1617,10,Bản mặt cầu (Deck Slab):S3,0.33,0.18,11.7
C1618,10,Cọc khoan nhồi D1200 (26 cọc L=872m):P1-P1D,3.39,0.18,11.7
C1618,10,Cọc khoan nhồi D1200 (26 cọc L=872m):P1-P1D,3.39,0.18,11.7
C1618,10,Cọc khoan nhồi D1200 (26 cọc L=872m):P1-P1D,3.39,0.18,11.7
C1618,10,Bản mặt cầu (Deck Slab):S3,0.33,0.18,11.7
C1618,10,Bản mặt cầu (Deck Slab):S3,0.33,0.18,11.7
C1618,10,Bản mặt cầu (Deck Slab):S3,0.33,0.18,11.7
C1618,10,Bản mặt cầu (Deck Slab):S3,0.33,0.18,11.7
C1619,10,Cọc khoan nhồi D1200 (26 cọc L=872m):P1-P1D,3.39,0.18,11.7
C1619,10,Cọc khoan nhồi D1200 (26 cọc L=872m):P1-P1D,3.39,0.18,11.7
C1619,10,Cọc khoan nhồi D1200 (26 cọc L=872m):P1-P1D,3.39,0.18,11.7
C1619,10,Bản mặt cầu (Deck Slab):S3,0.33,0.18,11.7
C1619,10,Bản mặt cầu (Deck Slab):S3,0.33,0.18,11.7
C1619,10,Bản mặt cầu (Deck Slab):S3,0.33,0.18,11.7
C1619,10,Bản mặt cầu (Deck Slab):S3,0.33,0.18,11.7
C1620,10,Cọc khoan nhồi D1200 (26 cọc L=872m):P1-P1D,3.39,0.18,11.7
C1620,10,Cọc khoan nhồi D1200 (26 cọc L=872m):P1-P1D,3.39,0.18,11.7
C1620,10,Cọc khoan nhồi D1200 (26 cọc L=872m):P1-P1D,3.39,0.18,11.7
C1620,10,Bản mặt cầu (Deck Slab):S3,0.33,0.18,11.7
C1620,10,Bản mặt cầu (Deck Slab):S3,0.33,0.18,11.7
C1620,10,Bản mặt cầu (Deck Slab):S3,0.33,0.18,11.7
C1620,10,Bản mặt cầu (Deck Slab):S3,0.33,0.18,11.7
C1621,10,Cọc khoan nhồi D1200 (26 cọc L=872m):P1-P1D,3.39,0.18,11.7
C1621,10,Cọc khoan nhồi D1200 (26 cọc L=872m):P1-P1D,3.39,0.18,11.7
C1621,10,Cọc khoan nhồi D1200 (26 cọc L=872m):P1-P1D,3.39,0.18,11.7
C1621,10,Bản mặt cầu (Deck Slab):S3,0.33,0.18,11.7
C1621,10,Bản mặt cầu (Deck Slab):S3,0.33,0.18,11.7
C1621,10,Bản mặt cầu (Deck Slab):S3,0.33,0.18,11.7
C1621,10,Bản mặt cầu (Deck Slab):S3,0.33,0.18,11.7
C1622,10,Cọc khoan nhồi D1200 (26 cọc L=872m):P1-P1D,3.39,0.18,11.7
C1622,10,Cọc khoan nhồi D1200 (26 cọc L=872m):P1-P1D,3.39,0.18,11.7
C1622,10,Cọc khoan nhồi D1200 (26 cọc L=872m):P1-P1D,3.39,0.18,11.7
C1622,10,Bản mặt cầu (Deck Slab):S3,0.33,0.18,11.7
C1622,10,Bản mặt cầu (Deck Slab):S3,0.33,0.18,11.7
C1622,10,Bản mặt cầu (Deck Slab):S3,0.33,0.18,11.7
C1622,10,Bản mặt cầu (Deck Slab):S3,0.33,0.18,11.7
C1623,10,Cọc khoan nhồi D1200 (26 cọc L=872m):P1-P1D,3.39,0.18,11.7
C1623,10,Cọc khoan nhồi D1200 (26 cọc L=872m):P1-P1D,3.39,0.18,11.7
C1623,10,Cọc khoan nhồi D1200 (26 cọc L=872m):P1-P1D,3.39,0.18,11.7
C1623,10,Bản mặt cầu (Deck Slab):S3,0.33,0.18,11.7
C1623,10,Bản mặt cầu (Deck Slab):S3,0.33,0.18,11.7
C1623,10,Bản mặt cầu (Deck Slab):S3,0.33,0.18,11.7
C1623,10,Bản mặt cầu (Deck Slab):S3,0.33,0.18,11.7
C1624,10,Cọc khoan nhồi D1200 (26 cọc L=872m):P1-P1D,3.39,0.18,11.7
C1624,10,Cọc khoan nhồi D1200 (26 cọc L=872m):P1-P1D,3.39,0.18,11.7
C1624,10,Cọc khoan nhồi D1200 (26 cọc L=872m):P1-P1D,3.39,0.18,11.7
C1624,10,Bản mặt cầu (Deck Slab):S3,0.33,0.18,11.7
C1624,10,Bản mặt cầu (Deck Slab):S3,0.33,0.18,11.7
C1624,10,Bản mặt cầu (Deck Slab):S3,0.33,0.18,11.7
C1624,10,Bản mặt cầu (Deck Slab):S3,0.33,0.18,11.7
C1625,10,Cọc khoan nhồi D1200 (26 cọc L=872m):P1-P1D,3.39,0.18,11.7
C1625,10,Cọc khoan nhồi D1200 (26 cọc L=872m):P1-P1D,3.39,0.18,11.7
C1625,10,Cọc khoan nhồi D1200 (26 cọc L=872m):P1-P1D,3.39,0.18,11.7
C1625,10,Bản mặt cầu (Deck Slab):S3,0.33,0.18,11.7
C1625,10,Bản mặt cầu (Deck Slab):S3,0.33,0.18,11.7
C1625,10,Bản mặt cầu (Deck Slab):S3,0.33,0.18,11.7
C1625,10,Bản mặt cầu (Deck Slab):S3,0.33,0.18,11.7
C1626,10,Cọc khoan nhồi D1200 (26 cọc L=872m):P1-P1D,3.39,0.18,11.7
C1626,10,Cọc khoan nhồi D1200 (26 cọc L=872m):P1-P1D,3.39,0.18,11.7
C1626,10,Cọc khoan nhồi D1200 (26 cọc L=872m):P1-P1D,3.39,0.18,11.7
C1626,10,Bản mặt cầu (Deck Slab):S3,0.33,0.18,11.7
C1626,10,Bản mặt cầu (Deck Slab):S3,0.33,0.18,11.7
C1626,10,Bản mặt cầu (Deck Slab):S3,0.33,0.18,11.7
C1626,10,Bản mặt cầu (Deck Slab):S3,0.33,0.18,11.7
C1627,10,Cọc khoan nhồi D1200 (26 cọc L=872m):P1-P1D,3.39,0.18,11.7
C1627,10,Cọc khoan nhồi D1200 (26 cọc L=872m):P1-P1D,3.39,0.18,11.7
C1627,10,Cọc khoan nhồi D1200 (26 cọc L=872m):P1-P1D,3.39,0.18,11.7
C1627,10,Bản mặt cầu (Deck Slab):S3,0.33,0.18,11.7
C1627,10,Bản mặt cầu (Deck Slab):S3,0.33,0.18,11.7
C1627,10,Bản mặt cầu (Deck Slab):S3,0.33,0.18,11.7
C1627,10,Bản mặt cầu (Deck Slab):S3,0.33,0.18,11.7
C1628,10,Cọc khoan nhồi D1200 (26 cọc L=872m):P1-P1D,3.39,0.18,11.7
C1628,10,Cọc khoan nhồi D1200 (26 cọc L=872m):P1-P1D,3.39,0.18,11.7
C1628,10,Cọc khoan nhồi D1200 (26 cọc L=872m):P1-P1D,3.39,0.18,11.7
C1628,10,Bản mặt cầu (Deck Slab):S3,0.33,0.18,11.7
C1628,10,Bản mặt cầu (Deck Slab):S3,0.33,0.18,11.7
C1628,10,Bản mặt cầu (Deck Slab):S3,0.33,0.18,11.7
C1628,10,Bản mặt cầu (Deck Slab):S3,0.33,0.18,11.7
C1629,10,Cọc khoan nhồi D1200 (26 cọc L=872m):P1-P1D,3.39,0.18,11.7
C1629,10,Cọc khoan nhồi D1200 (26 cọc L=872m):P1-P1D,3.39,0.18,11.7
C1629,10,Cọc khoan nhồi D1200 (26 cọc L=872m):P1-P1D,3.39,0.18,11.7
C1629,10,Bản mặt cầu (Deck Slab):S3,0.33,0.18,11.7
C1629,10,Bản mặt cầu (Deck Slab):S3,0.33,0.18,11.7
C1629,10,Bản mặt cầu (Deck Slab):S3,0.33,0.18,11.7
C1629,10,Bản mặt cầu (Deck Slab):S3,0.33,0.18,11.7
C1630,10,Cọc khoan nhồi D1200 (26 cọc L=872m):P1-P1D,3.39,0.18,11.7
C1630,10,Cọc khoan nhồi D1200 (26 cọc L=872m):P1-P1D,3.39,0.18,11.7
C1630,10,Cọc khoan nhồi D1200 (26 cọc L=872m):P1-P1D,3.39,0.18,11.7
C1630,10,Bản mặt cầu (Deck Slab):S3,0.33,0.18,11.7
C1630,10,Bản mặt cầu (Deck Slab):S3,0.33,0.18,11.7
C1630,10,Bản mặt cầu (Deck Slab):S3,0.33,0.18,11.7
C1630,10,Bản mặt cầu (Deck Slab):S3,0.33,0.18,11.7
C1631,10,Cọc khoan nhồi D1200 (26 cọc L=872m):P1-P1D,3.39,0.18,11.7
C1631,10,Cọc khoan nhồi D1200 (26 cọc L=872m):P1-P1D,3.39,0.18,11.7
C1631,10,Cọc khoan nhồi D1200 (26 cọc L=872m):P1-P1D,3.39,0.18,11.7
C1631,10,Bản mặt cầu (Deck Slab):S3,0.33,0.18,11.7
C1631,10,Bản mặt cầu (Deck Slab):S3,0.33,0.18,11.7
C1631,10,Bản mặt cầu (Deck Slab):S3,0.33,0.18,11.7
C1631,10,Bản mặt cầu (Deck Slab):S3,0.33,0.18,11.7
C1632,10,Cọc khoan nhồi D1200 (26 cọc L=872m):P1-P1D,3.39,0.18,11.7
C1632,10,Cọc khoan nhồi D1200 (26 cọc L=872m):P1-P1D,3.39,0.18,11.7
C1632,10,Cọc khoan nhồi D1200 (26 cọc L=872m):P1-P1D,3.39,0.18,11.7
C1632,10,Bản mặt cầu (Deck Slab):S3,0.33,0.18,11.7
C1632,10,Bản mặt cầu (Deck Slab):S3,0.33,0.18,11.7
C1632,10,Bản mặt cầu (Deck Slab):S3,0.33,0.18,11.7
C1632,10,Bản mặt cầu (Deck Slab):S3,0.33,0.18,11.7
C1633,10,Cọc khoan nhồi D1200 (26 cọc L=872m):P1-P1D,3.39,0.18,11.7
C1633,10,Cọc khoan nhồi D1200 (26 cọc L=872m):P1-P1D,3.39,0.18,11.7
C1633,10,Cọc khoan nhồi D1200 (26 cọc L=872m):P1-P1D,3.39,0.18,11.7
C1633,10,Bản mặt cầu (Deck Slab):S3,0.33,0.18,11.7
C1633,10,Bản mặt cầu (Deck Slab):S3,0.33,0.18,11.7
C1633,10,Bản mặt cầu (Deck Slab):S3,0.33,0.18,11.7
C1633,10,Bản mặt cầu (Deck Slab):S3,0.33,0.18,11.7
C1634,10,Cọc khoan nhồi D1200 (26 cọc L=872m):P1-P1D,3.39,0.18,11.7
C1634,10,Cọc khoan nhồi D1200 (26 cọc L=872m):P1-P1D,3.39,0.18,11.7
C1634,10,Cọc khoan nhồi D1200 (26 cọc L=872m):P1-P1D,3.39,0.18,11.7
C1634,10,Bản mặt cầu (Deck Slab):S3,0.33,0.18,11.7
C1634,10,Bản mặt cầu (Deck Slab):S3,0.33,0.18,11.7
C1634,10,Bản mặt cầu (Deck Slab):S3,0.33,0.18,11.7
C1634,10,Bản mặt cầu (Deck Slab):S3,0.33,0.18,11.7
C1635,10,Cọc khoan nhồi D1200 (26 cọc L=872m):P1-P1D,3.39,0.18,11.7
C1635,10,Cọc khoan nhồi D1200 (26 cọc L=872m):P1-P1D,3.39,0.18,11.7
C1635,10,Cọc khoan nhồi D1200 (26 cọc L=872m):P1-P1D,3.39,0.18,11.7
C1635,10,Bản mặt cầu (Deck Slab):S3,0.33,0.18,11.7
C1635,10,Bản mặt cầu (Deck Slab):S3,0.33,0.18,11.7
C1635,10,Bản mặt cầu (Deck Slab):S3,0.33,0.18,11.7
C1635,10,Bản mặt cầu (Deck Slab):S3,0.33,0.18,11.7
C1636,10,Cọc khoan nhồi D1200 (26 cọc L=872m):P1-P1D,3.39,0.18,11.7
C1636,10,Cọc khoan nhồi D1200 (26 cọc L=872m):P1-P1D,3.39,0.18,11.7
C1636,10,Cọc khoan nhồi D1200 (26 cọc L=872m):P1-P1D,3.39,0.18,11.7
C1636,10,Bản mặt cầu (Deck Slab):S3,0.33,0.18,11.7
C1636,10,Bản mặt cầu (Deck Slab):S3,0.33,0.18,11.7
C1636,10,Bản mặt cầu (Deck Slab):S3,0.33,0.18,11.7
C1636,10,Bản mặt cầu (Deck Slab):S3,0.33,0.18,11.7
C1637,10,Cọc khoan nhồi D1200 (26 cọc L=872m):P1-P1D,3.39,0.18,11.7
C1637,10,Cọc khoan nhồi D1200 (26 cọc L=872m):P1-P1D,3.39,0.18,11.7
C1637,10,Cọc khoan nhồi D1200 (26 cọc L=872m):P1-P1D,3.39,0.18,11.7
C1637,10,Bản mặt cầu (Deck Slab):S3,0.33,0.18,11.7
C1637,10,Bản mặt cầu (Deck Slab):S3,0.33,0.18,11.7
C1637,10,Bản mặt cầu (Deck Slab):S3,0.33,0.18,11.7
C1637,10,Bản mặt cầu (Deck Slab):S3,0.33,0.18,11.7
C1638,10,Cọc khoan nhồi D1200 (26 cọc L=872m):P1-P1D,3.39,0.18,11.7
C1638,10,Cọc khoan nhồi D1200 (26 cọc L=872m):P1-P1D,3.39,0.18,11.7
C1638,10,Cọc khoan nhồi D1200 (26 cọc L=872m):P1-P1D,3.39,0.18,11.7
C1638,10,Bản mặt cầu (Deck Slab):S3,0.33,0.18,11.7
C1638,10,Bản mặt cầu (Deck Slab):S3,0.33,0.18,11.7
C1638,10,Bản mặt cầu (Deck Slab):S3,0.33,0.18,11.7
C1638,10,Bản mặt cầu (Deck Slab):S3,0.33,0.18,11.7
C1639,10,Cọc khoan nhồi D1200 (26 cọc L=872m):P1-P1D,3.39,0.18,11.7
C1639,10,Cọc khoan nhồi D1200 (26 cọc L=872m):P1-P1D,3.39,0.18,11.7
C1639,10,Cọc khoan nhồi D1200 (26 cọc L=872m):P1-P1D,3.39,0.18,11.7
C1639,10,Bản mặt cầu (Deck Slab):S3,0.33,0.18,11.7
C1639,10,Bản mặt cầu (Deck Slab):S3,0.33,0.18,11.7
C1639,10,Bản mặt cầu (Deck Slab):S3,0.33,0.18,11.7
C1639,10,Bản mặt cầu (Deck Slab):S3,0.33,0.18,11.7
C1640,10,Cọc khoan nhồi D1200 (26 cọc L=872m):P1-P1D,3.39,0.18,11.7
C1640,10,Cọc khoan nhồi D1200 (26 cọc L=872m):P1-P1D,3.39,0.18,11.7
C1640,10,Cọc khoan nhồi D1200 (26 cọc L=872m):P1-P1D,3.39,0.18,11.7
C1640,10,Bản mặt cầu (Deck Slab):S3,0.33,0.18,11.7
C1640,10,Bản mặt cầu (Deck Slab):S3,0.33,0.18,11.7
C1640,10,Bản mặt cầu (Deck Slab):S3,0.33,0.18,11.7
C1640,10,Bản mặt cầu (Deck Slab):S3,0.33,0.18,11.7
C1641,10,Cọc khoan nhồi D1200 (26 cọc L=872m):P1-P1D,3.39,0.18,11.7
C1641,10,Cọc khoan nhồi D1200 (26 cọc L=872m):P1-P1D,3.39,0.18,11.7
C1641,10,Cọc khoan nhồi D1200 (26 cọc L=872m):P1-P1D,3.39,0.18,11.7
C1641,10,Bản mặt cầu (Deck Slab):S3,0.33,0.18,11.7
C1641,10,Bản mặt cầu (Deck Slab):S3,0.33,0.18,11.7
C1641,10,Bản mặt cầu (Deck Slab):S3,0.33,0.18,11.7
C1641,10,Bản mặt cầu (Deck Slab):S3,0.33,0.18,11.7
C1642,10,Cọc khoan nhồi D1200 (26 cọc L=872m):P1-P1D,3.39,0.18,11.7
C1642,10,Cọc khoan nhồi D1200 (26 cọc L=872m):P1-P1D,3.39,0.18,11.7
C1642,10,Cọc khoan nhồi D1200 (26 cọc L=872m):P1-P1D,3.39,0.18,11.7
C1642,10,Bản mặt cầu (Deck Slab):S3,0.33,0.18,11.7
C1642,10,Bản mặt cầu (Deck Slab):S3,0.33,0.18,11.7
C1642,10,Bản mặt cầu (Deck Slab):S3,0.33,0.18,11.7
C1642,10,Bản mặt cầu (Deck Slab):S3,0.33,0.18,11.7
C1643,10,Cọc khoan nhồi D1200 (26 cọc L=872m):P1-P1D,3.39,0.18,11.7
C1643,10,Cọc khoan nhồi D1200 (26 cọc L=872m):P1-P1D,3.39,0.18,11.7
C1643,10,Cọc khoan nhồi D1200 (26 cọc L=872m):P1-P1D,3.39,0.18,11.7
C1643,10,Bản mặt cầu (Deck Slab):S3,0.33,0.18,11.7
C1643,10,Bản mặt cầu (Deck Slab):S3,0.33,0.18,11.7
C1643,10,Bản mặt cầu (Deck Slab):S3,0.33,0.18,11.7
C1643,10,Bản mặt cầu (Deck Slab):S3,0.33,0.18,11.7
C1644,10,Cọc khoan nhồi D1200 (26 cọc L=872m):P1-P1D,3.39,0.18,11.7
C1644,10,Cọc khoan nhồi D1200 (26 cọc L=872m):P1-P1D,3.39,0.18,11.7
C1644,10,Cọc khoan nhồi D1200 (26 cọc L=872m):P1-P1D,3.39,0.18,11.7
C1644,10,Bản mặt cầu (Deck Slab):S3,0.33,0.18,11.7
C1644,10,Bản mặt cầu (Deck Slab):S3,0.33,0.18,11.7
C1644,10,Bản mặt cầu (Deck Slab):S3,0.33,0.18,11.7
C1644,10,Bản mặt cầu (Deck Slab):S3,0.33,0.18,11.7
C1645,10,Cọc khoan nhồi D1200 (26 cọc L=872m):P1-P1D,3.39,0.18,11.7
C1645,10,Cọc khoan nhồi D1200 (26 cọc L=872m):P1-P1D,3.39,0.18,11.7
C1645,10,Cọc khoan nhồi D1200 (26 cọc L=872m):P1-P1D,3.39,0.18,11.7
C1645,10,Bản mặt cầu (Deck Slab):S3,0.33,0.18,11.7
C1645,10,Bản mặt cầu (Deck Slab):S3,0.33,0.18,11.7
C1645,10,Bản mặt cầu (Deck Slab):S3,0.33,0.18,11.7
C1645,10,Bản mặt cầu (Deck Slab):S3,0.33,0.18,11.7
C1646,10,Cọc khoan nhồi D1200 (26 cọc L=872m):P1-P1D,3.39,0.18,11.7
C1646,10,Cọc khoan nhồi D1200 (26 cọc L=872m):P1-P1D,3.39,0.18,11.7
C1646,10,Cọc khoan nhồi D1200 (26 cọc L=872m):P1-P1D,3.39,0.18,11.7
C1646,10,Bản mặt cầu (Deck Slab):S3,0.33,0.18,11.7
C1646,10,Bản mặt cầu (Deck Slab):S3,0.33,0.18,11.7
C1646,10,Bản mặt cầu (Deck Slab):S3,0.33,0.18,11.7
C1646,10,Bản mặt cầu (Deck Slab):S3,0.33,0.18,11.7
C1647,10,Cọc khoan nhồi D1200 (26 cọc L=872m):P1-P1D,3.39,0.18,11.7
C1647,10,Cọc khoan nhồi D1200 (26 cọc L=872m):P1-P1D,3.39,0.18,11.7
C1647,10,Cọc khoan nhồi D1200 (26 cọc L=872m):P1-P1D,3.39,0.18,11.7
C1647,10,Bản mặt cầu (Deck Slab):S3,0.33,0.18,11.7
C1647,10,Bản mặt cầu (Deck Slab):S3,0.33,0.18,11.7
C1647,10,Bản mặt cầu (Deck Slab):S3,0.33,0.18,11.7
C1647,10,Bản mặt cầu (Deck Slab):S3,0.33,0.18,11.7
C1648,10,Cọc khoan nhồi D1200 (26 cọc L=872m):P1-P1D,3.39,0.18,11.7
C1648,10,Cọc khoan nhồi D1200 (26 cọc L=872m):P1-P1D,3.39,0.18,11.7
C1648,10,Cọc khoan nhồi D1200 (26 cọc L=872m):P1-P1D,3.39,0.18,11.7
C1648,10,Bản mặt cầu (Deck Slab):S3,0.33,0.18,11.7
C1648,10,Bản mặt cầu (Deck Slab):S3,0.33,0.18,11.7
C1648,10,Bản mặt cầu (Deck Slab):S3,0.33,0.18,11.7
C1648,10,Bản mặt cầu (Deck Slab):S3,0.33,0.18,11.7
C1649,10,Cọc khoan nhồi D1200 (26 cọc L=872m):P1-P1D,3.39,0.18,11.7
C1649,10,Cọc khoan nhồi D1200 (26 cọc L=872m):P1-P1D,3.39,0.18,11.7
C1649,10,Cọc khoan nhồi D1200 (26 cọc L=872m):P1-P1D,3.39,0.18,11.7
C1649,10,Bản mặt cầu (Deck Slab):S3,0.33,0.18,11.7
C1649,10,Bản mặt cầu (Deck Slab):S3,0.33,0.18,11.7
C1649,10,Bản mặt cầu (Deck Slab):S3,0.33,0.18,11.7
C1649,10,Bản mặt cầu (Deck Slab):S3,0.33,0.18,11.7
C1650,10,Cọc khoan nhồi D1200 (26 cọc L=872m):P1-P1D,3.39,0.18,11.7
C1650,10,Cọc khoan nhồi D1200 (26 cọc L=872m):P1-P1D,3.39,0.18,11.7
C1650,10,Cọc khoan nhồi D1200 (26 cọc L=872m):P1-P1D,3.39,0.18,11.7
C1650,10,Bản mặt cầu (Deck Slab):S3,0.33,0.18,11.7
C1650,10,Bản mặt cầu (Deck Slab):S3,0.33,0.18,11.7
C1650,10,Bản mặt cầu (Deck Slab):S3,0.33,0.18,11.7
C1650,10,Bản mặt cầu (Deck Slab):S3,0.33,0.18,11.7
C1651,10,Cọc khoan nhồi D1200 (26 cọc L=872m):P1-P1D,3.39,0.18,11.7
C1651,10,Cọc khoan nhồi D1200 (26 cọc L=872m):P1-P1D,3.39,0.18,11.7
C1651,10,Cọc khoan nhồi D1200 (26 cọc L=872m):P1-P1D,3.39,0.18,11.7
C1651,10,Bản mặt cầu (Deck Slab):S3,0.33,0.18,11.7
C1651,10,Bản mặt cầu (Deck Slab):S3,0.33,0.18,11.7
C1651,10,Bản mặt cầu (Deck Slab):S3,0.33,0.18,11.7
C1651,10,Bản mặt cầu (Deck Slab):S3,0.33,0.18,11.7
C1652,10,Cọc khoan nhồi D1200 (26 cọc L=872m):P1-P1D,3.39,0.18,11.7
C1652,10,Cọc khoan nhồi D1200 (26 cọc L=872m):P1-P1D,3.39,0.18,11.7
C1652,10,Cọc khoan nhồi D1200 (26 cọc L=872m):P1-P1D,3.39,0.18,11.7
C1652,10,Bản mặt cầu (Deck Slab):S3,0.33,0.18,11.7
C1652,10,Bản mặt cầu (Deck Slab):S3,0.33,0.18,11.7
C1652,10,Bản mặt cầu (Deck Slab):S3,0.33,0.18,11.7
C1652,10,Bản mặt cầu (Deck Slab):S3,0.33,0.18,11.7
C1653,10,Cọc khoan nhồi D1200 (26 cọc L=872m):P1-P1D,3.39,0.18,11.7
C1653,10,Cọc khoan nhồi D1200 (26 cọc L=872m):P1-P1D,3.39,0.18,11.7
C1653,10,Cọc khoan nhồi D1200 (26 cọc L=872m):P1-P1D,3.39,0.18,11.7
C1653,10,Bản mặt cầu (Deck Slab):S3,0.33,0.18,11.7
C1653,10,Bản mặt cầu (Deck Slab):S3,0.33,0.18,11.7
C1653,10,Bản mặt cầu (Deck Slab):S3,0.33,0.18,11.7
C1653,10,Bản mặt cầu (Deck Slab):S3,0.33,0.18,11.7
C1654,10,Cọc khoan nhồi D1200 (26 cọc L=872m):P1-P1D,3.39,0.18,11.7
C1654,10,Cọc khoan nhồi D1200 (26 cọc L=872m):P1-P1D,3.39,0.18,11.7
C1654,10,Cọc khoan nhồi D1200 (26 cọc L=872m):P1-P1D,3.39,0.18,11.7
C1654,10,Bản mặt cầu (Deck Slab):S3,0.33,0.18,11.7
C1654,10,Bản mặt cầu (Deck Slab):S3,0.33,0.18,11.7
C1654,10,Bản mặt cầu (Deck Slab):S3,0.33,0.18,11.7
C1654,10,Bản mặt cầu (Deck Slab):S3,0.33,0.18,11.7
C1655,10,Cọc khoan nhồi D1200 (26 cọc L=872m):P1-P1D,3.39,0.18,11.7
C1655,10,Cọc khoan nhồi D1200 (26 cọc L=872m):P1-P1D,3.39,0.18,11.7
C1655,10,Cọc khoan nhồi D1200 (26 cọc L=872m):P1-P1D,3.39,0.18,11.7
C1655,10,Bản mặt cầu (Deck Slab):S3,0.33,0.18,11.7
C1655,10,Bản mặt cầu (Deck Slab):S3,0.33,0.18,11.7
C1655,10,Bản mặt cầu (Deck Slab):S3,0.33,0.18,11.7
C1655,10,Bản mặt cầu (Deck Slab):S3,0.33,0.18,11.7
C1656,10,Cọc khoan nhồi D1200 (26 cọc L=872m):P1-P1D,3.39,0.18,11.7
C1656,10,Cọc khoan nhồi D1200 (26 cọc L=872m):P1-P1D,3.39,0.18,11.7
C1656,10,Cọc khoan nhồi D1200 (26 cọc L=872m):P1-P1D,3.39,0.18,11.7
C1656,10,Bản mặt cầu (Deck Slab):S3,0.33,0.18,11.7
C1656,10,Bản mặt cầu (Deck Slab):S3,0.33,0.18,11.7
C1656,10,Bản mặt cầu (Deck Slab):S3,0.33,0.18,11.7
C1656,10,Bản mặt cầu (Deck Slab):S3,0.33,0.18,11.7
C1657,10,Cọc khoan nhồi D1200 (26 cọc L=872m):P1-P1D,3.39,0.18,11.7
C1657,10,Cọc khoan nhồi D1200 (26 cọc L=872m):P1-P1D,3.39,0.18,11.7
C1657,10,Cọc khoan nhồi D1200 (26 cọc L=872m):P1-P1D,3.39,0.18,11.7
C1657,10,Bản mặt cầu (Deck Slab):S3,0.33,0.18,11.7
C1657,10,Bản mặt cầu (Deck Slab):S3,0.33,0.18,11.7
C1657,10,Bản mặt cầu (Deck Slab):S3,0.33,0.18,11.7
C1657,10,Bản mặt cầu (Deck Slab):S3,0.33,0.18,11.7
C1658,10,Cọc khoan nhồi D1200 (26 cọc L=872m):P1-P1D,3.39,0.18,11.7
C1658,10,Cọc khoan nhồi D1200 (26 cọc L=872m):P1-P1D,3.39,0.18,11.7
C1658,10,Cọc khoan nhồi D1200 (26 cọc L=872m):P1-P1D,3.39,0.18,11.7
C1658,10,Bản mặt cầu (Deck Slab):S3,0.33,0.18,11.7
C1658,10,Bản mặt cầu (Deck Slab):S3,0.33,0.18,11.7
C1658,10,Bản mặt cầu (Deck Slab):S3,0.33,0.18,11.7
C1658,10,Bản mặt cầu (Deck Slab):S3,0.33,0.18,11.7
C1659,10,Cọc khoan nhồi D1200 (26 cọc L=872m):P1-P1D,3.39,0.18,11.7
C1659,10,Cọc khoan nhồi D1200 (26 cọc L=872m):P1-P1D,3.39,0.18,11.7
C1659,10,Cọc khoan nhồi D1200 (26 cọc L=872m):P1-P1D,3.39,0.18,11.7
C1659,10,Bản mặt cầu (Deck Slab):S3,0.33,0.18,11.7
C1659,10,Bản mặt cầu (Deck Slab):S3,0.33,0.18,11.7
C1659,10,Bản mặt cầu (Deck Slab):S3,0.33,0.18,11.7
C1659,10,Bản mặt cầu (Deck Slab):S3,0.33,0.18,11.7
C1660,10,Cọc khoan nhồi D1200 (26 cọc L=872m):P1-P1D,3.39,0.18,11.7
C1660,10,Cọc khoan nhồi D1200 (26 cọc L=872m):P1-P1D,3.39,0.18,11.7
C1660,10,Cọc khoan nhồi D1200 (26 cọc L=872m):P1-P1D,3.39,0.18,11.7
C1660,10,Bản mặt cầu (Deck Slab):S3,0.33,0.18,11.7
C1660,10,Bản mặt cầu (Deck Slab):S3,0.33,0.18,11.7
C1660,10,Bản mặt cầu (Deck Slab):S3,0.33,0.18,11.7
C1660,10,Bản mặt cầu (Deck Slab):S3,0.33,0.18,11.7
C1661,10,Cọc khoan nhồi D1200 (26 cọc L=872m):P1-P1D,3.39,0.18,11.7
C1661,10,Cọc khoan nhồi D1200 (26 cọc L=872m):P1-P1D,3.39,0.18,11.7
C1661,10,Cọc khoan nhồi D1200 (26 cọc L=872m):P1-P1D,3.39,0.18,11.7
C1661,10,Bản mặt cầu (Deck Slab):S3,0.33,0.18,11.7
C1661,10,Bản mặt cầu (Deck Slab):S3,0.33,0.18,11.7
C1661,10,Bản mặt cầu (Deck Slab):S3,0.33,0.18,11.7
C1661,10,Bản mặt cầu (Deck Slab):S3,0.33,0.18,11.7
C1662,10,Cọc khoan nhồi D1200 (26 cọc L=872m):P1-P1D,3.39,0.18,11.7
C1662,10,Cọc khoan nhồi D1200 (26 cọc L=872m):P1-P1D,3.39,0.18,11.7
C1662,10,Cọc khoan nhồi D1200 (26 cọc L=872m):P1-P1D,3.39,0.18,11.7
C1662,10,Bản mặt cầu (Deck Slab):S3,0.33,0.18,11.7
C1662,10,Bản mặt cầu (Deck Slab):S3,0.33,0.18,11.7
C1662,10,Bản mặt cầu (Deck Slab):S3,0.33,0.18,11.7
C1662,10,Bản mặt cầu (Deck Slab):S3,0.33,0.18,11.7
C1663,10,Cọc khoan nhồi D1200 (26 cọc L=872m):P1-P1D,3.39,0.18,11.7
C1663,10,Cọc khoan nhồi D1200 (26 cọc L=872m):P1-P1D,3.39,0.18,11.7
C1663,10,Cọc khoan nhồi D1200 (26 cọc L=872m):P1-P1D,3.39,0.18,11.7
C1663,10,Bản mặt cầu (Deck Slab):S3,0.33,0.18,11.7
C1663,10,Bản mặt cầu (Deck Slab):S3,0.33,0.18,11.7
C1663,10,Bản mặt cầu (Deck Slab):S3,0.33,0.18,11.7
C1663,10,Bản mặt cầu (Deck Slab):S3,0.33,0.18,11.7
C1664,10,Cọc khoan nhồi D1200 (26 cọc L=872m):P1-P1D,3.39,0.18,11.7
C1664,10,Cọc khoan nhồi D1200 (26 cọc L=872m):P1-P1D,3.39,0.18,11.7
C1664,10,Cọc khoan nhồi D1200 (26 cọc L=872m):P1-P1D,3.39,0.18,11.7
C1664,10,Bản mặt cầu (Deck Slab):S3,0.33,0.18,11.7
C1664,10,Bản mặt cầu (Deck Slab):S3,0.33,0.18,11.7
C1664,10,Bản mặt cầu (Deck Slab):S3,0.33,0.18,11.7
C1664,10,Bản mặt cầu (Deck Slab):S3,0.33,0.18,11.7
C1665,10,Cọc khoan nhồi D1200 (26 cọc L=872m):P1-P1D,3.39,0.18,11.7
C1665,10,Cọc khoan nhồi D1200 (26 cọc L=872m):P1-P1D,3.39,0.18,11.7
C1665,10,Cọc khoan nhồi D1200 (26 cọc L=872m):P1-P1D,3.39,0.18,11.7
C1665,10,Bản mặt cầu (Deck Slab):S3,0.33,0.18,11.7
C1665,10,Bản mặt cầu (Deck Slab):S3,0.33,0.18,11.7
C1665,10,Bản mặt cầu (Deck Slab):S3,0.33,0.18,11.7
C1665,10,Bản mặt cầu (Deck Slab):S3,0.33,0.18,11.7
C1666,10,Cọc khoan nhồi D1200 (26 cọc L=872m):P1-P1D,3.39,0.18,11.7
C1666,10,Cọc khoan nhồi D1200 (26 cọc L=872m):P1-P1D,3.39,0.18,11.7
C1666,10,Cọc khoan nhồi D1200 (26 cọc L=872m):P1-P1D,3.39,0.18,11.7
C1666,10,Bản mặt cầu (Deck Slab):S3,0.33,0.18,11.7
C1666,10,Bản mặt cầu (Deck Slab):S3,0.33,0.18,11.7
C1666,10,Bản mặt cầu (Deck Slab):S3,0.33,0.18,11.7
C1666,10,Bản mặt cầu (Deck Slab):S3,0.33,0.18,11.7
C1667,10,Cọc khoan nhồi D1200 (26 cọc L=872m):P1-P1D,3.39,0.18,11.7
C1667,10,Cọc khoan nhồi D1200 (26 cọc L=872m):P1-P1D,3.39,0.18,11.7
C1667,10,Cọc khoan nhồi D1200 (26 cọc L=872m):P1-P1D,3.39,0.18,11.7
C1667,10,Bản mặt cầu (Deck Slab):S3,0.33,0.18,11.7
C1667,10,Bản mặt cầu (Deck Slab):S3,0.33,0.18,11.7
C1667,10,Bản mặt cầu (Deck Slab):S3,0.33,0.18,11.7
C1667,10,Bản mặt cầu (Deck Slab):S3,0.33,0.18,11.7
C1668,10,Cọc khoan nhồi D1200 (26 cọc L=872m):P1-P1D,3.39,0.18,11.7
C1668,10,Cọc khoan nhồi D1200 (26 cọc L=872m):P1-P1D,3.39,0.18,11.7
C1668,10,Cọc khoan nhồi D1200 (26 cọc L=872m):P1-P1D,3.39,0.18,11.7
C1668,10,Bản mặt cầu (Deck Slab):S3,0.33,0.18,11.7
C1668,10,Bản mặt cầu (Deck Slab):S3,0.33,0.18,11.7
C1668,10,Bản mặt cầu (Deck Slab):S3,0.33,0.18,11.7
C1668,10,Bản mặt cầu (Deck Slab):S3,0.33,0.18,11.7
C1669,10,Cọc khoan nhồi D1200 (26 cọc L=872m):P1-P1D,3.39,0.18,11.7
C1669,10,Cọc khoan nhồi D1200 (26 cọc L=872m):P1-P1D,3.39,0.18,11.7
C1669,10,Cọc khoan nhồi D1200 (26 cọc L=872m):P1-P1D,3.39,0.18,11.7
C1669,10,Bản mặt cầu (Deck Slab):S3,0.33,0.18,11.7
C1669,10,Bản mặt cầu (Deck Slab):S3,0.33,0.18,11.7
C1669,10,Bản mặt cầu (Deck Slab):S3,0.33,0.18,11.7
C1669,10,Bản mặt cầu (Deck Slab):S3,0.33,0.18,11.7
C1670,10,Cọc khoan nhồi D1200 (26 cọc L=872m):P1-P1D,3.39,0.18,11.7
C1670,10,Cọc khoan nhồi D1200 (26 cọc L=872m):P1-P1D,3.39,0.18,11.7
C1670,10,Cọc khoan nhồi D1200 (26 cọc L=872m):P1-P1D,3.39,0.18,11.7
C1670,10,Bản mặt cầu (Deck Slab):S3,0.33,0.18,11.7
C1670,10,Bản mặt cầu (Deck Slab):S3,0.33,0.18,11.7
C1670,10,Bản mặt cầu (Deck Slab):S3,0.33,0.18,11.7
C1670,10,Bản mặt cầu (Deck Slab):S3,0.33,0.18,11.7
C1671,10,Cọc khoan nhồi D1200 (26 cọc L=872m):P1-P1D,3.39,0.225,11.7
C1671,10,Cọc khoan nhồi D1200 (26 cọc L=872m):P1-P1D,3.39,0.225,11.7
C1671,10,Bản mặt cầu (Deck Slab):S3,0.33,0.225,11.7
C1671,10,Bản mặt cầu (Deck Slab):S3,0.33,0.225,11.7
C1671,10,Bản mặt cầu (Deck Slab):S3,0.33,0.225,11.7
C1671,10,Bản mặt cầu (Deck Slab):S3,0.33,0.225,11.7
C1671,10,Bản mặt cầu (Deck Slab):S3,0.33,0.225,11.7
C1671,10,Bản mặt cầu (Deck Slab):S3,0.33,0.225,11.7
C1671,10,Bản mặt cầu (Deck Slab):S3,0.33,0.225,11.7
C1671,10,Bản mặt cầu (Deck Slab):S3,0.33,0.225,11.7
C1671,10,Bản mặt cầu (Deck Slab):S3,0.33,0.225,11.7
C1671,10,Bản mặt cầu (Deck Slab):S3,0.33,0.225,11.7
C1671,10,Bản mặt cầu (Deck Slab):S3,0.33,0.225,11.7
C1671,10,Bản mặt cầu (Deck Slab):S3,0.33,0.225,11.7
C1671,10,Bản mặt cầu (Deck Slab):S3,0.33,0.225,11.7
C1671,10,Bản mặt cầu (Deck Slab):S3,0.33,0.225,11.7
C1672,10,Bản mặt cầu (Deck Slab):S3,0.33,0.315,11.7
C1672,10,Bản mặt cầu (Deck Slab):S3,0.33,0.315,11.7
C1672,10,Bản mặt cầu (Deck Slab):S3,0.33,0.315,11.7
C1672,10,Bản mặt cầu (Deck Slab):S3,0.33,0.315,11.7
C1672,10,Bản mặt cầu (Deck Slab):S3,0.33,0.315,11.7
C1672,10,Bản mặt cầu (Deck Slab):S3,0.33,0.315,11.7
C1672,10,Bản mặt cầu (Deck Slab):S3,0.33,0.315,11.7
C1672,10,Bản mặt cầu (Deck Slab):S3,0.33,0.315,11.7
C1672,10,Bản mặt cầu (Deck Slab):S3,0.33,0.315,11.7
C1672,10,Bản mặt cầu (Deck Slab):S3,0.33,0.315,11.7
C1672,10,Bản mặt cầu (Deck Slab):S3,0.33,0.315,11.7
C1672,10,Bản mặt cầu (Deck Slab):S3,0.33,0.315,11.7
C1672,10,Bản mặt cầu (Deck Slab):S3,0.33,0.315,11.7
C1672,10,Bản mặt cầu (Deck Slab):S3,0.33,0.315,11.7
C1672,10,Bản mặt cầu (Deck Slab):S3,0.33,0.315,11.7
C1672,10,Bản mặt cầu (Deck Slab):S3,0.33,0.315,11.7
C1672,10,Bản mặt cầu (Deck Slab):S3,0.33,0.315,11.7
C1672,10,Bản mặt cầu (Deck Slab):S3,0.33,0.315,11.7
C1672,10,Bản mặt cầu (Deck Slab):S3,0.33,0.315,11.7
C1672,10,Bản mặt cầu (Deck Slab):S3,0.33,0.315,11.7
C1672,10,Bản mặt cầu (Deck Slab):S3,0.33,0.315,11.7
C1672,10,Bản mặt cầu (Deck Slab):S3,0.33,0.315,11.7
C1672,10,Bản mặt cầu (Deck Slab):S3,0.33,0.315,11.7
C1672,10,Bản mặt cầu (Deck Slab):S3,0.33,0.315,11.7
C1672,10,Bản mặt cầu (Deck Slab):S3,0.33,0.315,11.7
C1672,10,Bản mặt cầu (Deck Slab):S3,0.33,0.315,11.7
C1672,10,Bản mặt cầu (Deck Slab):S3,0.33,0.315,11.7
C1672,10,Bản mặt cầu (Deck Slab):S3,0.33,0.315,11.7
C1672,10,Bản mặt cầu (Deck Slab):S3,0.33,0.315,11.7
C1672,10,Bản mặt cầu (Deck Slab):S3,0.33,0.315,11.7
C1672,10,Bản mặt cầu (Deck Slab):S3,0.33,0.315,11.7
C1672,10,Bản mặt cầu (Deck Slab):S3,0.33,0.315,11.7
C1672,10,Bản mặt cầu (Deck Slab):S3,0.33,0.315,11.7
C1672,10,Bản mặt cầu (Deck Slab):S3,0.33,0.315,11.7
C1673,10,Bản mặt cầu (Deck Slab):S3,0.33,0.315,11.7
C1673,10,Bản mặt cầu (Deck Slab):S3,0.33,0.315,11.7
C1673,10,Bản mặt cầu (Deck Slab):S3,0.33,0.315,11.7
C1673,10,Bản mặt cầu (Deck Slab):S3,0.33,0.315,11.7
C1673,10,Bản mặt cầu (Deck Slab):S3,0.33,0.315,11.7
C1673,10,Bản mặt cầu (Deck Slab):S3,0.33,0.315,11.7
C1673,10,Bản mặt cầu (Deck Slab):S3,0.33,0.315,11.7
C1673,10,Bản mặt cầu (Deck Slab):S3,0.33,0.315,11.7
C1673,10,Bản mặt cầu (Deck Slab):S3,0.33,0.315,11.7
C1673,10,Bản mặt cầu (Deck Slab):S3,0.33,0.315,11.7
C1673,10,Bản mặt cầu (Deck Slab):S3,0.33,0.315,11.7
C1673,10,Bản mặt cầu (Deck Slab):S3,0.33,0.315,11.7
C1673,10,Bản mặt cầu (Deck Slab):S3,0.33,0.315,11.7
C1673,10,Bản mặt cầu (Deck Slab):S3,0.33,0.315,11.7
C1673,10,Bản mặt cầu (Deck Slab):S3,0.33,0.315,11.7
C1673,10,Bản mặt cầu (Deck Slab):S3,0.33,0.315,11.7
C1673,10,Bản mặt cầu (Deck Slab):S3,0.33,0.315,11.7
C1673,10,Bản mặt cầu (Deck Slab):S3,0.33,0.315,11.7
C1673,10,Bản mặt cầu (Deck Slab):S3,0.33,0.315,11.7
C1673,10,Bản mặt cầu (Deck Slab):S3,0.33,0.315,11.7
C1673,10,Bản mặt cầu (Deck Slab):S3,0.33,0.315,11.7
C1673,10,Bản mặt cầu (Deck Slab):S3,0.33,0.315,11.7
C1673,10,Bản mặt cầu (Deck Slab):S3,0.33,0.315,11.7
C1673,10,Bản mặt cầu (Deck Slab):S3,0.33,0.315,11.7
C1673,10,Bản mặt cầu (Deck Slab):S3,0.33,0.315,11.7
C1673,10,Bản mặt cầu (Deck Slab):S3,0.33,0.315,11.7
C1673,10,Bản mặt cầu (Deck Slab):S3,0.33,0.315,11.7
C1673,10,Bản mặt cầu (Deck Slab):S3,0.33,0.315,11.7
C1673,10,Bản mặt cầu (Deck Slab):S3,0.33,0.315,11.7
C1673,10,Bản mặt cầu (Deck Slab):S3,0.33,0.315,11.7
C1673,10,Bản mặt cầu (Deck Slab):S3,0.33,0.315,11.7
C1673,10,Bản mặt cầu (Deck Slab):S3,0.33,0.315,11.7
C1673,10,Bản mặt cầu (Deck Slab):S3,0.33,0.315,11.7
C1673,10,Bản mặt cầu (Deck Slab):S3,0.33,0.315,11.7
C1674,10,Bản mặt cầu (Deck Slab):S3,0.33,0.315,11.7
C1674,10,Bản mặt cầu (Deck Slab):S3,0.33,0.315,11.7
C1674,10,Bản mặt cầu (Deck Slab):S3,0.33,0.315,11.7
C1674,10,Bản mặt cầu (Deck Slab):S3,0.33,0.315,11.7
C1674,10,Bản mặt cầu (Deck Slab):S3,0.33,0.315,11.7
C1674,10,Bản mặt cầu (Deck Slab):S3,0.33,0.315,11.7
C1674,10,Bản mặt cầu (Deck Slab):S3,0.33,0.315,11.7
C1674,10,Bản mặt cầu (Deck Slab):S3,0.33,0.315,11.7
C1674,10,Bản mặt cầu (Deck Slab):S3,0.33,0.315,11.7
C1674,10,Bản mặt cầu (Deck Slab):S3,0.33,0.315,11.7
C1674,10,Bản mặt cầu (Deck Slab):S3,0.33,0.315,11.7
C1674,10,Bản mặt cầu (Deck Slab):S3,0.33,0.315,11.7
C1674,10,Bản mặt cầu (Deck Slab):S3,0.33,0.315,11.7
C1674,10,Bản mặt cầu (Deck Slab):S3,0.33,0.315,11.7
C1674,10,Bản mặt cầu (Deck Slab):S3,0.33,0.315,11.7
C1674,10,Bản mặt cầu (Deck Slab):S3,0.33,0.315,11.7
C1674,10,Bản mặt cầu (Deck Slab):S3,0.33,0.315,11.7
C1674,10,Bản mặt cầu (Deck Slab):S3,0.33,0.315,11.7
C1674,10,Bản mặt cầu (Deck Slab):S3,0.33,0.315,11.7
C1674,10,Bản mặt cầu (Deck Slab):S3,0.33,0.315,11.7
C1674,10,Bản mặt cầu (Deck Slab):S3,0.33,0.315,11.7
C1674,10,Bản mặt cầu (Deck Slab):S3,0.33,0.315,11.7
C1674,10,Bản mặt cầu (Deck Slab):S3,0.33,0.315,11.7
C1674,10,Bản mặt cầu (Deck Slab):S3,0.33,0.315,11.7
C1674,10,Bản mặt cầu (Deck Slab):S3,0.33,0.315,11.7
C1674,10,Bản mặt cầu (Deck Slab):S3,0.33,0.315,11.7
C1674,10,Bản mặt cầu (Deck Slab):S3,0.33,0.315,11.7
C1674,10,Bản mặt cầu (Deck Slab):S3,0.33,0.315,11.7
C1674,10,Bản mặt cầu (Deck Slab):S3,0.33,0.315,11.7
C1674,10,Bản mặt cầu (Deck Slab):S3,0.33,0.315,11.7
C1674,10,Bản mặt cầu (Deck Slab):S3,0.33,0.315,11.7
C1674,10,Bản mặt cầu (Deck Slab):S3,0.33,0.315,11.7
C1674,10,Bản mặt cầu (Deck Slab):S3,0.33,0.315,11.7
C1674,10,Bản mặt cầu (Deck Slab):S3,0.33,0.315,11.7
C1675,10,Bản mặt cầu (Deck Slab):S3,0.33,0.315,11.7
C1675,10,Bản mặt cầu (Deck Slab):S3,0.33,0.315,11.7
C1675,10,Bản mặt cầu (Deck Slab):S3,0.33,0.315,11.7
C1675,10,Bản mặt cầu (Deck Slab):S3,0.33,0.315,11.7
C1675,10,Bản mặt cầu (Deck Slab):S3,0.33,0.315,11.7
C1675,10,Bản mặt cầu (Deck Slab):S3,0.33,0.315,11.7
C1675,10,Bản mặt cầu (Deck Slab):S3,0.33,0.315,11.7
C1675,10,Bản mặt cầu (Deck Slab):S3,0.33,0.315,11.7
C1675,10,Bản mặt cầu (Deck Slab):S3,0.33,0.315,11.7
C1675,10,Bản mặt cầu (Deck Slab):S3,0.33,0.315,11.7
C1675,10,Bản mặt cầu (Deck Slab):S3,0.33,0.315,11.7
C1675,10,Bản mặt cầu (Deck Slab):S3,0.33,0.315,11.7
C1675,10,Bản mặt cầu (Deck Slab):S3,0.33,0.315,11.7
C1675,10,Bản mặt cầu (Deck Slab):S3,0.33,0.315,11.7
C1675,10,Bản mặt cầu (Deck Slab):S3,0.33,0.315,11.7
C1675,10,Bản mặt cầu (Deck Slab):S3,0.33,0.315,11.7
C1675,10,Bản mặt cầu (Deck Slab):S3,0.33,0.315,11.7
C1675,10,Bản mặt cầu (Deck Slab):S3,0.33,0.315,11.7
C1675,10,Bản mặt cầu (Deck Slab):S3,0.33,0.315,11.7
C1675,10,Bản mặt cầu (Deck Slab):S3,0.33,0.315,11.7
C1675,10,Bản mặt cầu (Deck Slab):S3,0.33,0.315,11.7
C1675,10,Bản mặt cầu (Deck Slab):S3,0.33,0.315,11.7
C1675,10,Bản mặt cầu (Deck Slab):S3,0.33,0.315,11.7
C1675,10,Bản mặt cầu (Deck Slab):S3,0.33,0.315,11.7
C1675,10,Bản mặt cầu (Deck Slab):S3,0.33,0.315,11.7
C1675,10,Bản mặt cầu (Deck Slab):S3,0.33,0.315,11.7
C1675,10,Bản mặt cầu (Deck Slab):S3,0.33,0.315,11.7
C1675,10,Bản mặt cầu (Deck Slab):S3,0.33,0.315,11.7
C1675,10,Bản mặt cầu (Deck Slab):S3,0.33,0.315,11.7
C1675,10,Bản mặt cầu (Deck Slab):S3,0.33,0.315,11.7
C1675,10,Bản mặt cầu (Deck Slab):S3,0.33,0.315,11.7
C1675,10,Bản mặt cầu (Deck Slab):S3,0.33,0.315,11.7
C1675,10,Bản mặt cầu (Deck Slab):S3,0.33,0.315,11.7
C1675,10,Bản mặt cầu (Deck Slab):S3,0.33,0.315,11.7
C1676,10,Bản mặt cầu (Deck Slab):S3,0.33,0.315,11.7
C1676,10,Bản mặt cầu (Deck Slab):S3,0.33,0.315,11.7
C1676,10,Bản mặt cầu (Deck Slab):S3,0.33,0.315,11.7
C1676,10,Bản mặt cầu (Deck Slab):S3,0.33,0.315,11.7
C1676,10,Bản mặt cầu (Deck Slab):S3,0.33,0.315,11.7
C1676,10,Bản mặt cầu (Deck Slab):S3,0.33,0.315,11.7
C1676,10,Bản mặt cầu (Deck Slab):S3,0.33,0.315,11.7
C1676,10,Bản mặt cầu (Deck Slab):S3,0.33,0.315,11.7
C1676,10,Bản mặt cầu (Deck Slab):S3,0.33,0.315,11.7
C1676,10,Bản mặt cầu (Deck Slab):S3,0.33,0.315,11.7
C1676,10,Bản mặt cầu (Deck Slab):S3,0.33,0.315,11.7
C1676,10,Bản mặt cầu (Deck Slab):S3,0.33,0.315,11.7
C1676,10,Bản mặt cầu (Deck Slab):S3,0.33,0.315,11.7
C1676,10,Bản mặt cầu (Deck Slab):S3,0.33,0.315,11.7
C1676,10,Bản mặt cầu (Deck Slab):S3,0.33,0.315,11.7
C1676,10,Bản mặt cầu (Deck Slab):S3,0.33,0.315,11.7
C1676,10,Bản mặt cầu (Deck Slab):S3,0.33,0.315,11.7
C1676,10,Bản mặt cầu (Deck Slab):S3,0.33,0.315,11.7
C1676,10,Bản mặt cầu (Deck Slab):S3,0.33,0.315,11.7
C1676,10,Bản mặt cầu (Deck Slab):S3,0.33,0.315,11.7
C1676,10,Bản mặt cầu (Deck Slab):S3,0.33,0.315,11.7
C1676,10,Bản mặt cầu (Deck Slab):S3,0.33,0.315,11.7
C1676,10,Bản mặt cầu (Deck Slab):S3,0.33,0.315,11.7
C1676,10,Bản mặt cầu (Deck Slab):S3,0.33,0.315,11.7
C1676,10,Bản mặt cầu (Deck Slab):S3,0.33,0.315,11.7
C1676,10,Bản mặt cầu (Deck Slab):S3,0.33,0.315,11.7
C1676,10,Bản mặt cầu (Deck Slab):S3,0.33,0.315,11.7
C1676,10,Bản mặt cầu (Deck Slab):S3,0.33,0.315,11.7
C1676,10,Bản mặt cầu (Deck Slab):S3,0.33,0.315,11.7
C1676,10,Bản mặt cầu (Deck Slab):S3,0.33,0.315,11.7
C1676,10,Bản mặt cầu (Deck Slab):S3,0.33,0.315,11.7
C1676,10,Bản mặt cầu (Deck Slab):S3,0.33,0.315,11.7
C1676,10,Bản mặt cầu (Deck Slab):S3,0.33,0.315,11.7
C1676,10,Bản mặt cầu (Deck Slab):S3,0.33,0.315,11.7
C1677,10,Bản mặt cầu (Deck Slab):S3,0.33,0.315,11.7
C1677,10,Bản mặt cầu (Deck Slab):S3,0.33,0.315,11.7
C1677,10,Bản mặt cầu (Deck Slab):S3,0.33,0.315,11.7
C1677,10,Bản mặt cầu (Deck Slab):S3,0.33,0.315,11.7
C1677,10,Bản mặt cầu (Deck Slab):S3,0.33,0.315,11.7
C1677,10,Bản mặt cầu (Deck Slab):S3,0.33,0.315,11.7
C1677,10,Bản mặt cầu (Deck Slab):S3,0.33,0.315,11.7
C1677,10,Bản mặt cầu (Deck Slab):S3,0.33,0.315,11.7
C1677,10,Bản mặt cầu (Deck Slab):S3,0.33,0.315,11.7
C1677,10,Bản mặt cầu (Deck Slab):S3,0.33,0.315,11.7
C1677,10,Bản mặt cầu (Deck Slab):S3,0.33,0.315,11.7
C1677,10,Bản mặt cầu (Deck Slab):S3,0.33,0.315,11.7
C1677,10,Bản mặt cầu (Deck Slab):S3,0.33,0.315,11.7
C1677,10,Bản mặt cầu (Deck Slab):S3,0.33,0.315,11.7
C1677,10,Bản mặt cầu (Deck Slab):S3,0.33,0.315,11.7
C1677,10,Bản mặt cầu (Deck Slab):S3,0.33,0.315,11.7
C1677,10,Bản mặt cầu (Deck Slab):S3,0.33,0.315,11.7
C1677,10,Bản mặt cầu (Deck Slab):S3,0.33,0.315,11.7
C1677,10,Bản mặt cầu (Deck Slab):S3,0.33,0.315,11.7
C1677,10,Bản mặt cầu (Deck Slab):S3,0.33,0.315,11.7
C1677,10,Bản mặt cầu (Deck Slab):S3,0.33,0.315,11.7
C1677,10,Bản mặt cầu (Deck Slab):S3,0.33,0.315,11.7
C1677,10,Bản mặt cầu (Deck Slab):S3,0.33,0.315,11.7
C1677,10,Bản mặt cầu (Deck Slab):S3,0.33,0.315,11.7
C1677,10,Bản mặt cầu (Deck Slab):S3,0.33,0.315,11.7
C1677,10,Bản mặt cầu (Deck Slab):S3,0.33,0.315,11.7
C1677,10,Bản mặt cầu (Deck Slab):S3,0.33,0.315,11.7
C1677,10,Bản mặt cầu (Deck Slab):S3,0.33,0.315,11.7
C1677,10,Bản mặt cầu (Deck Slab):S3,0.33,0.315,11.7
C1677,10,Bản mặt cầu (Deck Slab):S3,0.33,0.315,11.7
C1677,10,Bản mặt cầu (Deck Slab):S3,0.33,0.315,11.7
C1677,10,Bản mặt cầu (Deck Slab):S3,0.33,0.315,11.7
C1677,10,Bản mặt cầu (Deck Slab):S3,0.33,0.315,11.7
C1677,10,Bản mặt cầu (Deck Slab):S3,0.33,0.315,11.7
C1678,10,Bản mặt cầu (Deck Slab):S3,0.33,0.315,11.7
C1678,10,Bản mặt cầu (Deck Slab):S3,0.33,0.315,11.7
C1678,10,Bản mặt cầu (Deck Slab):S3,0.33,0.315,11.7
C1678,10,Bản mặt cầu (Deck Slab):S3,0.33,0.315,11.7
C1678,10,Bản mặt cầu (Deck Slab):S3,0.33,0.315,11.7
C1678,10,Bản mặt cầu (Deck Slab):S3,0.33,0.315,11.7
C1678,10,Bản mặt cầu (Deck Slab):S3,0.33,0.315,11.7
C1678,10,Bản mặt cầu (Deck Slab):S3,0.33,0.315,11.7
C1678,10,Bản mặt cầu (Deck Slab):S3,0.33,0.315,11.7
C1678,10,Bản mặt cầu (Deck Slab):S3,0.33,0.315,11.7
C1678,10,Bản mặt cầu (Deck Slab):S3,0.33,0.315,11.7
C1678,10,Bản mặt cầu (Deck Slab):S3,0.33,0.315,11.7
C1678,10,Bản mặt cầu (Deck Slab):S3,0.33,0.315,11.7
C1678,10,Bản mặt cầu (Deck Slab):S3,0.33,0.315,11.7
C1678,10,Bản mặt cầu (Deck Slab):S3,0.33,0.315,11.7
C1678,10,Bản mặt cầu (Deck Slab):S3,0.33,0.315,11.7
C1678,10,Bản mặt cầu (Deck Slab):S3,0.33,0.315,11.7
C1678,10,Bản mặt cầu (Deck Slab):S3,0.33,0.315,11.7
C1678,10,Bản mặt cầu (Deck Slab):S3,0.33,0.315,11.7
C1678,10,Bản mặt cầu (Deck Slab):S3,0.33,0.315,11.7
C1678,10,Bản mặt cầu (Deck Slab):S3,0.33,0.315,11.7
C1678,10,Bản mặt cầu (Deck Slab):S3,0.33,0.315,11.7
C1678,10,Bản mặt cầu (Deck Slab):S3,0.33,0.315,11.7
C1678,10,Bản mặt cầu (Deck Slab):S3,0.33,0.315,11.7
C1678,10,Bản mặt cầu (Deck Slab):S3,0.33,0.315,11.7
C1678,10,Bản mặt cầu (Deck Slab):S3,0.33,0.315,11.7
C1678,10,Bản mặt cầu (Deck Slab):S3,0.33,0.315,11.7
C1678,10,Bản mặt cầu (Deck Slab):S3,0.33,0.315,11.7
C1678,10,Bản mặt cầu (Deck Slab):S3,0.33,0.315,11.7
C1678,10,Bản mặt cầu (Deck Slab):S3,0.33,0.315,11.7
C1678,10,Bản mặt cầu (Deck Slab):S3,0.33,0.315,11.7
C1678,10,Bản mặt cầu (Deck Slab):S3,0.33,0.315,11.7
C1678,10,Bản mặt cầu (Deck Slab):S3,0.33,0.315,11.7
C1678,10,Bản mặt cầu (Deck Slab):S3,0.33,0.315,11.7
C1679,10,Bản mặt cầu (Deck Slab):S3,0.33,0.315,11.7
C1679,10,Bản mặt cầu (Deck Slab):S3,0.33,0.315,11.7
C1679,10,Bản mặt cầu (Deck Slab):S3,0.33,0.315,11.7
C1679,10,Bản mặt cầu (Deck Slab):S3,0.33,0.315,11.7
C1679,10,Bản mặt cầu (Deck Slab):S3,0.33,0.315,11.7
C1679,10,Bản mặt cầu (Deck Slab):S3,0.33,0.315,11.7
C1679,10,Bản mặt cầu (Deck Slab):S3,0.33,0.315,11.7
C1679,10,Bản mặt cầu (Deck Slab):S3,0.33,0.315,11.7
C1679,10,Bản mặt cầu (Deck Slab):S3,0.33,0.315,11.7
C1679,10,Bản mặt cầu (Deck Slab):S3,0.33,0.315,11.7
C1679,10,Bản mặt cầu (Deck Slab):S3,0.33,0.315,11.7
C1679,10,Bản mặt cầu (Deck Slab):S3,0.33,0.315,11.7
C1679,10,Bản mặt cầu (Deck Slab):S3,0.33,0.315,11.7
C1679,10,Bản mặt cầu (Deck Slab):S3,0.33,0.315,11.7
C1679,10,Bản mặt cầu (Deck Slab):S3,0.33,0.315,11.7
C1679,10,Bản mặt cầu (Deck Slab):S3,0.33,0.315,11.7
C1679,10,Bản mặt cầu (Deck Slab):S3,0.33,0.315,11.7
C1679,10,Bản mặt cầu (Deck Slab):S3,0.33,0.315,11.7
C1679,10,Bản mặt cầu (Deck Slab):S3,0.33,0.315,11.7
C1679,10,Bản mặt cầu (Deck Slab):S3,0.33,0.315,11.7
C1679,10,Bản mặt cầu (Deck Slab):S3,0.33,0.315,11.7
C1679,10,Bản mặt cầu (Deck Slab):S3,0.33,0.315,11.7
C1679,10,Bản mặt cầu (Deck Slab):S3,0.33,0.315,11.7
C1679,10,Bản mặt cầu (Deck Slab):S3,0.33,0.315,11.7
C1679,10,Bản mặt cầu (Deck Slab):S3,0.33,0.315,11.7
C1679,10,Bản mặt cầu (Deck Slab):S3,0.33,0.315,11.7
C1679,10,Bản mặt cầu (Deck Slab):S3,0.33,0.315,11.7
C1679,10,Bản mặt cầu (Deck Slab):S3,0.33,0.315,11.7
C1679,10,Bản mặt cầu (Deck Slab):S3,0.33,0.315,11.7
C1679,10,Bản mặt cầu (Deck Slab):S3,0.33,0.315,11.7
C1679,10,Bản mặt cầu (Deck Slab):S3,0.33,0.315,11.7
C1679,10,Bản mặt cầu (Deck Slab):S3,0.33,0.315,11.7
C1679,10,Bản mặt cầu (Deck Slab):S3,0.33,0.315,11.7
C1679,10,Bản mặt cầu (Deck Slab):S3,0.33,0.315,11.7
C1680,10,Bản mặt cầu (Deck Slab):S3,0.33,0.315,11.7
C1680,10,Bản mặt cầu (Deck Slab):S3,0.33,0.315,11.7
C1680,10,Bản mặt cầu (Deck Slab):S3,0.33,0.315,11.7
C1680,10,Bản mặt cầu (Deck Slab):S3,0.33,0.315,11.7
C1680,10,Bản mặt cầu (Deck Slab):S3,0.33,0.315,11.7
C1680,10,Bản mặt cầu (Deck Slab):S3,0.33,0.315,11.7
C1680,10,Bản mặt cầu (Deck Slab):S3,0.33,0.315,11.7
C1680,10,Bản mặt cầu (Deck Slab):S3,0.33,0.315,11.7
C1680,10,Bản mặt cầu (Deck Slab):S3,0.33,0.315,11.7
C1680,10,Bản mặt cầu (Deck Slab):S3,0.33,0.315,11.7
C1680,10,Bản mặt cầu (Deck Slab):S3,0.33,0.315,11.7
C1680,10,Bản mặt cầu (Deck Slab):S3,0.33,0.315,11.7
C1680,10,Bản mặt cầu (Deck Slab):S3,0.33,0.315,11.7
C1680,10,Bản mặt cầu (Deck Slab):S3,0.33,0.315,11.7
C1680,10,Bản mặt cầu (Deck Slab):S3,0.33,0.315,11.7
C1680,10,Bản mặt cầu (Deck Slab):S3,0.33,0.315,11.7
C1680,10,Bản mặt cầu (Deck Slab):S3,0.33,0.315,11.7
C1680,10,Bản mặt cầu (Deck Slab):S3,0.33,0.315,11.7
C1680,10,Bản mặt cầu (Deck Slab):S3,0.33,0.315,11.7
C1680,10,Bản mặt cầu (Deck Slab):S3,0.33,0.315,11.7
C1680,10,Bản mặt cầu (Deck Slab):S3,0.33,0.315,11.7
C1680,10,Bản mặt cầu (Deck Slab):S3,0.33,0.315,11.7
C1680,10,Bản mặt cầu (Deck Slab):S3,0.33,0.315,11.7
C1680,10,Bản mặt cầu (Deck Slab):S3,0.33,0.315,11.7
C1680,10,Bản mặt cầu (Deck Slab):S3,0.33,0.315,11.7
C1680,10,Bản mặt cầu (Deck Slab):S3,0.33,0.315,11.7
C1680,10,Bản mặt cầu (Deck Slab):S3,0.33,0.315,11.7
C1680,10,Bản mặt cầu (Deck Slab):S3,0.33,0.315,11.7
C1680,10,Bản mặt cầu (Deck Slab):S3,0.33,0.315,11.7
C1680,10,Bản mặt cầu (Deck Slab):S3,0.33,0.315,11.7
C1680,10,Bản mặt cầu (Deck Slab):S3,0.33,0.315,11.7
C1680,10,Bản mặt cầu (Deck Slab):S3,0.33,0.315,11.7
C1680,10,Bản mặt cầu (Deck Slab):S3,0.33,0.315,11.7
C1680,10,Bản mặt cầu (Deck Slab):S3,0.33,0.315,11.7
C1681,10,Bản mặt cầu (Deck Slab):S3,0.33,0.315,11.7
C1681,10,Bản mặt cầu (Deck Slab):S3,0.33,0.315,11.7
C1681,10,Bản mặt cầu (Deck Slab):S3,0.33,0.315,11.7
C1681,10,Bản mặt cầu (Deck Slab):S3,0.33,0.315,11.7
C1681,10,Bản mặt cầu (Deck Slab):S3,0.33,0.315,11.7
C1681,10,Bản mặt cầu (Deck Slab):S3,0.33,0.315,11.7
C1681,10,Bản mặt cầu (Deck Slab):S3,0.33,0.315,11.7
C1681,10,Bản mặt cầu (Deck Slab):S3,0.33,0.315,11.7
C1681,10,Bản mặt cầu (Deck Slab):S3,0.33,0.315,11.7
C1681,10,Bản mặt cầu (Deck Slab):S3,0.33,0.315,11.7
C1681,10,Bản mặt cầu (Deck Slab):S3,0.33,0.315,11.7
C1681,10,Bản mặt cầu (Deck Slab):S3,0.33,0.315,11.7
C1681,10,Bản mặt cầu (Deck Slab):S3,0.33,0.315,11.7
C1681,10,Bản mặt cầu (Deck Slab):S3,0.33,0.315,11.7
C1681,10,Bản mặt cầu (Deck Slab):S3,0.33,0.315,11.7
C1681,10,Bản mặt cầu (Deck Slab):S3,0.33,0.315,11.7
C1681,10,Bản mặt cầu (Deck Slab):S3,0.33,0.315,11.7
C1681,10,Bản mặt cầu (Deck Slab):S3,0.33,0.315,11.7
C1681,10,Bản mặt cầu (Deck Slab):S3,0.33,0.315,11.7
C1681,10,Bản mặt cầu (Deck Slab):S3,0.33,0.315,11.7
C1681,10,Bản mặt cầu (Deck Slab):S3,0.33,0.315,11.7
C1681,10,Bản mặt cầu (Deck Slab):S3,0.33,0.315,11.7
C1681,10,Bản mặt cầu (Deck Slab):S3,0.33,0.315,11.7
C1681,10,Bản mặt cầu (Deck Slab):S3,0.33,0.315,11.7
C1681,10,Bản mặt cầu (Deck Slab):S3,0.33,0.315,11.7
C1681,10,Bản mặt cầu (Deck Slab):S3,0.33,0.315,11.7
C1681,10,Bản mặt cầu (Deck Slab):S3,0.33,0.315,11.7
C1681,10,Bản mặt cầu (Deck Slab):S3,0.33,0.315,11.7
C1681,10,Bản mặt cầu (Deck Slab):S3,0.33,0.315,11.7
C1681,10,Bản mặt cầu (Deck Slab):S3,0.33,0.315,11.7
C1681,10,Bản mặt cầu (Deck Slab):S3,0.33,0.315,11.7
C1681,10,Bản mặt cầu (Deck Slab):S3,0.33,0.315,11.7
C1681,10,Bản mặt cầu (Deck Slab):S3,0.33,0.315,11.7
C1681,10,Bản mặt cầu (Deck Slab):S3,0.33,0.315,11.7
C1682,10,Bản mặt cầu (Deck Slab):S3,0.33,0.315,11.7
C1682,10,Bản mặt cầu (Deck Slab):S3,0.33,0.315,11.7
C1682,10,Bản mặt cầu (Deck Slab):S3,0.33,0.315,11.7
C1682,10,Bản mặt cầu (Deck Slab):S3,0.33,0.315,11.7
C1682,10,Bản mặt cầu (Deck Slab):S3,0.33,0.315,11.7
C1682,10,Bản mặt cầu (Deck Slab):S3,0.33,0.315,11.7
C1682,10,Bản mặt cầu (Deck Slab):S3,0.33,0.315,11.7
C1682,10,Bản mặt cầu (Deck Slab):S3,0.33,0.315,11.7
C1682,10,Bản mặt cầu (Deck Slab):S3,0.33,0.315,11.7
C1682,10,Bản mặt cầu (Deck Slab):S3,0.33,0.315,11.7
C1682,10,Bản mặt cầu (Deck Slab):S3,0.33,0.315,11.7
C1682,10,Bản mặt cầu (Deck Slab):S3,0.33,0.315,11.7
C1682,10,Bản mặt cầu (Deck Slab):S3,0.33,0.315,11.7
C1682,10,Bản mặt cầu (Deck Slab):S3,0.33,0.315,11.7
C1682,10,Bản mặt cầu (Deck Slab):S3,0.33,0.315,11.7
C1682,10,Bản mặt cầu (Deck Slab):S3,0.33,0.315,11.7
C1682,10,Bản mặt cầu (Deck Slab):S3,0.33,0.315,11.7
C1682,10,Bản mặt cầu (Deck Slab):S3,0.33,0.315,11.7
C1682,10,Bản mặt cầu (Deck Slab):S3,0.33,0.315,11.7
C1682,10,Bản mặt cầu (Deck Slab):S3,0.33,0.315,11.7
C1682,10,Bản mặt cầu (Deck Slab):S3,0.33,0.315,11.7
C1682,10,Bản mặt cầu (Deck Slab):S3,0.33,0.315,11.7
C1682,10,Bản mặt cầu (Deck Slab):S3,0.33,0.315,11.7
C1682,10,Bản mặt cầu (Deck Slab):S3,0.33,0.315,11.7
C1682,10,Bản mặt cầu (Deck Slab):S3,0.33,0.315,11.7
C1682,10,Bản mặt cầu (Deck Slab):S3,0.33,0.315,11.7
C1682,10,Bản mặt cầu (Deck Slab):S3,0.33,0.315,11.7
C1682,10,Bản mặt cầu (Deck Slab):S3,0.33,0.315,11.7
C1682,10,Bản mặt cầu (Deck Slab):S3,0.33,0.315,11.7
C1682,10,Bản mặt cầu (Deck Slab):S3,0.33,0.315,11.7
C1682,10,Bản mặt cầu (Deck Slab):S3,0.33,0.315,11.7
C1682,10,Bản mặt cầu (Deck Slab):S3,0.33,0.315,11.7
C1682,10,Bản mặt cầu (Deck Slab):S3,0.33,0.315,11.7
C1682,10,Bản mặt cầu (Deck Slab):S3,0.33,0.315,11.7
C1683,10,Bản mặt cầu (Deck Slab):S3,0.33,0.315,11.7
C1683,10,Bản mặt cầu (Deck Slab):S3,0.33,0.315,11.7
C1683,10,Bản mặt cầu (Deck Slab):S3,0.33,0.315,11.7
C1683,10,Bản mặt cầu (Deck Slab):S3,0.33,0.315,11.7
C1683,10,Bản mặt cầu (Deck Slab):S3,0.33,0.315,11.7
C1683,10,Bản mặt cầu (Deck Slab):S3,0.33,0.315,11.7
C1683,10,Bản mặt cầu (Deck Slab):S3,0.33,0.315,11.7
C1683,10,Bản mặt cầu (Deck Slab):S3,0.33,0.315,11.7
C1683,10,Bản mặt cầu (Deck Slab):S3,0.33,0.315,11.7
C1683,10,Bản mặt cầu (Deck Slab):S3,0.33,0.315,11.7
C1683,10,Bản mặt cầu (Deck Slab):S3,0.33,0.315,11.7
C1683,10,Bản mặt cầu (Deck Slab):S3,0.33,0.315,11.7
C1683,10,Bản mặt cầu (Deck Slab):S3,0.33,0.315,11.7
C1683,10,Bản mặt cầu (Deck Slab):S3,0.33,0.315,11.7
C1683,10,Bản mặt cầu (Deck Slab):S3,0.33,0.315,11.7
C1683,10,Bản mặt cầu (Deck Slab):S3,0.33,0.315,11.7
C1683,10,Bản mặt cầu (Deck Slab):S3,0.33,0.315,11.7
C1683,10,Bản mặt cầu (Deck Slab):S3,0.33,0.315,11.7
C1683,10,Bản mặt cầu (Deck Slab):S3,0.33,0.315,11.7
C1683,10,Bản mặt cầu (Deck Slab):S3,0.33,0.315,11.7
C1683,10,Bản mặt cầu (Deck Slab):S3,0.33,0.315,11.7
C1683,10,Bản mặt cầu (Deck Slab):S3,0.33,0.315,11.7
C1683,10,Bản mặt cầu (Deck Slab):S3,0.33,0.315,11.7
C1683,10,Bản mặt cầu (Deck Slab):S3,0.33,0.315,11.7
C1683,10,Bản mặt cầu (Deck Slab):S3,0.33,0.315,11.7
C1683,10,Bản mặt cầu (Deck Slab):S3,0.33,0.315,11.7
C1683,10,Bản mặt cầu (Deck Slab):S3,0.33,0.315,11.7
C1683,10,Bản mặt cầu (Deck Slab):S3,0.33,0.315,11.7
C1683,10,Bản mặt cầu (Deck Slab):S3,0.33,0.315,11.7
C1683,10,Bản mặt cầu (Deck Slab):S3,0.33,0.315,11.7
C1683,10,Bản mặt cầu (Deck Slab):S3,0.33,0.315,11.7
C1683,10,Bản mặt cầu (Deck Slab):S3,0.33,0.315,11.7
C1683,10,Bản mặt cầu (Deck Slab):S3,0.33,0.315,11.7
C1683,10,Bản mặt cầu (Deck Slab):S3,0.33,0.315,11.7
C1684,10,Bản mặt cầu (Deck Slab):S3,0.33,0.315,11.7
C1684,10,Bản mặt cầu (Deck Slab):S3,0.33,0.315,11.7
C1684,10,Bản mặt cầu (Deck Slab):S3,0.33,0.315,11.7
C1684,10,Bản mặt cầu (Deck Slab):S3,0.33,0.315,11.7
C1684,10,Bản mặt cầu (Deck Slab):S3,0.33,0.315,11.7
C1684,10,Bản mặt cầu (Deck Slab):S3,0.33,0.315,11.7
C1684,10,Bản mặt cầu (Deck Slab):S3,0.33,0.315,11.7
C1684,10,Bản mặt cầu (Deck Slab):S3,0.33,0.315,11.7
C1684,10,Bản mặt cầu (Deck Slab):S3,0.33,0.315,11.7
C1684,10,Bản mặt cầu (Deck Slab):S3,0.33,0.315,11.7
C1684,10,Bản mặt cầu (Deck Slab):S3,0.33,0.315,11.7
C1684,10,Bản mặt cầu (Deck Slab):S3,0.33,0.315,11.7
C1684,10,Bản mặt cầu (Deck Slab):S3,0.33,0.315,11.7
C1684,10,Bản mặt cầu (Deck Slab):S3,0.33,0.315,11.7
C1684,10,Bản mặt cầu (Deck Slab):S3,0.33,0.315,11.7
C1684,10,Bản mặt cầu (Deck Slab):S3,0.33,0.315,11.7
C1684,10,Bản mặt cầu (Deck Slab):S3,0.33,0.315,11.7
C1684,10,Bản mặt cầu (Deck Slab):S3,0.33,0.315,11.7
C1684,10,Bản mặt cầu (Deck Slab):S3,0.33,0.315,11.7
C1684,10,Bản mặt cầu (Deck Slab):S3,0.33,0.315,11.7
C1684,10,Bản mặt cầu (Deck Slab):S3,0.33,0.315,11.7
C1684,10,Bản mặt cầu (Deck Slab):S3,0.33,0.315,11.7
C1684,10,Bản mặt cầu (Deck Slab):S3,0.33,0.315,11.7
C1684,10,Bản mặt cầu (Deck Slab):S3,0.33,0.315,11.7
C1684,10,Bản mặt cầu (Deck Slab):S3,0.33,0.315,11.7
C1684,10,Bản mặt cầu (Deck Slab):S3,0.33,0.315,11.7
C1684,10,Bản mặt cầu (Deck Slab):S3,0.33,0.315,11.7
C1684,10,Bản mặt cầu (Deck Slab):S3,0.33,0.315,11.7
C1684,10,Bản mặt cầu (Deck Slab):S3,0.33,0.315,11.7
C1684,10,Bản mặt cầu (Deck Slab):S3,0.33,0.315,11.7
C1684,10,Bản mặt cầu (Deck Slab):S3,0.33,0.315,11.7
C1684,10,Bản mặt cầu (Deck Slab):S3,0.33,0.315,11.7
C1684,10,Bản mặt cầu (Deck Slab):S3,0.33,0.315,11.7
C1684,10,Bản mặt cầu (Deck Slab):S3,0.33,0.315,11.7
C1685,10,Bản mặt cầu (Deck Slab):S3,0.33,0.315,11.7
C1685,10,Bản mặt cầu (Deck Slab):S3,0.33,0.315,11.7
C1685,10,Bản mặt cầu (Deck Slab):S3,0.33,0.315,11.7
C1685,10,Bản mặt cầu (Deck Slab):S3,0.33,0.315,11.7
C1685,10,Bản mặt cầu (Deck Slab):S3,0.33,0.315,11.7
C1685,10,Bản mặt cầu (Deck Slab):S3,0.33,0.315,11.7
C1685,10,Bản mặt cầu (Deck Slab):S3,0.33,0.315,11.7
C1685,10,Bản mặt cầu (Deck Slab):S3,0.33,0.315,11.7
C1685,10,Bản mặt cầu (Deck Slab):S3,0.33,0.315,11.7
C1685,10,Bản mặt cầu (Deck Slab):S3,0.33,0.315,11.7
C1685,10,Bản mặt cầu (Deck Slab):S3,0.33,0.315,11.7
C1685,10,Bản mặt cầu (Deck Slab):S3,0.33,0.315,11.7
C1685,10,Bản mặt cầu (Deck Slab):S3,0.33,0.315,11.7
C1685,10,Bản mặt cầu (Deck Slab):S3,0.33,0.315,11.7
C1685,10,Bản mặt cầu (Deck Slab):S3,0.33,0.315,11.7
C1685,10,Bản mặt cầu (Deck Slab):S3,0.33,0.315,11.7
C1685,10,Bản mặt cầu (Deck Slab):S3,0.33,0.315,11.7
C1685,10,Bản mặt cầu (Deck Slab):S3,0.33,0.315,11.7
C1685,10,Bản mặt cầu (Deck Slab):S3,0.33,0.315,11.7
C1685,10,Bản mặt cầu (Deck Slab):S3,0.33,0.315,11.7
C1685,10,Bản mặt cầu (Deck Slab):S3,0.33,0.315,11.7
C1685,10,Bản mặt cầu (Deck Slab):S3,0.33,0.315,11.7
C1685,10,Bản mặt cầu (Deck Slab):S3,0.33,0.315,11.7
C1685,10,Bản mặt cầu (Deck Slab):S3,0.33,0.315,11.7
C1685,10,Bản mặt cầu (Deck Slab):S3,0.33,0.315,11.7
C1685,10,Bản mặt cầu (Deck Slab):S3,0.33,0.315,11.7
C1685,10,Bản mặt cầu (Deck Slab):S3,0.33,0.315,11.7
C1685,10,Bản mặt cầu (Deck Slab):S3,0.33,0.315,11.7
C1685,10,Bản mặt cầu (Deck Slab):S3,0.33,0.315,11.7
C1685,10,Bản mặt cầu (Deck Slab):S3,0.33,0.315,11.7
C1685,10,Bản mặt cầu (Deck Slab):S3,0.33,0.315,11.7
C1685,10,Bản mặt cầu (Deck Slab):S3,0.33,0.315,11.7
C1685,10,Bản mặt cầu (Deck Slab):S3,0.33,0.315,11.7
C1685,10,Bản mặt cầu (Deck Slab):S3,0.33,0.315,11.7
C1686,10,Bản mặt cầu (Deck Slab):S3,0.33,0.315,11.7
C1686,10,Bản mặt cầu (Deck Slab):S3,0.33,0.315,11.7
C1686,10,Bản mặt cầu (Deck Slab):S3,0.33,0.315,11.7
C1686,10,Bản mặt cầu (Deck Slab):S3,0.33,0.315,11.7
C1686,10,Bản mặt cầu (Deck Slab):S3,0.33,0.315,11.7
C1686,10,Bản mặt cầu (Deck Slab):S3,0.33,0.315,11.7
C1686,10,Bản mặt cầu (Deck Slab):S3,0.33,0.315,11.7
C1686,10,Bản mặt cầu (Deck Slab):S3,0.33,0.315,11.7
C1686,10,Bản mặt cầu (Deck Slab):S3,0.33,0.315,11.7
C1686,10,Bản mặt cầu (Deck Slab):S3,0.33,0.315,11.7
C1686,10,Bản mặt cầu (Deck Slab):S3,0.33,0.315,11.7
C1686,10,Bản mặt cầu (Deck Slab):S3,0.33,0.315,11.7
C1686,10,Bản mặt cầu (Deck Slab):S3,0.33,0.315,11.7
C1686,10,Bản mặt cầu (Deck Slab):S3,0.33,0.315,11.7
C1686,10,Bản mặt cầu (Deck Slab):S3,0.33,0.315,11.7
C1686,10,Bản mặt cầu (Deck Slab):S3,0.33,0.315,11.7
C1686,10,Bản mặt cầu (Deck Slab):S3,0.33,0.315,11.7
C1686,10,Bản mặt cầu (Deck Slab):S3,0.33,0.315,11.7
C1686,10,Bản mặt cầu (Deck Slab):S3,0.33,0.315,11.7
C1686,10,Bản mặt cầu (Deck Slab):S3,0.33,0.315,11.7
C1686,10,Bản mặt cầu (Deck Slab):S3,0.33,0.315,11.7
C1686,10,Bản mặt cầu (Deck Slab):S3,0.33,0.315,11.7
C1686,10,Bản mặt cầu (Deck Slab):S3,0.33,0.315,11.7
C1686,10,Bản mặt cầu (Deck Slab):S3,0.33,0.315,11.7
C1686,10,Bản mặt cầu (Deck Slab):S3,0.33,0.315,11.7
C1686,10,Bản mặt cầu (Deck Slab):S3,0.33,0.315,11.7
C1686,10,Bản mặt cầu (Deck Slab):S3,0.33,0.315,11.7
C1686,10,Bản mặt cầu (Deck Slab):S3,0.33,0.315,11.7
C1686,10,Bản mặt cầu (Deck Slab):S3,0.33,0.315,11.7
C1686,10,Bản mặt cầu (Deck Slab):S3,0.33,0.315,11.7
C1686,10,Bản mặt cầu (Deck Slab):S3,0.33,0.315,11.7
C1686,10,Bản mặt cầu (Deck Slab):S3,0.33,0.315,11.7
C1686,10,Bản mặt cầu (Deck Slab):S3,0.33,0.315,11.7
C1686,10,Bản mặt cầu (Deck Slab):S3,0.33,0.315,11.7
C1687,10,Bản mặt cầu (Deck Slab):S3,0.33,0.315,11.7
C1687,10,Bản mặt cầu (Deck Slab):S3,0.33,0.315,11.7
C1687,10,Bản mặt cầu (Deck Slab):S3,0.33,0.315,11.7
C1687,10,Bản mặt cầu (Deck Slab):S3,0.33,0.315,11.7
C1687,10,Bản mặt cầu (Deck Slab):S3,0.33,0.315,11.7
C1687,10,Bản mặt cầu (Deck Slab):S3,0.33,0.315,11.7
C1687,10,Bản mặt cầu (Deck Slab):S3,0.33,0.315,11.7
C1687,10,Bản mặt cầu (Deck Slab):S3,0.33,0.315,11.7
C1687,10,Bản mặt cầu (Deck Slab):S3,0.33,0.315,11.7
C1687,10,Bản mặt cầu (Deck Slab):S3,0.33,0.315,11.7
C1687,10,Bản mặt cầu (Deck Slab):S3,0.33,0.315,11.7
C1687,10,Bản mặt cầu (Deck Slab):S3,0.33,0.315,11.7
C1687,10,Bản mặt cầu (Deck Slab):S3,0.33,0.315,11.7
C1687,10,Bản mặt cầu (Deck Slab):S3,0.33,0.315,11.7
C1687,10,Bản mặt cầu (Deck Slab):S3,0.33,0.315,11.7
C1687,10,Bản mặt cầu (Deck Slab):S3,0.33,0.315,11.7
C1687,10,Bản mặt cầu (Deck Slab):S3,0.33,0.315,11.7
C1687,10,Bản mặt cầu (Deck Slab):S3,0.33,0.315,11.7
C1687,10,Bản mặt cầu (Deck Slab):S3,0.33,0.315,11.7
C1687,10,Bản mặt cầu (Deck Slab):S3,0.33,0.315,11.7
C1687,10,Bản mặt cầu (Deck Slab):S3,0.33,0.315,11.7
C1687,10,Bản mặt cầu (Deck Slab):S3,0.33,0.315,11.7
C1687,10,Bản mặt cầu (Deck Slab):S3,0.33,0.315,11.7
C1687,10,Bản mặt cầu (Deck Slab):S3,0.33,0.315,11.7
C1687,10,Bản mặt cầu (Deck Slab):S3,0.33,0.315,11.7
C1687,10,Bản mặt cầu (Deck Slab):S3,0.33,0.315,11.7
C1687,10,Bản mặt cầu (Deck Slab):S3,0.33,0.315,11.7
C1687,10,Bản mặt cầu (Deck Slab):S3,0.33,0.315,11.7
C1687,10,Bản mặt cầu (Deck Slab):S3,0.33,0.315,11.7
C1687,10,Bản mặt cầu (Deck Slab):S3,0.33,0.315,11.7
C1687,10,Bản mặt cầu (Deck Slab):S3,0.33,0.315,11.7
C1687,10,Bản mặt cầu (Deck Slab):S3,0.33,0.315,11.7
C1687,10,Bản mặt cầu (Deck Slab):S3,0.33,0.315,11.7
C1687,10,Bản mặt cầu (Deck Slab):S3,0.33,0.315,11.7
C1688,10,Bản mặt cầu (Deck Slab):S3,0.33,0.315,11.7
C1688,10,Bản mặt cầu (Deck Slab):S3,0.33,0.315,11.7
C1688,10,Bản mặt cầu (Deck Slab):S3,0.33,0.315,11.7
C1688,10,Bản mặt cầu (Deck Slab):S3,0.33,0.315,11.7
C1688,10,Bản mặt cầu (Deck Slab):S3,0.33,0.315,11.7
C1688,10,Bản mặt cầu (Deck Slab):S3,0.33,0.315,11.7
C1688,10,Bản mặt cầu (Deck Slab):S3,0.33,0.315,11.7
C1688,10,Bản mặt cầu (Deck Slab):S3,0.33,0.315,11.7
C1688,10,Bản mặt cầu (Deck Slab):S3,0.33,0.315,11.7
C1688,10,Bản mặt cầu (Deck Slab):S3,0.33,0.315,11.7
C1688,10,Bản mặt cầu (Deck Slab):S3,0.33,0.315,11.7
C1688,10,Bản mặt cầu (Deck Slab):S3,0.33,0.315,11.7
C1688,10,Bản mặt cầu (Deck Slab):S3,0.33,0.315,11.7
C1688,10,Bản mặt cầu (Deck Slab):S3,0.33,0.315,11.7
C1688,10,Bản mặt cầu (Deck Slab):S3,0.33,0.315,11.7
C1688,10,Bản mặt cầu (Deck Slab):S3,0.33,0.315,11.7
C1688,10,Bản mặt cầu (Deck Slab):S3,0.33,0.315,11.7
C1688,10,Bản mặt cầu (Deck Slab):S3,0.33,0.315,11.7
C1688,10,Bản mặt cầu (Deck Slab):S3,0.33,0.315,11.7
C1688,10,Bản mặt cầu (Deck Slab):S3,0.33,0.315,11.7
C1688,10,Bản mặt cầu (Deck Slab):S3,0.33,0.315,11.7
C1688,10,Bản mặt cầu (Deck Slab):S3,0.33,0.315,11.7
C1688,10,Bản mặt cầu (Deck Slab):S3,0.33,0.315,11.7
C1688,10,Bản mặt cầu (Deck Slab):S3,0.33,0.315,11.7
C1688,10,Bản mặt cầu (Deck Slab):S3,0.33,0.315,11.7
C1688,10,Bản mặt cầu (Deck Slab):S3,0.33,0.315,11.7
C1688,10,Bản mặt cầu (Deck Slab):S3,0.33,0.315,11.7
C1688,10,Bản mặt cầu (Deck Slab):S3,0.33,0.315,11.7
C1688,10,Bản mặt cầu (Deck Slab):S3,0.33,0.315,11.7
C1688,10,Bản mặt cầu (Deck Slab):S3,0.33,0.315,11.7
C1688,10,Bản mặt cầu (Deck Slab):S3,0.33,0.315,11.7
C1688,10,Bản mặt cầu (Deck Slab):S3,0.33,0.315,11.7
C1688,10,Bản mặt cầu (Deck Slab):S3,0.33,0.315,11.7
C1688,10,Bản mặt cầu (Deck Slab):S3,0.33,0.315,11.7
C1689,10,Bản mặt cầu (Deck Slab):S3,0.33,0.315,11.7
C1689,10,Bản mặt cầu (Deck Slab):S3,0.33,0.315,11.7
C1689,10,Bản mặt cầu (Deck Slab):S3,0.33,0.315,11.7
C1689,10,Bản mặt cầu (Deck Slab):S3,0.33,0.315,11.7
C1689,10,Bản mặt cầu (Deck Slab):S3,0.33,0.315,11.7
C1689,10,Bản mặt cầu (Deck Slab):S3,0.33,0.315,11.7
C1689,10,Bản mặt cầu (Deck Slab):S3,0.33,0.315,11.7
C1689,10,Bản mặt cầu (Deck Slab):S3,0.33,0.315,11.7
C1689,10,Bản mặt cầu (Deck Slab):S3,0.33,0.315,11.7
C1689,10,Bản mặt cầu (Deck Slab):S3,0.33,0.315,11.7
C1689,10,Bản mặt cầu (Deck Slab):S3,0.33,0.315,11.7
C1689,10,Bản mặt cầu (Deck Slab):S3,0.33,0.315,11.7
C1689,10,Bản mặt cầu (Deck Slab):S3,0.33,0.315,11.7
C1689,10,Bản mặt cầu (Deck Slab):S3,0.33,0.315,11.7
C1689,10,Bản mặt cầu (Deck Slab):S3,0.33,0.315,11.7
C1689,10,Bản mặt cầu (Deck Slab):S3,0.33,0.315,11.7
C1689,10,Bản mặt cầu (Deck Slab):S3,0.33,0.315,11.7
C1689,10,Bản mặt cầu (Deck Slab):S3,0.33,0.315,11.7
C1689,10,Bản mặt cầu (Deck Slab):S3,0.33,0.315,11.7
C1689,10,Bản mặt cầu (Deck Slab):S3,0.33,0.315,11.7
C1689,10,Bản mặt cầu (Deck Slab):S3,0.33,0.315,11.7
C1689,10,Bản mặt cầu (Deck Slab):S3,0.33,0.315,11.7
C1689,10,Bản mặt cầu (Deck Slab):S3,0.33,0.315,11.7
C1689,10,Bản mặt cầu (Deck Slab):S3,0.33,0.315,11.7
C1689,10,Bản mặt cầu (Deck Slab):S3,0.33,0.315,11.7
C1689,10,Bản mặt cầu (Deck Slab):S3,0.33,0.315,11.7
C1689,10,Bản mặt cầu (Deck Slab):S3,0.33,0.315,11.7
C1689,10,Bản mặt cầu (Deck Slab):S3,0.33,0.315,11.7
C1689,10,Bản mặt cầu (Deck Slab):S3,0.33,0.315,11.7
C1689,10,Bản mặt cầu (Deck Slab):S3,0.33,0.315,11.7
C1689,10,Bản mặt cầu (Deck Slab):S3,0.33,0.315,11.7
C1689,10,Bản mặt cầu (Deck Slab):S3,0.33,0.315,11.7
C1689,10,Bản mặt cầu (Deck Slab):S3,0.33,0.315,11.7
C1689,10,Bản mặt cầu (Deck Slab):S3,0.33,0.315,11.7
C1690,10,Bản mặt cầu (Deck Slab):S3,0.33,9.695,11.7
C1690,10,Bản mặt cầu (Deck Slab):S3,0.33,9.695,11.7
C1690,10,Bản mặt cầu (Deck Slab):S3,0.33,9.695,11.7
C1690,10,Bản mặt cầu (Deck Slab):S3,0.33,9.695,11.7
C1690,10,Bản mặt cầu (Deck Slab):S3,0.33,9.695,11.7
C1690,10,Bản mặt cầu (Deck Slab):S3,0.33,9.695,11.7
