Mã cây,Đường kính Ø (mm),Thanh cắt (Mark),Chiều dài cắt (m),Thừa cuối cây (m),Mã cây gốc (11.7m)
C1,25,Cọc khoan nhồi D1200 (26 cọc L=872m):P2A-P2B,11.7,0.0,11.7
C2,25,Cọc khoan nhồi D1200 (26 cọc L=872m):P2A-P2B,11.7,0.0,11.7
C3,25,Cọc khoan nhồi D1200 (26 cọc L=872m):P2A-P2B,11.7,0.0,11.7
C4,25,Cọc khoan nhồi D1200 (26 cọc L=872m):P2A-P2B,11.7,0.0,11.7
C5,25,Cọc khoan nhồi D1200 (26 cọc L=872m):P2A-P2B,11.7,0.0,11.7
C6,25,Cọc khoan nhồi D1200 (26 cọc L=872m):P2A-P2B,11.7,0.0,11.7
C7,25,Cọc khoan nhồi D1200 (26 cọc L=872m):P2A-P2B,11.7,0.0,11.7
C8,25,Cọc khoan nhồi D1200 (26 cọc L=872m):P2A-P2B,11.7,0.0,11.7
C9,25,Cọc khoan nhồi D1200 (26 cọc L=872m):P2A-P2B,11.7,0.0,11.7
C10,25,Cọc khoan nhồi D1200 (26 cọc L=872m):P2A-P2B,11.7,0.0,11.7
C11,25,Cọc khoan nhồi D1200 (26 cọc L=872m):P2A-P2B,11.7,0.0,11.7
C12,25,Cọc khoan nhồi D1200 (26 cọc L=872m):P2A-P2B,11.7,0.0,11.7
C13,25,Cọc khoan nhồi D1200 (26 cọc L=872m):P2A-P2B,11.7,0.0,11.7
C14,25,Cọc khoan nhồi D1200 (26 cọc L=872m):P2A-P2B,11.7,0.0,11.7
C15,25,Cọc khoan nhồi D1200 (26 cọc L=872m):P2A-P2B,11.7,0.0,11.7
C16,25,Cọc khoan nhồi D1200 (26 cọc L=872m):P2A-P2B,11.7,0.0,11.7
C17,25,Cọc khoan nhồi D1200 (26 cọc L=872m):P2A-P2B,11.7,0.0,11.7
C18,25,Cọc khoan nhồi D1200 (26 cọc L=872m):P2A-P2B,11.7,0.0,11.7
C19,25,Cọc khoan nhồi D1200 (26 cọc L=872m):P2A-P2B,11.7,0.0,11.7
C20,25,Cọc khoan nhồi D1200 (26 cọc L=872m):P2A-P2B,11.7,0.0,11.7
C21,25,Cọc khoan nhồi D1200 (26 cọc L=872m):P2A-P2B,11.7,0.0,11.7
C22,25,Cọc khoan nhồi D1200 (26 cọc L=872m):P2A-P2B,11.7,0.0,11.7
C23,25,Cọc khoan nhồi D1200 (26 cọc L=872m):P2A-P2B,11.7,0.0,11.7
C24,25,Cọc khoan nhồi D1200 (26 cọc L=872m):P2A-P2B,11.7,0.0,11.7
C25,25,Cọc khoan nhồi D1200 (26 cọc L=872m):P2A-P2B,11.7,0.0,11.7
C26,25,Cọc khoan nhồi D1200 (26 cọc L=872m):P2A-P2B,11.7,0.0,11.7
C27,25,Cọc khoan nhồi D1200 (26 cọc L=872m):P2A-P2B,11.7,0.0,11.7
C28,25,Cọc khoan nhồi D1200 (26 cọc L=872m):P2A-P2B,11.7,0.0,11.7
C29,25,Cọc khoan nhồi D1200 (26 cọc L=872m):P2A-P2B,11.7,0.0,11.7
C30,25,Cọc khoan nhồi D1200 (26 cọc L=872m):P2A-P2B,11.7,0.0,11.7
C31,25,Cọc khoan nhồi D1200 (26 cọc L=872m):P2A-P2B,11.7,0.0,11.7
C32,25,Cọc khoan nhồi D1200 (26 cọc L=872m):P2A-P2B,11.7,0.0,11.7
C33,25,Cọc khoan nhồi D1200 (26 cọc L=872m):P2A-P2B,11.7,0.0,11.7
C34,25,Cọc khoan nhồi D1200 (26 cọc L=872m):P2A-P2B,11.7,0.0,11.7
C35,25,Cọc khoan nhồi D1200 (26 cọc L=872m):P2A-P2B,11.7,0.0,11.7
C36,25,Cọc khoan nhồi D1200 (26 cọc L=872m):P2A-P2B,11.7,0.0,11.7
C37,25,Cọc khoan nhồi D1200 (26 cọc L=872m):P2A-P2B,11.7,0.0,11.7
C38,25,Cọc khoan nhồi D1200 (26 cọc L=872m):P2A-P2B,11.7,0.0,11.7
C39,25,Cọc khoan nhồi D1200 (26 cọc L=872m):P2A-P2B,11.7,0.0,11.7
C40,25,Cọc khoan nhồi D1200 (26 cọc L=872m):P2A-P2B,11.7,0.0,11.7
C41,25,Cọc khoan nhồi D1200 (26 cọc L=872m):P2A-P2B,11.7,0.0,11.7
C42,25,Cọc khoan nhồi D1200 (26 cọc L=872m):P2A-P2B,11.7,0.0,11.7
C43,25,Cọc khoan nhồi D1200 (26 cọc L=872m):P2A-P2B,11.7,0.0,11.7
C44,25,Cọc khoan nhồi D1200 (26 cọc L=872m):P2A-P2B,11.7,0.0,11.7
C45,25,Cọc khoan nhồi D1200 (26 cọc L=872m):P2A-P2B,11.7,0.0,11.7
C46,25,Cọc khoan nhồi D1200 (26 cọc L=872m):P2A-P2B,11.7,0.0,11.7
C47,25,Cọc khoan nhồi D1200 (26 cọc L=872m):P2A-P2B,11.7,0.0,11.7
C48,25,Cọc khoan nhồi D1200 (26 cọc L=872m):P2A-P2B,11.7,0.0,11.7
C49,25,Cọc khoan nhồi D1200 (26 cọc L=872m):P2A-P2B,11.7,0.0,11.7
C50,25,Cọc khoan nhồi D1200 (26 cọc L=872m):P2A-P2B,11.7,0.0,11.7
C51,25,Cọc khoan nhồi D1200 (26 cọc L=872m):P2A-P2B,11.7,0.0,11.7
C52,25,Cọc khoan nhồi D1200 (26 cọc L=872m):P2A-P2B,11.7,0.0,11.7
C53,25,Cọc khoan nhồi D1200 (26 cọc L=872m):P2A-P2B,11.7,0.0,11.7
C54,25,Cọc khoan nhồi D1200 (26 cọc L=872m):P2A-P2B,11.7,0.0,11.7
C55,25,Cọc khoan nhồi D1200 (26 cọc L=872m):P2A-P2B,11.7,0.0,11.7
C56,25,Cọc khoan nhồi D1200 (26 cọc L=872m):P2A-P2B,11.7,0.0,11.7
C57,25,Cọc khoan nhồi D1200 (26 cọc L=872m):P2A-P2B,11.7,0.0,11.7
C58,25,Cọc khoan nhồi D1200 (26 cọc L=872m):P2A-P2B,11.7,0.0,11.7
C59,25,Cọc khoan nhồi D1200 (26 cọc L=872m):P2A-P2B,11.7,0.0,11.7
C60,25,Cọc khoan nhồi D1200 (26 cọc L=872m):P2A-P2B,11.7,0.0,11.7
C61,25,Cọc khoan nhồi D1200 (26 cọc L=872m):P2A-P2B,11.7,0.0,11.7
C62,25,Cọc khoan nhồi D1200 (26 cọc L=872m):P2A-P2B,11.7,0.0,11.7
C63,25,Cọc khoan nhồi D1200 (26 cọc L=872m):P2A-P2B,11.7,0.0,11.7
C64,25,Cọc khoan nhồi D1200 (26 cọc L=872m):P2A-P2B,11.7,0.0,11.7
C65,25,Cọc khoan nhồi D1200 (26 cọc L=872m):P2A-P2B,11.7,0.0,11.7
C66,25,Cọc khoan nhồi D1200 (26 cọc L=872m):P2A-P2B,11.7,0.0,11.7
C67,25,Cọc khoan nhồi D1200 (26 cọc L=872m):P2A-P2B,11.7,0.0,11.7
C68,25,Cọc khoan nhồi D1200 (26 cọc L=872m):P2A-P2B,11.7,0.0,11.7
C69,25,Cọc khoan nhồi D1200 (26 cọc L=872m):P2A-P2B,11.7,0.0,11.7
C70,25,Cọc khoan nhồi D1200 (26 cọc L=872m):P2A-P2B,11.7,0.0,11.7
C71,25,Cọc khoan nhồi D1200 (26 cọc L=872m):P2A-P2B,11.7,0.0,11.7
C72,25,Cọc khoan nhồi D1200 (26 cọc L=872m):P2A-P2B,11.7,0.0,11.7
C73,25,Cọc khoan nhồi D1200 (26 cọc L=872m):P2A-P2B,11.7,0.0,11.7
C74,25,Cọc khoan nhồi D1200 (26 cọc L=872m):P2A-P2B,11.7,0.0,11.7
C75,25,Cọc khoan nhồi D1200 (26 cọc L=872m):P2A-P2B,11.7,0.0,11.7
C76,25,Cọc khoan nhồi D1200 (26 cọc L=872m):P2A-P2B,11.7,0.0,11.7
C77,25,Cọc khoan nhồi D1200 (26 cọc L=872m):P2A-P2B,11.7,0.0,11.7
C78,25,Cọc khoan nhồi D1200 (26 cọc L=872m):P2A-P2B,11.7,0.0,11.7
C79,25,Cọc khoan nhồi D1200 (26 cọc L=872m):P2A-P2B,11.7,0.0,11.7
C80,25,Cọc khoan nhồi D1200 (26 cọc L=872m):P2A-P2B,11.7,0.0,11.7
C81,25,Cọc khoan nhồi D1200 (26 cọc L=872m):P2A-P2B,11.7,0.0,11.7
C82,25,Cọc khoan nhồi D1200 (26 cọc L=872m):P2A-P2B,11.7,0.0,11.7
C83,25,Cọc khoan nhồi D1200 (26 cọc L=872m):P2A-P2B,11.7,0.0,11.7
C84,25,Cọc khoan nhồi D1200 (26 cọc L=872m):P2A-P2B,11.7,0.0,11.7
C85,25,Cọc khoan nhồi D1200 (26 cọc L=872m):P2A-P2B,11.7,0.0,11.7
C86,25,Cọc khoan nhồi D1200 (26 cọc L=872m):P2A-P2B,11.7,0.0,11.7
C87,25,Cọc khoan nhồi D1200 (26 cọc L=872m):P2A-P2B,11.7,0.0,11.7
C88,25,Cọc khoan nhồi D1200 (26 cọc L=872m):P2A-P2B,11.7,0.0,11.7
C89,25,Cọc khoan nhồi D1200 (26 cọc L=872m):P2A-P2B,11.7,0.0,11.7
C90,25,Cọc khoan nhồi D1200 (26 cọc L=872m):P2A-P2B,11.7,0.0,11.7
C91,25,Cọc khoan nhồi D1200 (26 cọc L=872m):P2A-P2B,11.7,0.0,11.7
C92,25,Cọc khoan nhồi D1200 (26 cọc L=872m):P2A-P2B,11.7,0.0,11.7
C93,25,Cọc khoan nhồi D1200 (26 cọc L=872m):P2A-P2B,11.7,0.0,11.7
C94,25,Cọc khoan nhồi D1200 (26 cọc L=872m):P2A-P2B,11.7,0.0,11.7
C95,25,Cọc khoan nhồi D1200 (26 cọc L=872m):P2A-P2B,11.7,0.0,11.7
C96,25,Cọc khoan nhồi D1200 (26 cọc L=872m):P2A-P2B,11.7,0.0,11.7
C97,25,Cọc khoan nhồi D1200 (26 cọc L=872m):P2A-P2B,11.7,0.0,11.7
C98,25,Cọc khoan nhồi D1200 (26 cọc L=872m):P2A-P2B,11.7,0.0,11.7
C99,25,Cọc khoan nhồi D1200 (26 cọc L=872m):P2A-P2B,11.7,0.0,11.7
C100,25,Cọc khoan nhồi D1200 (26 cọc L=872m):P2A-P2B,11.7,0.0,11.7
C101,25,Cọc khoan nhồi D1200 (26 cọc L=872m):P2A-P2B,11.7,0.0,11.7
C102,25,Cọc khoan nhồi D1200 (26 cọc L=872m):P2A-P2B,11.7,0.0,11.7
C103,25,Cọc khoan nhồi D1200 (26 cọc L=872m):P2A-P2B,11.7,0.0,11.7
C104,25,Cọc khoan nhồi D1200 (26 cọc L=872m):P2A-P2B,11.7,0.0,11.7
C105,25,Cọc khoan nhồi D1200 (26 cọc L=872m):P2A-P2B,11.7,0.0,11.7
C106,25,Cọc khoan nhồi D1200 (26 cọc L=872m):P2A-P2B,11.7,0.0,11.7
C107,25,Cọc khoan nhồi D1200 (26 cọc L=872m):P2A-P2B,11.7,0.0,11.7
C108,25,Cọc khoan nhồi D1200 (26 cọc L=872m):P2A-P2B,11.7,0.0,11.7
C109,25,Cọc khoan nhồi D1200 (26 cọc L=872m):P2A-P2B,11.7,0.0,11.7
C110,25,Cọc khoan nhồi D1200 (26 cọc L=872m):P2A-P2B,11.7,0.0,11.7
C111,25,Cọc khoan nhồi D1200 (26 cọc L=872m):P2A-P2B,11.7,0.0,11.7
C112,25,Cọc khoan nhồi D1200 (26 cọc L=872m):P2A-P2B,11.7,0.0,11.7
C113,25,Cọc khoan nhồi D1200 (26 cọc L=872m):P2A-P2B,11.7,0.0,11.7
C114,25,Cọc khoan nhồi D1200 (26 cọc L=872m):P2A-P2B,11.7,0.0,11.7
C115,25,Cọc khoan nhồi D1200 (26 cọc L=872m):P2A-P2B,11.7,0.0,11.7
C116,25,Cọc khoan nhồi D1200 (26 cọc L=872m):P2A-P2B,11.7,0.0,11.7
C117,25,Cọc khoan nhồi D1200 (26 cọc L=872m):P2A-P2B,11.7,0.0,11.7
C118,25,Cọc khoan nhồi D1200 (26 cọc L=872m):P2A-P2B,11.7,0.0,11.7
C119,25,Cọc khoan nhồi D1200 (26 cọc L=872m):P2A-P2B,11.7,0.0,11.7
C120,25,Cọc khoan nhồi D1200 (26 cọc L=872m):P2A-P2B,11.7,0.0,11.7
C121,25,Cọc khoan nhồi D1200 (26 cọc L=872m):P2A-P2B,11.7,0.0,11.7
C122,25,Cọc khoan nhồi D1200 (26 cọc L=872m):P2A-P2B,11.7,0.0,11.7
C123,25,Cọc khoan nhồi D1200 (26 cọc L=872m):P2A-P2B,11.7,0.0,11.7
C124,25,Cọc khoan nhồi D1200 (26 cọc L=872m):P2A-P2B,11.7,0.0,11.7
C125,25,Cọc khoan nhồi D1200 (26 cọc L=872m):P2A-P2B,11.7,0.0,11.7
C126,25,Cọc khoan nhồi D1200 (26 cọc L=872m):P2A-P2B,11.7,0.0,11.7
C127,25,Cọc khoan nhồi D1200 (26 cọc L=872m):P2A-P2B,11.7,0.0,11.7
C128,25,Cọc khoan nhồi D1200 (26 cọc L=872m):P2A-P2B,11.7,0.0,11.7
C129,25,Cọc khoan nhồi D1200 (26 cọc L=872m):P2A-P2B,11.7,0.0,11.7
C130,25,Cọc khoan nhồi D1200 (26 cọc L=872m):P2A-P2B,11.7,0.0,11.7
C131,25,Cọc khoan nhồi D1200 (26 cọc L=872m):P2A-P2B,11.7,0.0,11.7
C132,25,Cọc khoan nhồi D1200 (26 cọc L=872m):P2A-P2B,11.7,0.0,11.7
C133,25,Cọc khoan nhồi D1200 (26 cọc L=872m):P2A-P2B,11.7,0.0,11.7
C134,25,Cọc khoan nhồi D1200 (26 cọc L=872m):P2A-P2B,11.7,0.0,11.7
C135,25,Cọc khoan nhồi D1200 (26 cọc L=872m):P2A-P2B,11.7,0.0,11.7
C136,25,Cọc khoan nhồi D1200 (26 cọc L=872m):P2A-P2B,11.7,0.0,11.7
C137,25,Cọc khoan nhồi D1200 (26 cọc L=872m):P2A-P2B,11.7,0.0,11.7
C138,25,Cọc khoan nhồi D1200 (26 cọc L=872m):P2A-P2B,11.7,0.0,11.7
C139,25,Cọc khoan nhồi D1200 (26 cọc L=872m):P2A-P2B,11.7,0.0,11.7
C140,25,Cọc khoan nhồi D1200 (26 cọc L=872m):P2A-P2B,11.7,0.0,11.7
C141,25,Cọc khoan nhồi D1200 (26 cọc L=872m):P2A-P2B,11.7,0.0,11.7
C142,25,Cọc khoan nhồi D1200 (26 cọc L=872m):P2A-P2B,11.7,0.0,11.7
C143,25,Cọc khoan nhồi D1200 (26 cọc L=872m):P2A-P2B,11.7,0.0,11.7
C144,25,Cọc khoan nhồi D1200 (26 cọc L=872m):P2A-P2B,11.7,0.0,11.7
C145,25,Cọc khoan nhồi D1200 (26 cọc L=872m):P2A-P2B,11.7,0.0,11.7
C146,25,Cọc khoan nhồi D1200 (26 cọc L=872m):P2A-P2B,11.7,0.0,11.7
C147,25,Cọc khoan nhồi D1200 (26 cọc L=872m):P2A-P2B,11.7,0.0,11.7
C148,25,Cọc khoan nhồi D1200 (26 cọc L=872m):P2A-P2B,11.7,0.0,11.7
C149,25,Cọc khoan nhồi D1200 (26 cọc L=872m):P2A-P2B,11.7,0.0,11.7
C150,25,Cọc khoan nhồi D1200 (26 cọc L=872m):P2A-P2B,11.7,0.0,11.7
C151,25,Cọc khoan nhồi D1200 (26 cọc L=872m):P2A-P2B,11.7,0.0,11.7
C152,25,Cọc khoan nhồi D1200 (26 cọc L=872m):P2A-P2B,11.7,0.0,11.7
C153,25,Cọc khoan nhồi D1200 (26 cọc L=872m):P2A-P2B,11.7,0.0,11.7
C154,25,Cọc khoan nhồi D1200 (26 cọc L=872m):P2A-P2B,11.7,0.0,11.7
C155,25,Cọc khoan nhồi D1200 (26 cọc L=872m):P2A-P2B,11.7,0.0,11.7
C156,25,Cọc khoan nhồi D1200 (26 cọc L=872m):P2A-P2B,11.7,0.0,11.7
C157,25,Cọc khoan nhồi D1200 (26 cọc L=872m):P2A-P2B,11.7,0.0,11.7
C158,25,Cọc khoan nhồi D1200 (26 cọc L=872m):P2A-P2B,11.7,0.0,11.7
C159,25,Cọc khoan nhồi D1200 (26 cọc L=872m):P2A-P2B,11.7,0.0,11.7
C160,25,Cọc khoan nhồi D1200 (26 cọc L=872m):P2A-P2B,11.7,0.0,11.7
C161,25,Cọc khoan nhồi D1200 (26 cọc L=872m):P2A-P2B,11.7,0.0,11.7
C162,25,Cọc khoan nhồi D1200 (26 cọc L=872m):P2A-P2B,11.7,0.0,11.7
C163,25,Cọc khoan nhồi D1200 (26 cọc L=872m):P2A-P2B,11.7,0.0,11.7
C164,25,Cọc khoan nhồi D1200 (26 cọc L=872m):P2A-P2B,11.7,0.0,11.7
C165,25,Cọc khoan nhồi D1200 (26 cọc L=872m):P2A-P2B,11.7,0.0,11.7
C166,25,Cọc khoan nhồi D1200 (26 cọc L=872m):P2A-P2B,11.7,0.0,11.7
C167,25,Cọc khoan nhồi D1200 (26 cọc L=872m):P2A-P2B,11.7,0.0,11.7
C168,25,Cọc khoan nhồi D1200 (26 cọc L=872m):P2A-P2B,11.7,0.0,11.7
C169,25,Cọc khoan nhồi D1200 (26 cọc L=872m):P2A-P2B,11.7,0.0,11.7
C170,25,Cọc khoan nhồi D1200 (26 cọc L=872m):P2A-P2B,11.7,0.0,11.7
C171,25,Cọc khoan nhồi D1200 (26 cọc L=872m):P2A-P2B,11.7,0.0,11.7
C172,25,Cọc khoan nhồi D1200 (26 cọc L=872m):P2A-P2B,11.7,0.0,11.7
C173,25,Cọc khoan nhồi D1200 (26 cọc L=872m):P2A-P2B,11.7,0.0,11.7
C174,25,Cọc khoan nhồi D1200 (26 cọc L=872m):P2A-P2B,11.7,0.0,11.7
C175,25,Cọc khoan nhồi D1200 (26 cọc L=872m):P2A-P2B,11.7,0.0,11.7
C176,25,Cọc khoan nhồi D1200 (26 cọc L=872m):P2A-P2B,11.7,0.0,11.7
C177,25,Cọc khoan nhồi D1200 (26 cọc L=872m):P2A-P2B,11.7,0.0,11.7
C178,25,Cọc khoan nhồi D1200 (26 cọc L=872m):P2A-P2B,11.7,0.0,11.7
C179,25,Cọc khoan nhồi D1200 (26 cọc L=872m):P2A-P2B,11.7,0.0,11.7
C180,25,Cọc khoan nhồi D1200 (26 cọc L=872m):P2A-P2B,11.7,0.0,11.7
C181,25,Cọc khoan nhồi D1200 (26 cọc L=872m):P2A-P2B,11.7,0.0,11.7
C182,25,Cọc khoan nhồi D1200 (26 cọc L=872m):P2A-P2B,11.7,0.0,11.7
C183,25,Cọc khoan nhồi D1200 (26 cọc L=872m):P2A-P2B,11.7,0.0,11.7
C184,25,Cọc khoan nhồi D1200 (26 cọc L=872m):P2A-P2B,11.7,0.0,11.7
C185,25,Cọc khoan nhồi D1200 (26 cọc L=872m):P2A-P2B,11.7,0.0,11.7
C186,25,Cọc khoan nhồi D1200 (26 cọc L=872m):P2A-P2B,11.7,0.0,11.7
C187,25,Cọc khoan nhồi D1200 (26 cọc L=872m):P2A-P2B,11.7,0.0,11.7
C188,25,Cọc khoan nhồi D1200 (26 cọc L=872m):P2A-P2B,11.7,0.0,11.7
C189,25,Cọc khoan nhồi D1200 (26 cọc L=872m):P2A-P2B,11.7,0.0,11.7
C190,25,Cọc khoan nhồi D1200 (26 cọc L=872m):P2A-P2B,11.7,0.0,11.7
C191,25,Cọc khoan nhồi D1200 (26 cọc L=872m):P2A-P2B,11.7,0.0,11.7
C192,25,Cọc khoan nhồi D1200 (26 cọc L=872m):P2A-P2B,11.7,0.0,11.7
C193,25,Cọc khoan nhồi D1200 (26 cọc L=872m):P2A-P2B,11.7,0.0,11.7
C194,25,Cọc khoan nhồi D1200 (26 cọc L=872m):P2A-P2B,11.7,0.0,11.7
C195,25,Cọc khoan nhồi D1200 (26 cọc L=872m):P2A-P2B,11.7,0.0,11.7
C196,25,Cọc khoan nhồi D1200 (26 cọc L=872m):P2A-P2B,11.7,0.0,11.7
C197,25,Cọc khoan nhồi D1200 (26 cọc L=872m):P2A-P2B,11.7,0.0,11.7
C198,25,Cọc khoan nhồi D1200 (26 cọc L=872m):P2A-P2B,11.7,0.0,11.7
C199,25,Cọc khoan nhồi D1200 (26 cọc L=872m):P2A-P2B,11.7,0.0,11.7
C200,25,Cọc khoan nhồi D1200 (26 cọc L=872m):P2A-P2B,11.7,0.0,11.7
C201,25,Cọc khoan nhồi D1200 (26 cọc L=872m):P2A-P2B,11.7,0.0,11.7
C202,25,Cọc khoan nhồi D1200 (26 cọc L=872m):P2A-P2B,11.7,0.0,11.7
C203,25,Cọc khoan nhồi D1200 (26 cọc L=872m):P2A-P2B,11.7,0.0,11.7
C204,25,Cọc khoan nhồi D1200 (26 cọc L=872m):P2A-P2B,11.7,0.0,11.7
C205,25,Cọc khoan nhồi D1200 (26 cọc L=872m):P2A-P2B,11.7,0.0,11.7
C206,25,Cọc khoan nhồi D1200 (26 cọc L=872m):P2A-P2B,11.7,0.0,11.7
C207,25,Cọc khoan nhồi D1200 (26 cọc L=872m):P2A-P2B,11.7,0.0,11.7
C208,25,Cọc khoan nhồi D1200 (26 cọc L=872m):P2A-P2B,11.7,0.0,11.7
C209,25,Cọc khoan nhồi D1200 (26 cọc L=872m):P2A-P2B,11.7,0.0,11.7
C210,25,Cọc khoan nhồi D1200 (26 cọc L=872m):P2A-P2B,11.7,0.0,11.7
C211,25,Cọc khoan nhồi D1200 (26 cọc L=872m):P2A-P2B,11.7,0.0,11.7
C212,25,Cọc khoan nhồi D1200 (26 cọc L=872m):P2A-P2B,11.7,0.0,11.7
C213,25,Cọc khoan nhồi D1200 (26 cọc L=872m):P2A-P2B,11.7,0.0,11.7
C214,25,Cọc khoan nhồi D1200 (26 cọc L=872m):P2A-P2B,11.7,0.0,11.7
C215,25,Cọc khoan nhồi D1200 (26 cọc L=872m):P2A-P2B,11.7,0.0,11.7
C216,25,Cọc khoan nhồi D1200 (26 cọc L=872m):P2A-P2B,11.7,0.0,11.7
C217,25,Cọc khoan nhồi D1200 (26 cọc L=872m):P2A-P2B,11.7,0.0,11.7
C218,25,Cọc khoan nhồi D1200 (26 cọc L=872m):P2A-P2B,11.7,0.0,11.7
C219,25,Cọc khoan nhồi D1200 (26 cọc L=872m):P2A-P2B,11.7,0.0,11.7
C220,25,Cọc khoan nhồi D1200 (26 cọc L=872m):P2A-P2B,11.7,0.0,11.7
C221,25,Cọc khoan nhồi D1200 (26 cọc L=872m):P2A-P2B,11.7,0.0,11.7
C222,25,Cọc khoan nhồi D1200 (26 cọc L=872m):P2A-P2B,11.7,0.0,11.7
C223,25,Cọc khoan nhồi D1200 (26 cọc L=872m):P2A-P2B,11.7,0.0,11.7
C224,25,Cọc khoan nhồi D1200 (26 cọc L=872m):P2A-P2B,11.7,0.0,11.7
C225,25,Cọc khoan nhồi D1200 (26 cọc L=872m):P2A-P2B,11.7,0.0,11.7
C226,25,Cọc khoan nhồi D1200 (26 cọc L=872m):P2A-P2B,11.7,0.0,11.7
C227,25,Cọc khoan nhồi D1200 (26 cọc L=872m):P2A-P2B,11.7,0.0,11.7
C228,25,Cọc khoan nhồi D1200 (26 cọc L=872m):P2A-P2B,11.7,0.0,11.7
C229,25,Cọc khoan nhồi D1200 (26 cọc L=872m):P2A-P2B,11.7,0.0,11.7
C230,25,Cọc khoan nhồi D1200 (26 cọc L=872m):P2A-P2B,11.7,0.0,11.7
C231,25,Cọc khoan nhồi D1200 (26 cọc L=872m):P2A-P2B,11.7,0.0,11.7
C232,25,Cọc khoan nhồi D1200 (26 cọc L=872m):P2A-P2B,11.7,0.0,11.7
C233,25,Cọc khoan nhồi D1200 (26 cọc L=872m):P2A-P2B,11.7,0.0,11.7
C234,25,Cọc khoan nhồi D1200 (26 cọc L=872m):P2A-P2B,11.7,0.0,11.7
C235,25,Cọc khoan nhồi D1200 (26 cọc L=872m):P2A-P2B,11.7,0.0,11.7
C236,25,Cọc khoan nhồi D1200 (26 cọc L=872m):P2A-P2B,11.7,0.0,11.7
C237,25,Cọc khoan nhồi D1200 (26 cọc L=872m):P2A-P2B,11.7,0.0,11.7
C238,25,Cọc khoan nhồi D1200 (26 cọc L=872m):P2A-P2B,11.7,0.0,11.7
C239,25,Cọc khoan nhồi D1200 (26 cọc L=872m):P2A-P2B,11.7,0.0,11.7
C240,25,Cọc khoan nhồi D1200 (26 cọc L=872m):P2A-P2B,11.7,0.0,11.7
C241,25,Cọc khoan nhồi D1200 (26 cọc L=872m):P2A-P2B,11.7,0.0,11.7
C242,25,Cọc khoan nhồi D1200 (26 cọc L=872m):P2A-P2B,11.7,0.0,11.7
C243,25,Cọc khoan nhồi D1200 (26 cọc L=872m):P2A-P2B,11.7,0.0,11.7
C244,25,Cọc khoan nhồi D1200 (26 cọc L=872m):P2A-P2B,11.7,0.0,11.7
C245,25,Cọc khoan nhồi D1200 (26 cọc L=872m):P2A-P2B,11.7,0.0,11.7
C246,25,Cọc khoan nhồi D1200 (26 cọc L=872m):P2A-P2B,11.7,0.0,11.7
C247,25,Cọc khoan nhồi D1200 (26 cọc L=872m):P2A-P2B,11.7,0.0,11.7
C248,25,Cọc khoan nhồi D1200 (26 cọc L=872m):P2A-P2B,11.7,0.0,11.7
C249,25,Cọc khoan nhồi D1200 (26 cọc L=872m):P2A-P2B,11.7,0.0,11.7
C250,25,Cọc khoan nhồi D1200 (26 cọc L=872m):P2A-P2B,11.7,0.0,11.7
C251,25,Cọc khoan nhồi D1200 (26 cọc L=872m):P2A-P2B,11.7,0.0,11.7
C252,25,Cọc khoan nhồi D1200 (26 cọc L=872m):P2A-P2B,11.7,0.0,11.7
C253,25,Cọc khoan nhồi D1200 (26 cọc L=872m):P2A-P2B,11.7,0.0,11.7
C254,25,Cọc khoan nhồi D1200 (26 cọc L=872m):P2A-P2B,11.7,0.0,11.7
C255,25,Cọc khoan nhồi D1200 (26 cọc L=872m):P2A-P2B,11.7,0.0,11.7
C256,25,Cọc khoan nhồi D1200 (26 cọc L=872m):P2A-P2B,11.7,0.0,11.7
C257,25,Cọc khoan nhồi D1200 (26 cọc L=872m):P2A-P2B,11.7,0.0,11.7
C258,25,Cọc khoan nhồi D1200 (26 cọc L=872m):P2A-P2B,11.7,0.0,11.7
C259,25,Cọc khoan nhồi D1200 (26 cọc L=872m):P2A-P2B,11.7,0.0,11.7
C260,25,Cọc khoan nhồi D1200 (26 cọc L=872m):P2A-P2B,11.7,0.0,11.7
C261,25,Cọc khoan nhồi D1200 (26 cọc L=872m):P2A-P2B,11.7,0.0,11.7
C262,25,Cọc khoan nhồi D1200 (26 cọc L=872m):P2A-P2B,11.7,0.0,11.7
C263,25,Cọc khoan nhồi D1200 (26 cọc L=872m):P2A-P2B,11.7,0.0,11.7
C264,25,Cọc khoan nhồi D1200 (26 cọc L=872m):P2A-P2B,11.7,0.0,11.7
C265,25,Cọc khoan nhồi D1200 (26 cọc L=872m):P2A-P2B,11.7,0.0,11.7
C266,25,Cọc khoan nhồi D1200 (26 cọc L=872m):P2A-P2B,11.7,0.0,11.7
C267,25,Cọc khoan nhồi D1200 (26 cọc L=872m):P2A-P2B,11.7,0.0,11.7
C268,25,Cọc khoan nhồi D1200 (26 cọc L=872m):P2A-P2B,11.7,0.0,11.7
C269,25,Cọc khoan nhồi D1200 (26 cọc L=872m):P2A-P2B,11.7,0.0,11.7
C270,25,Cọc khoan nhồi D1200 (26 cọc L=872m):P2A-P2B,11.7,0.0,11.7
C271,25,Cọc khoan nhồi D1200 (26 cọc L=872m):P2A-P2B,11.7,0.0,11.7
C272,25,Cọc khoan nhồi D1200 (26 cọc L=872m):P2A-P2B,11.7,0.0,11.7
C273,25,Cọc khoan nhồi D1200 (26 cọc L=872m):P2A-P2B,11.7,0.0,11.7
C274,25,Cọc khoan nhồi D1200 (26 cọc L=872m):P2A-P2B,11.7,0.0,11.7
C275,25,Cọc khoan nhồi D1200 (26 cọc L=872m):P2A-P2B,11.7,0.0,11.7
C276,25,Cọc khoan nhồi D1200 (26 cọc L=872m):P2A-P2B,11.7,0.0,11.7
C277,25,Cọc khoan nhồi D1200 (26 cọc L=872m):P2A-P2B,11.7,0.0,11.7
C278,25,Cọc khoan nhồi D1200 (26 cọc L=872m):P2A-P2B,11.7,0.0,11.7
C279,25,Cọc khoan nhồi D1200 (26 cọc L=872m):P2A-P2B,11.7,0.0,11.7
C280,25,Cọc khoan nhồi D1200 (26 cọc L=872m):P2A-P2B,11.7,0.0,11.7
C281,25,Cọc khoan nhồi D1200 (26 cọc L=872m):P2A-P2B,11.7,0.0,11.7
C282,25,Cọc khoan nhồi D1200 (26 cọc L=872m):P2A-P2B,11.7,0.0,11.7
C283,25,Cọc khoan nhồi D1200 (26 cọc L=872m):P2A-P2B,11.7,0.0,11.7
C284,25,Cọc khoan nhồi D1200 (26 cọc L=872m):P2A-P2B,11.7,0.0,11.7
C285,25,Cọc khoan nhồi D1200 (26 cọc L=872m):P2A-P2B,11.7,0.0,11.7
C286,25,Cọc khoan nhồi D1200 (26 cọc L=872m):P2A-P2B,11.7,0.0,11.7
C287,25,Cọc khoan nhồi D1200 (26 cọc L=872m):P2A-P2B,11.7,0.0,11.7
C288,25,Cọc khoan nhồi D1200 (26 cọc L=872m):P2A-P2B,11.7,0.0,11.7
C289,25,Cọc khoan nhồi D1200 (26 cọc L=872m):P2A-P2B,11.7,0.0,11.7
C290,25,Cọc khoan nhồi D1200 (26 cọc L=872m):P2A-P2B,11.7,0.0,11.7
C291,25,Cọc khoan nhồi D1200 (26 cọc L=872m):P2A-P2B,11.7,0.0,11.7
C292,25,Cọc khoan nhồi D1200 (26 cọc L=872m):P2A-P2B,11.7,0.0,11.7
C293,25,Cọc khoan nhồi D1200 (26 cọc L=872m):P2A-P2B,11.7,0.0,11.7
C294,25,Cọc khoan nhồi D1200 (26 cọc L=872m):P2A-P2B,11.7,0.0,11.7
C295,25,Cọc khoan nhồi D1200 (26 cọc L=872m):P2A-P2B,11.7,0.0,11.7
C296,25,Cọc khoan nhồi D1200 (26 cọc L=872m):P2A-P2B,11.7,0.0,11.7
C297,25,Cọc khoan nhồi D1200 (26 cọc L=872m):P2A-P2B,11.7,0.0,11.7
C298,25,Cọc khoan nhồi D1200 (26 cọc L=872m):P2A-P2B,11.7,0.0,11.7
C299,25,Cọc khoan nhồi D1200 (26 cọc L=872m):P2A-P2B,11.7,0.0,11.7
C300,25,Cọc khoan nhồi D1200 (26 cọc L=872m):P2A-P2B,11.7,0.0,11.7
C301,25,Cọc khoan nhồi D1200 (26 cọc L=872m):P2A-P2B,11.7,0.0,11.7
C302,25,Cọc khoan nhồi D1200 (26 cọc L=872m):P2A-P2B,11.7,0.0,11.7
C303,25,Cọc khoan nhồi D1200 (26 cọc L=872m):P2A-P2B,11.7,0.0,11.7
C304,25,Cọc khoan nhồi D1200 (26 cọc L=872m):P2A-P2B,11.7,0.0,11.7
C305,25,Cọc khoan nhồi D1200 (26 cọc L=872m):P2A-P2B,11.7,0.0,11.7
C306,25,Cọc khoan nhồi D1200 (26 cọc L=872m):P2A-P2B,11.7,0.0,11.7
C307,25,Cọc khoan nhồi D1200 (26 cọc L=872m):P2A-P2B,11.7,0.0,11.7
C308,25,Cọc khoan nhồi D1200 (26 cọc L=872m):P2A-P2B,11.7,0.0,11.7
C309,25,Cọc khoan nhồi D1200 (26 cọc L=872m):P2A-P2B,11.7,0.0,11.7
C310,25,Cọc khoan nhồi D1200 (26 cọc L=872m):P2A-P2B,11.7,0.0,11.7
C311,25,Cọc khoan nhồi D1200 (26 cọc L=872m):P2A-P2B,11.7,0.0,11.7
C312,25,Cọc khoan nhồi D1200 (26 cọc L=872m):P2A-P2B,11.7,0.0,11.7
C313,25,Cọc khoan nhồi D1200 (26 cọc L=872m):P2A-P2B,11.7,0.0,11.7
C314,25,Cọc khoan nhồi D1200 (26 cọc L=872m):P2A-P2B,11.7,0.0,11.7
C315,25,Cọc khoan nhồi D1200 (26 cọc L=872m):P2A-P2B,11.7,0.0,11.7
C316,25,Cọc khoan nhồi D1200 (26 cọc L=872m):P2A-P2B,11.7,0.0,11.7
C317,25,Cọc khoan nhồi D1200 (26 cọc L=872m):P2A-P2B,11.7,0.0,11.7
C318,25,Cọc khoan nhồi D1200 (26 cọc L=872m):P2A-P2B,11.7,0.0,11.7
C319,25,Cọc khoan nhồi D1200 (26 cọc L=872m):P2A-P2B,11.7,0.0,11.7
C320,25,Cọc khoan nhồi D1200 (26 cọc L=872m):P2A-P2B,11.7,0.0,11.7
C321,25,Cọc khoan nhồi D1200 (26 cọc L=872m):P2A-P2B,11.7,0.0,11.7
C322,25,Cọc khoan nhồi D1200 (26 cọc L=872m):P2A-P2B,11.7,0.0,11.7
C323,25,Cọc khoan nhồi D1200 (26 cọc L=872m):P2A-P2B,11.7,0.0,11.7
C324,25,Cọc khoan nhồi D1200 (26 cọc L=872m):P2A-P2B,11.7,0.0,11.7
C325,25,Cọc khoan nhồi D1200 (26 cọc L=872m):P2A-P2B,11.7,0.0,11.7
C326,25,Cọc khoan nhồi D1200 (26 cọc L=872m):P2A-P2B,11.7,0.0,11.7
C327,25,Cọc khoan nhồi D1200 (26 cọc L=872m):P2A-P2B,11.7,0.0,11.7
C328,25,Cọc khoan nhồi D1200 (26 cọc L=872m):P2A-P2B,11.7,0.0,11.7
C329,25,Cọc khoan nhồi D1200 (26 cọc L=872m):P2A-P2B,11.7,0.0,11.7
C330,25,Cọc khoan nhồi D1200 (26 cọc L=872m):P2A-P2B,11.7,0.0,11.7
C331,25,Cọc khoan nhồi D1200 (26 cọc L=872m):P2A-P2B,11.7,0.0,11.7
C332,25,Cọc khoan nhồi D1200 (26 cọc L=872m):P2A-P2B,11.7,0.0,11.7
C333,25,Cọc khoan nhồi D1200 (26 cọc L=872m):P2A-P2B,11.7,0.0,11.7
C334,25,Cọc khoan nhồi D1200 (26 cọc L=872m):P2A-P2B,11.7,0.0,11.7
C335,25,Cọc khoan nhồi D1200 (26 cọc L=872m):P2A-P2B,11.7,0.0,11.7
C336,25,Cọc khoan nhồi D1200 (26 cọc L=872m):P2A-P2B,11.7,0.0,11.7
C337,25,Cọc khoan nhồi D1200 (26 cọc L=872m):P2A-P2B,11.7,0.0,11.7
C338,25,Cọc khoan nhồi D1200 (26 cọc L=872m):P2A-P2B,11.7,0.0,11.7
C339,25,Cọc khoan nhồi D1200 (26 cọc L=872m):P2A-P2B,11.7,0.0,11.7
C340,25,Cọc khoan nhồi D1200 (26 cọc L=872m):P2A-P2B,11.7,0.0,11.7
C341,25,Cọc khoan nhồi D1200 (26 cọc L=872m):P2A-P2B,11.7,0.0,11.7
C342,25,Cọc khoan nhồi D1200 (26 cọc L=872m):P2A-P2B,11.7,0.0,11.7
C343,25,Cọc khoan nhồi D1200 (26 cọc L=872m):P2A-P2B,11.7,0.0,11.7
C344,25,Cọc khoan nhồi D1200 (26 cọc L=872m):P2A-P2B,11.7,0.0,11.7
C345,25,Cọc khoan nhồi D1200 (26 cọc L=872m):P2A-P2B,11.7,0.0,11.7
C346,25,Cọc khoan nhồi D1200 (26 cọc L=872m):P2A-P2B,11.7,0.0,11.7
C347,25,Cọc khoan nhồi D1200 (26 cọc L=872m):P2A-P2B,11.7,0.0,11.7
C348,25,Cọc khoan nhồi D1200 (26 cọc L=872m):P2A-P2B,11.7,0.0,11.7
C349,25,Cọc khoan nhồi D1200 (26 cọc L=872m):P2A-P2B,11.7,0.0,11.7
C350,25,Cọc khoan nhồi D1200 (26 cọc L=872m):P2A-P2B,11.7,0.0,11.7
C351,25,Cọc khoan nhồi D1200 (26 cọc L=872m):P2A-P2B,11.7,0.0,11.7
C352,25,Cọc khoan nhồi D1200 (26 cọc L=872m):P2A-P2B,11.7,0.0,11.7
C353,25,Cọc khoan nhồi D1200 (26 cọc L=872m):P2A-P2B,11.7,0.0,11.7
C354,25,Cọc khoan nhồi D1200 (26 cọc L=872m):P2A-P2B,11.7,0.0,11.7
C355,25,Cọc khoan nhồi D1200 (26 cọc L=872m):P2A-P2B,11.7,0.0,11.7
C356,25,Cọc khoan nhồi D1200 (26 cọc L=872m):P2A-P2B,11.7,0.0,11.7
C357,25,Cọc khoan nhồi D1200 (26 cọc L=872m):P2A-P2B,11.7,0.0,11.7
C358,25,Cọc khoan nhồi D1200 (26 cọc L=872m):P2A-P2B,11.7,0.0,11.7
C359,25,Cọc khoan nhồi D1200 (26 cọc L=872m):P2A-P2B,11.7,0.0,11.7
C360,25,Cọc khoan nhồi D1200 (26 cọc L=872m):P2A-P2B,11.7,0.0,11.7
C361,25,Cọc khoan nhồi D1200 (26 cọc L=872m):P2A-P2B,11.7,0.0,11.7
C362,25,Cọc khoan nhồi D1200 (26 cọc L=872m):P2A-P2B,11.7,0.0,11.7
C363,25,Cọc khoan nhồi D1200 (26 cọc L=872m):P2A-P2B,11.7,0.0,11.7
C364,25,Cọc khoan nhồi D1200 (26 cọc L=872m):P2A-P2B,11.7,0.0,11.7
C365,25,Cọc khoan nhồi D1200 (26 cọc L=872m):P2A-P2B,11.7,0.0,11.7
C366,25,Cọc khoan nhồi D1200 (26 cọc L=872m):P2A-P2B,11.7,0.0,11.7
C367,25,Cọc khoan nhồi D1200 (26 cọc L=872m):P2A-P2B,11.7,0.0,11.7
C368,25,Cọc khoan nhồi D1200 (26 cọc L=872m):P2A-P2B,11.7,0.0,11.7
C369,25,Cọc khoan nhồi D1200 (26 cọc L=872m):P2A-P2B,11.7,0.0,11.7
C370,25,Cọc khoan nhồi D1200 (26 cọc L=872m):P2A-P2B,11.7,0.0,11.7
C371,25,Cọc khoan nhồi D1200 (26 cọc L=872m):P2A-P2B,11.7,0.0,11.7
C372,25,Cọc khoan nhồi D1200 (26 cọc L=872m):P2A-P2B,11.7,0.0,11.7
C373,25,Cọc khoan nhồi D1200 (26 cọc L=872m):P2A-P2B,11.7,0.0,11.7
C374,25,Cọc khoan nhồi D1200 (26 cọc L=872m):P2A-P2B,11.7,0.0,11.7
C375,25,Cọc khoan nhồi D1200 (26 cọc L=872m):P2A-P2B,11.7,0.0,11.7
C376,25,Cọc khoan nhồi D1200 (26 cọc L=872m):P2A-P2B,11.7,0.0,11.7
C377,25,Cọc khoan nhồi D1200 (26 cọc L=872m):P2A-P2B,11.7,0.0,11.7
C378,25,Cọc khoan nhồi D1200 (26 cọc L=872m):P2A-P2B,11.7,0.0,11.7
C379,25,Cọc khoan nhồi D1200 (26 cọc L=872m):P2A-P2B,11.7,0.0,11.7
C380,25,Cọc khoan nhồi D1200 (26 cọc L=872m):P2A-P2B,11.7,0.0,11.7
C381,25,Cọc khoan nhồi D1200 (26 cọc L=872m):P2A-P2B,11.7,0.0,11.7
C382,25,Cọc khoan nhồi D1200 (26 cọc L=872m):P2A-P2B,11.7,0.0,11.7
C383,25,Cọc khoan nhồi D1200 (26 cọc L=872m):P2A-P2B,11.7,0.0,11.7
C384,25,Cọc khoan nhồi D1200 (26 cọc L=872m):P2A-P2B,11.7,0.0,11.7
C385,25,Cọc khoan nhồi D1200 (26 cọc L=872m):P2A-P2B,11.7,0.0,11.7
C386,25,Cọc khoan nhồi D1200 (26 cọc L=872m):P2A-P2B,11.7,0.0,11.7
C387,25,Cọc khoan nhồi D1200 (26 cọc L=872m):P2A-P2B,11.7,0.0,11.7
C388,25,Cọc khoan nhồi D1200 (26 cọc L=872m):P2A-P2B,11.7,0.0,11.7
C389,25,Cọc khoan nhồi D1200 (26 cọc L=872m):P2A-P2B,11.7,0.0,11.7
C390,25,Cọc khoan nhồi D1200 (26 cọc L=872m):P2A-P2B,11.7,0.0,11.7
C391,25,Cọc khoan nhồi D1200 (26 cọc L=872m):P2A-P2B,11.7,0.0,11.7
C392,25,Cọc khoan nhồi D1200 (26 cọc L=872m):P2A-P2B,11.7,0.0,11.7
C393,25,Cọc khoan nhồi D1200 (26 cọc L=872m):P2A-P2B,11.7,0.0,11.7
C394,25,Cọc khoan nhồi D1200 (26 cọc L=872m):P2A-P2B,11.7,0.0,11.7
C395,25,Cọc khoan nhồi D1200 (26 cọc L=872m):P2A-P2B,11.7,0.0,11.7
C396,25,Cọc khoan nhồi D1200 (26 cọc L=872m):P2A-P2B,11.7,0.0,11.7
C397,25,Cọc khoan nhồi D1200 (26 cọc L=872m):P2A-P2B,11.7,0.0,11.7
C398,25,Cọc khoan nhồi D1200 (26 cọc L=872m):P2A-P2B,11.7,0.0,11.7
C399,25,Cọc khoan nhồi D1200 (26 cọc L=872m):P2A-P2B,11.7,0.0,11.7
C400,25,Cọc khoan nhồi D1200 (26 cọc L=872m):P2A-P2B,11.7,0.0,11.7
C401,25,Cọc khoan nhồi D1200 (26 cọc L=872m):P2A-P2B,11.7,0.0,11.7
C402,25,Cọc khoan nhồi D1200 (26 cọc L=872m):P2A-P2B,11.7,0.0,11.7
C403,25,Cọc khoan nhồi D1200 (26 cọc L=872m):P2A-P2B,11.7,0.0,11.7
C404,25,Cọc khoan nhồi D1200 (26 cọc L=872m):P2A-P2B,11.7,0.0,11.7
C405,25,Cọc khoan nhồi D1200 (26 cọc L=872m):P2A-P2B,11.7,0.0,11.7
C406,25,Cọc khoan nhồi D1200 (26 cọc L=872m):P2A-P2B,11.7,0.0,11.7
C407,25,Cọc khoan nhồi D1200 (26 cọc L=872m):P2A-P2B,11.7,0.0,11.7
C408,25,Cọc khoan nhồi D1200 (26 cọc L=872m):P2A-P2B,11.7,0.0,11.7
C409,25,Cọc khoan nhồi D1200 (26 cọc L=872m):P2A-P2B,11.7,0.0,11.7
C410,25,Cọc khoan nhồi D1200 (26 cọc L=872m):P2A-P2B,11.7,0.0,11.7
C411,25,Cọc khoan nhồi D1200 (26 cọc L=872m):P2A-P2B,11.7,0.0,11.7
C412,25,Cọc khoan nhồi D1200 (26 cọc L=872m):P2A-P2B,11.7,0.0,11.7
C413,25,Cọc khoan nhồi D1200 (26 cọc L=872m):P2A-P2B,11.7,0.0,11.7
C414,25,Cọc khoan nhồi D1200 (26 cọc L=872m):P2A-P2B,11.7,0.0,11.7
C415,25,Cọc khoan nhồi D1200 (26 cọc L=872m):P2A-P2B,11.7,0.0,11.7
C416,25,Cọc khoan nhồi D1200 (26 cọc L=872m):P2A-P2B,11.7,0.0,11.7
C417,25,Cọc khoan nhồi D1200 (26 cọc L=872m):P2A-P2B,11.7,0.0,11.7
C418,25,Cọc khoan nhồi D1200 (26 cọc L=872m):P2A-P2B,11.7,0.0,11.7
C419,25,Cọc khoan nhồi D1200 (26 cọc L=872m):P2A-P2B,11.7,0.0,11.7
C420,25,Cọc khoan nhồi D1200 (26 cọc L=872m):P2A-P2B,11.7,0.0,11.7
C421,25,Cọc khoan nhồi D1200 (26 cọc L=872m):P2A-P2B,11.7,0.0,11.7
C422,25,Cọc khoan nhồi D1200 (26 cọc L=872m):P2A-P2B,11.7,0.0,11.7
C423,25,Cọc khoan nhồi D1200 (26 cọc L=872m):P2A-P2B,11.7,0.0,11.7
C424,25,Cọc khoan nhồi D1200 (26 cọc L=872m):P2A-P2B,11.7,0.0,11.7
C425,25,Cọc khoan nhồi D1200 (26 cọc L=872m):P2A-P2B,11.7,0.0,11.7
C426,25,Cọc khoan nhồi D1200 (26 cọc L=872m):P2A-P2B,11.7,0.0,11.7
C427,25,Cọc khoan nhồi D1200 (26 cọc L=872m):P2A-P2B,11.7,0.0,11.7
C428,25,Cọc khoan nhồi D1200 (26 cọc L=872m):P2A-P2B,11.7,0.0,11.7
C429,25,Cọc khoan nhồi D1200 (26 cọc L=872m):P2A-P2B,11.7,0.0,11.7
C430,25,Cọc khoan nhồi D1200 (26 cọc L=872m):P2A-P2B,11.7,0.0,11.7
C431,25,Cọc khoan nhồi D1200 (26 cọc L=872m):P2A-P2B,11.7,0.0,11.7
C432,25,Cọc khoan nhồi D1200 (26 cọc L=872m):P2A-P2B,11.7,0.0,11.7
C433,25,Cọc khoan nhồi D1200 (26 cọc L=872m):P2A-P2B,11.7,0.0,11.7
C434,25,Cọc khoan nhồi D1200 (26 cọc L=872m):P2A-P2B,11.7,0.0,11.7
C435,25,Cọc khoan nhồi D1200 (26 cọc L=872m):P2A-P2B,11.7,0.0,11.7
C436,25,Cọc khoan nhồi D1200 (26 cọc L=872m):P2A-P2B,11.7,0.0,11.7
C437,25,Cọc khoan nhồi D1200 (26 cọc L=872m):P2A-P2B,11.7,0.0,11.7
C438,25,Cọc khoan nhồi D1200 (26 cọc L=872m):P2A-P2B,11.7,0.0,11.7
C439,25,Cọc khoan nhồi D1200 (26 cọc L=872m):P2A-P2B,11.7,0.0,11.7
C440,25,Cọc khoan nhồi D1200 (26 cọc L=872m):P2A-P2B,11.7,0.0,11.7
C441,25,Cọc khoan nhồi D1200 (26 cọc L=872m):P2A-P2B,11.7,0.0,11.7
C442,25,Cọc khoan nhồi D1200 (26 cọc L=872m):P2A-P2B,11.7,0.0,11.7
C443,25,Cọc khoan nhồi D1200 (26 cọc L=872m):P2A-P2B,11.7,0.0,11.7
C444,25,Cọc khoan nhồi D1200 (26 cọc L=872m):P2A-P2B,11.7,0.0,11.7
C445,25,Cọc khoan nhồi D1200 (26 cọc L=872m):P2A-P2B,11.7,0.0,11.7
C446,25,Cọc khoan nhồi D1200 (26 cọc L=872m):P2A-P2B,11.7,0.0,11.7
C447,25,Cọc khoan nhồi D1200 (26 cọc L=872m):P2A-P2B,11.7,0.0,11.7
C448,25,Cọc khoan nhồi D1200 (26 cọc L=872m):P2A-P2B,11.7,0.0,11.7
C449,25,Cọc khoan nhồi D1200 (26 cọc L=872m):P2A-P2B,11.7,0.0,11.7
C450,25,Cọc khoan nhồi D1200 (26 cọc L=872m):P2A-P2B,11.7,0.0,11.7
C451,25,Cọc khoan nhồi D1200 (26 cọc L=872m):P2A-P2B,11.7,0.0,11.7
C452,25,Cọc khoan nhồi D1200 (26 cọc L=872m):P2A-P2B,11.7,0.0,11.7
C453,25,Cọc khoan nhồi D1200 (26 cọc L=872m):P2A-P2B,11.7,0.0,11.7
C454,25,Cọc khoan nhồi D1200 (26 cọc L=872m):P2A-P2B,11.7,0.0,11.7
C455,25,Cọc khoan nhồi D1200 (26 cọc L=872m):P2A-P2B,11.7,0.0,11.7
C456,25,Cọc khoan nhồi D1200 (26 cọc L=872m):P2A-P2B,11.7,0.0,11.7
C457,25,Cọc khoan nhồi D1200 (26 cọc L=872m):P2A-P2B,11.7,0.0,11.7
C458,25,Cọc khoan nhồi D1200 (26 cọc L=872m):P2A-P2B,11.7,0.0,11.7
C459,25,Cọc khoan nhồi D1200 (26 cọc L=872m):P2A-P2B,11.7,0.0,11.7
C460,25,Cọc khoan nhồi D1200 (26 cọc L=872m):P2A-P2B,11.7,0.0,11.7
C461,25,Cọc khoan nhồi D1200 (26 cọc L=872m):P2A-P2B,11.7,0.0,11.7
C462,25,Cọc khoan nhồi D1200 (26 cọc L=872m):P2A-P2B,11.7,0.0,11.7
C463,25,Cọc khoan nhồi D1200 (26 cọc L=872m):P2A-P2B,11.7,0.0,11.7
C464,25,Cọc khoan nhồi D1200 (26 cọc L=872m):P2A-P2B,11.7,0.0,11.7
C465,25,Cọc khoan nhồi D1200 (26 cọc L=872m):P2A-P2B,11.7,0.0,11.7
C466,25,Cọc khoan nhồi D1200 (26 cọc L=872m):P2A-P2B,11.7,0.0,11.7
C467,25,Cọc khoan nhồi D1200 (26 cọc L=872m):P2A-P2B,11.7,0.0,11.7
C468,25,Cọc khoan nhồi D1200 (26 cọc L=872m):P2A-P2B,11.7,0.0,11.7
C469,25,Cọc khoan nhồi D1200 (26 cọc L=872m):P2A-P2B,11.7,0.0,11.7
C470,25,Cọc khoan nhồi D1200 (26 cọc L=872m):P2A-P2B,11.7,0.0,11.7
C471,25,Cọc khoan nhồi D1200 (26 cọc L=872m):P2A-P2B,11.7,0.0,11.7
C472,25,Cọc khoan nhồi D1200 (26 cọc L=872m):P2A-P2B,11.7,0.0,11.7
C473,25,Cọc khoan nhồi D1200 (26 cọc L=872m):P2A-P2B,11.7,0.0,11.7
C474,25,Cọc khoan nhồi D1200 (26 cọc L=872m):P2A-P2B,11.7,0.0,11.7
C475,25,Cọc khoan nhồi D1200 (26 cọc L=872m):P2A-P2B,11.7,0.0,11.7
C476,25,Cọc khoan nhồi D1200 (26 cọc L=872m):P2A-P2B,11.7,0.0,11.7
C477,25,Cọc khoan nhồi D1200 (26 cọc L=872m):P2A-P2B,11.7,0.0,11.7
C478,25,Cọc khoan nhồi D1200 (26 cọc L=872m):P2A-P2B,11.7,0.0,11.7
C479,25,Cọc khoan nhồi D1200 (26 cọc L=872m):P2A-P2B,11.7,0.0,11.7
C480,25,Cọc khoan nhồi D1200 (26 cọc L=872m):P2A-P2B,11.7,0.0,11.7
C481,25,Cọc khoan nhồi D1200 (26 cọc L=872m):P2A-P2B,11.7,0.0,11.7
C482,25,Cọc khoan nhồi D1200 (26 cọc L=872m):P2A-P2B,11.7,0.0,11.7
C483,25,Cọc khoan nhồi D1200 (26 cọc L=872m):P2A-P2B,11.7,0.0,11.7
C484,25,Cọc khoan nhồi D1200 (26 cọc L=872m):P2A-P2B,11.7,0.0,11.7
C485,25,Cọc khoan nhồi D1200 (26 cọc L=872m):P2A-P2B,11.7,0.0,11.7
C486,25,Cọc khoan nhồi D1200 (26 cọc L=872m):P2A-P2B,11.7,0.0,11.7
C487,25,Cọc khoan nhồi D1200 (26 cọc L=872m):P2A-P2B,11.7,0.0,11.7
C488,25,Cọc khoan nhồi D1200 (26 cọc L=872m):P2A-P2B,11.7,0.0,11.7
C489,25,Cọc khoan nhồi D1200 (26 cọc L=872m):P2A-P2B,11.7,0.0,11.7
C490,25,Cọc khoan nhồi D1200 (26 cọc L=872m):P2A-P2B,11.7,0.0,11.7
C491,25,Cọc khoan nhồi D1200 (26 cọc L=872m):P2A-P2B,11.7,0.0,11.7
C492,25,Cọc khoan nhồi D1200 (26 cọc L=872m):P2A-P2B,11.7,0.0,11.7
C493,25,Cọc khoan nhồi D1200 (26 cọc L=872m):P2A-P2B,11.7,0.0,11.7
C494,25,Cọc khoan nhồi D1200 (26 cọc L=872m):P2A-P2B,11.7,0.0,11.7
C495,25,Cọc khoan nhồi D1200 (26 cọc L=872m):P2A-P2B,11.7,0.0,11.7
C496,25,Cọc khoan nhồi D1200 (26 cọc L=872m):P2A-P2B,11.7,0.0,11.7
C497,25,Cọc khoan nhồi D1200 (26 cọc L=872m):P2A-P2B,11.7,0.0,11.7
C498,25,Cọc khoan nhồi D1200 (26 cọc L=872m):P2A-P2B,11.7,0.0,11.7
C499,25,Cọc khoan nhồi D1200 (26 cọc L=872m):P2A-P2B,11.7,0.0,11.7
C500,25,Cọc khoan nhồi D1200 (26 cọc L=872m):P2A-P2B,11.7,0.0,11.7
C501,25,Cọc khoan nhồi D1200 (26 cọc L=872m):P2A-P2B,11.7,0.0,11.7
C502,25,Cọc khoan nhồi D1200 (26 cọc L=872m):P2A-P2B,11.7,0.0,11.7
C503,25,Cọc khoan nhồi D1200 (26 cọc L=872m):P2A-P2B,11.7,0.0,11.7
C504,25,Cọc khoan nhồi D1200 (26 cọc L=872m):P2A-P2B,11.7,0.0,11.7
C505,25,Cọc khoan nhồi D1200 (26 cọc L=872m):P2A-P2B,11.7,0.0,11.7
C506,25,Cọc khoan nhồi D1200 (26 cọc L=872m):P2A-P2B,11.7,0.0,11.7
C507,25,Cọc khoan nhồi D1200 (26 cọc L=872m):P2A-P2B,11.7,0.0,11.7
C508,25,Cọc khoan nhồi D1200 (26 cọc L=872m):P2A-P2B,11.7,0.0,11.7
C509,25,Cọc khoan nhồi D1200 (26 cọc L=872m):P2A-P2B,11.7,0.0,11.7
C510,25,Cọc khoan nhồi D1200 (26 cọc L=872m):P2A-P2B,11.7,0.0,11.7
C511,25,Cọc khoan nhồi D1200 (26 cọc L=872m):P2A-P2B,11.7,0.0,11.7
C512,25,Cọc khoan nhồi D1200 (26 cọc L=872m):P2A-P2B,11.7,0.0,11.7
C513,25,Cọc khoan nhồi D1200 (26 cọc L=872m):P2A-P2B,11.7,0.0,11.7
C514,25,Cọc khoan nhồi D1200 (26 cọc L=872m):P2A-P2B,11.7,0.0,11.7
C515,25,Cọc khoan nhồi D1200 (26 cọc L=872m):P2A-P2B,11.7,0.0,11.7
C516,25,Cọc khoan nhồi D1200 (26 cọc L=872m):P2A-P2B,11.7,0.0,11.7
C517,25,Cọc khoan nhồi D1200 (26 cọc L=872m):P2A-P2B,11.7,0.0,11.7
C518,25,Cọc khoan nhồi D1200 (26 cọc L=872m):P2A-P2B,11.7,0.0,11.7
C519,25,Cọc khoan nhồi D1200 (26 cọc L=872m):P2A-P2B,11.7,0.0,11.7
C520,25,Cọc khoan nhồi D1200 (26 cọc L=872m):P2A-P2B,11.7,0.0,11.7
C521,25,Cọc khoan nhồi D1200 (26 cọc L=872m):P2A-P2B,11.7,0.0,11.7
C522,25,Cọc khoan nhồi D1200 (26 cọc L=872m):P2A-P2B,11.7,0.0,11.7
C523,25,Cọc khoan nhồi D1200 (26 cọc L=872m):P2A-P2B,11.7,0.0,11.7
C524,25,Cọc khoan nhồi D1200 (26 cọc L=872m):P2A-P2B,11.7,0.0,11.7
C525,25,Cọc khoan nhồi D1200 (26 cọc L=872m):P2A-P2B,11.7,0.0,11.7
C526,25,Cọc khoan nhồi D1200 (26 cọc L=872m):P2A-P2B,11.7,0.0,11.7
C527,25,Cọc khoan nhồi D1200 (26 cọc L=872m):P2A-P2B,11.7,0.0,11.7
C528,25,Cọc khoan nhồi D1200 (26 cọc L=872m):P2A-P2B,11.7,0.0,11.7
C529,25,Cọc khoan nhồi D1200 (26 cọc L=872m):P2A-P2B,11.7,0.0,11.7
C530,25,Cọc khoan nhồi D1200 (26 cọc L=872m):P2A-P2B,11.7,0.0,11.7
C531,25,Cọc khoan nhồi D1200 (26 cọc L=872m):P2A-P2B,11.7,0.0,11.7
C532,25,Cọc khoan nhồi D1200 (26 cọc L=872m):P2A-P2B,11.7,0.0,11.7
C533,25,Cọc khoan nhồi D1200 (26 cọc L=872m):P2A-P2B,11.7,0.0,11.7
C534,25,Cọc khoan nhồi D1200 (26 cọc L=872m):P2A-P2B,11.7,0.0,11.7
C535,25,Cọc khoan nhồi D1200 (26 cọc L=872m):P2A-P2B,11.7,0.0,11.7
C536,25,Cọc khoan nhồi D1200 (26 cọc L=872m):P2A-P2B,11.7,0.0,11.7
C537,25,Cọc khoan nhồi D1200 (26 cọc L=872m):P2A-P2B,11.7,0.0,11.7
C538,25,Cọc khoan nhồi D1200 (26 cọc L=872m):P2A-P2B,11.7,0.0,11.7
C539,25,Cọc khoan nhồi D1200 (26 cọc L=872m):P2A-P2B,11.7,0.0,11.7
C540,25,Cọc khoan nhồi D1200 (26 cọc L=872m):P2A-P2B,11.7,0.0,11.7
C541,25,Cọc khoan nhồi D1200 (26 cọc L=872m):P2A-P2B,11.7,0.0,11.7
C542,25,Cọc khoan nhồi D1200 (26 cọc L=872m):P2A-P2B,11.7,0.0,11.7
C543,25,Cọc khoan nhồi D1200 (26 cọc L=872m):P2A-P2B,11.7,0.0,11.7
C544,25,Cọc khoan nhồi D1200 (26 cọc L=872m):P2A-P2B,11.7,0.0,11.7
C545,25,Cọc khoan nhồi D1200 (26 cọc L=872m):P2A-P2B,11.7,0.0,11.7
C546,25,Cọc khoan nhồi D1200 (26 cọc L=872m):P2A-P2B,11.7,0.0,11.7
C547,25,Cọc khoan nhồi D1200 (26 cọc L=872m):P2A-P2B,11.7,0.0,11.7
C548,25,Cọc khoan nhồi D1200 (26 cọc L=872m):P2A-P2B,11.7,0.0,11.7
C549,25,Cọc khoan nhồi D1200 (26 cọc L=872m):P2A-P2B,11.7,0.0,11.7
C550,25,Cọc khoan nhồi D1200 (26 cọc L=872m):P2A-P2B,11.7,0.0,11.7
C551,25,Cọc khoan nhồi D1200 (26 cọc L=872m):P2A-P2B,11.7,0.0,11.7
C552,25,Cọc khoan nhồi D1200 (26 cọc L=872m):P2A-P2B,11.7,0.0,11.7
C553,25,Cọc khoan nhồi D1200 (26 cọc L=872m):P2A-P2B,11.7,0.0,11.7
C554,25,Cọc khoan nhồi D1200 (26 cọc L=872m):P2A-P2B,11.7,0.0,11.7
C555,25,Cọc khoan nhồi D1200 (26 cọc L=872m):P2A-P2B,11.7,0.0,11.7
C556,25,Cọc khoan nhồi D1200 (26 cọc L=872m):P2A-P2B,11.7,0.0,11.7
C557,25,Cọc khoan nhồi D1200 (26 cọc L=872m):P2A-P2B,11.7,0.0,11.7
C558,25,Cọc khoan nhồi D1200 (26 cọc L=872m):P2A-P2B,11.7,0.0,11.7
C559,25,Cọc khoan nhồi D1200 (26 cọc L=872m):P2A-P2B,11.7,0.0,11.7
C560,25,Cọc khoan nhồi D1200 (26 cọc L=872m):P2A-P2B,11.7,0.0,11.7
C561,25,Cọc khoan nhồi D1200 (26 cọc L=872m):P2A-P2B,11.7,0.0,11.7
C562,25,Cọc khoan nhồi D1200 (26 cọc L=872m):P2A-P2B,11.7,0.0,11.7
C563,25,Cọc khoan nhồi D1200 (26 cọc L=872m):P2A-P2B,11.7,0.0,11.7
C564,25,Cọc khoan nhồi D1200 (26 cọc L=872m):P2A-P2B,11.7,0.0,11.7
C565,25,Cọc khoan nhồi D1200 (26 cọc L=872m):P2A-P2B,11.7,0.0,11.7
C566,25,Cọc khoan nhồi D1200 (26 cọc L=872m):P2A-P2B,11.7,0.0,11.7
C567,25,Cọc khoan nhồi D1200 (26 cọc L=872m):P2A-P2B,11.7,0.0,11.7
C568,25,Cọc khoan nhồi D1200 (26 cọc L=872m):P2A-P2B,11.7,0.0,11.7
C569,25,Cọc khoan nhồi D1200 (26 cọc L=872m):P2A-P2B,11.7,0.0,11.7
C570,25,Cọc khoan nhồi D1200 (26 cọc L=872m):P2A-P2B,11.7,0.0,11.7
C571,25,Cọc khoan nhồi D1200 (26 cọc L=872m):P2A-P2B,11.7,0.0,11.7
C572,25,Cọc khoan nhồi D1200 (26 cọc L=872m):P2A-P2B,11.7,0.0,11.7
C573,25,Cọc khoan nhồi D1200 (26 cọc L=872m):P2A-P2B,11.7,0.0,11.7
C574,25,Cọc khoan nhồi D1200 (26 cọc L=872m):P2A-P2B,11.7,0.0,11.7
C575,25,Cọc khoan nhồi D1200 (26 cọc L=872m):P2A-P2B,11.7,0.0,11.7
C576,25,Cọc khoan nhồi D1200 (26 cọc L=872m):P2A-P2B,11.7,0.0,11.7
C577,25,Cọc khoan nhồi D1200 (26 cọc L=872m):P2A-P2B,11.7,0.0,11.7
C578,25,Cọc khoan nhồi D1200 (26 cọc L=872m):P2A-P2B,11.7,0.0,11.7
C579,25,Cọc khoan nhồi D1200 (26 cọc L=872m):P2A-P2B,11.7,0.0,11.7
C580,25,Cọc khoan nhồi D1200 (26 cọc L=872m):P2A-P2B,11.7,0.0,11.7
C581,25,Cọc khoan nhồi D1200 (26 cọc L=872m):P2A-P2B,11.7,0.0,11.7
C582,25,Cọc khoan nhồi D1200 (26 cọc L=872m):P2A-P2B,11.7,0.0,11.7
C583,25,Cọc khoan nhồi D1200 (26 cọc L=872m):P2A-P2B,11.7,0.0,11.7
C584,25,Cọc khoan nhồi D1200 (26 cọc L=872m):P2A-P2B,11.7,0.0,11.7
C585,25,Cọc khoan nhồi D1200 (26 cọc L=872m):P2A-P2B,11.7,0.0,11.7
C586,25,Cọc khoan nhồi D1200 (26 cọc L=872m):P2A-P2B,11.7,0.0,11.7
C587,25,Cọc khoan nhồi D1200 (26 cọc L=872m):P2A-P2B,11.7,0.0,11.7
C588,25,Cọc khoan nhồi D1200 (26 cọc L=872m):P2A-P2B,11.7,0.0,11.7
C589,25,Cọc khoan nhồi D1200 (26 cọc L=872m):P2A-P2B,11.7,0.0,11.7
C590,25,Cọc khoan nhồi D1200 (26 cọc L=872m):P2A-P2B,11.7,0.0,11.7
C591,25,Cọc khoan nhồi D1200 (26 cọc L=872m):P2A-P2B,11.7,0.0,11.7
C592,25,Cọc khoan nhồi D1200 (26 cọc L=872m):P2A-P2B,11.7,0.0,11.7
C593,25,Cọc khoan nhồi D1200 (26 cọc L=872m):P2A-P2B,11.7,0.0,11.7
C594,25,Cọc khoan nhồi D1200 (26 cọc L=872m):P2A-P2B,11.7,0.0,11.7
C595,25,Cọc khoan nhồi D1200 (26 cọc L=872m):P2A-P2B,11.7,0.0,11.7
C596,25,Cọc khoan nhồi D1200 (26 cọc L=872m):P2A-P2B,11.7,0.0,11.7
C597,25,Cọc khoan nhồi D1200 (26 cọc L=872m):P2A-P2B,11.7,0.0,11.7
C598,25,Cọc khoan nhồi D1200 (26 cọc L=872m):P2A-P2B,11.7,0.0,11.7
C599,25,Cọc khoan nhồi D1200 (26 cọc L=872m):P2A-P2B,11.7,0.0,11.7
C600,25,Cọc khoan nhồi D1200 (26 cọc L=872m):P2A-P2B,11.7,0.0,11.7
C601,25,Cọc khoan nhồi D1200 (26 cọc L=872m):P2A-P2B,11.7,0.0,11.7
C602,25,Cọc khoan nhồi D1200 (26 cọc L=872m):P2A-P2B,11.7,0.0,11.7
C603,25,Cọc khoan nhồi D1200 (26 cọc L=872m):P2A-P2B,11.7,0.0,11.7
C604,25,Cọc khoan nhồi D1200 (26 cọc L=872m):P2A-P2B,11.7,0.0,11.7
C605,25,Cọc khoan nhồi D1200 (26 cọc L=872m):P2A-P2B,11.7,0.0,11.7
C606,25,Cọc khoan nhồi D1200 (26 cọc L=872m):P2A-P2B,11.7,0.0,11.7
C607,25,Cọc khoan nhồi D1200 (26 cọc L=872m):P2A-P2B,11.7,0.0,11.7
C608,25,Cọc khoan nhồi D1200 (26 cọc L=872m):P2A-P2B,11.7,0.0,11.7
C609,25,Cọc khoan nhồi D1200 (26 cọc L=872m):P2A-P2B,11.7,0.0,11.7
C610,25,Cọc khoan nhồi D1200 (26 cọc L=872m):P2A-P2B,11.7,0.0,11.7
C611,25,Cọc khoan nhồi D1200 (26 cọc L=872m):P2A-P2B,11.7,0.0,11.7
C612,25,Cọc khoan nhồi D1200 (26 cọc L=872m):P2A-P2B,11.7,0.0,11.7
C613,25,Cọc khoan nhồi D1200 (26 cọc L=872m):P2A-P2B,11.7,0.0,11.7
C614,25,Cọc khoan nhồi D1200 (26 cọc L=872m):P2A-P2B,11.7,0.0,11.7
C615,25,Cọc khoan nhồi D1200 (26 cọc L=872m):P2A-P2B,11.7,0.0,11.7
C616,25,Cọc khoan nhồi D1200 (26 cọc L=872m):P2A-P2B,11.7,0.0,11.7
C617,25,Cọc khoan nhồi D1200 (26 cọc L=872m):P2A-P2B,11.7,0.0,11.7
C618,25,Cọc khoan nhồi D1200 (26 cọc L=872m):P2A-P2B,11.7,0.0,11.7
C619,25,Cọc khoan nhồi D1200 (26 cọc L=872m):P2A-P2B,11.7,0.0,11.7
C620,25,Cọc khoan nhồi D1200 (26 cọc L=872m):P2A-P2B,11.7,0.0,11.7
C621,25,Cọc khoan nhồi D1200 (26 cọc L=872m):P2A-P2B,11.7,0.0,11.7
C622,25,Cọc khoan nhồi D1200 (26 cọc L=872m):P2A-P2B,11.7,0.0,11.7
C623,25,Cọc khoan nhồi D1200 (26 cọc L=872m):P2A-P2B,11.7,0.0,11.7
C624,25,Cọc khoan nhồi D1200 (26 cọc L=872m):P2A-P2B,11.7,0.0,11.7
C625,25,Cọc khoan nhồi D1200 (26 cọc L=872m):P2A-P2B,11.7,0.0,11.7
C626,25,Cọc khoan nhồi D1200 (26 cọc L=872m):P2A-P2B,11.7,0.0,11.7
C627,25,Cọc khoan nhồi D1200 (26 cọc L=872m):P2A-P2B,11.7,0.0,11.7
C628,25,Cọc khoan nhồi D1200 (26 cọc L=872m):P2A-P2B,11.7,0.0,11.7
C629,25,Cọc khoan nhồi D1200 (26 cọc L=872m):P2A-P2B,11.7,0.0,11.7
C630,25,Cọc khoan nhồi D1200 (26 cọc L=872m):P2A-P2B,11.7,0.0,11.7
C631,25,Cọc khoan nhồi D1200 (26 cọc L=872m):P2A-P2B,11.7,0.0,11.7
C632,25,Cọc khoan nhồi D1200 (26 cọc L=872m):P2A-P2B,11.7,0.0,11.7
C633,25,Cọc khoan nhồi D1200 (26 cọc L=872m):P2A-P2B,11.7,0.0,11.7
C634,25,Cọc khoan nhồi D1200 (26 cọc L=872m):P2A-P2B,11.7,0.0,11.7
C635,25,Cọc khoan nhồi D1200 (26 cọc L=872m):P2A-P2B,11.7,0.0,11.7
C636,25,Cọc khoan nhồi D1200 (26 cọc L=872m):P2A-P2B,11.7,0.0,11.7
C637,25,Cọc khoan nhồi D1200 (26 cọc L=872m):P2A-P2B,11.7,0.0,11.7
C638,25,Cọc khoan nhồi D1200 (26 cọc L=872m):P2A-P2B,11.7,0.0,11.7
C639,25,Cọc khoan nhồi D1200 (26 cọc L=872m):P2A-P2B,11.7,0.0,11.7
C640,25,Cọc khoan nhồi D1200 (26 cọc L=872m):P2A-P2B,11.7,0.0,11.7
C641,25,Cọc khoan nhồi D1200 (26 cọc L=872m):P2A-P2B,11.7,0.0,11.7
C642,25,Cọc khoan nhồi D1200 (26 cọc L=872m):P2A-P2B,11.7,0.0,11.7
C643,25,Cọc khoan nhồi D1200 (26 cọc L=872m):P2A-P2B,11.7,0.0,11.7
C644,25,Cọc khoan nhồi D1200 (26 cọc L=872m):P2A-P2B,11.7,0.0,11.7
C645,25,Cọc khoan nhồi D1200 (26 cọc L=872m):P2A-P2B,11.7,0.0,11.7
C646,25,Cọc khoan nhồi D1200 (26 cọc L=872m):P2A-P2B,11.7,0.0,11.7
C647,25,Cọc khoan nhồi D1200 (26 cọc L=872m):P2A-P2B,11.7,0.0,11.7
C648,25,Cọc khoan nhồi D1200 (26 cọc L=872m):P2A-P2B,11.7,0.0,11.7
C649,25,Cọc khoan nhồi D1200 (26 cọc L=872m):P2A-P2B,11.7,0.0,11.7
C650,25,Cọc khoan nhồi D1200 (26 cọc L=872m):P2A-P2B,11.7,0.0,11.7
C651,25,Cọc khoan nhồi D1200 (26 cọc L=872m):P2A-P2B,11.7,0.0,11.7
C652,25,Cọc khoan nhồi D1200 (26 cọc L=872m):P2A-P2B,11.7,0.0,11.7
C653,25,Cọc khoan nhồi D1200 (26 cọc L=872m):P2A-P2B,11.7,0.0,11.7
C654,25,Cọc khoan nhồi D1200 (26 cọc L=872m):P2A-P2B,11.7,0.0,11.7
C655,25,Cọc khoan nhồi D1200 (26 cọc L=872m):P2A-P2B,11.7,0.0,11.7
C656,25,Cọc khoan nhồi D1200 (26 cọc L=872m):P2A-P2B,11.7,0.0,11.7
C657,25,Cọc khoan nhồi D1200 (26 cọc L=872m):P2A-P2B,11.7,0.0,11.7
C658,25,Cọc khoan nhồi D1200 (26 cọc L=872m):P2A-P2B,11.7,0.0,11.7
C659,25,Cọc khoan nhồi D1200 (26 cọc L=872m):P2A-P2B,11.7,0.0,11.7
C660,25,Cọc khoan nhồi D1200 (26 cọc L=872m):P2A-P2B,11.7,0.0,11.7
C661,25,Cọc khoan nhồi D1200 (26 cọc L=872m):P2A-P2B,11.7,0.0,11.7
C662,25,Cọc khoan nhồi D1200 (26 cọc L=872m):P2A-P2B,11.7,0.0,11.7
C663,25,Cọc khoan nhồi D1200 (26 cọc L=872m):P2A-P2B,11.7,0.0,11.7
C664,25,Cọc khoan nhồi D1200 (26 cọc L=872m):P2A-P2B,11.7,0.0,11.7
C665,25,Cọc khoan nhồi D1200 (26 cọc L=872m):P2A-P2B,11.7,0.0,11.7
C666,25,Cọc khoan nhồi D1200 (26 cọc L=872m):P2A-P2B,11.7,0.0,11.7
C667,25,Cọc khoan nhồi D1200 (26 cọc L=872m):P2A-P2B,11.7,0.0,11.7
C668,25,Cọc khoan nhồi D1200 (26 cọc L=872m):P2A-P2B,11.7,0.0,11.7
C669,25,Cọc khoan nhồi D1200 (26 cọc L=872m):P2A-P2B,11.7,0.0,11.7
C670,25,Cọc khoan nhồi D1200 (26 cọc L=872m):P2A-P2B,11.7,0.0,11.7
C671,25,Cọc khoan nhồi D1200 (26 cọc L=872m):P2A-P2B,11.7,0.0,11.7
C672,25,Cọc khoan nhồi D1200 (26 cọc L=872m):P2A-P2B,11.7,0.0,11.7
C673,25,Cọc khoan nhồi D1200 (26 cọc L=872m):P2A-P2B,11.7,0.0,11.7
C674,25,Cọc khoan nhồi D1200 (26 cọc L=872m):P2A-P2B,11.7,0.0,11.7
C675,25,Cọc khoan nhồi D1200 (26 cọc L=872m):P2A-P2B,11.7,0.0,11.7
C676,25,Cọc khoan nhồi D1200 (26 cọc L=872m):P2A-P2B,11.7,0.0,11.7
C677,25,Cọc khoan nhồi D1200 (26 cọc L=872m):P2A-P2B,11.7,0.0,11.7
C678,25,Cọc khoan nhồi D1200 (26 cọc L=872m):P2A-P2B,11.7,0.0,11.7
C679,25,Cọc khoan nhồi D1200 (26 cọc L=872m):P2A-P2B,11.7,0.0,11.7
C680,25,Cọc khoan nhồi D1200 (26 cọc L=872m):P2A-P2B,11.7,0.0,11.7
C681,25,Cọc khoan nhồi D1200 (26 cọc L=872m):P2A-P2B,11.7,0.0,11.7
C682,25,Cọc khoan nhồi D1200 (26 cọc L=872m):P2A-P2B,11.7,0.0,11.7
C683,25,Cọc khoan nhồi D1200 (26 cọc L=872m):P2A-P2B,11.7,0.0,11.7
C684,25,Cọc khoan nhồi D1200 (26 cọc L=872m):P2A-P2B,11.7,0.0,11.7
C685,25,Cọc khoan nhồi D1200 (26 cọc L=872m):P2A-P2B,11.7,0.0,11.7
C686,25,Cọc khoan nhồi D1200 (26 cọc L=872m):P2A-P2B,11.7,0.0,11.7
C687,25,Cọc khoan nhồi D1200 (26 cọc L=872m):P2A-P2B,11.7,0.0,11.7
C688,25,Cọc khoan nhồi D1200 (26 cọc L=872m):P2A-P2B,11.7,0.0,11.7
C689,25,Cọc khoan nhồi D1200 (26 cọc L=872m):P2A-P2B,11.7,0.0,11.7
C690,25,Cọc khoan nhồi D1200 (26 cọc L=872m):P2A-P2B,11.7,0.0,11.7
C691,25,Cọc khoan nhồi D1200 (26 cọc L=872m):P2A-P2B,11.7,0.0,11.7
C692,25,Cọc khoan nhồi D1200 (26 cọc L=872m):P2A-P2B,11.7,0.0,11.7
C693,25,Cọc khoan nhồi D1200 (26 cọc L=872m):P2A-P2B,11.7,0.0,11.7
C694,25,Cọc khoan nhồi D1200 (26 cọc L=872m):P2A-P2B,11.7,0.0,11.7
C695,25,Cọc khoan nhồi D1200 (26 cọc L=872m):P2A-P2B,11.7,0.0,11.7
C696,25,Cọc khoan nhồi D1200 (26 cọc L=872m):P2A-P2B,11.7,0.0,11.7
C697,25,Cọc khoan nhồi D1200 (26 cọc L=872m):P2A-P2B,11.7,0.0,11.7
C698,25,Cọc khoan nhồi D1200 (26 cọc L=872m):P2A-P2B,11.7,0.0,11.7
C699,25,Cọc khoan nhồi D1200 (26 cọc L=872m):P2A-P2B,11.7,0.0,11.7
C700,25,Cọc khoan nhồi D1200 (26 cọc L=872m):P2A-P2B,11.7,0.0,11.7
C701,25,Cọc khoan nhồi D1200 (26 cọc L=872m):P2A-P2B,11.7,0.0,11.7
C702,25,Cọc khoan nhồi D1200 (26 cọc L=872m):P2A-P2B,11.7,0.0,11.7
C703,25,Cọc khoan nhồi D1200 (26 cọc L=872m):P2A-P2B,11.7,0.0,11.7
C704,25,Cọc khoan nhồi D1200 (26 cọc L=872m):P2A-P2B,11.7,0.0,11.7
C705,25,Cọc khoan nhồi D1200 (26 cọc L=872m):P2A-P2B,11.7,0.0,11.7
C706,25,Cọc khoan nhồi D1200 (26 cọc L=872m):P2A-P2B,11.7,0.0,11.7
C707,25,Cọc khoan nhồi D1200 (26 cọc L=872m):P2A-P2B,11.7,0.0,11.7
C708,25,Cọc khoan nhồi D1200 (26 cọc L=872m):P2A-P2B,11.7,0.0,11.7
C709,25,Cọc khoan nhồi D1200 (26 cọc L=872m):P2A-P2B,11.7,0.0,11.7
C710,25,Cọc khoan nhồi D1200 (26 cọc L=872m):P2A-P2B,11.7,0.0,11.7
C711,25,Cọc khoan nhồi D1200 (26 cọc L=872m):P2A-P2B,11.7,0.0,11.7
C712,25,Cọc khoan nhồi D1200 (26 cọc L=872m):P2A-P2B,11.7,0.0,11.7
C713,25,Cọc khoan nhồi D1200 (26 cọc L=872m):P2A-P2B,11.7,0.0,11.7
C714,25,Cọc khoan nhồi D1200 (26 cọc L=872m):P2A-P2B,11.7,0.0,11.7
C715,25,Cọc khoan nhồi D1200 (26 cọc L=872m):P2A-P2B,11.7,0.0,11.7
C716,25,Cọc khoan nhồi D1200 (26 cọc L=872m):P2A-P2B,11.7,0.0,11.7
C717,25,Cọc khoan nhồi D1200 (26 cọc L=872m):P2A-P2B,11.7,0.0,11.7
C718,25,Cọc khoan nhồi D1200 (26 cọc L=872m):P2A-P2B,11.7,0.0,11.7
C719,25,Cọc khoan nhồi D1200 (26 cọc L=872m):P2A-P2B,11.7,0.0,11.7
C720,25,Cọc khoan nhồi D1200 (26 cọc L=872m):P2A-P2B,11.7,0.0,11.7
C721,25,Cọc khoan nhồi D1200 (26 cọc L=872m):P2A-P2B,11.7,0.0,11.7
C722,25,Cọc khoan nhồi D1200 (26 cọc L=872m):P2A-P2B,11.7,0.0,11.7
C723,25,Cọc khoan nhồi D1200 (26 cọc L=872m):P2A-P2B,11.7,0.0,11.7
C724,25,Cọc khoan nhồi D1200 (26 cọc L=872m):P2A-P2B,11.7,0.0,11.7
C725,25,Cọc khoan nhồi D1200 (26 cọc L=872m):P2A-P2B,11.7,0.0,11.7
C726,25,Cọc khoan nhồi D1200 (26 cọc L=872m):P2A-P2B,11.7,0.0,11.7
C727,25,Cọc khoan nhồi D1200 (26 cọc L=872m):P2A-P2B,11.7,0.0,11.7
C728,25,Cọc khoan nhồi D1200 (26 cọc L=872m):P2A-P2B,11.7,0.0,11.7
C729,25,Cọc khoan nhồi D1200 (26 cọc L=872m):P2A-P2B,11.7,0.0,11.7
C730,25,Cọc khoan nhồi D1200 (26 cọc L=872m):P2A-P2B,11.7,0.0,11.7
C731,25,Cọc khoan nhồi D1200 (26 cọc L=872m):P2A-P2B,11.7,0.0,11.7
C732,25,Cọc khoan nhồi D1200 (26 cọc L=872m):P2A-P2B,11.7,0.0,11.7
C733,25,Cọc khoan nhồi D1200 (26 cọc L=872m):P2A-P2B,11.7,0.0,11.7
C734,25,Cọc khoan nhồi D1200 (26 cọc L=872m):P2A-P2B,11.7,0.0,11.7
C735,25,Cọc khoan nhồi D1200 (26 cọc L=872m):P2A-P2B,11.7,0.0,11.7
C736,25,Cọc khoan nhồi D1200 (26 cọc L=872m):P2A-P2B,11.7,0.0,11.7
C737,25,Cọc khoan nhồi D1200 (26 cọc L=872m):P2A-P2B,11.7,0.0,11.7
C738,25,Cọc khoan nhồi D1200 (26 cọc L=872m):P2A-P2B,11.7,0.0,11.7
C739,25,Cọc khoan nhồi D1200 (26 cọc L=872m):P2A-P2B,11.7,0.0,11.7
C740,25,Cọc khoan nhồi D1200 (26 cọc L=872m):P2A-P2B,11.7,0.0,11.7
C741,25,Cọc khoan nhồi D1200 (26 cọc L=872m):P2A-P2B,11.7,0.0,11.7
C742,25,Cọc khoan nhồi D1200 (26 cọc L=872m):P2A-P2B,11.7,0.0,11.7
C743,25,Cọc khoan nhồi D1200 (26 cọc L=872m):P2A-P2B,11.7,0.0,11.7
C744,25,Cọc khoan nhồi D1200 (26 cọc L=872m):P2A-P2B,11.7,0.0,11.7
C745,25,Cọc khoan nhồi D1200 (26 cọc L=872m):P2A-P2B,11.7,0.0,11.7
C746,25,Cọc khoan nhồi D1200 (26 cọc L=872m):P2A-P2B,11.7,0.0,11.7
C747,25,Cọc khoan nhồi D1200 (26 cọc L=872m):P2A-P2B,11.7,0.0,11.7
C748,25,Cọc khoan nhồi D1200 (26 cọc L=872m):P2A-P2B,11.7,0.0,11.7
C749,25,Cọc khoan nhồi D1200 (26 cọc L=872m):P2A-P2B,11.7,0.0,11.7
C750,25,Cọc khoan nhồi D1200 (26 cọc L=872m):P2A-P2B,11.7,0.0,11.7
C751,25,Cọc khoan nhồi D1200 (26 cọc L=872m):P2A-P2B,11.7,0.0,11.7
C752,25,Cọc khoan nhồi D1200 (26 cọc L=872m):P2A-P2B,11.7,0.0,11.7
C753,25,Cọc khoan nhồi D1200 (26 cọc L=872m):P2A-P2B,11.7,0.0,11.7
C754,25,Cọc khoan nhồi D1200 (26 cọc L=872m):P2A-P2B,11.7,0.0,11.7
C755,25,Cọc khoan nhồi D1200 (26 cọc L=872m):P2A-P2B,11.7,0.0,11.7
C756,25,Cọc khoan nhồi D1200 (26 cọc L=872m):P2A-P2B,11.7,0.0,11.7
C757,25,Cọc khoan nhồi D1200 (26 cọc L=872m):P2A-P2B,11.7,0.0,11.7
C758,25,Cọc khoan nhồi D1200 (26 cọc L=872m):P2A-P2B,11.7,0.0,11.7
C759,25,Cọc khoan nhồi D1200 (26 cọc L=872m):P2A-P2B,11.7,0.0,11.7
C760,25,Cọc khoan nhồi D1200 (26 cọc L=872m):P2A-P2B,11.7,0.0,11.7
C761,25,Cọc khoan nhồi D1200 (26 cọc L=872m):P2A-P2B,11.7,0.0,11.7
C762,25,Cọc khoan nhồi D1200 (26 cọc L=872m):P2A-P2B,11.7,0.0,11.7
C763,25,Cọc khoan nhồi D1200 (26 cọc L=872m):P2A-P2B,11.7,0.0,11.7
C764,25,Cọc khoan nhồi D1200 (26 cọc L=872m):P2A-P2B,11.7,0.0,11.7
C765,25,Cọc khoan nhồi D1200 (26 cọc L=872m):P2A-P2B,11.7,0.0,11.7
C766,25,Cọc khoan nhồi D1200 (26 cọc L=872m):P2A-P2B,11.7,0.0,11.7
C767,25,Cọc khoan nhồi D1200 (26 cọc L=872m):P2A-P2B,11.7,0.0,11.7
C768,25,Cọc khoan nhồi D1200 (26 cọc L=872m):P2A-P2B,11.7,0.0,11.7
C769,25,Cọc khoan nhồi D1200 (26 cọc L=872m):P2A-P2B,11.7,0.0,11.7
C770,25,Cọc khoan nhồi D1200 (26 cọc L=872m):P2A-P2B,11.7,0.0,11.7
C771,25,Cọc khoan nhồi D1200 (26 cọc L=872m):P2A-P2B,11.7,0.0,11.7
C772,25,Cọc khoan nhồi D1200 (26 cọc L=872m):P2A-P2B,11.7,0.0,11.7
C773,25,Cọc khoan nhồi D1200 (26 cọc L=872m):P2A-P2B,11.7,0.0,11.7
C774,25,Cọc khoan nhồi D1200 (26 cọc L=872m):P2A-P2B,11.7,0.0,11.7
C775,25,Cọc khoan nhồi D1200 (26 cọc L=872m):P2A-P2B,11.7,0.0,11.7
C776,25,Cọc khoan nhồi D1200 (26 cọc L=872m):P2A-P2B,11.7,0.0,11.7
C777,25,Cọc khoan nhồi D1200 (26 cọc L=872m):P2A-P2B,11.7,0.0,11.7
C778,25,Cọc khoan nhồi D1200 (26 cọc L=872m):P2A-P2B,11.7,0.0,11.7
C779,25,Cọc khoan nhồi D1200 (26 cọc L=872m):P2A-P2B,11.7,0.0,11.7
C780,25,Cọc khoan nhồi D1200 (26 cọc L=872m):P2A-P2B,11.7,0.0,11.7
C781,25,Cọc khoan nhồi D1200 (26 cọc L=872m):P2A-P2B,11.7,0.0,11.7
C782,25,Cọc khoan nhồi D1200 (26 cọc L=872m):P2A-P2B,11.7,0.0,11.7
C783,25,Cọc khoan nhồi D1200 (26 cọc L=872m):P2A-P2B,11.7,0.0,11.7
C784,25,Cọc khoan nhồi D1200 (26 cọc L=872m):P2A-P2B,11.7,0.0,11.7
C785,25,Cọc khoan nhồi D1200 (26 cọc L=872m):P2A-P2B,11.7,0.0,11.7
C786,25,Cọc khoan nhồi D1200 (26 cọc L=872m):P2A-P2B,11.7,0.0,11.7
C787,25,Cọc khoan nhồi D1200 (26 cọc L=872m):P2A-P2B,11.7,0.0,11.7
C788,25,Cọc khoan nhồi D1200 (26 cọc L=872m):P2A-P2B,11.7,0.0,11.7
C789,25,Cọc khoan nhồi D1200 (26 cọc L=872m):P2A-P2B,11.7,0.0,11.7
C790,25,Cọc khoan nhồi D1200 (26 cọc L=872m):P2A-P2B,11.7,0.0,11.7
C791,25,Cọc khoan nhồi D1200 (26 cọc L=872m):P2A-P2B,11.7,0.0,11.7
C792,25,Cọc khoan nhồi D1200 (26 cọc L=872m):P2A-P2B,11.7,0.0,11.7
C793,25,Cọc khoan nhồi D1200 (26 cọc L=872m):P2A-P2B,11.7,0.0,11.7
C794,25,Cọc khoan nhồi D1200 (26 cọc L=872m):P2A-P2B,11.7,0.0,11.7
C795,25,Cọc khoan nhồi D1200 (26 cọc L=872m):P2A-P2B,11.7,0.0,11.7
C796,25,Cọc khoan nhồi D1200 (26 cọc L=872m):P2A-P2B,11.7,0.0,11.7
C797,25,Cọc khoan nhồi D1200 (26 cọc L=872m):P2A-P2B,11.7,0.0,11.7
C798,25,Cọc khoan nhồi D1200 (26 cọc L=872m):P2A-P2B,11.7,0.0,11.7
C799,25,Cọc khoan nhồi D1200 (26 cọc L=872m):P2A-P2B,11.7,0.0,11.7
C800,25,Cọc khoan nhồi D1200 (26 cọc L=872m):P2A-P2B,11.7,0.0,11.7
C801,25,Cọc khoan nhồi D1200 (26 cọc L=872m):P2A-P2B,11.7,0.0,11.7
C802,25,Cọc khoan nhồi D1200 (26 cọc L=872m):P2A-P2B,11.7,0.0,11.7
C803,25,Cọc khoan nhồi D1200 (26 cọc L=872m):P2A-P2B,11.7,0.0,11.7
C804,25,Cọc khoan nhồi D1200 (26 cọc L=872m):P2A-P2B,11.7,0.0,11.7
C805,25,Cọc khoan nhồi D1200 (26 cọc L=872m):P2A-P2B,11.7,0.0,11.7
C806,25,Cọc khoan nhồi D1200 (26 cọc L=872m):P2A-P2B,11.7,0.0,11.7
C807,25,Cọc khoan nhồi D1200 (26 cọc L=872m):P2A-P2B,11.7,0.0,11.7
C808,25,Cọc khoan nhồi D1200 (26 cọc L=872m):P2A-P2B,11.7,0.0,11.7
C809,25,Cọc khoan nhồi D1200 (26 cọc L=872m):P2A-P2B,11.7,0.0,11.7
C810,25,Cọc khoan nhồi D1200 (26 cọc L=872m):P2A-P2B,11.7,0.0,11.7
C811,25,Cọc khoan nhồi D1200 (26 cọc L=872m):P2A-P2B,11.7,0.0,11.7
C812,25,Cọc khoan nhồi D1200 (26 cọc L=872m):P2A-P2B,11.7,0.0,11.7
C813,25,Cọc khoan nhồi D1200 (26 cọc L=872m):P2A-P2B,11.7,0.0,11.7
C814,25,Cọc khoan nhồi D1200 (26 cọc L=872m):P2A-P2B,11.7,0.0,11.7
C815,25,Cọc khoan nhồi D1200 (26 cọc L=872m):P2A-P2B,11.7,0.0,11.7
C816,25,Cọc khoan nhồi D1200 (26 cọc L=872m):P2A-P2B,11.7,0.0,11.7
C817,25,Cọc khoan nhồi D1200 (26 cọc L=872m):P2A-P2B,11.7,0.0,11.7
C818,25,Cọc khoan nhồi D1200 (26 cọc L=872m):P2A-P2B,11.7,0.0,11.7
C819,25,Cọc khoan nhồi D1200 (26 cọc L=872m):P2A-P2B,11.7,0.0,11.7
C820,25,Cọc khoan nhồi D1200 (26 cọc L=872m):P2A-P2B,11.7,0.0,11.7
C821,25,Cọc khoan nhồi D1200 (26 cọc L=872m):P2A-P2B,11.7,0.0,11.7
C822,25,Cọc khoan nhồi D1200 (26 cọc L=872m):P2A-P2B,11.7,0.0,11.7
C823,25,Cọc khoan nhồi D1200 (26 cọc L=872m):P2A-P2B,11.7,0.0,11.7
C824,25,Cọc khoan nhồi D1200 (26 cọc L=872m):P2A-P2B,11.7,0.0,11.7
C825,25,Cọc khoan nhồi D1200 (26 cọc L=872m):P2A-P2B,11.7,0.0,11.7
C826,25,Cọc khoan nhồi D1200 (26 cọc L=872m):P2A-P2B,11.7,0.0,11.7
C827,25,Cọc khoan nhồi D1200 (26 cọc L=872m):P2A-P2B,11.7,0.0,11.7
C828,25,Cọc khoan nhồi D1200 (26 cọc L=872m):P2A-P2B,11.7,0.0,11.7
C829,25,Cọc khoan nhồi D1200 (26 cọc L=872m):P2A-P2B,11.7,0.0,11.7
C830,25,Cọc khoan nhồi D1200 (26 cọc L=872m):P2A-P2B,11.7,0.0,11.7
C831,25,Cọc khoan nhồi D1200 (26 cọc L=872m):P2A-P2B,11.7,0.0,11.7
C832,25,Cọc khoan nhồi D1200 (26 cọc L=872m):P2A-P2B,11.7,0.0,11.7
C833,25,Cọc khoan nhồi D1200 (26 cọc L=872m):P2A-P2B,11.7,0.0,11.7
C834,25,Cọc khoan nhồi D1200 (26 cọc L=872m):P2A-P2B,11.7,0.0,11.7
C835,25,Cọc khoan nhồi D1200 (26 cọc L=872m):P2A-P2B,11.7,0.0,11.7
C836,25,Cọc khoan nhồi D1200 (26 cọc L=872m):P2A-P2B,11.7,0.0,11.7
C837,25,Cọc khoan nhồi D1200 (26 cọc L=872m):P2A-P2B,11.7,0.0,11.7
C838,25,Cọc khoan nhồi D1200 (26 cọc L=872m):P2A-P2B,11.7,0.0,11.7
C839,25,Cọc khoan nhồi D1200 (26 cọc L=872m):P2A-P2B,11.7,0.0,11.7
C840,25,Cọc khoan nhồi D1200 (26 cọc L=872m):P2A-P2B,11.7,0.0,11.7
C841,25,Cọc khoan nhồi D1200 (26 cọc L=872m):P2A-P2B,11.7,0.0,11.7
C842,25,Cọc khoan nhồi D1200 (26 cọc L=872m):P2A-P2B,11.7,0.0,11.7
C843,25,Cọc khoan nhồi D1200 (26 cọc L=872m):P2A-P2B,11.7,0.0,11.7
C844,25,Cọc khoan nhồi D1200 (26 cọc L=872m):P2A-P2B,11.7,0.0,11.7
C845,25,Cọc khoan nhồi D1200 (26 cọc L=872m):P2A-P2B,11.7,0.0,11.7
C846,25,Cọc khoan nhồi D1200 (26 cọc L=872m):P2A-P2B,11.7,0.0,11.7
C847,25,Cọc khoan nhồi D1200 (26 cọc L=872m):P2A-P2B,11.7,0.0,11.7
C848,25,Cọc khoan nhồi D1200 (26 cọc L=872m):P2A-P2B,11.7,0.0,11.7
C849,25,Cọc khoan nhồi D1200 (26 cọc L=872m):P2A-P2B,11.7,0.0,11.7
C850,25,Cọc khoan nhồi D1200 (26 cọc L=872m):P2A-P2B,11.7,0.0,11.7
C851,25,Cọc khoan nhồi D1200 (26 cọc L=872m):P2A-P2B,11.7,0.0,11.7
C852,25,Cọc khoan nhồi D1200 (26 cọc L=872m):P2A-P2B,11.7,0.0,11.7
C853,25,Cọc khoan nhồi D1200 (26 cọc L=872m):P2A-P2B,11.7,0.0,11.7
C854,25,Cọc khoan nhồi D1200 (26 cọc L=872m):P2A-P2B,11.7,0.0,11.7
C855,25,Cọc khoan nhồi D1200 (26 cọc L=872m):P2A-P2B,11.7,0.0,11.7
C856,25,Cọc khoan nhồi D1200 (26 cọc L=872m):P2A-P2B,11.7,0.0,11.7
C857,25,Cọc khoan nhồi D1200 (26 cọc L=872m):P2A-P2B,11.7,0.0,11.7
C858,25,Cọc khoan nhồi D1200 (26 cọc L=872m):P2A-P2B,11.7,0.0,11.7
C859,25,Cọc khoan nhồi D1200 (26 cọc L=872m):P2A-P2B,11.7,0.0,11.7
C860,25,Cọc khoan nhồi D1200 (26 cọc L=872m):P2A-P2B,11.7,0.0,11.7
C861,25,Cọc khoan nhồi D1200 (26 cọc L=872m):P2A-P2B,11.7,0.0,11.7
C862,25,Cọc khoan nhồi D1200 (26 cọc L=872m):P2A-P2B,11.7,0.0,11.7
C863,25,Cọc khoan nhồi D1200 (26 cọc L=872m):P2A-P2B,11.7,0.0,11.7
C864,25,Cọc khoan nhồi D1200 (26 cọc L=872m):P2A-P2B,11.7,0.0,11.7
C865,25,Cọc khoan nhồi D1200 (26 cọc L=872m):P2A-P2B,11.7,0.0,11.7
C866,25,Cọc khoan nhồi D1200 (26 cọc L=872m):P2A-P2B,11.7,0.0,11.7
C867,25,Cọc khoan nhồi D1200 (26 cọc L=872m):P2A-P2B,11.7,0.0,11.7
C868,25,Cọc khoan nhồi D1200 (26 cọc L=872m):P2A-P2B,11.7,0.0,11.7
C869,25,Cọc khoan nhồi D1200 (26 cọc L=872m):P2A-P2B,11.7,0.0,11.7
C870,25,Cọc khoan nhồi D1200 (26 cọc L=872m):P2A-P2B,11.7,0.0,11.7
C871,25,Cọc khoan nhồi D1200 (26 cọc L=872m):P2A-P2B,11.7,0.0,11.7
C872,25,Cọc khoan nhồi D1200 (26 cọc L=872m):P2A-P2B,11.7,0.0,11.7
C873,25,Cọc khoan nhồi D1200 (26 cọc L=872m):P2A-P2B,11.7,0.0,11.7
C874,25,Cọc khoan nhồi D1200 (26 cọc L=872m):P2A-P2B,11.7,0.0,11.7
C875,25,Cọc khoan nhồi D1200 (26 cọc L=872m):P2A-P2B,11.7,0.0,11.7
C876,25,Cọc khoan nhồi D1200 (26 cọc L=872m):P2A-P2B,11.7,0.0,11.7
C877,25,Cọc khoan nhồi D1200 (26 cọc L=872m):P2A-P2B,11.7,0.0,11.7
C878,25,Cọc khoan nhồi D1200 (26 cọc L=872m):P2A-P2B,11.7,0.0,11.7
C879,25,Cọc khoan nhồi D1200 (26 cọc L=872m):P2A-P2B,11.7,0.0,11.7
C880,25,Cọc khoan nhồi D1200 (26 cọc L=872m):P2A-P2B,11.7,0.0,11.7
C881,25,Cọc khoan nhồi D1200 (26 cọc L=872m):P2A-P2B,11.7,0.0,11.7
C882,25,Cọc khoan nhồi D1200 (26 cọc L=872m):P2A-P2B,11.7,0.0,11.7
C883,25,Cọc khoan nhồi D1200 (26 cọc L=872m):P2A-P2B,11.7,0.0,11.7
C884,25,Cọc khoan nhồi D1200 (26 cọc L=872m):P2A-P2B,11.7,0.0,11.7
C885,25,Cọc khoan nhồi D1200 (26 cọc L=872m):P2A-P2B,11.7,0.0,11.7
C886,25,Cọc khoan nhồi D1200 (26 cọc L=872m):P2A-P2B,11.7,0.0,11.7
C887,25,Cọc khoan nhồi D1200 (26 cọc L=872m):P2A-P2B,11.7,0.0,11.7
C888,25,Cọc khoan nhồi D1200 (26 cọc L=872m):P2A-P2B,11.7,0.0,11.7
C889,25,Cọc khoan nhồi D1200 (26 cọc L=872m):P2A-P2B,11.7,0.0,11.7
C890,25,Cọc khoan nhồi D1200 (26 cọc L=872m):P2A-P2B,11.7,0.0,11.7
C891,25,Cọc khoan nhồi D1200 (26 cọc L=872m):P2A-P2B,11.7,0.0,11.7
C892,25,Cọc khoan nhồi D1200 (26 cọc L=872m):P2A-P2B,11.7,0.0,11.7
C893,25,Cọc khoan nhồi D1200 (26 cọc L=872m):P2A-P2B,11.7,0.0,11.7
C894,25,Cọc khoan nhồi D1200 (26 cọc L=872m):P2A-P2B,11.7,0.0,11.7
C895,25,Cọc khoan nhồi D1200 (26 cọc L=872m):P2A-P2B,11.7,0.0,11.7
C896,25,Cọc khoan nhồi D1200 (26 cọc L=872m):P2A-P2B,11.7,0.0,11.7
C897,25,Cọc khoan nhồi D1200 (26 cọc L=872m):P2A-P2B,11.7,0.0,11.7
C898,25,Cọc khoan nhồi D1200 (26 cọc L=872m):P2A-P2B,11.7,0.0,11.7
C899,25,Cọc khoan nhồi D1200 (26 cọc L=872m):P2A-P2B,11.7,0.0,11.7
C900,25,Cọc khoan nhồi D1200 (26 cọc L=872m):P2A-P2B,11.7,0.0,11.7
C901,25,Cọc khoan nhồi D1200 (26 cọc L=872m):P2A-P2B,11.7,0.0,11.7
C902,25,Cọc khoan nhồi D1200 (26 cọc L=872m):P2A-P2B,11.7,0.0,11.7
C903,25,Cọc khoan nhồi D1200 (26 cọc L=872m):P2A-P2B,11.7,0.0,11.7
C904,25,Cọc khoan nhồi D1200 (26 cọc L=872m):P2A-P2B,11.7,0.0,11.7
C905,25,Cọc khoan nhồi D1200 (26 cọc L=872m):P2A-P2B,11.7,0.0,11.7
C906,25,Cọc khoan nhồi D1200 (26 cọc L=872m):P2A-P2B,11.7,0.0,11.7
C907,25,Cọc khoan nhồi D1200 (26 cọc L=872m):P2A-P2B,11.7,0.0,11.7
C908,25,Cọc khoan nhồi D1200 (26 cọc L=872m):P2A-P2B,11.7,0.0,11.7
C909,25,Cọc khoan nhồi D1200 (26 cọc L=872m):P2A-P2B,11.7,0.0,11.7
C910,25,Cọc khoan nhồi D1200 (26 cọc L=872m):P2A-P2B,11.7,0.0,11.7
C911,25,Cọc khoan nhồi D1200 (26 cọc L=872m):P2A-P2B,11.7,0.0,11.7
C912,25,Cọc khoan nhồi D1200 (26 cọc L=872m):P2A-P2B,11.7,0.0,11.7
C913,25,Cọc khoan nhồi D1200 (26 cọc L=872m):P2A-P2B,11.7,0.0,11.7
C914,25,Cọc khoan nhồi D1200 (26 cọc L=872m):P2A-P2B,11.7,0.0,11.7
C915,25,Cọc khoan nhồi D1200 (26 cọc L=872m):P2A-P2B,11.7,0.0,11.7
C916,25,Cọc khoan nhồi D1200 (26 cọc L=872m):P2A-P2B,11.7,0.0,11.7
C917,25,Cọc khoan nhồi D1200 (26 cọc L=872m):P2A-P2B,11.7,0.0,11.7
C918,25,Cọc khoan nhồi D1200 (26 cọc L=872m):P2A-P2B,11.7,0.0,11.7
C919,25,Cọc khoan nhồi D1200 (26 cọc L=872m):P2A-P2B,11.7,0.0,11.7
C920,25,Cọc khoan nhồi D1200 (26 cọc L=872m):P2A-P2B,11.7,0.0,11.7
C921,25,Cọc khoan nhồi D1200 (26 cọc L=872m):P2A-P2B,11.7,0.0,11.7
C922,25,Cọc khoan nhồi D1200 (26 cọc L=872m):P2A-P2B,11.7,0.0,11.7
C923,25,Cọc khoan nhồi D1200 (26 cọc L=872m):P2A-P2B,11.7,0.0,11.7
C924,25,Cọc khoan nhồi D1200 (26 cọc L=872m):P2A-P2B,11.7,0.0,11.7
C925,25,Cọc khoan nhồi D1200 (26 cọc L=872m):P2A-P2B,11.7,0.0,11.7
C926,25,Cọc khoan nhồi D1200 (26 cọc L=872m):P2A-P2B,11.7,0.0,11.7
C927,25,Cọc khoan nhồi D1200 (26 cọc L=872m):P2A-P2B,11.7,0.0,11.7
C928,25,Cọc khoan nhồi D1200 (26 cọc L=872m):P2A-P2B,11.7,0.0,11.7
C929,25,Cọc khoan nhồi D1200 (26 cọc L=872m):P2A-P2B,11.7,0.0,11.7
C930,25,Cọc khoan nhồi D1200 (26 cọc L=872m):P2A-P2B,11.7,0.0,11.7
C931,25,Cọc khoan nhồi D1200 (26 cọc L=872m):P2A-P2B,11.7,0.0,11.7
C932,25,Cọc khoan nhồi D1200 (26 cọc L=872m):P2A-P2B,11.7,0.0,11.7
C933,25,Cọc khoan nhồi D1200 (26 cọc L=872m):P2A-P2B,11.7,0.0,11.7
C934,25,Cọc khoan nhồi D1200 (26 cọc L=872m):P2A-P2B,11.7,0.0,11.7
C935,25,Cọc khoan nhồi D1200 (26 cọc L=872m):P2A-P2B,11.7,0.0,11.7
C936,25,Cọc khoan nhồi D1200 (26 cọc L=872m):P2A-P2B,11.7,0.0,11.7
C937,25,Cọc khoan nhồi D1200 (26 cọc L=872m):P2A-P2B,11.7,0.0,11.7
C938,25,Cọc khoan nhồi D1200 (26 cọc L=872m):P2A-P2B,11.7,0.0,11.7
C939,25,Cọc khoan nhồi D1200 (26 cọc L=872m):P2A-P2B,11.7,0.0,11.7
C940,25,Cọc khoan nhồi D1200 (26 cọc L=872m):P2A-P2B,11.7,0.0,11.7
C941,25,Cọc khoan nhồi D1200 (26 cọc L=872m):P2A-P2B,11.7,0.0,11.7
C942,25,Cọc khoan nhồi D1200 (26 cọc L=872m):P2A-P2B,11.7,0.0,11.7
C943,25,Cọc khoan nhồi D1200 (26 cọc L=872m):P2A-P2B,11.7,0.0,11.7
C944,25,Cọc khoan nhồi D1200 (26 cọc L=872m):P2A-P2B,11.7,0.0,11.7
C945,25,Cọc khoan nhồi D1200 (26 cọc L=872m):P2A-P2B,11.7,0.0,11.7
C946,25,Cọc khoan nhồi D1200 (26 cọc L=872m):P2A-P2B,11.7,0.0,11.7
C947,25,Cọc khoan nhồi D1200 (26 cọc L=872m):P2A-P2B,11.7,0.0,11.7
C948,25,Cọc khoan nhồi D1200 (26 cọc L=872m):P2A-P2B,11.7,0.0,11.7
C949,25,Cọc khoan nhồi D1200 (26 cọc L=872m):P2A-P2B,11.7,0.0,11.7
C950,25,Cọc khoan nhồi D1200 (26 cọc L=872m):P2A-P2B,11.7,0.0,11.7
C951,25,Cọc khoan nhồi D1200 (26 cọc L=872m):P2A-P2B,11.7,0.0,11.7
C952,25,Cọc khoan nhồi D1200 (26 cọc L=872m):P2A-P2B,11.7,0.0,11.7
C953,25,Cọc khoan nhồi D1200 (26 cọc L=872m):P2A-P2B,11.7,0.0,11.7
C954,25,Cọc khoan nhồi D1200 (26 cọc L=872m):P2A-P2B,11.7,0.0,11.7
C955,25,Cọc khoan nhồi D1200 (26 cọc L=872m):P2A-P2B,11.7,0.0,11.7
C956,25,Cọc khoan nhồi D1200 (26 cọc L=872m):P2A-P2B,11.7,0.0,11.7
C957,25,Cọc khoan nhồi D1200 (26 cọc L=872m):P2A-P2B,11.7,0.0,11.7
C958,25,Cọc khoan nhồi D1200 (26 cọc L=872m):P2A-P2B,11.7,0.0,11.7
C959,25,Cọc khoan nhồi D1200 (26 cọc L=872m):P2A-P2B,11.7,0.0,11.7
C960,25,Cọc khoan nhồi D1200 (26 cọc L=872m):P2A-P2B,11.7,0.0,11.7
C961,25,Cọc khoan nhồi D1200 (26 cọc L=872m):P2A-P2B,11.7,0.0,11.7
C962,25,Cọc khoan nhồi D1200 (26 cọc L=872m):P2A-P2B,11.7,0.0,11.7
C963,25,Cọc khoan nhồi D1200 (26 cọc L=872m):P2A-P2B,11.7,0.0,11.7
C964,25,Cọc khoan nhồi D1200 (26 cọc L=872m):P2A-P2B,11.7,0.0,11.7
C965,25,Cọc khoan nhồi D1200 (26 cọc L=872m):P2A-P2B,11.7,0.0,11.7
C966,25,Cọc khoan nhồi D1200 (26 cọc L=872m):P2A-P2B,11.7,0.0,11.7
C967,25,Cọc khoan nhồi D1200 (26 cọc L=872m):P2A-P2B,11.7,0.0,11.7
C968,25,Cọc khoan nhồi D1200 (26 cọc L=872m):P2A-P2B,11.7,0.0,11.7
C969,25,Cọc khoan nhồi D1200 (26 cọc L=872m):P2A-P2B,11.7,0.0,11.7
C970,25,Cọc khoan nhồi D1200 (26 cọc L=872m):P2A-P2B,11.7,0.0,11.7
C971,25,Cọc khoan nhồi D1200 (26 cọc L=872m):P2A-P2B,11.7,0.0,11.7
C972,25,Cọc khoan nhồi D1200 (26 cọc L=872m):P2A-P2B,11.7,0.0,11.7
C973,25,Cọc khoan nhồi D1200 (26 cọc L=872m):P2A-P2B,11.7,0.0,11.7
C974,25,Cọc khoan nhồi D1200 (26 cọc L=872m):P2A-P2B,11.7,0.0,11.7
C975,25,Cọc khoan nhồi D1200 (26 cọc L=872m):P2A-P2B,11.7,0.0,11.7
C976,25,Cọc khoan nhồi D1200 (26 cọc L=872m):P2A-P2B,11.7,0.0,11.7
C977,25,Cọc khoan nhồi D1200 (26 cọc L=872m):P2A-P2B,11.7,0.0,11.7
C978,25,Cọc khoan nhồi D1200 (26 cọc L=872m):P2A-P2B,11.7,0.0,11.7
C979,25,Cọc khoan nhồi D1200 (26 cọc L=872m):P2A-P2B,11.7,0.0,11.7
C980,25,Cọc khoan nhồi D1200 (26 cọc L=872m):P2A-P2B,11.7,0.0,11.7
C981,25,Cọc khoan nhồi D1200 (26 cọc L=872m):P2A-P2B,11.7,0.0,11.7
C982,25,Cọc khoan nhồi D1200 (26 cọc L=872m):P2A-P2B,11.7,0.0,11.7
C983,25,Cọc khoan nhồi D1200 (26 cọc L=872m):P2A-P2B,11.7,0.0,11.7
C984,25,Cọc khoan nhồi D1200 (26 cọc L=872m):P2A-P2B,11.7,0.0,11.7
C985,25,Cọc khoan nhồi D1200 (26 cọc L=872m):P2A-P2B,11.7,0.0,11.7
C986,25,Cọc khoan nhồi D1200 (26 cọc L=872m):P2A-P2B,11.7,0.0,11.7
C987,25,Cọc khoan nhồi D1200 (26 cọc L=872m):P2A-P2B,11.7,0.0,11.7
C988,25,Cọc khoan nhồi D1200 (26 cọc L=872m):P2A-P2B,11.7,0.0,11.7
C989,25,Cọc khoan nhồi D1200 (26 cọc L=872m):P2A-P2B,11.7,0.0,11.7
C990,25,Cọc khoan nhồi D1200 (26 cọc L=872m):P2A-P2B,11.7,0.0,11.7
C991,25,Cọc khoan nhồi D1200 (26 cọc L=872m):P2A-P2B,11.7,0.0,11.7
C992,25,Cọc khoan nhồi D1200 (26 cọc L=872m):P2A-P2B,11.7,0.0,11.7
C993,25,Cọc khoan nhồi D1200 (26 cọc L=872m):P2A-P2B,11.7,0.0,11.7
C994,25,Cọc khoan nhồi D1200 (26 cọc L=872m):P2A-P2B,11.7,0.0,11.7
C995,25,Cọc khoan nhồi D1200 (26 cọc L=872m):P2A-P2B,11.7,0.0,11.7
C996,25,Cọc khoan nhồi D1200 (26 cọc L=872m):P2A-P2B,11.7,0.0,11.7
C997,25,Cọc khoan nhồi D1200 (26 cọc L=872m):P2A-P2B,11.7,0.0,11.7
C998,25,Cọc khoan nhồi D1200 (26 cọc L=872m):P2A-P2B,11.7,0.0,11.7
C999,25,Cọc khoan nhồi D1200 (26 cọc L=872m):P2A-P2B,11.7,0.0,11.7
C1000,25,Cọc khoan nhồi D1200 (26 cọc L=872m):P2A-P2B,11.7,0.0,11.7
C1001,25,Cọc khoan nhồi D1200 (26 cọc L=872m):P2A-P2B,11.7,0.0,11.7
C1002,25,Cọc khoan nhồi D1200 (26 cọc L=872m):P2A-P2B,11.7,0.0,11.7
C1003,25,Cọc khoan nhồi D1200 (26 cọc L=872m):P2A-P2B,11.7,0.0,11.7
C1004,25,Cọc khoan nhồi D1200 (26 cọc L=872m):P2A-P2B,11.7,0.0,11.7
C1005,25,Cọc khoan nhồi D1200 (26 cọc L=872m):P2A-P2B,11.7,0.0,11.7
C1006,25,Cọc khoan nhồi D1200 (26 cọc L=872m):P2A-P2B,11.7,0.0,11.7
C1007,25,Cọc khoan nhồi D1200 (26 cọc L=872m):P2A-P2B,11.7,0.0,11.7
C1008,25,Cọc khoan nhồi D1200 (26 cọc L=872m):P2A-P2B,11.7,0.0,11.7
C1009,25,Cọc khoan nhồi D1200 (26 cọc L=872m):P2A-P2B,11.7,0.0,11.7
C1010,25,Cọc khoan nhồi D1200 (26 cọc L=872m):P2A-P2B,11.7,0.0,11.7
C1011,25,Cọc khoan nhồi D1200 (26 cọc L=872m):P2A-P2B,11.7,0.0,11.7
C1012,25,Cọc khoan nhồi D1200 (26 cọc L=872m):P2A-P2B,11.7,0.0,11.7
C1013,25,Cọc khoan nhồi D1200 (26 cọc L=872m):P2A-P2B,11.7,0.0,11.7
C1014,25,Cọc khoan nhồi D1200 (26 cọc L=872m):P2A-P2B,11.7,0.0,11.7
C1015,25,Cọc khoan nhồi D1200 (26 cọc L=872m):P2A-P2B,11.7,0.0,11.7
C1016,25,Cọc khoan nhồi D1200 (26 cọc L=872m):P2A-P2B,11.7,0.0,11.7
C1017,25,Cọc khoan nhồi D1200 (26 cọc L=872m):P2A-P2B,11.7,0.0,11.7
C1018,25,Cọc khoan nhồi D1200 (26 cọc L=872m):P2A-P2B,11.7,0.0,11.7
C1019,25,Cọc khoan nhồi D1200 (26 cọc L=872m):P2A-P2B,11.7,0.0,11.7
C1020,25,Cọc khoan nhồi D1200 (26 cọc L=872m):P2A-P2B,11.7,0.0,11.7
C1021,25,Cọc khoan nhồi D1200 (26 cọc L=872m):P2A-P2B,11.7,0.0,11.7
C1022,25,Cọc khoan nhồi D1200 (26 cọc L=872m):P2A-P2B,11.7,0.0,11.7
C1023,25,Cọc khoan nhồi D1200 (26 cọc L=872m):P2A-P2B,11.7,0.0,11.7
C1024,25,Cọc khoan nhồi D1200 (26 cọc L=872m):P2A-P2B,11.7,0.0,11.7
C1025,25,Cọc khoan nhồi D1200 (26 cọc L=872m):P2A-P2B,11.7,0.0,11.7
C1026,25,Cọc khoan nhồi D1200 (26 cọc L=872m):P2A-P2B,11.7,0.0,11.7
C1027,25,Cọc khoan nhồi D1200 (26 cọc L=872m):P2A-P2B,11.7,0.0,11.7
C1028,25,Cọc khoan nhồi D1200 (26 cọc L=872m):P2A-P2B,11.7,0.0,11.7
C1029,25,Cọc khoan nhồi D1200 (26 cọc L=872m):P2A-P2B,11.7,0.0,11.7
C1030,25,Cọc khoan nhồi D1200 (26 cọc L=872m):P2A-P2B,11.7,0.0,11.7
C1031,25,Cọc khoan nhồi D1200 (26 cọc L=872m):P2A-P2B,11.7,0.0,11.7
C1032,25,Cọc khoan nhồi D1200 (26 cọc L=872m):P2A-P2B,11.7,0.0,11.7
C1033,25,Cọc khoan nhồi D1200 (26 cọc L=872m):P2A-P2B,11.7,0.0,11.7
C1034,25,Cọc khoan nhồi D1200 (26 cọc L=872m):P2A-P2B,11.7,0.0,11.7
C1035,25,Cọc khoan nhồi D1200 (26 cọc L=872m):P2A-P2B,11.7,0.0,11.7
C1036,25,Cọc khoan nhồi D1200 (26 cọc L=872m):P2A-P2B,11.7,0.0,11.7
C1037,25,Cọc khoan nhồi D1200 (26 cọc L=872m):P2A-P2B,11.7,0.0,11.7
C1038,25,Cọc khoan nhồi D1200 (26 cọc L=872m):P2A-P2B,11.7,0.0,11.7
C1039,25,Cọc khoan nhồi D1200 (26 cọc L=872m):P2A-P2B,11.7,0.0,11.7
C1040,25,Cọc khoan nhồi D1200 (26 cọc L=872m):P2A-P2B,11.7,0.0,11.7
C1041,25,Cọc khoan nhồi D1200 (26 cọc L=872m):P2A-P2B,11.7,0.0,11.7
C1042,25,Cọc khoan nhồi D1200 (26 cọc L=872m):P2A-P2B,11.7,0.0,11.7
C1043,25,Cọc khoan nhồi D1200 (26 cọc L=872m):P2A-P2B,11.7,0.0,11.7
C1044,25,Cọc khoan nhồi D1200 (26 cọc L=872m):P2A-P2B,11.7,0.0,11.7
C1045,25,Cọc khoan nhồi D1200 (26 cọc L=872m):P2A-P2B,11.7,0.0,11.7
C1046,25,Cọc khoan nhồi D1200 (26 cọc L=872m):P2A-P2B,11.7,0.0,11.7
C1047,25,Cọc khoan nhồi D1200 (26 cọc L=872m):P2A-P2B,11.7,0.0,11.7
C1048,25,Cọc khoan nhồi D1200 (26 cọc L=872m):P2A-P2B,11.7,0.0,11.7
C1049,25,Cọc khoan nhồi D1200 (26 cọc L=872m):P2A-P2B,11.7,0.0,11.7
C1050,25,Cọc khoan nhồi D1200 (26 cọc L=872m):P2A-P2B,11.7,0.0,11.7
C1051,25,Cọc khoan nhồi D1200 (26 cọc L=872m):P2A-P2B,11.7,0.0,11.7
C1052,25,Cọc khoan nhồi D1200 (26 cọc L=872m):P2A-P2B,11.7,0.0,11.7
C1053,25,Cọc khoan nhồi D1200 (26 cọc L=872m):P2A-P2B,11.7,0.0,11.7
C1054,25,Cọc khoan nhồi D1200 (26 cọc L=872m):P2A-P2B,11.7,0.0,11.7
C1055,25,Cọc khoan nhồi D1200 (26 cọc L=872m):P2A-P2B,11.7,0.0,11.7
C1056,25,Cọc khoan nhồi D1200 (26 cọc L=872m):P2A-P2B,11.7,0.0,11.7
C1057,25,Cọc khoan nhồi D1200 (26 cọc L=872m):P2A-P2B,11.7,0.0,11.7
C1058,25,Cọc khoan nhồi D1200 (26 cọc L=872m):P2A-P2B,11.7,0.0,11.7
C1059,25,Cọc khoan nhồi D1200 (26 cọc L=872m):P2A-P2B,11.7,0.0,11.7
C1060,25,Cọc khoan nhồi D1200 (26 cọc L=872m):P2A-P2B,11.7,0.0,11.7
C1061,25,Cọc khoan nhồi D1200 (26 cọc L=872m):P2A-P2B,11.7,0.0,11.7
C1062,25,Cọc khoan nhồi D1200 (26 cọc L=872m):P2A-P2B,11.7,0.0,11.7
C1063,25,Cọc khoan nhồi D1200 (26 cọc L=872m):P2A-P2B,11.7,0.0,11.7
C1064,25,Cọc khoan nhồi D1200 (26 cọc L=872m):P2A-P2B,11.7,0.0,11.7
C1065,25,Cọc khoan nhồi D1200 (26 cọc L=872m):P2A-P2B,11.7,0.0,11.7
C1066,25,Cọc khoan nhồi D1200 (26 cọc L=872m):P2A-P2B,11.7,0.0,11.7
C1067,25,Cọc khoan nhồi D1200 (26 cọc L=872m):P2A-P2B,11.7,0.0,11.7
C1068,25,Cọc khoan nhồi D1200 (26 cọc L=872m):P2A-P2B,11.7,0.0,11.7
C1069,25,Cọc khoan nhồi D1200 (26 cọc L=872m):P2A-P2B,11.7,0.0,11.7
C1070,25,Cọc khoan nhồi D1200 (26 cọc L=872m):P2A-P2B,11.7,0.0,11.7
C1071,25,Cọc khoan nhồi D1200 (26 cọc L=872m):P2A-P2B,11.7,0.0,11.7
C1072,25,Cọc khoan nhồi D1200 (26 cọc L=872m):P2A-P2B,11.7,0.0,11.7
C1073,25,Cọc khoan nhồi D1200 (26 cọc L=872m):P2A-P2B,11.7,0.0,11.7
C1074,25,Cọc khoan nhồi D1200 (26 cọc L=872m):P2A-P2B,11.7,0.0,11.7
C1075,25,Cọc khoan nhồi D1200 (26 cọc L=872m):P2A-P2B,11.7,0.0,11.7
C1076,25,Cọc khoan nhồi D1200 (26 cọc L=872m):P2A-P2B,11.7,0.0,11.7
C1077,25,Cọc khoan nhồi D1200 (26 cọc L=872m):P2A-P2B,11.7,0.0,11.7
C1078,25,Cọc khoan nhồi D1200 (26 cọc L=872m):P2A-P2B,11.7,0.0,11.7
C1079,25,Cọc khoan nhồi D1200 (26 cọc L=872m):P2A-P2B,11.7,0.0,11.7
C1080,25,Cọc khoan nhồi D1200 (26 cọc L=872m):P2A-P2B,11.7,0.0,11.7
C1081,25,Cọc khoan nhồi D1200 (26 cọc L=872m):P2A-P2B,11.7,0.0,11.7
C1082,25,Cọc khoan nhồi D1200 (26 cọc L=872m):P2A-P2B,11.7,0.0,11.7
C1083,25,Cọc khoan nhồi D1200 (26 cọc L=872m):P2A-P2B,11.7,0.0,11.7
C1084,25,Cọc khoan nhồi D1200 (26 cọc L=872m):P2A-P2B,11.7,0.0,11.7
C1085,25,Cọc khoan nhồi D1200 (26 cọc L=872m):P2A-P2B,11.7,0.0,11.7
C1086,25,Cọc khoan nhồi D1200 (26 cọc L=872m):P2A-P2B,11.7,0.0,11.7
C1087,25,Cọc khoan nhồi D1200 (26 cọc L=872m):P2A-P2B,11.7,0.0,11.7
C1088,25,Cọc khoan nhồi D1200 (26 cọc L=872m):P2A-P2B,11.7,0.0,11.7
C1089,25,Cọc khoan nhồi D1200 (26 cọc L=872m):P2A-P2B,11.7,0.0,11.7
C1090,25,Cọc khoan nhồi D1200 (26 cọc L=872m):P2A-P2B,11.7,0.0,11.7
C1091,25,Cọc khoan nhồi D1200 (26 cọc L=872m):P2A-P2B,11.7,0.0,11.7
C1092,25,Cọc khoan nhồi D1200 (26 cọc L=872m):P2A-P2B,11.7,0.0,11.7
C1093,25,Cọc khoan nhồi D1200 (26 cọc L=872m):P2A-P2B,11.7,0.0,11.7
C1094,25,Cọc khoan nhồi D1200 (26 cọc L=872m):P2A-P2B,11.7,0.0,11.7
C1095,25,Cọc khoan nhồi D1200 (26 cọc L=872m):P2A-P2B,11.7,0.0,11.7
C1096,25,Cọc khoan nhồi D1200 (26 cọc L=872m):P2A-P2B,11.7,0.0,11.7
C1097,25,Cọc khoan nhồi D1200 (26 cọc L=872m):P2A-P2B,11.7,0.0,11.7
C1098,25,Cọc khoan nhồi D1200 (26 cọc L=872m):P2A-P2B,11.7,0.0,11.7
C1099,25,Cọc khoan nhồi D1200 (26 cọc L=872m):P2A-P2B,11.7,0.0,11.7
C1100,25,Cọc khoan nhồi D1200 (26 cọc L=872m):P2A-P2B,11.7,0.0,11.7
C1101,25,Cọc khoan nhồi D1200 (26 cọc L=872m):P2A-P2B,11.7,0.0,11.7
C1102,25,Cọc khoan nhồi D1200 (26 cọc L=872m):P2A-P2B,11.7,0.0,11.7
C1103,25,Cọc khoan nhồi D1200 (26 cọc L=872m):P2A-P2B,11.7,0.0,11.7
C1104,25,Cọc khoan nhồi D1200 (26 cọc L=872m):P2A-P2B,11.7,0.0,11.7
C1105,25,Cọc khoan nhồi D1200 (26 cọc L=872m):P2A-P2B,11.7,0.0,11.7
C1106,25,Cọc khoan nhồi D1200 (26 cọc L=872m):P2A-P2B,11.7,0.0,11.7
C1107,25,Cọc khoan nhồi D1200 (26 cọc L=872m):P2A-P2B,11.7,0.0,11.7
C1108,25,Cọc khoan nhồi D1200 (26 cọc L=872m):P2A-P2B,11.7,0.0,11.7
C1109,25,Cọc khoan nhồi D1200 (26 cọc L=872m):P2A-P2B,11.7,0.0,11.7
C1110,25,Cọc khoan nhồi D1200 (26 cọc L=872m):P2A-P2B,11.7,0.0,11.7
C1111,25,Cọc khoan nhồi D1200 (26 cọc L=872m):P2A-P2B,11.7,0.0,11.7
C1112,25,Cọc khoan nhồi D1200 (26 cọc L=872m):P2A-P2B,11.7,0.0,11.7
C1113,25,Cọc khoan nhồi D1200 (26 cọc L=872m):P2A-P2B,11.7,0.0,11.7
C1114,25,Cọc khoan nhồi D1200 (26 cọc L=872m):P2A-P2B,11.7,0.0,11.7
C1115,25,Cọc khoan nhồi D1200 (26 cọc L=872m):P2A-P2B,11.7,0.0,11.7
C1116,25,Cọc khoan nhồi D1200 (26 cọc L=872m):P2A-P2B,11.7,0.0,11.7
C1117,25,Cọc khoan nhồi D1200 (26 cọc L=872m):P2A-P2B,11.7,0.0,11.7
C1118,25,Cọc khoan nhồi D1200 (26 cọc L=872m):P2A-P2B,11.7,0.0,11.7
C1119,25,Cọc khoan nhồi D1200 (26 cọc L=872m):P2A-P2B,11.7,0.0,11.7
C1120,25,Cọc khoan nhồi D1200 (26 cọc L=872m):P2A-P2B,11.7,0.0,11.7
C1121,25,Cọc khoan nhồi D1200 (26 cọc L=872m):P2A-P2B,11.7,0.0,11.7
C1122,25,Cọc khoan nhồi D1200 (26 cọc L=872m):P2A-P2B,11.7,0.0,11.7
C1123,25,Cọc khoan nhồi D1200 (26 cọc L=872m):P2A-P2B,11.7,0.0,11.7
C1124,25,Cọc khoan nhồi D1200 (26 cọc L=872m):P2A-P2B,11.7,0.0,11.7
C1125,25,Cọc khoan nhồi D1200 (26 cọc L=872m):P2A-P2B,11.7,0.0,11.7
C1126,25,Cọc khoan nhồi D1200 (26 cọc L=872m):P2A-P2B,11.7,0.0,11.7
C1127,25,Cọc khoan nhồi D1200 (26 cọc L=872m):P2A-P2B,11.7,0.0,11.7
C1128,25,Cọc khoan nhồi D1200 (26 cọc L=872m):P2A-P2B,11.7,0.0,11.7
C1129,25,Cọc khoan nhồi D1200 (26 cọc L=872m):P2A-P2B,11.7,0.0,11.7
C1130,25,Cọc khoan nhồi D1200 (26 cọc L=872m):P2A-P2B,11.7,0.0,11.7
C1131,25,Cọc khoan nhồi D1200 (26 cọc L=872m):P2A-P2B,11.7,0.0,11.7
C1132,25,Cọc khoan nhồi D1200 (26 cọc L=872m):P2A-P2B,11.7,0.0,11.7
C1133,25,Cọc khoan nhồi D1200 (26 cọc L=872m):P2A-P2B,11.7,0.0,11.7
C1134,25,Cọc khoan nhồi D1200 (26 cọc L=872m):P2A-P2B,11.7,0.0,11.7
C1135,25,Cọc khoan nhồi D1200 (26 cọc L=872m):P2A-P2B,11.7,0.0,11.7
C1136,25,Cọc khoan nhồi D1200 (26 cọc L=872m):P2A-P2B,11.7,0.0,11.7
C1137,25,Cọc khoan nhồi D1200 (26 cọc L=872m):P2A-P2B,11.7,0.0,11.7
C1138,25,Cọc khoan nhồi D1200 (26 cọc L=872m):P2A-P2B,11.7,0.0,11.7
C1139,25,Cọc khoan nhồi D1200 (26 cọc L=872m):P2A-P2B,11.7,0.0,11.7
C1140,25,Cọc khoan nhồi D1200 (26 cọc L=872m):P2A-P2B,11.7,0.0,11.7
C1141,25,Cọc khoan nhồi D1200 (26 cọc L=872m):P2A-P2B,11.7,0.0,11.7
C1142,25,Cọc khoan nhồi D1200 (26 cọc L=872m):P2A-P2B,11.7,0.0,11.7
C1143,25,Cọc khoan nhồi D1200 (26 cọc L=872m):P2A-P2B,11.7,0.0,11.7
C1144,25,Cọc khoan nhồi D1200 (26 cọc L=872m):P2A-P2B,11.7,0.0,11.7
C1145,25,Cọc khoan nhồi D1200 (26 cọc L=872m):P2A-P2B,11.7,0.0,11.7
C1146,25,Cọc khoan nhồi D1200 (26 cọc L=872m):P2A-P2B,11.7,0.0,11.7
C1147,25,Cọc khoan nhồi D1200 (26 cọc L=872m):P2A-P2B,11.7,0.0,11.7
C1148,25,Cọc khoan nhồi D1200 (26 cọc L=872m):P2A-P2B,11.7,0.0,11.7
C1149,25,Cọc khoan nhồi D1200 (26 cọc L=872m):P2A-P2B,11.7,0.0,11.7
C1150,25,Cọc khoan nhồi D1200 (26 cọc L=872m):P2A-P2B,11.7,0.0,11.7
C1151,25,Cọc khoan nhồi D1200 (26 cọc L=872m):P2A-P2B,11.7,0.0,11.7
C1152,25,Cọc khoan nhồi D1200 (26 cọc L=872m):P2A-P2B,11.7,0.0,11.7
C1153,25,Cọc khoan nhồi D1200 (26 cọc L=872m):P2A-P2B,11.7,0.0,11.7
C1154,25,Cọc khoan nhồi D1200 (26 cọc L=872m):P2A-P2B,11.7,0.0,11.7
C1155,25,Cọc khoan nhồi D1200 (26 cọc L=872m):P2A-P2B,11.7,0.0,11.7
C1156,25,Cọc khoan nhồi D1200 (26 cọc L=872m):P2A-P2B,11.7,0.0,11.7
C1157,25,Cọc khoan nhồi D1200 (26 cọc L=872m):P2A-P2B,11.7,0.0,11.7
C1158,25,Cọc khoan nhồi D1200 (26 cọc L=872m):P2A-P2B,11.7,0.0,11.7
C1159,25,Cọc khoan nhồi D1200 (26 cọc L=872m):P2A-P2B,11.7,0.0,11.7
C1160,25,Cọc khoan nhồi D1200 (26 cọc L=872m):P2A-P2B,11.7,0.0,11.7
C1161,25,Cọc khoan nhồi D1200 (26 cọc L=872m):P2A-P2B,11.7,0.0,11.7
C1162,25,Cọc khoan nhồi D1200 (26 cọc L=872m):P2A-P2B,11.7,0.0,11.7
C1163,25,Cọc khoan nhồi D1200 (26 cọc L=872m):P2A-P2B,11.7,0.0,11.7
C1164,25,Cọc khoan nhồi D1200 (26 cọc L=872m):P2A-P2B,11.7,0.0,11.7
C1165,25,Cọc khoan nhồi D1200 (26 cọc L=872m):P2A-P2B,11.7,0.0,11.7
C1166,25,Cọc khoan nhồi D1200 (26 cọc L=872m):P2A-P2B,11.7,0.0,11.7
C1167,25,Cọc khoan nhồi D1200 (26 cọc L=872m):P2A-P2B,11.7,0.0,11.7
C1168,25,Cọc khoan nhồi D1200 (26 cọc L=872m):P2A-P2B,11.7,0.0,11.7
C1169,25,Cọc khoan nhồi D1200 (26 cọc L=872m):P2A-P2B,11.7,0.0,11.7
C1170,25,Cọc khoan nhồi D1200 (26 cọc L=872m):P2A-P2B,11.7,0.0,11.7
C1171,25,Cọc khoan nhồi D1200 (26 cọc L=872m):P2A-P2B,11.7,0.0,11.7
C1172,25,Cọc khoan nhồi D1200 (26 cọc L=872m):P2A-P2B,11.7,0.0,11.7
C1173,25,Cọc khoan nhồi D1200 (26 cọc L=872m):P2A-P2B,11.7,0.0,11.7
C1174,25,Cọc khoan nhồi D1200 (26 cọc L=872m):P2A-P2B,11.7,0.0,11.7
C1175,25,Cọc khoan nhồi D1200 (26 cọc L=872m):P2A-P2B,11.7,0.0,11.7
C1176,25,Cọc khoan nhồi D1200 (26 cọc L=872m):P2A-P2B,11.7,0.0,11.7
C1177,25,Cọc khoan nhồi D1200 (26 cọc L=872m):P2A-P2B,11.7,0.0,11.7
C1178,25,Cọc khoan nhồi D1200 (26 cọc L=872m):P2A-P2B,11.7,0.0,11.7
C1179,25,Cọc khoan nhồi D1200 (26 cọc L=872m):P2A-P2B,11.7,0.0,11.7
C1180,25,Cọc khoan nhồi D1200 (26 cọc L=872m):P2A-P2B,11.7,0.0,11.7
C1181,25,Cọc khoan nhồi D1200 (26 cọc L=872m):P2A-P2B,11.7,0.0,11.7
C1182,25,Cọc khoan nhồi D1200 (26 cọc L=872m):P2A-P2B,11.7,0.0,11.7
C1183,25,Cọc khoan nhồi D1200 (26 cọc L=872m):P2A-P2B,11.7,0.0,11.7
C1184,25,Cọc khoan nhồi D1200 (26 cọc L=872m):P2A-P2B,11.7,0.0,11.7
C1185,25,Cọc khoan nhồi D1200 (26 cọc L=872m):P2A-P2B,11.7,0.0,11.7
C1186,25,Cọc khoan nhồi D1200 (26 cọc L=872m):P2A-P2B,11.7,0.0,11.7
C1187,25,Cọc khoan nhồi D1200 (26 cọc L=872m):P2A-P2B,11.7,0.0,11.7
C1188,25,Cọc khoan nhồi D1200 (26 cọc L=872m):P2A-P2B,11.7,0.0,11.7
C1189,25,Cọc khoan nhồi D1200 (26 cọc L=872m):P2A-P2B,11.7,0.0,11.7
C1190,25,Cọc khoan nhồi D1200 (26 cọc L=872m):P2A-P2B,11.7,0.0,11.7
C1191,25,Cọc khoan nhồi D1200 (26 cọc L=872m):P2A-P2B,11.7,0.0,11.7
C1192,25,Cọc khoan nhồi D1200 (26 cọc L=872m):P2A-P2B,11.7,0.0,11.7
C1193,25,Cọc khoan nhồi D1200 (26 cọc L=872m):P2A-P2B,11.7,0.0,11.7
C1194,25,Cọc khoan nhồi D1200 (26 cọc L=872m):P2A-P2B,11.7,0.0,11.7
C1195,25,Cọc khoan nhồi D1200 (26 cọc L=872m):P2A-P2B,11.7,0.0,11.7
C1196,25,Cọc khoan nhồi D1200 (26 cọc L=872m):P2A-P2B,11.7,0.0,11.7
C1197,25,Cọc khoan nhồi D1200 (26 cọc L=872m):P2A-P2B,11.7,0.0,11.7
C1198,25,Cọc khoan nhồi D1200 (26 cọc L=872m):P2A-P2B,11.7,0.0,11.7
C1199,25,Cọc khoan nhồi D1200 (26 cọc L=872m):P2A-P2B,11.7,0.0,11.7
C1200,25,Cọc khoan nhồi D1200 (26 cọc L=872m):P2A-P2B,11.7,0.0,11.7
C1201,25,Cọc khoan nhồi D1200 (26 cọc L=872m):P2A-P2B,11.7,0.0,11.7
C1202,25,Cọc khoan nhồi D1200 (26 cọc L=872m):P2A-P2B,11.7,0.0,11.7
C1203,25,Cọc khoan nhồi D1200 (26 cọc L=872m):P2A-P2B,11.7,0.0,11.7
C1204,25,Cọc khoan nhồi D1200 (26 cọc L=872m):P2A-P2B,11.7,0.0,11.7
C1205,25,Cọc khoan nhồi D1200 (26 cọc L=872m):P2A-P2B,11.7,0.0,11.7
C1206,25,Cọc khoan nhồi D1200 (26 cọc L=872m):P2A-P2B,11.7,0.0,11.7
C1207,25,Cọc khoan nhồi D1200 (26 cọc L=872m):P2A-P2B,11.7,0.0,11.7
C1208,25,Cọc khoan nhồi D1200 (26 cọc L=872m):P2A-P2B,11.7,0.0,11.7
C1209,25,Cọc khoan nhồi D1200 (26 cọc L=872m):P2A-P2B,11.7,0.0,11.7
C1210,25,Cọc khoan nhồi D1200 (26 cọc L=872m):P2A-P2B,11.7,0.0,11.7
C1211,25,Cọc khoan nhồi D1200 (26 cọc L=872m):P2A-P2B,11.7,0.0,11.7
C1212,25,Cọc khoan nhồi D1200 (26 cọc L=872m):P2A-P2B,11.7,0.0,11.7
C1213,25,Cọc khoan nhồi D1200 (26 cọc L=872m):P2A-P2B,11.7,0.0,11.7
C1214,25,Cọc khoan nhồi D1200 (26 cọc L=872m):P2A-P2B,11.7,0.0,11.7
C1215,25,Cọc khoan nhồi D1200 (26 cọc L=872m):P2A-P2B,11.7,0.0,11.7
C1216,25,Cọc khoan nhồi D1200 (26 cọc L=872m):P2A-P2B,11.7,0.0,11.7
C1217,25,Cọc khoan nhồi D1200 (26 cọc L=872m):P2A-P2B,11.7,0.0,11.7
C1218,25,Cọc khoan nhồi D1200 (26 cọc L=872m):P2A-P2B,11.7,0.0,11.7
C1219,25,Cọc khoan nhồi D1200 (26 cọc L=872m):P2A-P2B,11.7,0.0,11.7
C1220,25,Cọc khoan nhồi D1200 (26 cọc L=872m):P2A-P2B,11.7,0.0,11.7
C1221,25,Cọc khoan nhồi D1200 (26 cọc L=872m):P2A-P2B,11.7,0.0,11.7
C1222,25,Cọc khoan nhồi D1200 (26 cọc L=872m):P2A-P2B,11.7,0.0,11.7
C1223,25,Cọc khoan nhồi D1200 (26 cọc L=872m):P2A-P2B,11.7,0.0,11.7
C1224,25,Cọc khoan nhồi D1200 (26 cọc L=872m):P2A-P2B,11.7,0.0,11.7
C1225,25,Cọc khoan nhồi D1200 (26 cọc L=872m):P2A-P2B,11.7,0.0,11.7
C1226,25,Cọc khoan nhồi D1200 (26 cọc L=872m):P2A-P2B,11.7,0.0,11.7
C1227,25,Cọc khoan nhồi D1200 (26 cọc L=872m):P2A-P2B,11.7,0.0,11.7
C1228,25,Cọc khoan nhồi D1200 (26 cọc L=872m):P2A-P2B,11.7,0.0,11.7
C1229,25,Cọc khoan nhồi D1200 (26 cọc L=872m):P2A-P2B,11.7,0.0,11.7
C1230,25,Cọc khoan nhồi D1200 (26 cọc L=872m):P2A-P2B,11.7,0.0,11.7
C1231,25,Cọc khoan nhồi D1200 (26 cọc L=872m):P2A-P2B,11.7,0.0,11.7
C1232,25,Cọc khoan nhồi D1200 (26 cọc L=872m):P2A-P2B,11.7,0.0,11.7
C1233,25,Cọc khoan nhồi D1200 (26 cọc L=872m):P2A-P2B,11.7,0.0,11.7
C1234,25,Cọc khoan nhồi D1200 (26 cọc L=872m):P2A-P2B,11.7,0.0,11.7
C1235,25,Cọc khoan nhồi D1200 (26 cọc L=872m):P2A-P2B,11.7,0.0,11.7
C1236,25,Cọc khoan nhồi D1200 (26 cọc L=872m):P2A-P2B,11.7,0.0,11.7
C1237,25,Cọc khoan nhồi D1200 (26 cọc L=872m):P2A-P2B,11.7,0.0,11.7
C1238,25,Cọc khoan nhồi D1200 (26 cọc L=872m):P2A-P2B,11.7,0.0,11.7
C1239,25,Cọc khoan nhồi D1200 (26 cọc L=872m):P2A-P2B,11.7,0.0,11.7
C1240,25,Cọc khoan nhồi D1200 (26 cọc L=872m):P2A-P2B,11.7,0.0,11.7
C1241,25,Cọc khoan nhồi D1200 (26 cọc L=872m):P2A-P2B,11.7,0.0,11.7
C1242,25,Cọc khoan nhồi D1200 (26 cọc L=872m):P2A-P2B,11.7,0.0,11.7
C1243,25,Cọc khoan nhồi D1200 (26 cọc L=872m):P2A-P2B,11.7,0.0,11.7
C1244,25,Cọc khoan nhồi D1200 (26 cọc L=872m):P2A-P2B,11.7,0.0,11.7
C1245,25,Cọc khoan nhồi D1200 (26 cọc L=872m):P2A-P2B,11.7,0.0,11.7
C1246,25,Cọc khoan nhồi D1200 (26 cọc L=872m):P2A-P2B,11.7,0.0,11.7
C1247,25,Cọc khoan nhồi D1200 (26 cọc L=872m):P2A-P2B,11.7,0.0,11.7
C1248,25,Cọc khoan nhồi D1200 (26 cọc L=872m):P2A-P2B,11.7,0.0,11.7
C1249,25,Cọc khoan nhồi D1200 (26 cọc L=872m):P2A-P2B,11.7,0.0,11.7
C1250,25,Cọc khoan nhồi D1200 (26 cọc L=872m):P2A-P2B,11.7,0.0,11.7
C1251,25,Cọc khoan nhồi D1200 (26 cọc L=872m):P2A-P2B,11.7,0.0,11.7
C1252,25,Cọc khoan nhồi D1200 (26 cọc L=872m):P2A-P2B,11.7,0.0,11.7
C1253,25,Cọc khoan nhồi D1200 (26 cọc L=872m):P2A-P2B,11.7,0.0,11.7
C1254,25,Cọc khoan nhồi D1200 (26 cọc L=872m):P2A-P2B,11.7,0.0,11.7
C1255,25,Cọc khoan nhồi D1200 (26 cọc L=872m):P2A-P2B,11.7,0.0,11.7
C1256,25,Cọc khoan nhồi D1200 (26 cọc L=872m):P2A-P2B,11.7,0.0,11.7
C1257,25,Cọc khoan nhồi D1200 (26 cọc L=872m):P2A-P2B,11.7,0.0,11.7
C1258,25,Cọc khoan nhồi D1200 (26 cọc L=872m):P2A-P2B,11.7,0.0,11.7
C1259,25,Cọc khoan nhồi D1200 (26 cọc L=872m):P2A-P2B,11.7,0.0,11.7
C1260,25,Cọc khoan nhồi D1200 (26 cọc L=872m):P2A-P2B,11.7,0.0,11.7
C1261,25,Cọc khoan nhồi D1200 (26 cọc L=872m):P2A-P2B,11.7,0.0,11.7
C1262,25,Cọc khoan nhồi D1200 (26 cọc L=872m):P2A-P2B,11.7,0.0,11.7
C1263,25,Cọc khoan nhồi D1200 (26 cọc L=872m):P2A-P2B,11.7,0.0,11.7
C1264,25,Cọc khoan nhồi D1200 (26 cọc L=872m):P2A-P2B,11.7,0.0,11.7
C1265,25,Cọc khoan nhồi D1200 (26 cọc L=872m):P2A-P2B,11.7,0.0,11.7
C1266,25,Cọc khoan nhồi D1200 (26 cọc L=872m):P2A-P2B,11.7,0.0,11.7
C1267,25,Cọc khoan nhồi D1200 (26 cọc L=872m):P2A-P2B,11.7,0.0,11.7
C1268,25,Cọc khoan nhồi D1200 (26 cọc L=872m):P2A-P2B,11.7,0.0,11.7
C1269,25,Cọc khoan nhồi D1200 (26 cọc L=872m):P2A-P2B,11.7,0.0,11.7
C1270,25,Cọc khoan nhồi D1200 (26 cọc L=872m):P2A-P2B,11.7,0.0,11.7
C1271,25,Cọc khoan nhồi D1200 (26 cọc L=872m):P2A-P2B,11.7,0.0,11.7
C1272,25,Cọc khoan nhồi D1200 (26 cọc L=872m):P2A-P2B,11.7,0.0,11.7
C1273,25,Cọc khoan nhồi D1200 (26 cọc L=872m):P2A-P2B,11.7,0.0,11.7
C1274,25,Cọc khoan nhồi D1200 (26 cọc L=872m):P2A-P2B,11.7,0.0,11.7
C1275,25,Cọc khoan nhồi D1200 (26 cọc L=872m):P2A-P2B,11.7,0.0,11.7
C1276,25,Cọc khoan nhồi D1200 (26 cọc L=872m):P2A-P2B,11.7,0.0,11.7
C1277,25,Cọc khoan nhồi D1200 (26 cọc L=872m):P2A-P2B,11.7,0.0,11.7
C1278,25,Cọc khoan nhồi D1200 (26 cọc L=872m):P2A-P2B,11.7,0.0,11.7
C1279,25,Cọc khoan nhồi D1200 (26 cọc L=872m):P2A-P2B,11.7,0.0,11.7
C1280,25,Cọc khoan nhồi D1200 (26 cọc L=872m):P2A-P2B,11.7,0.0,11.7
C1281,25,Cọc khoan nhồi D1200 (26 cọc L=872m):P2A-P2B,11.7,0.0,11.7
C1282,25,Cọc khoan nhồi D1200 (26 cọc L=872m):P2A-P2B,11.7,0.0,11.7
C1283,25,Cọc khoan nhồi D1200 (26 cọc L=872m):P2A-P2B,11.7,0.0,11.7
C1284,25,Cọc khoan nhồi D1200 (26 cọc L=872m):P2A-P2B,11.7,0.0,11.7
C1285,25,Cọc khoan nhồi D1200 (26 cọc L=872m):P2A-P2B,11.7,0.0,11.7
C1286,25,Cọc khoan nhồi D1200 (26 cọc L=872m):P2A-P2B,11.7,0.0,11.7
C1287,25,Cọc khoan nhồi D1200 (26 cọc L=872m):P2A-P2B,11.7,0.0,11.7
C1288,25,Cọc khoan nhồi D1200 (26 cọc L=872m):P2A-P2B,11.7,0.0,11.7
C1289,25,Cọc khoan nhồi D1200 (26 cọc L=872m):P2A-P2B,11.7,0.0,11.7
C1290,25,Cọc khoan nhồi D1200 (26 cọc L=872m):P2A-P2B,11.7,0.0,11.7
C1291,25,Cọc khoan nhồi D1200 (26 cọc L=872m):P2A-P2B,11.7,0.0,11.7
C1292,25,Cọc khoan nhồi D1200 (26 cọc L=872m):P2A-P2B,11.7,0.0,11.7
C1293,25,Cọc khoan nhồi D1200 (26 cọc L=872m):P2A-P2B,11.7,0.0,11.7
C1294,25,Cọc khoan nhồi D1200 (26 cọc L=872m):P2A-P2B,11.7,0.0,11.7
C1295,25,Cọc khoan nhồi D1200 (26 cọc L=872m):P2A-P2B,11.7,0.0,11.7
C1296,25,Cọc khoan nhồi D1200 (26 cọc L=872m):P2A-P2B,11.7,0.0,11.7
C1297,25,Cọc khoan nhồi D1200 (26 cọc L=872m):P2A-P2B,11.7,0.0,11.7
C1298,25,Cọc khoan nhồi D1200 (26 cọc L=872m):P2A-P2B,11.7,0.0,11.7
C1299,25,Cọc khoan nhồi D1200 (26 cọc L=872m):P2A-P2B,11.7,0.0,11.7
C1300,25,Cọc khoan nhồi D1200 (26 cọc L=872m):P2A-P2B,11.7,0.0,11.7
C1301,25,Cọc khoan nhồi D1200 (26 cọc L=872m):P2A-P2B,11.7,0.0,11.7
C1302,25,Cọc khoan nhồi D1200 (26 cọc L=872m):P2A-P2B,11.7,0.0,11.7
C1303,25,Cọc khoan nhồi D1200 (26 cọc L=872m):P2A-P2B,11.7,0.0,11.7
C1304,25,Cọc khoan nhồi D1200 (26 cọc L=872m):P2A-P2B,11.7,0.0,11.7
C1305,25,Cọc khoan nhồi D1200 (26 cọc L=872m):P2A-P2B,11.7,0.0,11.7
C1306,25,Cọc khoan nhồi D1200 (26 cọc L=872m):P2A-P2B,11.7,0.0,11.7
C1307,25,Cọc khoan nhồi D1200 (26 cọc L=872m):P2A-P2B,11.7,0.0,11.7
C1308,25,Cọc khoan nhồi D1200 (26 cọc L=872m):P2A-P2B,11.7,0.0,11.7
C1309,25,Cọc khoan nhồi D1200 (26 cọc L=872m):P2A-P2B,11.7,0.0,11.7
C1310,25,Cọc khoan nhồi D1200 (26 cọc L=872m):P2A-P2B,11.7,0.0,11.7
C1311,25,Cọc khoan nhồi D1200 (26 cọc L=872m):P2A-P2B,11.7,0.0,11.7
C1312,25,Cọc khoan nhồi D1200 (26 cọc L=872m):P2A-P2B,11.7,0.0,11.7
C1313,25,Cọc khoan nhồi D1200 (26 cọc L=872m):P2A-P2B,11.7,0.0,11.7
C1314,25,Cọc khoan nhồi D1200 (26 cọc L=872m):P2A-P2B,11.7,0.0,11.7
C1315,25,Cọc khoan nhồi D1200 (26 cọc L=872m):P2A-P2B,11.7,0.0,11.7
C1316,25,Cọc khoan nhồi D1200 (26 cọc L=872m):P2A-P2B,11.7,0.0,11.7
C1317,25,Cọc khoan nhồi D1200 (26 cọc L=872m):P2A-P2B,11.7,0.0,11.7
C1318,25,Cọc khoan nhồi D1200 (26 cọc L=872m):P2A-P2B,11.7,0.0,11.7
C1319,25,Cọc khoan nhồi D1200 (26 cọc L=872m):P2A-P2B,11.7,0.0,11.7
C1320,25,Cọc khoan nhồi D1200 (26 cọc L=872m):P2A-P2B,11.7,0.0,11.7
C1321,25,Cọc khoan nhồi D1200 (26 cọc L=872m):P2A-P2B,11.7,0.0,11.7
C1322,25,Cọc khoan nhồi D1200 (26 cọc L=872m):P2A-P2B,11.7,0.0,11.7
C1323,25,Cọc khoan nhồi D1200 (26 cọc L=872m):P2A-P2B,11.7,0.0,11.7
C1324,25,Cọc khoan nhồi D1200 (26 cọc L=872m):P2A-P2B,11.7,0.0,11.7
C1325,25,Cọc khoan nhồi D1200 (26 cọc L=872m):P2A-P2B,11.7,0.0,11.7
C1326,25,Cọc khoan nhồi D1200 (26 cọc L=872m):P2A-P2B,11.7,0.0,11.7
C1327,25,Cọc khoan nhồi D1200 (26 cọc L=872m):P2A-P2B,11.7,0.0,11.7
C1328,25,Cọc khoan nhồi D1200 (26 cọc L=872m):P2A-P2B,11.7,0.0,11.7
C1329,25,Cọc khoan nhồi D1200 (26 cọc L=872m):P2A-P2B,11.7,0.0,11.7
C1330,25,Cọc khoan nhồi D1200 (26 cọc L=872m):P2A-P2B,11.7,0.0,11.7
C1331,25,Cọc khoan nhồi D1200 (26 cọc L=872m):P2A-P2B,11.7,0.0,11.7
C1332,25,Cọc khoan nhồi D1200 (26 cọc L=872m):P2A-P2B,11.7,0.0,11.7
C1333,25,Cọc khoan nhồi D1200 (26 cọc L=872m):P2A-P2B,11.7,0.0,11.7
C1334,25,Cọc khoan nhồi D1200 (26 cọc L=872m):P2A-P2B,11.7,0.0,11.7
C1335,25,Cọc khoan nhồi D1200 (26 cọc L=872m):P2A-P2B,11.7,0.0,11.7
C1336,25,Cọc khoan nhồi D1200 (26 cọc L=872m):P2A-P2B,11.7,0.0,11.7
C1337,25,Cọc khoan nhồi D1200 (26 cọc L=872m):P2A-P2B,11.7,0.0,11.7
C1338,25,Cọc khoan nhồi D1200 (26 cọc L=872m):P2A-P2B,11.7,0.0,11.7
C1339,25,Cọc khoan nhồi D1200 (26 cọc L=872m):P2A-P2B,11.7,0.0,11.7
C1340,25,Cọc khoan nhồi D1200 (26 cọc L=872m):P2A-P2B,11.7,0.0,11.7
C1341,25,Cọc khoan nhồi D1200 (26 cọc L=872m):P2A-P2B,11.7,0.0,11.7
C1342,25,Cọc khoan nhồi D1200 (26 cọc L=872m):P2A-P2B,11.7,0.0,11.7
C1343,25,Cọc khoan nhồi D1200 (26 cọc L=872m):P2A-P2B,11.7,0.0,11.7
C1344,25,Cọc khoan nhồi D1200 (26 cọc L=872m):P2A-P2B,11.7,0.0,11.7
C1345,25,Cọc khoan nhồi D1200 (26 cọc L=872m):P2A-P2B,11.7,0.0,11.7
C1346,25,Cọc khoan nhồi D1200 (26 cọc L=872m):P2A-P2B,11.7,0.0,11.7
C1347,25,Cọc khoan nhồi D1200 (26 cọc L=872m):P2A-P2B,11.7,0.0,11.7
C1348,25,Cọc khoan nhồi D1200 (26 cọc L=872m):P2A-P2B,11.7,0.0,11.7
C1349,25,Cọc khoan nhồi D1200 (26 cọc L=872m):P2A-P2B,11.7,0.0,11.7
C1350,25,Cọc khoan nhồi D1200 (26 cọc L=872m):P2A-P2B,11.7,0.0,11.7
C1351,25,Cọc khoan nhồi D1200 (26 cọc L=872m):P2A-P2B,11.7,0.0,11.7
C1352,25,Cọc khoan nhồi D1200 (26 cọc L=872m):P2A-P2B,11.7,0.0,11.7
C1353,25,Cọc khoan nhồi D1200 (26 cọc L=872m):P2A-P2B,11.7,0.0,11.7
C1354,25,Cọc khoan nhồi D1200 (26 cọc L=872m):P2A-P2B,11.7,0.0,11.7
C1355,25,Cọc khoan nhồi D1200 (26 cọc L=872m):P2A-P2B,11.7,0.0,11.7
C1356,25,Cọc khoan nhồi D1200 (26 cọc L=872m):P2A-P2B,11.7,0.0,11.7
C1357,25,Cọc khoan nhồi D1200 (26 cọc L=872m):P2A-P2B,11.7,0.0,11.7
C1358,25,Cọc khoan nhồi D1200 (26 cọc L=872m):P2A-P2B,11.7,0.0,11.7
C1359,25,Cọc khoan nhồi D1200 (26 cọc L=872m):P2A-P2B,11.7,0.0,11.7
C1360,25,Cọc khoan nhồi D1200 (26 cọc L=872m):P2A-P2B,11.7,0.0,11.7
C1361,25,Cọc khoan nhồi D1200 (26 cọc L=872m):P2A-P2B,11.7,0.0,11.7
C1362,25,Cọc khoan nhồi D1200 (26 cọc L=872m):P2A-P2B,11.7,0.0,11.7
C1363,25,Cọc khoan nhồi D1200 (26 cọc L=872m):P2A-P2B,11.7,0.0,11.7
C1364,25,Cọc khoan nhồi D1200 (26 cọc L=872m):P2A-P2B,11.7,0.0,11.7
C1365,25,Cọc khoan nhồi D1200 (26 cọc L=872m):P2A-P2B,11.7,0.0,11.7
C1366,25,Cọc khoan nhồi D1200 (26 cọc L=872m):P2A-P2B,11.7,0.0,11.7
C1367,25,Cọc khoan nhồi D1200 (26 cọc L=872m):P2A-P2B,11.7,0.0,11.7
C1368,25,Cọc khoan nhồi D1200 (26 cọc L=872m):P2A-P2B,11.7,0.0,11.7
C1369,25,Cọc khoan nhồi D1200 (26 cọc L=872m):P2A-P2B,11.7,0.0,11.7
C1370,25,Cọc khoan nhồi D1200 (26 cọc L=872m):P2A-P2B,11.7,0.0,11.7
C1371,25,Cọc khoan nhồi D1200 (26 cọc L=872m):P2A-P2B,11.7,0.0,11.7
C1372,25,Cọc khoan nhồi D1200 (26 cọc L=872m):P2A-P2B,11.7,0.0,11.7
C1373,25,Cọc khoan nhồi D1200 (26 cọc L=872m):P2A-P2B,11.7,0.0,11.7
C1374,25,Cọc khoan nhồi D1200 (26 cọc L=872m):P2A-P2B,11.7,0.0,11.7
C1375,25,Cọc khoan nhồi D1200 (26 cọc L=872m):P2A-P2B,11.7,0.0,11.7
C1376,25,Cọc khoan nhồi D1200 (26 cọc L=872m):P2A-P2B,11.7,0.0,11.7
C1377,25,Cọc khoan nhồi D1200 (26 cọc L=872m):P2A-P2B,11.7,0.0,11.7
C1378,25,Cọc khoan nhồi D1200 (26 cọc L=872m):P2A-P2B,11.7,0.0,11.7
C1379,25,Cọc khoan nhồi D1200 (26 cọc L=872m):P2A-P2B,11.7,0.0,11.7
C1380,25,Cọc khoan nhồi D1200 (26 cọc L=872m):P2A-P2B,11.7,0.0,11.7
C1381,25,Cọc khoan nhồi D1200 (26 cọc L=872m):P2A-P2B,11.7,0.0,11.7
C1382,25,Cọc khoan nhồi D1200 (26 cọc L=872m):P2A-P2B,11.7,0.0,11.7
C1383,25,Cọc khoan nhồi D1200 (26 cọc L=872m):P2A-P2B,11.7,0.0,11.7
C1384,25,Cọc khoan nhồi D1200 (26 cọc L=872m):P2A-P2B,11.7,0.0,11.7
C1385,25,Cọc khoan nhồi D1200 (26 cọc L=872m):P2A-P2B,11.7,0.0,11.7
C1386,25,Cọc khoan nhồi D1200 (26 cọc L=872m):P2A-P2B,11.7,0.0,11.7
C1387,25,Cọc khoan nhồi D1200 (26 cọc L=872m):P2A-P2B,11.7,0.0,11.7
C1388,25,Cọc khoan nhồi D1200 (26 cọc L=872m):P2A-P2B,11.7,0.0,11.7
C1389,25,Cọc khoan nhồi D1200 (26 cọc L=872m):P2A-P2B,11.7,0.0,11.7
C1390,25,Cọc khoan nhồi D1200 (26 cọc L=872m):P2A-P2B,11.7,0.0,11.7
C1391,25,Cọc khoan nhồi D1200 (26 cọc L=872m):P2A-P2B,11.7,0.0,11.7
C1392,25,Cọc khoan nhồi D1200 (26 cọc L=872m):P2A-P2B,11.7,0.0,11.7
C1393,25,Cọc khoan nhồi D1200 (26 cọc L=872m):P2A-P2B,11.7,0.0,11.7
C1394,25,Cọc khoan nhồi D1200 (26 cọc L=872m):P2A-P2B,11.7,0.0,11.7
C1395,25,Cọc khoan nhồi D1200 (26 cọc L=872m):P2A-P2B,11.7,0.0,11.7
C1396,25,Cọc khoan nhồi D1200 (26 cọc L=872m):P2A-P2B,11.7,0.0,11.7
C1397,25,Cọc khoan nhồi D1200 (26 cọc L=872m):P2A-P2B,11.7,0.0,11.7
C1398,25,Cọc khoan nhồi D1200 (26 cọc L=872m):P2A-P2B,11.7,0.0,11.7
C1399,25,Cọc khoan nhồi D1200 (26 cọc L=872m):P2A-P2B,11.7,0.0,11.7
C1400,25,Cọc khoan nhồi D1200 (26 cọc L=872m):P2A-P2B,11.7,0.0,11.7
C1401,25,Cọc khoan nhồi D1200 (26 cọc L=872m):P2A-P2B,11.7,0.0,11.7
C1402,25,Cọc khoan nhồi D1200 (26 cọc L=872m):P2A-P2B,11.7,0.0,11.7
C1403,25,Cọc khoan nhồi D1200 (26 cọc L=872m):P2A-P2B,11.7,0.0,11.7
C1404,25,Cọc khoan nhồi D1200 (26 cọc L=872m):P2A-P2B,11.7,0.0,11.7
C1405,25,Cọc khoan nhồi D1200 (26 cọc L=872m):P2A-P2B,11.7,0.0,11.7
C1406,25,Cọc khoan nhồi D1200 (26 cọc L=872m):P2A-P2B,11.7,0.0,11.7
C1407,25,Cọc khoan nhồi D1200 (26 cọc L=872m):P2A-P2B,11.7,0.0,11.7
C1408,25,Cọc khoan nhồi D1200 (26 cọc L=872m):P2A-P2B,11.7,0.0,11.7
C1409,25,Cọc khoan nhồi D1200 (26 cọc L=872m):P2A-P2B,11.7,0.0,11.7
C1410,25,Cọc khoan nhồi D1200 (26 cọc L=872m):P2A-P2B,11.7,0.0,11.7
C1411,25,Cọc khoan nhồi D1200 (26 cọc L=872m):P2A-P2B,11.7,0.0,11.7
C1412,25,Cọc khoan nhồi D1200 (26 cọc L=872m):P2A-P2B,11.7,0.0,11.7
C1413,25,Cọc khoan nhồi D1200 (26 cọc L=872m):P2A-P2B,11.7,0.0,11.7
C1414,25,Cọc khoan nhồi D1200 (26 cọc L=872m):P2A-P2B,11.7,0.0,11.7
C1415,25,Cọc khoan nhồi D1200 (26 cọc L=872m):P2A-P2B,11.7,0.0,11.7
C1416,25,Cọc khoan nhồi D1200 (26 cọc L=872m):P2A-P2B,11.7,0.0,11.7
C1417,25,Cọc khoan nhồi D1200 (26 cọc L=872m):P2A-P2B,11.7,0.0,11.7
C1418,25,Cọc khoan nhồi D1200 (26 cọc L=872m):P2A-P2B,11.7,0.0,11.7
C1419,25,Cọc khoan nhồi D1200 (26 cọc L=872m):P2A-P2B,11.7,0.0,11.7
C1420,25,Cọc khoan nhồi D1200 (26 cọc L=872m):P2A-P2B,11.7,0.0,11.7
C1421,25,Cọc khoan nhồi D1200 (26 cọc L=872m):P2A-P2B,11.7,0.0,11.7
C1422,25,Cọc khoan nhồi D1200 (26 cọc L=872m):P2A-P2B,11.7,0.0,11.7
C1423,25,Cọc khoan nhồi D1200 (26 cọc L=872m):P2A-P2B,11.7,0.0,11.7
C1424,25,Cọc khoan nhồi D1200 (26 cọc L=872m):P2A-P2B,11.7,0.0,11.7
C1425,25,Cọc khoan nhồi D1200 (26 cọc L=872m):P2A-P2B,11.7,0.0,11.7
C1426,25,Cọc khoan nhồi D1200 (26 cọc L=872m):P2A-P2B,11.7,0.0,11.7
C1427,25,Cọc khoan nhồi D1200 (26 cọc L=872m):P2A-P2B,11.7,0.0,11.7
C1428,25,Cọc khoan nhồi D1200 (26 cọc L=872m):P2A-P2B,11.7,0.0,11.7
C1429,25,Cọc khoan nhồi D1200 (26 cọc L=872m):P2A-P2B,11.7,0.0,11.7
C1430,25,Cọc khoan nhồi D1200 (26 cọc L=872m):P2A-P2B,11.7,0.0,11.7
C1431,25,Cọc khoan nhồi D1200 (26 cọc L=872m):P2A-P2B,11.7,0.0,11.7
C1432,25,Cọc khoan nhồi D1200 (26 cọc L=872m):P2A-P2B,11.7,0.0,11.7
C1433,25,Cọc khoan nhồi D1200 (26 cọc L=872m):P2A-P2B,11.7,0.0,11.7
C1434,25,Cọc khoan nhồi D1200 (26 cọc L=872m):P2A-P2B,11.7,0.0,11.7
C1435,25,Cọc khoan nhồi D1200 (26 cọc L=872m):P2A-P2B,11.7,0.0,11.7
C1436,25,Cọc khoan nhồi D1200 (26 cọc L=872m):P2A-P2B,11.7,0.0,11.7
C1437,25,Cọc khoan nhồi D1200 (26 cọc L=872m):P2A-P2B,11.7,0.0,11.7
C1438,25,Cọc khoan nhồi D1200 (26 cọc L=872m):P2A-P2B,11.7,0.0,11.7
C1439,25,Cọc khoan nhồi D1200 (26 cọc L=872m):P2A-P2B,11.7,0.0,11.7
C1440,25,Cọc khoan nhồi D1200 (26 cọc L=872m):P2A-P2B,11.7,0.0,11.7
C1441,25,Cọc khoan nhồi D1200 (26 cọc L=872m):P2A-P2B,11.7,0.0,11.7
C1442,25,Cọc khoan nhồi D1200 (26 cọc L=872m):P2A-P2B,11.7,0.0,11.7
C1443,25,Cọc khoan nhồi D1200 (26 cọc L=872m):P2A-P2B,11.7,0.0,11.7
C1444,25,Cọc khoan nhồi D1200 (26 cọc L=872m):P2A-P2B,11.7,0.0,11.7
C1445,25,Cọc khoan nhồi D1200 (26 cọc L=872m):P2A-P2B,11.7,0.0,11.7
C1446,25,Cọc khoan nhồi D1200 (26 cọc L=872m):P2A-P2B,11.7,0.0,11.7
C1447,25,Cọc khoan nhồi D1200 (26 cọc L=872m):P2A-P2B,11.7,0.0,11.7
C1448,25,Cọc khoan nhồi D1200 (26 cọc L=872m):P2A-P2B,11.7,0.0,11.7
C1449,25,Cọc khoan nhồi D1200 (26 cọc L=872m):P2A-P2B,11.7,0.0,11.7
C1450,25,Cọc khoan nhồi D1200 (26 cọc L=872m):P2A-P2B,11.7,0.0,11.7
C1451,25,Cọc khoan nhồi D1200 (26 cọc L=872m):P2A-P2B,11.7,0.0,11.7
C1452,25,Cọc khoan nhồi D1200 (26 cọc L=872m):P2A-P2B,11.7,0.0,11.7
C1453,25,Cọc khoan nhồi D1200 (26 cọc L=872m):P2A-P2B,11.7,0.0,11.7
C1454,25,Cọc khoan nhồi D1200 (26 cọc L=872m):P2A-P2B,11.7,0.0,11.7
C1455,25,Cọc khoan nhồi D1200 (26 cọc L=872m):P2A-P2B,11.7,0.0,11.7
C1456,25,Cọc khoan nhồi D1200 (26 cọc L=872m):P2A-P2B,11.7,0.0,11.7
C1457,25,Cọc khoan nhồi D1200 (26 cọc L=872m):P2A-P2B,11.7,0.0,11.7
C1458,25,Cọc khoan nhồi D1200 (26 cọc L=872m):P2A-P2B,11.7,0.0,11.7
C1459,25,Cọc khoan nhồi D1200 (26 cọc L=872m):P2A-P2B,11.7,0.0,11.7
C1460,25,Cọc khoan nhồi D1200 (26 cọc L=872m):P2A-P2B,11.7,0.0,11.7
C1461,25,Cọc khoan nhồi D1200 (26 cọc L=872m):P2A-P2B,11.7,0.0,11.7
C1462,25,Cọc khoan nhồi D1200 (26 cọc L=872m):P2A-P2B,11.7,0.0,11.7
C1463,25,Cọc khoan nhồi D1200 (26 cọc L=872m):P2A-P2B,11.7,0.0,11.7
C1464,25,Cọc khoan nhồi D1200 (26 cọc L=872m):P2A-P2B,11.7,0.0,11.7
C1465,25,Cọc khoan nhồi D1200 (26 cọc L=872m):P2A-P2B,11.7,0.0,11.7
C1466,25,Cọc khoan nhồi D1200 (26 cọc L=872m):P2A-P2B,11.7,0.0,11.7
C1467,25,Cọc khoan nhồi D1200 (26 cọc L=872m):P2A-P2B,11.7,0.0,11.7
C1468,25,Cọc khoan nhồi D1200 (26 cọc L=872m):P2A-P2B,11.7,0.0,11.7
C1469,25,Cọc khoan nhồi D1200 (26 cọc L=872m):P2A-P2B,11.7,0.0,11.7
C1470,25,Cọc khoan nhồi D1200 (26 cọc L=872m):P2A-P2B,11.7,0.0,11.7
C1471,25,Cọc khoan nhồi D1200 (26 cọc L=872m):P2A-P2B,11.7,0.0,11.7
C1472,25,Cọc khoan nhồi D1200 (26 cọc L=872m):P2A-P2B,11.7,0.0,11.7
C1473,25,Cọc khoan nhồi D1200 (26 cọc L=872m):P2A-P2B,11.7,0.0,11.7
C1474,25,Cọc khoan nhồi D1200 (26 cọc L=872m):P2A-P2B,11.7,0.0,11.7
C1475,25,Cọc khoan nhồi D1200 (26 cọc L=872m):P2A-P2B,11.7,0.0,11.7
C1476,25,Cọc khoan nhồi D1200 (26 cọc L=872m):P2A-P2B,11.7,0.0,11.7
C1477,25,Cọc khoan nhồi D1200 (26 cọc L=872m):P2A-P2B,11.7,0.0,11.7
C1478,25,Cọc khoan nhồi D1200 (26 cọc L=872m):P2A-P2B,11.7,0.0,11.7
C1479,25,Cọc khoan nhồi D1200 (26 cọc L=872m):P2A-P2B,11.7,0.0,11.7
C1480,25,Cọc khoan nhồi D1200 (26 cọc L=872m):P2A-P2B,11.7,0.0,11.7
C1481,25,Cọc khoan nhồi D1200 (26 cọc L=872m):P2A-P2B,11.7,0.0,11.7
C1482,25,Cọc khoan nhồi D1200 (26 cọc L=872m):P2A-P2B,11.7,0.0,11.7
C1483,25,Cọc khoan nhồi D1200 (26 cọc L=872m):P2A-P2B,11.7,0.0,11.7
C1484,25,Cọc khoan nhồi D1200 (26 cọc L=872m):P2A-P2B,11.7,0.0,11.7
C1485,25,Cọc khoan nhồi D1200 (26 cọc L=872m):P2A-P2B,11.7,0.0,11.7
C1486,25,Cọc khoan nhồi D1200 (26 cọc L=872m):P2A-P2B,11.7,0.0,11.7
C1487,25,Cọc khoan nhồi D1200 (26 cọc L=872m):P2A-P2B,11.7,0.0,11.7
C1488,25,Cọc khoan nhồi D1200 (26 cọc L=872m):P2A-P2B,11.7,0.0,11.7
C1489,25,Cọc khoan nhồi D1200 (26 cọc L=872m):P2A-P2B,11.7,0.0,11.7
C1490,25,Cọc khoan nhồi D1200 (26 cọc L=872m):P2A-P2B,11.7,0.0,11.7
C1491,25,Cọc khoan nhồi D1200 (26 cọc L=872m):P2A-P2B,11.7,0.0,11.7
C1492,25,Cọc khoan nhồi D1200 (26 cọc L=872m):P2A-P2B,11.7,0.0,11.7
C1493,25,Cọc khoan nhồi D1200 (26 cọc L=872m):P2A-P2B,11.7,0.0,11.7
C1494,25,Cọc khoan nhồi D1200 (26 cọc L=872m):P2A-P2B,11.7,0.0,11.7
C1495,25,Cọc khoan nhồi D1200 (26 cọc L=872m):P2A-P2B,11.7,0.0,11.7
C1496,25,Cọc khoan nhồi D1200 (26 cọc L=872m):P2A-P2B,11.7,0.0,11.7
C1497,25,Cọc khoan nhồi D1200 (26 cọc L=872m):P2A-P2B,11.7,0.0,11.7
C1498,25,Cọc khoan nhồi D1200 (26 cọc L=872m):P2A-P2B,11.7,0.0,11.7
C1499,25,Cọc khoan nhồi D1200 (26 cọc L=872m):P2A-P2B,11.7,0.0,11.7
C1500,25,Cọc khoan nhồi D1200 (26 cọc L=872m):P2A-P2B,11.7,0.0,11.7
C1501,25,Cọc khoan nhồi D1200 (26 cọc L=872m):P2A-P2B,11.7,0.0,11.7
C1502,25,Cọc khoan nhồi D1200 (26 cọc L=872m):P2A-P2B,11.7,0.0,11.7
C1503,25,Cọc khoan nhồi D1200 (26 cọc L=872m):P2A-P2B,11.7,0.0,11.7
C1504,25,Cọc khoan nhồi D1200 (26 cọc L=872m):P2A-P2B,11.7,0.0,11.7
C1505,25,Cọc khoan nhồi D1200 (26 cọc L=872m):P2A-P2B,11.7,0.0,11.7
C1506,25,Cọc khoan nhồi D1200 (26 cọc L=872m):P2A-P2B,11.7,0.0,11.7
C1507,25,Cọc khoan nhồi D1200 (26 cọc L=872m):P2A-P2B,11.7,0.0,11.7
C1508,25,Cọc khoan nhồi D1200 (26 cọc L=872m):P2A-P2B,11.7,0.0,11.7
C1509,25,Cọc khoan nhồi D1200 (26 cọc L=872m):P2A-P2B,11.7,0.0,11.7
C1510,25,Cọc khoan nhồi D1200 (26 cọc L=872m):P2A-P2B,11.7,0.0,11.7
C1511,25,Cọc khoan nhồi D1200 (26 cọc L=872m):P2A-P2B,11.7,0.0,11.7
C1512,25,Cọc khoan nhồi D1200 (26 cọc L=872m):P2A-P2B,11.7,0.0,11.7
C1513,25,Cọc khoan nhồi D1200 (26 cọc L=872m):P2A-P2B,11.7,0.0,11.7
C1514,25,Cọc khoan nhồi D1200 (26 cọc L=872m):P2A-P2B,11.7,0.0,11.7
C1515,25,Cọc khoan nhồi D1200 (26 cọc L=872m):P2A-P2B,11.7,0.0,11.7
C1516,25,Cọc khoan nhồi D1200 (26 cọc L=872m):P2A-P2B,11.7,0.0,11.7
C1517,25,Cọc khoan nhồi D1200 (26 cọc L=872m):P2A-P2B,11.7,0.0,11.7
C1518,25,Cọc khoan nhồi D1200 (26 cọc L=872m):P2A-P2B,11.7,0.0,11.7
C1519,25,Cọc khoan nhồi D1200 (26 cọc L=872m):P2A-P2B,11.7,0.0,11.7
C1520,25,Cọc khoan nhồi D1200 (26 cọc L=872m):P2A-P2B,11.7,0.0,11.7
C1521,25,Cọc khoan nhồi D1200 (26 cọc L=872m):P2A-P2B,11.7,0.0,11.7
C1522,25,Cọc khoan nhồi D1200 (26 cọc L=872m):P2A-P2B,11.7,0.0,11.7
C1523,25,Cọc khoan nhồi D1200 (26 cọc L=872m):P2A-P2B,11.7,0.0,11.7
C1524,25,Cọc khoan nhồi D1200 (26 cọc L=872m):P2A-P2B,11.7,0.0,11.7
C1525,25,Cọc khoan nhồi D1200 (26 cọc L=872m):P2A-P2B,11.7,0.0,11.7
C1526,25,Cọc khoan nhồi D1200 (26 cọc L=872m):P2A-P2B,11.7,0.0,11.7
C1527,25,Cọc khoan nhồi D1200 (26 cọc L=872m):P2A-P2B,11.7,0.0,11.7
C1528,25,Cọc khoan nhồi D1200 (26 cọc L=872m):P2A-P2B,11.7,0.0,11.7
C1529,25,Cọc khoan nhồi D1200 (26 cọc L=872m):P2A-P2B,11.7,0.0,11.7
C1530,25,Cọc khoan nhồi D1200 (26 cọc L=872m):P2A-P2B,11.7,0.0,11.7
C1531,25,Cọc khoan nhồi D1200 (26 cọc L=872m):P2A-P2B,11.7,0.0,11.7
C1532,25,Cọc khoan nhồi D1200 (26 cọc L=872m):P2A-P2B,11.7,0.0,11.7
C1533,25,Cọc khoan nhồi D1200 (26 cọc L=872m):P2A-P2B,11.7,0.0,11.7
C1534,25,Cọc khoan nhồi D1200 (26 cọc L=872m):P2A-P2B,11.7,0.0,11.7
C1535,25,Cọc khoan nhồi D1200 (26 cọc L=872m):P2A-P2B,11.7,0.0,11.7
C1536,25,Cọc khoan nhồi D1200 (26 cọc L=872m):P2A-P2B,11.7,0.0,11.7
C1537,25,Cọc khoan nhồi D1200 (26 cọc L=872m):P2A-P2B,11.7,0.0,11.7
C1538,25,Cọc khoan nhồi D1200 (26 cọc L=872m):P2A-P2B,11.7,0.0,11.7
C1539,25,Cọc khoan nhồi D1200 (26 cọc L=872m):P2A-P2B,11.7,0.0,11.7
C1540,25,Cọc khoan nhồi D1200 (26 cọc L=872m):P2A-P2B,11.7,0.0,11.7
C1541,25,Cọc khoan nhồi D1200 (26 cọc L=872m):P2A-P2B,11.7,0.0,11.7
C1542,25,Cọc khoan nhồi D1200 (26 cọc L=872m):P2A-P2B,11.7,0.0,11.7
C1543,25,Cọc khoan nhồi D1200 (26 cọc L=872m):P2A-P2B,11.7,0.0,11.7
C1544,25,Cọc khoan nhồi D1200 (26 cọc L=872m):P2A-P2B,11.7,0.0,11.7
C1545,25,Cọc khoan nhồi D1200 (26 cọc L=872m):P2A-P2B,11.7,0.0,11.7
C1546,25,Cọc khoan nhồi D1200 (26 cọc L=872m):P2A-P2B,11.7,0.0,11.7
C1547,25,Cọc khoan nhồi D1200 (26 cọc L=872m):P2A-P2B,11.7,0.0,11.7
C1548,25,Cọc khoan nhồi D1200 (26 cọc L=872m):P2A-P2B,11.7,0.0,11.7
C1549,25,Cọc khoan nhồi D1200 (26 cọc L=872m):P2A-P2B,11.7,0.0,11.7
C1550,25,Cọc khoan nhồi D1200 (26 cọc L=872m):P2A-P2B,11.7,0.0,11.7
C1551,25,Cọc khoan nhồi D1200 (26 cọc L=872m):P2A-P2B,11.7,0.0,11.7
C1552,25,Cọc khoan nhồi D1200 (26 cọc L=872m):P2A-P2B,11.7,0.0,11.7
C1553,25,Cọc khoan nhồi D1200 (26 cọc L=872m):P2A-P2B,11.7,0.0,11.7
C1554,25,Cọc khoan nhồi D1200 (26 cọc L=872m):P2A-P2B,11.7,0.0,11.7
C1555,25,Cọc khoan nhồi D1200 (26 cọc L=872m):P2A-P2B,11.7,0.0,11.7
C1556,25,Cọc khoan nhồi D1200 (26 cọc L=872m):P2A-P2B,11.7,0.0,11.7
C1557,25,Cọc khoan nhồi D1200 (26 cọc L=872m):P2A-P2B,11.7,0.0,11.7
C1558,25,Cọc khoan nhồi D1200 (26 cọc L=872m):P2A-P2B,11.7,0.0,11.7
C1559,25,Cọc khoan nhồi D1200 (26 cọc L=872m):P2A-P2B,11.7,0.0,11.7
C1560,25,Cọc khoan nhồi D1200 (26 cọc L=872m):P2A-P2B,11.7,0.0,11.7
C1561,25,Cọc khoan nhồi D1200 (26 cọc L=872m):P2A-P2B,11.7,0.0,11.7
C1562,25,Cọc khoan nhồi D1200 (26 cọc L=872m):P2A-P2B,11.7,0.0,11.7
C1563,25,Cọc khoan nhồi D1200 (26 cọc L=872m):P2A-P2B,11.7,0.0,11.7
C1564,25,Cọc khoan nhồi D1200 (26 cọc L=872m):P2A-P2B,11.7,0.0,11.7
C1565,25,Cọc khoan nhồi D1200 (26 cọc L=872m):P2A-P2B,11.7,0.0,11.7
C1566,25,Cọc khoan nhồi D1200 (26 cọc L=872m):P2A-P2B,11.7,0.0,11.7
C1567,25,Cọc khoan nhồi D1200 (26 cọc L=872m):P2A-P2B,11.7,0.0,11.7
C1568,25,Cọc khoan nhồi D1200 (26 cọc L=872m):P2A-P2B,11.7,0.0,11.7
C1569,25,Cọc khoan nhồi D1200 (26 cọc L=872m):P2A-P2B,11.7,0.0,11.7
C1570,25,Cọc khoan nhồi D1200 (26 cọc L=872m):P2A-P2B,11.7,0.0,11.7
C1571,25,Cọc khoan nhồi D1200 (26 cọc L=872m):P2A-P2B,11.7,0.0,11.7
C1572,25,Cọc khoan nhồi D1200 (26 cọc L=872m):P2A-P2B,11.7,0.0,11.7
C1573,25,Cọc khoan nhồi D1200 (26 cọc L=872m):P2A-P2B,11.7,0.0,11.7
C1574,25,Cọc khoan nhồi D1200 (26 cọc L=872m):P2A-P2B,11.7,0.0,11.7
C1575,25,Cọc khoan nhồi D1200 (26 cọc L=872m):P2A-P2B,11.7,0.0,11.7
C1576,25,Cọc khoan nhồi D1200 (26 cọc L=872m):P2A-P2B,11.7,0.0,11.7
C1577,25,Cọc khoan nhồi D1200 (26 cọc L=872m):P2A-P2B,11.7,0.0,11.7
C1578,25,Cọc khoan nhồi D1200 (26 cọc L=872m):P2A-P2B,11.7,0.0,11.7
C1579,25,Cọc khoan nhồi D1200 (26 cọc L=872m):P2A-P2B,11.7,0.0,11.7
C1580,25,Cọc khoan nhồi D1200 (26 cọc L=872m):P2A-P2B,11.7,0.0,11.7
C1581,25,Cọc khoan nhồi D1200 (26 cọc L=872m):P2A-P2B,11.7,0.0,11.7
C1582,25,Cọc khoan nhồi D1200 (26 cọc L=872m):P2A-P2B,11.7,0.0,11.7
C1583,25,Cọc khoan nhồi D1200 (26 cọc L=872m):P2A-P2B,11.7,0.0,11.7
C1584,25,Cọc khoan nhồi D1200 (26 cọc L=872m):P2A-P2B,11.7,0.0,11.7
C1585,25,Cọc khoan nhồi D1200 (26 cọc L=872m):P2A-P2B,11.7,0.0,11.7
C1586,25,Cọc khoan nhồi D1200 (26 cọc L=872m):P2A-P2B,11.7,0.0,11.7
C1587,25,Cọc khoan nhồi D1200 (26 cọc L=872m):P2A-P2B,11.7,0.0,11.7
C1588,25,Cọc khoan nhồi D1200 (26 cọc L=872m):P2A-P2B,11.7,0.0,11.7
C1589,25,Cọc khoan nhồi D1200 (26 cọc L=872m):P2A-P2B,11.7,0.0,11.7
C1590,25,Cọc khoan nhồi D1200 (26 cọc L=872m):P2A-P2B,11.7,0.0,11.7
C1591,25,Cọc khoan nhồi D1200 (26 cọc L=872m):P2A-P2B,11.7,0.0,11.7
C1592,25,Cọc khoan nhồi D1200 (26 cọc L=872m):P2A-P2B,11.7,0.0,11.7
C1593,25,Cọc khoan nhồi D1200 (26 cọc L=872m):P2A-P2B,11.7,0.0,11.7
C1594,25,Cọc khoan nhồi D1200 (26 cọc L=872m):P2A-P2B,11.7,0.0,11.7
C1595,25,Cọc khoan nhồi D1200 (26 cọc L=872m):P2A-P2B,11.7,0.0,11.7
C1596,25,Cọc khoan nhồi D1200 (26 cọc L=872m):P2A-P2B,11.7,0.0,11.7
C1597,25,Cọc khoan nhồi D1200 (26 cọc L=872m):P2A-P2B,11.7,0.0,11.7
C1598,25,Cọc khoan nhồi D1200 (26 cọc L=872m):P2A-P2B,11.7,0.0,11.7
C1599,25,Cọc khoan nhồi D1200 (26 cọc L=872m):P2A-P2B,11.7,0.0,11.7
C1600,25,Cọc khoan nhồi D1200 (26 cọc L=872m):P2A-P2B,11.7,0.0,11.7
C1601,25,Cọc khoan nhồi D1200 (26 cọc L=872m):P2A-P2B,11.7,0.0,11.7
C1602,25,Cọc khoan nhồi D1200 (26 cọc L=872m):P2A-P2B,11.7,0.0,11.7
C1603,25,Cọc khoan nhồi D1200 (26 cọc L=872m):P2A-P2B,11.7,0.0,11.7
C1604,25,Cọc khoan nhồi D1200 (26 cọc L=872m):P2A-P2B,11.7,0.0,11.7
C1605,25,Cọc khoan nhồi D1200 (26 cọc L=872m):P2A-P2B,11.7,0.0,11.7
C1606,25,Cọc khoan nhồi D1200 (26 cọc L=872m):P2A-P2B,11.7,0.0,11.7
C1607,25,Cọc khoan nhồi D1200 (26 cọc L=872m):P2A-P2B,11.7,0.0,11.7
C1608,25,Cọc khoan nhồi D1200 (26 cọc L=872m):P2A-P2B,11.7,0.0,11.7
C1609,25,Cọc khoan nhồi D1200 (26 cọc L=872m):P2A-P2B,11.7,0.0,11.7
C1610,25,Cọc khoan nhồi D1200 (26 cọc L=872m):P2A-P2B,11.7,0.0,11.7
C1611,25,Cọc khoan nhồi D1200 (26 cọc L=872m):P2A-P2B,11.7,0.0,11.7
C1612,25,Cọc khoan nhồi D1200 (26 cọc L=872m):P2A-P2B,11.7,0.0,11.7
C1613,25,Cọc khoan nhồi D1200 (26 cọc L=872m):P2A-P2B,11.7,0.0,11.7
C1614,25,Cọc khoan nhồi D1200 (26 cọc L=872m):P2A-P2B,11.7,0.0,11.7
C1615,25,Cọc khoan nhồi D1200 (26 cọc L=872m):P2A-P2B,11.7,0.0,11.7
C1616,25,Cọc khoan nhồi D1200 (26 cọc L=872m):P2A-P2B,11.7,0.0,11.7
C1617,25,Cọc khoan nhồi D1200 (26 cọc L=872m):P2A-P2B,11.7,0.0,11.7
C1618,25,Cọc khoan nhồi D1200 (26 cọc L=872m):P2A-P2B,11.7,0.0,11.7
C1619,25,Cọc khoan nhồi D1200 (26 cọc L=872m):P2A-P2B,11.7,0.0,11.7
C1620,25,Cọc khoan nhồi D1200 (26 cọc L=872m):P2A-P2B,11.7,0.0,11.7
C1621,25,Cọc khoan nhồi D1200 (26 cọc L=872m):P2A-P2B,11.7,0.0,11.7
C1622,25,Cọc khoan nhồi D1200 (26 cọc L=872m):P2A-P2B,11.7,0.0,11.7
C1623,25,Cọc khoan nhồi D1200 (26 cọc L=872m):P2A-P2B,11.7,0.0,11.7
C1624,25,Cọc khoan nhồi D1200 (26 cọc L=872m):P2A-P2B,11.7,0.0,11.7
C1625,25,Cọc khoan nhồi D1200 (26 cọc L=872m):P2A-P2B,11.7,0.0,11.7
C1626,25,Cọc khoan nhồi D1200 (26 cọc L=872m):P2A-P2B,11.7,0.0,11.7
C1627,25,Cọc khoan nhồi D1200 (26 cọc L=872m):P2A-P2B,11.7,0.0,11.7
C1628,25,Cọc khoan nhồi D1200 (26 cọc L=872m):P2A-P2B,11.7,0.0,11.7
C1629,25,Cọc khoan nhồi D1200 (26 cọc L=872m):P2A-P2B,11.7,0.0,11.7
C1630,25,Cọc khoan nhồi D1200 (26 cọc L=872m):P2A-P2B,11.7,0.0,11.7
C1631,25,Cọc khoan nhồi D1200 (26 cọc L=872m):P2A-P2B,11.7,0.0,11.7
C1632,25,Cọc khoan nhồi D1200 (26 cọc L=872m):P2A-P2B,11.7,0.0,11.7
C1633,25,Cọc khoan nhồi D1200 (26 cọc L=872m):P2A-P2B,11.7,0.0,11.7
C1634,25,Cọc khoan nhồi D1200 (26 cọc L=872m):P2A-P2B,11.7,0.0,11.7
C1635,25,Cọc khoan nhồi D1200 (26 cọc L=872m):P2A-P2B,11.7,0.0,11.7
C1636,25,Cọc khoan nhồi D1200 (26 cọc L=872m):P2A-P2B,11.7,0.0,11.7
C1637,25,Cọc khoan nhồi D1200 (26 cọc L=872m):P2A-P2B,11.7,0.0,11.7
C1638,25,Cọc khoan nhồi D1200 (26 cọc L=872m):P2A-P2B,11.7,0.0,11.7
C1639,25,Cọc khoan nhồi D1200 (26 cọc L=872m):P2A-P2B,11.7,0.0,11.7
C1640,25,Cọc khoan nhồi D1200 (26 cọc L=872m):P2A-P2B,11.7,0.0,11.7
C1641,25,Cọc khoan nhồi D1200 (26 cọc L=872m):P2A-P2B,11.7,0.0,11.7
C1642,25,Cọc khoan nhồi D1200 (26 cọc L=872m):P2A-P2B,11.7,0.0,11.7
C1643,25,Cọc khoan nhồi D1200 (26 cọc L=872m):P2A-P2B,11.7,0.0,11.7
C1644,25,Cọc khoan nhồi D1200 (26 cọc L=872m):P2A-P2B,11.7,0.0,11.7
C1645,25,Cọc khoan nhồi D1200 (26 cọc L=872m):P2A-P2B,11.7,0.0,11.7
C1646,25,Cọc khoan nhồi D1200 (26 cọc L=872m):P2A-P2B,11.7,0.0,11.7
C1647,25,Cọc khoan nhồi D1200 (26 cọc L=872m):P2A-P2B,11.7,0.0,11.7
C1648,25,Cọc khoan nhồi D1200 (26 cọc L=872m):P2A-P2B,11.7,0.0,11.7
C1649,25,Cọc khoan nhồi D1200 (26 cọc L=872m):P2A-P2B,11.7,0.0,11.7
C1650,25,Cọc khoan nhồi D1200 (26 cọc L=872m):P2A-P2B,11.7,0.0,11.7
C1651,25,Cọc khoan nhồi D1200 (26 cọc L=872m):P2A-P2B,11.7,0.0,11.7
C1652,25,Cọc khoan nhồi D1200 (26 cọc L=872m):P2A-P2B,11.7,0.0,11.7
C1653,25,Cọc khoan nhồi D1200 (26 cọc L=872m):P2A-P2B,11.7,0.0,11.7
C1654,25,Cọc khoan nhồi D1200 (26 cọc L=872m):P2A-P2B,11.7,0.0,11.7
C1655,25,Cọc khoan nhồi D1200 (26 cọc L=872m):P2A-P2B,11.7,0.0,11.7
C1656,25,Cọc khoan nhồi D1200 (26 cọc L=872m):P2A-P2B,11.7,0.0,11.7
C1657,25,Cọc khoan nhồi D1200 (26 cọc L=872m):P2A-P2B,11.7,0.0,11.7
C1658,25,Cọc khoan nhồi D1200 (26 cọc L=872m):P2A-P2B,11.7,0.0,11.7
C1659,25,Cọc khoan nhồi D1200 (26 cọc L=872m):P2A-P2B,11.7,0.0,11.7
C1660,25,Cọc khoan nhồi D1200 (26 cọc L=872m):P2A-P2B,11.7,0.0,11.7
C1661,25,Cọc khoan nhồi D1200 (26 cọc L=872m):P2A-P2B,11.7,0.0,11.7
C1662,25,Cọc khoan nhồi D1200 (26 cọc L=872m):P2A-P2B,11.7,0.0,11.7
C1663,25,Cọc khoan nhồi D1200 (26 cọc L=872m):P2A-P2B,11.7,0.0,11.7
C1664,25,Cọc khoan nhồi D1200 (26 cọc L=872m):P2A-P2B,11.7,0.0,11.7
C1665,25,Cọc khoan nhồi D1200 (26 cọc L=872m):P2A-P2B,11.7,0.0,11.7
C1666,25,Cọc khoan nhồi D1200 (26 cọc L=872m):P2A-P2B,11.7,0.0,11.7
C1667,25,Cọc khoan nhồi D1200 (26 cọc L=872m):P2A-P2B,11.7,0.0,11.7
C1668,25,Cọc khoan nhồi D1200 (26 cọc L=872m):P2A-P2B,11.7,0.0,11.7
C1669,25,Cọc khoan nhồi D1200 (26 cọc L=872m):P2A-P2B,11.7,0.0,11.7
C1670,25,Cọc khoan nhồi D1200 (26 cọc L=872m):P2A-P2B,11.7,0.0,11.7
C1671,25,Cọc khoan nhồi D1200 (26 cọc L=872m):P2A-P2B,11.7,0.0,11.7
C1672,25,Cọc khoan nhồi D1200 (26 cọc L=872m):P2A-P2B,11.7,0.0,11.7
C1673,25,Cọc khoan nhồi D1200 (26 cọc L=872m):P2A-P2B,11.7,0.0,11.7
C1674,25,Cọc khoan nhồi D1200 (26 cọc L=872m):P2A-P2B,11.7,0.0,11.7
C1675,25,Cọc khoan nhồi D1200 (26 cọc L=872m):P2A-P2B,11.7,0.0,11.7
C1676,25,Cọc khoan nhồi D1200 (26 cọc L=872m):P2A-P2B,11.7,0.0,11.7
C1677,25,Cọc khoan nhồi D1200 (26 cọc L=872m):P2A-P2B,11.7,0.0,11.7
C1678,25,Cọc khoan nhồi D1200 (26 cọc L=872m):P2A-P2B,11.7,0.0,11.7
C1679,25,Cọc khoan nhồi D1200 (26 cọc L=872m):P2A-P2B,11.7,0.0,11.7
C1680,25,Cọc khoan nhồi D1200 (26 cọc L=872m):P2A-P2B,11.7,0.0,11.7
C1681,25,Cọc khoan nhồi D1200 (26 cọc L=872m):P2A-P2B,11.7,0.0,11.7
C1682,25,Cọc khoan nhồi D1200 (26 cọc L=872m):P2A-P2B,11.7,0.0,11.7
C1683,25,Cọc khoan nhồi D1200 (26 cọc L=872m):P2A-P2B,11.7,0.0,11.7
C1684,25,Cọc khoan nhồi D1200 (26 cọc L=872m):P2A-P2B,11.7,0.0,11.7
C1685,25,Cọc khoan nhồi D1200 (26 cọc L=872m):P2A-P2B,11.7,0.0,11.7
C1686,25,Cọc khoan nhồi D1200 (26 cọc L=872m):P2A-P2B,11.7,0.0,11.7
C1687,25,Cọc khoan nhồi D1200 (26 cọc L=872m):P2A-P2B,11.7,0.0,11.7
C1688,25,Cọc khoan nhồi D1200 (26 cọc L=872m):P2A-P2B,11.7,0.0,11.7
C1689,25,Cọc khoan nhồi D1200 (26 cọc L=872m):P2A-P2B,11.7,0.0,11.7
C1690,25,Cọc khoan nhồi D1200 (26 cọc L=872m):P2A-P2B,11.7,0.0,11.7
C1691,25,Cọc khoan nhồi D1200 (26 cọc L=872m):P2A-P2B,11.7,0.0,11.7
C1692,25,Cọc khoan nhồi D1200 (26 cọc L=872m):P2A-P2B,11.7,0.0,11.7
C1693,25,Cọc khoan nhồi D1200 (26 cọc L=872m):P2A-P2B,11.7,0.0,11.7
C1694,25,Cọc khoan nhồi D1200 (26 cọc L=872m):P2A-P2B,11.7,0.0,11.7
C1695,25,Cọc khoan nhồi D1200 (26 cọc L=872m):P2A-P2B,11.7,0.0,11.7
C1696,25,Cọc khoan nhồi D1200 (26 cọc L=872m):P2A-P2B,11.7,0.0,11.7
C1697,25,Cọc khoan nhồi D1200 (26 cọc L=872m):P2A-P2B,11.7,0.0,11.7
C1698,25,Cọc khoan nhồi D1200 (26 cọc L=872m):P2A-P2B,11.7,0.0,11.7
C1699,25,Cọc khoan nhồi D1200 (26 cọc L=872m):P2A-P2B,11.7,0.0,11.7
C1700,25,Cọc khoan nhồi D1200 (26 cọc L=872m):P2A-P2B,11.7,0.0,11.7
C1701,25,Cọc khoan nhồi D1200 (26 cọc L=872m):P2A-P2B,11.7,0.0,11.7
C1702,25,Cọc khoan nhồi D1200 (26 cọc L=872m):P2A-P2B,11.7,0.0,11.7
C1703,25,Cọc khoan nhồi D1200 (26 cọc L=872m):P2A-P2B,11.7,0.0,11.7
C1704,25,Cọc khoan nhồi D1200 (26 cọc L=872m):P2A-P2B,11.7,0.0,11.7
C1705,25,Cọc khoan nhồi D1200 (26 cọc L=872m):P2A-P2B,11.7,0.0,11.7
C1706,25,Cọc khoan nhồi D1200 (26 cọc L=872m):P2A-P2B,11.7,0.0,11.7
C1707,25,Cọc khoan nhồi D1200 (26 cọc L=872m):P2A-P2B,11.7,0.0,11.7
C1708,25,Cọc khoan nhồi D1200 (26 cọc L=872m):P2A-P2B,11.7,0.0,11.7
C1709,25,Cọc khoan nhồi D1200 (26 cọc L=872m):P2A-P2B,11.7,0.0,11.7
C1710,25,Cọc khoan nhồi D1200 (26 cọc L=872m):P2A-P2B,11.7,0.0,11.7
C1711,25,Cọc khoan nhồi D1200 (26 cọc L=872m):P2A-P2B,11.7,0.0,11.7
C1712,25,Cọc khoan nhồi D1200 (26 cọc L=872m):P2A-P2B,11.7,0.0,11.7
C1713,25,Cọc khoan nhồi D1200 (26 cọc L=872m):P2A-P2B,11.7,0.0,11.7
C1714,25,Cọc khoan nhồi D1200 (26 cọc L=872m):P2A-P2B,11.7,0.0,11.7
C1715,25,Cọc khoan nhồi D1200 (26 cọc L=872m):P2A-P2B,11.7,0.0,11.7
C1716,25,Cọc khoan nhồi D1200 (26 cọc L=872m):P2A-P2B,11.7,0.0,11.7
C1717,25,Cọc khoan nhồi D1200 (26 cọc L=872m):P2A-P2B,11.7,0.0,11.7
C1718,25,Cọc khoan nhồi D1200 (26 cọc L=872m):P2A-P2B,11.7,0.0,11.7
C1719,25,Cọc khoan nhồi D1200 (26 cọc L=872m):P2A-P2B,11.7,0.0,11.7
C1720,25,Cọc khoan nhồi D1200 (26 cọc L=872m):P2A-P2B,11.7,0.0,11.7
C1721,25,Cọc khoan nhồi D1200 (26 cọc L=872m):P2A-P2B,11.7,0.0,11.7
C1722,25,Cọc khoan nhồi D1200 (26 cọc L=872m):P2A-P2B,11.7,0.0,11.7
C1723,25,Cọc khoan nhồi D1200 (26 cọc L=872m):P2A-P2B,11.7,0.0,11.7
C1724,25,Cọc khoan nhồi D1200 (26 cọc L=872m):P2A-P2B,11.7,0.0,11.7
C1725,25,Cọc khoan nhồi D1200 (26 cọc L=872m):P2A-P2B,11.7,0.0,11.7
C1726,25,Cọc khoan nhồi D1200 (26 cọc L=872m):P2A-P2B,11.7,0.0,11.7
C1727,25,Cọc khoan nhồi D1200 (26 cọc L=872m):P2A-P2B,11.7,0.0,11.7
C1728,25,Cọc khoan nhồi D1200 (26 cọc L=872m):P2A-P2B,11.7,0.0,11.7
C1729,25,Cọc khoan nhồi D1200 (26 cọc L=872m):P2A-P2B,11.7,0.0,11.7
C1730,25,Cọc khoan nhồi D1200 (26 cọc L=872m):P2A-P2B,11.7,0.0,11.7
C1731,25,Cọc khoan nhồi D1200 (26 cọc L=872m):P2A-P2B,11.7,0.0,11.7
C1732,25,Cọc khoan nhồi D1200 (26 cọc L=872m):P2A-P2B,11.7,0.0,11.7
C1733,25,Cọc khoan nhồi D1200 (26 cọc L=872m):P2A-P2B,11.7,0.0,11.7
C1734,25,Cọc khoan nhồi D1200 (26 cọc L=872m):P2A-P2B,11.7,0.0,11.7
C1735,25,Cọc khoan nhồi D1200 (26 cọc L=872m):P2A-P2B,11.7,0.0,11.7
C1736,25,Cọc khoan nhồi D1200 (26 cọc L=872m):P2A-P2B,11.7,0.0,11.7
C1737,25,Cọc khoan nhồi D1200 (26 cọc L=872m):P2A-P2B,11.7,0.0,11.7
C1738,25,Cọc khoan nhồi D1200 (26 cọc L=872m):P2A-P2B,11.7,0.0,11.7
C1739,25,Cọc khoan nhồi D1200 (26 cọc L=872m):P2A-P2B,11.7,0.0,11.7
C1740,25,Cọc khoan nhồi D1200 (26 cọc L=872m):P2A-P2B,11.7,0.0,11.7
C1741,25,Cọc khoan nhồi D1200 (26 cọc L=872m):P2A-P2B,11.7,0.0,11.7
C1742,25,Cọc khoan nhồi D1200 (26 cọc L=872m):P2A-P2B,11.7,0.0,11.7
C1743,25,Cọc khoan nhồi D1200 (26 cọc L=872m):P2A-P2B,11.7,0.0,11.7
C1744,25,Cọc khoan nhồi D1200 (26 cọc L=872m):P2A-P2B,11.7,0.0,11.7
C1745,25,Cọc khoan nhồi D1200 (26 cọc L=872m):P2A-P2B,11.7,0.0,11.7
C1746,25,Cọc khoan nhồi D1200 (26 cọc L=872m):P2A-P2B,11.7,0.0,11.7
C1747,25,Cọc khoan nhồi D1200 (26 cọc L=872m):P2A-P2B,11.7,0.0,11.7
C1748,25,Cọc khoan nhồi D1200 (26 cọc L=872m):P2A-P2B,11.7,0.0,11.7
C1749,25,Cọc khoan nhồi D1200 (26 cọc L=872m):P2A-P2B,11.7,0.0,11.7
C1750,25,Cọc khoan nhồi D1200 (26 cọc L=872m):P2A-P2B,11.7,0.0,11.7
C1751,25,Cọc khoan nhồi D1200 (26 cọc L=872m):P2A-P2B,11.7,0.0,11.7
C1752,25,Cọc khoan nhồi D1200 (26 cọc L=872m):P2A-P2B,11.7,0.0,11.7
C1753,25,Cọc khoan nhồi D1200 (26 cọc L=872m):P2A-P2B,11.7,0.0,11.7
C1754,25,Cọc khoan nhồi D1200 (26 cọc L=872m):P2A-P2B,11.7,0.0,11.7
C1755,25,Cọc khoan nhồi D1200 (26 cọc L=872m):P2A-P2B,11.7,0.0,11.7
C1756,25,Cọc khoan nhồi D1200 (26 cọc L=872m):P2A-P2B,11.7,0.0,11.7
C1757,25,Cọc khoan nhồi D1200 (26 cọc L=872m):P2A-P2B,11.7,0.0,11.7
C1758,25,Cọc khoan nhồi D1200 (26 cọc L=872m):P2A-P2B,11.7,0.0,11.7
C1759,25,Cọc khoan nhồi D1200 (26 cọc L=872m):P2A-P2B,11.7,0.0,11.7
C1760,25,Cọc khoan nhồi D1200 (26 cọc L=872m):P2A-P2B,11.7,0.0,11.7
C1761,25,Cọc khoan nhồi D1200 (26 cọc L=872m):P2A-P2B,11.7,0.0,11.7
C1762,25,Cọc khoan nhồi D1200 (26 cọc L=872m):P2A-P2B,11.7,0.0,11.7
C1763,25,Cọc khoan nhồi D1200 (26 cọc L=872m):P2A-P2B,11.7,0.0,11.7
C1764,25,Cọc khoan nhồi D1200 (26 cọc L=872m):P2A-P2B,11.7,0.0,11.7
C1765,25,Cọc khoan nhồi D1200 (26 cọc L=872m):P2A-P2B,11.7,0.0,11.7
C1766,25,Cọc khoan nhồi D1200 (26 cọc L=872m):P2A-P2B,11.7,0.0,11.7
C1767,25,Cọc khoan nhồi D1200 (26 cọc L=872m):P2A-P2B,11.7,0.0,11.7
C1768,25,Cọc khoan nhồi D1200 (26 cọc L=872m):P2A-P2B,11.7,0.0,11.7
C1769,25,Cọc khoan nhồi D1200 (26 cọc L=872m):P2A-P2B,11.7,0.0,11.7
C1770,25,Cọc khoan nhồi D1200 (26 cọc L=872m):P2A-P2B,11.7,0.0,11.7
C1771,25,Cọc khoan nhồi D1200 (26 cọc L=872m):P2A-P2B,11.7,0.0,11.7
C1772,25,Cọc khoan nhồi D1200 (26 cọc L=872m):P2A-P2B,11.7,0.0,11.7
C1773,25,Cọc khoan nhồi D1200 (26 cọc L=872m):P2A-P2B,11.7,0.0,11.7
C1774,25,Cọc khoan nhồi D1200 (26 cọc L=872m):P2A-P2B,11.7,0.0,11.7
C1775,25,Cọc khoan nhồi D1200 (26 cọc L=872m):P2A-P2B,11.7,0.0,11.7
C1776,25,Cọc khoan nhồi D1200 (26 cọc L=872m):P2A-P2B,11.7,0.0,11.7
C1777,25,Cọc khoan nhồi D1200 (26 cọc L=872m):P2A-P2B,11.7,0.0,11.7
C1778,25,Cọc khoan nhồi D1200 (26 cọc L=872m):P2A-P2B,11.7,0.0,11.7
C1779,25,Cọc khoan nhồi D1200 (26 cọc L=872m):P2A-P2B,11.7,0.0,11.7
C1780,25,Cọc khoan nhồi D1200 (26 cọc L=872m):P2A-P2B,11.7,0.0,11.7
C1781,25,Cọc khoan nhồi D1200 (26 cọc L=872m):P2A-P2B,11.7,0.0,11.7
C1782,25,Cọc khoan nhồi D1200 (26 cọc L=872m):P2A-P2B,11.7,0.0,11.7
C1783,25,Cọc khoan nhồi D1200 (26 cọc L=872m):P2A-P2B,11.7,0.0,11.7
C1784,25,Cọc khoan nhồi D1200 (26 cọc L=872m):P2A-P2B,11.7,0.0,11.7
C1785,25,Cọc khoan nhồi D1200 (26 cọc L=872m):P2A-P2B,11.7,0.0,11.7
C1786,25,Cọc khoan nhồi D1200 (26 cọc L=872m):P2A-P2B,11.7,0.0,11.7
C1787,25,Cọc khoan nhồi D1200 (26 cọc L=872m):P2A-P2B,11.7,0.0,11.7
C1788,25,Cọc khoan nhồi D1200 (26 cọc L=872m):P2A-P2B,11.7,0.0,11.7
C1789,25,Cọc khoan nhồi D1200 (26 cọc L=872m):P2A-P2B,11.7,0.0,11.7
C1790,25,Cọc khoan nhồi D1200 (26 cọc L=872m):P2A-P2B,11.7,0.0,11.7
C1791,25,Cọc khoan nhồi D1200 (26 cọc L=872m):P2A-P2B,11.7,0.0,11.7
C1792,25,Cọc khoan nhồi D1200 (26 cọc L=872m):P2A-P2B,11.7,0.0,11.7
C1793,25,Cọc khoan nhồi D1200 (26 cọc L=872m):P2A-P2B,11.7,0.0,11.7
C1794,25,Cọc khoan nhồi D1200 (26 cọc L=872m):P2A-P2B,11.7,0.0,11.7
C1795,25,Cọc khoan nhồi D1200 (26 cọc L=872m):P2A-P2B,11.7,0.0,11.7
C1796,25,Cọc khoan nhồi D1200 (26 cọc L=872m):P2A-P2B,11.7,0.0,11.7
C1797,25,Cọc khoan nhồi D1200 (26 cọc L=872m):P2A-P2B,11.7,0.0,11.7
C1798,25,Cọc khoan nhồi D1200 (26 cọc L=872m):P2A-P2B,11.7,0.0,11.7
C1799,25,Cọc khoan nhồi D1200 (26 cọc L=872m):P2A-P2B,11.7,0.0,11.7
C1800,25,Cọc khoan nhồi D1200 (26 cọc L=872m):P2A-P2B,11.7,0.0,11.7
C1801,25,Cọc khoan nhồi D1200 (26 cọc L=872m):P2A-P2B,11.7,0.0,11.7
C1802,25,Cọc khoan nhồi D1200 (26 cọc L=872m):P2A-P2B,11.7,0.0,11.7
C1803,25,Cọc khoan nhồi D1200 (26 cọc L=872m):P2A-P2B,11.7,0.0,11.7
C1804,25,Cọc khoan nhồi D1200 (26 cọc L=872m):P2A-P2B,11.7,0.0,11.7
C1805,25,Cọc khoan nhồi D1200 (26 cọc L=872m):P2A-P2B,11.7,0.0,11.7
C1806,25,Cọc khoan nhồi D1200 (26 cọc L=872m):P2A-P2B,11.7,0.0,11.7
C1807,25,Cọc khoan nhồi D1200 (26 cọc L=872m):P2A-P2B,11.7,0.0,11.7
C1808,25,Cọc khoan nhồi D1200 (26 cọc L=872m):P2A-P2B,11.7,0.0,11.7
C1809,25,Cọc khoan nhồi D1200 (26 cọc L=872m):P2A-P2B,11.7,0.0,11.7
C1810,25,Cọc khoan nhồi D1200 (26 cọc L=872m):P2A-P2B,11.7,0.0,11.7
C1811,25,Cọc khoan nhồi D1200 (26 cọc L=872m):P2A-P2B,11.7,0.0,11.7
C1812,25,Cọc khoan nhồi D1200 (26 cọc L=872m):P2A-P2B,11.7,0.0,11.7
C1813,25,Cọc khoan nhồi D1200 (26 cọc L=872m):P2A-P2B,11.7,0.0,11.7
C1814,25,Cọc khoan nhồi D1200 (26 cọc L=872m):P2A-P2B,11.7,0.0,11.7
C1815,25,Cọc khoan nhồi D1200 (26 cọc L=872m):P2A-P2B,11.7,0.0,11.7
C1816,25,Cọc khoan nhồi D1200 (26 cọc L=872m):P2A-P2B,11.7,0.0,11.7
C1817,25,Cọc khoan nhồi D1200 (26 cọc L=872m):P2A-P2B,11.7,0.0,11.7
C1818,25,Cọc khoan nhồi D1200 (26 cọc L=872m):P2A-P2B,11.7,0.0,11.7
C1819,25,Cọc khoan nhồi D1200 (26 cọc L=872m):P2A-P2B,11.7,0.0,11.7
C1820,25,Cọc khoan nhồi D1200 (26 cọc L=872m):P2A-P2B,11.7,0.0,11.7
C1821,25,Cọc khoan nhồi D1200 (26 cọc L=872m):P2A-P2B,11.7,0.0,11.7
C1822,25,Cọc khoan nhồi D1200 (26 cọc L=872m):P2A-P2B,11.7,0.0,11.7
C1823,25,Cọc khoan nhồi D1200 (26 cọc L=872m):P2A-P2B,11.7,0.0,11.7
C1824,25,Cọc khoan nhồi D1200 (26 cọc L=872m):P2A-P2B,11.7,0.0,11.7
C1825,25,Cọc khoan nhồi D1200 (26 cọc L=872m):P2A-P2B,11.7,0.0,11.7
C1826,25,Cọc khoan nhồi D1200 (26 cọc L=872m):P2A-P2B,11.7,0.0,11.7
C1827,25,Cọc khoan nhồi D1200 (26 cọc L=872m):P2A-P2B,11.7,0.0,11.7
C1828,25,Cọc khoan nhồi D1200 (26 cọc L=872m):P2A-P2B,11.7,0.0,11.7
C1829,25,Cọc khoan nhồi D1200 (26 cọc L=872m):P2A-P2B,11.7,0.0,11.7
C1830,25,Cọc khoan nhồi D1200 (26 cọc L=872m):P2A-P2B,11.7,0.0,11.7
C1831,25,Cọc khoan nhồi D1200 (26 cọc L=872m):P2A-P2B,11.7,0.0,11.7
C1832,25,Cọc khoan nhồi D1200 (26 cọc L=872m):P2A-P2B,11.7,0.0,11.7
C1833,25,Cọc khoan nhồi D1200 (26 cọc L=872m):P2A-P2B,11.7,0.0,11.7
C1834,25,Cọc khoan nhồi D1200 (26 cọc L=872m):P2A-P2B,11.7,0.0,11.7
C1835,25,Cọc khoan nhồi D1200 (26 cọc L=872m):P2A-P2B,11.7,0.0,11.7
C1836,25,Cọc khoan nhồi D1200 (26 cọc L=872m):P2A-P2B,11.7,0.0,11.7
C1837,25,Cọc khoan nhồi D1200 (26 cọc L=872m):P2A-P2B,11.7,0.0,11.7
C1838,25,Cọc khoan nhồi D1200 (26 cọc L=872m):P2A-P2B,11.7,0.0,11.7
C1839,25,Cọc khoan nhồi D1200 (26 cọc L=872m):P2A-P2B,11.7,0.0,11.7
C1840,25,Cọc khoan nhồi D1200 (26 cọc L=872m):P2A-P2B,11.7,0.0,11.7
C1841,25,Cọc khoan nhồi D1200 (26 cọc L=872m):P2A-P2B,11.7,0.0,11.7
C1842,25,Cọc khoan nhồi D1200 (26 cọc L=872m):P2A-P2B,11.7,0.0,11.7
C1843,25,Cọc khoan nhồi D1200 (26 cọc L=872m):P2A-P2B,11.7,0.0,11.7
C1844,25,Cọc khoan nhồi D1200 (26 cọc L=872m):P2A-P2B,11.7,0.0,11.7
C1845,25,Cọc khoan nhồi D1200 (26 cọc L=872m):P2A-P2B,11.7,0.0,11.7
C1846,25,Cọc khoan nhồi D1200 (26 cọc L=872m):P2A-P2B,11.7,0.0,11.7
C1847,25,Cọc khoan nhồi D1200 (26 cọc L=872m):P2A-P2B,11.7,0.0,11.7
C1848,25,Cọc khoan nhồi D1200 (26 cọc L=872m):P2A-P2B,11.7,0.0,11.7
C1849,25,Cọc khoan nhồi D1200 (26 cọc L=872m):P2A-P2B,11.7,0.0,11.7
C1850,25,Cọc khoan nhồi D1200 (26 cọc L=872m):P2A-P2B,11.7,0.0,11.7
C1851,25,Cọc khoan nhồi D1200 (26 cọc L=872m):P2A-P2B,11.7,0.0,11.7
C1852,25,Cọc khoan nhồi D1200 (26 cọc L=872m):P2A-P2B,11.7,0.0,11.7
C1853,25,Cọc khoan nhồi D1200 (26 cọc L=872m):P2A-P2B,11.7,0.0,11.7
C1854,25,Cọc khoan nhồi D1200 (26 cọc L=872m):P2A-P2B,11.7,0.0,11.7
C1855,25,Cọc khoan nhồi D1200 (26 cọc L=872m):P2A-P2B,11.7,0.0,11.7
C1856,25,Cọc khoan nhồi D1200 (26 cọc L=872m):P2A-P2B,11.7,0.0,11.7
C1857,25,Cọc khoan nhồi D1200 (26 cọc L=872m):P2A-P2B,11.7,0.0,11.7
C1858,25,Cọc khoan nhồi D1200 (26 cọc L=872m):P2A-P2B,11.7,0.0,11.7
C1859,25,Cọc khoan nhồi D1200 (26 cọc L=872m):P2A-P2B,11.7,0.0,11.7
C1860,25,Cọc khoan nhồi D1200 (26 cọc L=872m):P2A-P2B,11.7,0.0,11.7
C1861,25,Cọc khoan nhồi D1200 (26 cọc L=872m):P2A-P2B,11.7,0.0,11.7
C1862,25,Cọc khoan nhồi D1200 (26 cọc L=872m):P2A-P2B,11.7,0.0,11.7
C1863,25,Cọc khoan nhồi D1200 (26 cọc L=872m):P2A-P2B,11.7,0.0,11.7
C1864,25,Cọc khoan nhồi D1200 (26 cọc L=872m):P2A-P2B,11.7,0.0,11.7
C1865,25,Cọc khoan nhồi D1200 (26 cọc L=872m):P2A-P2B,11.7,0.0,11.7
C1866,25,Cọc khoan nhồi D1200 (26 cọc L=872m):P2A-P2B,11.7,0.0,11.7
C1867,25,Cọc khoan nhồi D1200 (26 cọc L=872m):P2A-P2B,11.7,0.0,11.7
C1868,25,Cọc khoan nhồi D1200 (26 cọc L=872m):P2A-P2B,11.7,0.0,11.7
C1869,25,Cọc khoan nhồi D1200 (26 cọc L=872m):P2A-P2B,11.7,0.0,11.7
C1870,25,Cọc khoan nhồi D1200 (26 cọc L=872m):P2A-P2B,11.7,0.0,11.7
C1871,25,Cọc khoan nhồi D1200 (26 cọc L=872m):P2A-P2B,11.7,0.0,11.7
C1872,25,Cọc khoan nhồi D1200 (26 cọc L=872m):P2A-P2B,11.7,0.0,11.7
C1873,25,Cọc khoan nhồi D1200 (26 cọc L=872m):P2A-P2B,11.7,0.0,11.7
C1874,25,Cọc khoan nhồi D1200 (26 cọc L=872m):P2A-P2B,11.7,0.0,11.7
C1875,25,Cọc khoan nhồi D1200 (26 cọc L=872m):P2A-P2B,11.7,0.0,11.7
C1876,25,Cọc khoan nhồi D1200 (26 cọc L=872m):P2A-P2B,11.7,0.0,11.7
C1877,25,Cọc khoan nhồi D1200 (26 cọc L=872m):P2A-P2B,11.7,0.0,11.7
C1878,25,Cọc khoan nhồi D1200 (26 cọc L=872m):P2A-P2B,11.7,0.0,11.7
C1879,25,Cọc khoan nhồi D1200 (26 cọc L=872m):P2A-P2B,11.7,0.0,11.7
C1880,25,Cọc khoan nhồi D1200 (26 cọc L=872m):P2A-P2B,11.7,0.0,11.7
C1881,25,Cọc khoan nhồi D1200 (26 cọc L=872m):P2A-P2B,11.7,0.0,11.7
C1882,25,Cọc khoan nhồi D1200 (26 cọc L=872m):P2A-P2B,11.7,0.0,11.7
C1883,25,Cọc khoan nhồi D1200 (26 cọc L=872m):P2A-P2B,11.7,0.0,11.7
C1884,25,Cọc khoan nhồi D1200 (26 cọc L=872m):P2A-P2B,11.7,0.0,11.7
C1885,25,Cọc khoan nhồi D1200 (26 cọc L=872m):P2A-P2B,11.7,0.0,11.7
C1886,25,Cọc khoan nhồi D1200 (26 cọc L=872m):P2A-P2B,11.7,0.0,11.7
C1887,25,Cọc khoan nhồi D1200 (26 cọc L=872m):P2A-P2B,11.7,0.0,11.7
C1888,25,Cọc khoan nhồi D1200 (26 cọc L=872m):P2A-P2B,11.7,0.0,11.7
C1889,25,Cọc khoan nhồi D1200 (26 cọc L=872m):P2A-P2B,11.7,0.0,11.7
C1890,25,Cọc khoan nhồi D1200 (26 cọc L=872m):P2A-P2B,11.7,0.0,11.7
C1891,25,Cọc khoan nhồi D1200 (26 cọc L=872m):P2A-P2B,11.7,0.0,11.7
C1892,25,Cọc khoan nhồi D1200 (26 cọc L=872m):P2A-P2B,11.7,0.0,11.7
C1893,25,Cọc khoan nhồi D1200 (26 cọc L=872m):P2A-P2B,11.7,0.0,11.7
C1894,25,Cọc khoan nhồi D1200 (26 cọc L=872m):P2A-P2B,11.7,0.0,11.7
C1895,25,Cọc khoan nhồi D1200 (26 cọc L=872m):P2A-P2B,11.7,0.0,11.7
C1896,25,Cọc khoan nhồi D1200 (26 cọc L=872m):P2A-P2B,11.7,0.0,11.7
C1897,25,Cọc khoan nhồi D1200 (26 cọc L=872m):P2A-P2B,11.7,0.0,11.7
C1898,25,Cọc khoan nhồi D1200 (26 cọc L=872m):P2A-P2B,11.7,0.0,11.7
C1899,25,Cọc khoan nhồi D1200 (26 cọc L=872m):P2A-P2B,11.7,0.0,11.7
C1900,25,Cọc khoan nhồi D1200 (26 cọc L=872m):P2A-P2B,11.7,0.0,11.7
C1901,25,Cọc khoan nhồi D1200 (26 cọc L=872m):P2A-P2B,11.7,0.0,11.7
C1902,25,Cọc khoan nhồi D1200 (26 cọc L=872m):P2A-P2B,11.7,0.0,11.7
C1903,25,Cọc khoan nhồi D1200 (26 cọc L=872m):P2A-P2B,11.7,0.0,11.7
C1904,25,Cọc khoan nhồi D1200 (26 cọc L=872m):P2A-P2B,11.7,0.0,11.7
C1905,25,Cọc khoan nhồi D1200 (26 cọc L=872m):P2A-P2B,11.7,0.0,11.7
C1906,25,Cọc khoan nhồi D1200 (26 cọc L=872m):P2A-P2B,11.7,0.0,11.7
C1907,25,Cọc khoan nhồi D1200 (26 cọc L=872m):P2A-P2B,11.7,0.0,11.7
C1908,25,Cọc khoan nhồi D1200 (26 cọc L=872m):P2A-P2B,11.7,0.0,11.7
C1909,25,Cọc khoan nhồi D1200 (26 cọc L=872m):P2A-P2B,11.7,0.0,11.7
C1910,25,Cọc khoan nhồi D1200 (26 cọc L=872m):P2A-P2B,11.7,0.0,11.7
C1911,25,Cọc khoan nhồi D1200 (26 cọc L=872m):P2A-P2B,11.7,0.0,11.7
C1912,25,Cọc khoan nhồi D1200 (26 cọc L=872m):P2A-P2B,11.7,0.0,11.7
C1913,25,Cọc khoan nhồi D1200 (26 cọc L=872m):P2A-P2B,11.7,0.0,11.7
C1914,25,Cọc khoan nhồi D1200 (26 cọc L=872m):P2A-P2B,11.7,0.0,11.7
C1915,25,Cọc khoan nhồi D1200 (26 cọc L=872m):P2A-P2B,11.7,0.0,11.7
C1916,25,Cọc khoan nhồi D1200 (26 cọc L=872m):P2A-P2B,11.7,0.0,11.7
C1917,25,Cọc khoan nhồi D1200 (26 cọc L=872m):P2A-P2B,11.7,0.0,11.7
C1918,25,Cọc khoan nhồi D1200 (26 cọc L=872m):P2A-P2B,11.7,0.0,11.7
C1919,25,Cọc khoan nhồi D1200 (26 cọc L=872m):P2A-P2B,11.7,0.0,11.7
C1920,25,Cọc khoan nhồi D1200 (26 cọc L=872m):P2A-P2B,11.7,0.0,11.7
C1921,25,Cọc khoan nhồi D1200 (26 cọc L=872m):P2A-P2B,11.7,0.0,11.7
C1922,25,Cọc khoan nhồi D1200 (26 cọc L=872m):P2A-P2B,11.7,0.0,11.7
C1923,25,Cọc khoan nhồi D1200 (26 cọc L=872m):P2A-P2B,11.7,0.0,11.7
C1924,25,Cọc khoan nhồi D1200 (26 cọc L=872m):P2A-P2B,11.7,0.0,11.7
C1925,25,Cọc khoan nhồi D1200 (26 cọc L=872m):P2A-P2B,11.7,0.0,11.7
C1926,25,Cọc khoan nhồi D1200 (26 cọc L=872m):P2A-P2B,11.7,0.0,11.7
C1927,25,Cọc khoan nhồi D1200 (26 cọc L=872m):P2A-P2B,11.7,0.0,11.7
C1928,25,Cọc khoan nhồi D1200 (26 cọc L=872m):P2A-P2B,11.7,0.0,11.7
C1929,25,Cọc khoan nhồi D1200 (26 cọc L=872m):P2A-P2B,11.7,0.0,11.7
C1930,25,Cọc khoan nhồi D1200 (26 cọc L=872m):P2A-P2B,11.7,0.0,11.7
C1931,25,Cọc khoan nhồi D1200 (26 cọc L=872m):P2A-P2B,11.7,0.0,11.7
C1932,25,Cọc khoan nhồi D1200 (26 cọc L=872m):P2A-P2B,11.7,0.0,11.7
C1933,25,Cọc khoan nhồi D1200 (26 cọc L=872m):P2A-P2B,11.7,0.0,11.7
C1934,25,Cọc khoan nhồi D1200 (26 cọc L=872m):P2A-P2B,11.7,0.0,11.7
C1935,25,Cọc khoan nhồi D1200 (26 cọc L=872m):P2A-P2B,11.7,0.0,11.7
C1936,25,Cọc khoan nhồi D1200 (26 cọc L=872m):P2A-P2B,11.7,0.0,11.7
C1937,25,Cọc khoan nhồi D1200 (26 cọc L=872m):P2A-P2B,11.7,0.0,11.7
C1938,25,Cọc khoan nhồi D1200 (26 cọc L=872m):P2A-P2B,11.7,0.0,11.7
C1939,25,Cọc khoan nhồi D1200 (26 cọc L=872m):P2A-P2B,11.7,0.0,11.7
C1940,25,Cọc khoan nhồi D1200 (26 cọc L=872m):P2A-P2B,11.7,0.0,11.7
C1941,25,Cọc khoan nhồi D1200 (26 cọc L=872m):P2A-P2B,11.7,0.0,11.7
C1942,25,Cọc khoan nhồi D1200 (26 cọc L=872m):P2A-P2B,11.7,0.0,11.7
C1943,25,Cọc khoan nhồi D1200 (26 cọc L=872m):P2A-P2B,11.7,0.0,11.7
C1944,25,Cọc khoan nhồi D1200 (26 cọc L=872m):P2A-P2B,11.7,0.0,11.7
C1945,25,Cọc khoan nhồi D1200 (26 cọc L=872m):P2A-P2B,11.7,0.0,11.7
C1946,25,Cọc khoan nhồi D1200 (26 cọc L=872m):P2A-P2B,11.7,0.0,11.7
C1947,25,Cọc khoan nhồi D1200 (26 cọc L=872m):P2A-P2B,11.7,0.0,11.7
C1948,25,Cọc khoan nhồi D1200 (26 cọc L=872m):P2A-P2B,11.7,0.0,11.7
C1949,25,Cọc khoan nhồi D1200 (26 cọc L=872m):P2A-P2B,11.7,0.0,11.7
C1950,25,Cọc khoan nhồi D1200 (26 cọc L=872m):P2A-P2B,11.7,0.0,11.7
C1951,25,Cọc khoan nhồi D1200 (26 cọc L=872m):P2A-P2B,11.7,0.0,11.7
C1952,25,Cọc khoan nhồi D1200 (26 cọc L=872m):P2A-P2B,11.7,0.0,11.7
C1953,25,Cọc khoan nhồi D1200 (26 cọc L=872m):P2A-P2B,11.7,0.0,11.7
C1954,25,Cọc khoan nhồi D1200 (26 cọc L=872m):P2A-P2B,11.7,0.0,11.7
C1955,25,Cọc khoan nhồi D1200 (26 cọc L=872m):P2A-P2B,11.7,0.0,11.7
C1956,25,Cọc khoan nhồi D1200 (26 cọc L=872m):P2A-P2B,11.7,0.0,11.7
C1957,25,Cọc khoan nhồi D1200 (26 cọc L=872m):P2A-P2B,11.7,0.0,11.7
C1958,25,Cọc khoan nhồi D1200 (26 cọc L=872m):P2A-P2B,11.7,0.0,11.7
C1959,25,Cọc khoan nhồi D1200 (26 cọc L=872m):P2A-P2B,11.7,0.0,11.7
C1960,25,Cọc khoan nhồi D1200 (26 cọc L=872m):P2A-P2B,11.7,0.0,11.7
C1961,25,Cọc khoan nhồi D1200 (26 cọc L=872m):P2A-P2B,11.7,0.0,11.7
C1962,25,Cọc khoan nhồi D1200 (26 cọc L=872m):P2A-P2B,11.7,0.0,11.7
C1963,25,Cọc khoan nhồi D1200 (26 cọc L=872m):P2A-P2B,11.7,0.0,11.7
C1964,25,Cọc khoan nhồi D1200 (26 cọc L=872m):P2A-P2B,11.7,0.0,11.7
C1965,25,Cọc khoan nhồi D1200 (26 cọc L=872m):P2A-P2B,11.7,0.0,11.7
C1966,25,Cọc khoan nhồi D1200 (26 cọc L=872m):P2A-P2B,11.7,0.0,11.7
C1967,25,Cọc khoan nhồi D1200 (26 cọc L=872m):P2A-P2B,11.7,0.0,11.7
C1968,25,Cọc khoan nhồi D1200 (26 cọc L=872m):P2A-P2B,11.7,0.0,11.7
C1969,25,Cọc khoan nhồi D1200 (26 cọc L=872m):P2A-P2B,11.7,0.0,11.7
C1970,25,Cọc khoan nhồi D1200 (26 cọc L=872m):P2A-P2B,11.7,0.0,11.7
C1971,25,Cọc khoan nhồi D1200 (26 cọc L=872m):P2A-P2B,11.7,0.0,11.7
C1972,25,Cọc khoan nhồi D1200 (26 cọc L=872m):P2A-P2B,11.7,0.0,11.7
C1973,25,Cọc khoan nhồi D1200 (26 cọc L=872m):P2A-P2B,11.7,0.0,11.7
C1974,25,Cọc khoan nhồi D1200 (26 cọc L=872m):P2A-P2B,11.7,0.0,11.7
C1975,25,Cọc khoan nhồi D1200 (26 cọc L=872m):P2A-P2B,11.7,0.0,11.7
C1976,25,Cọc khoan nhồi D1200 (26 cọc L=872m):P2A-P2B,11.7,0.0,11.7
C1977,25,Cọc khoan nhồi D1200 (26 cọc L=872m):P2A-P2B,11.7,0.0,11.7
C1978,25,Cọc khoan nhồi D1200 (26 cọc L=872m):P2A-P2B,11.7,0.0,11.7
C1979,25,Cọc khoan nhồi D1200 (26 cọc L=872m):P2A-P2B,11.7,0.0,11.7
C1980,25,Cọc khoan nhồi D1200 (26 cọc L=872m):P2A-P2B,11.7,0.0,11.7
C1981,25,Cọc khoan nhồi D1200 (26 cọc L=872m):P2A-P2B,11.7,0.0,11.7
C1982,25,Cọc khoan nhồi D1200 (26 cọc L=872m):P2A-P2B,11.7,0.0,11.7
C1983,25,Cọc khoan nhồi D1200 (26 cọc L=872m):P2A-P2B,11.7,0.0,11.7
C1984,25,Cọc khoan nhồi D1200 (26 cọc L=872m):P2A-P2B,11.7,0.0,11.7
C1985,25,Cọc khoan nhồi D1200 (26 cọc L=872m):P2A-P2B,11.7,0.0,11.7
C1986,25,Cọc khoan nhồi D1200 (26 cọc L=872m):P2A-P2B,11.7,0.0,11.7
C1987,25,Cọc khoan nhồi D1200 (26 cọc L=872m):P2A-P2B,11.7,0.0,11.7
C1988,25,Cọc khoan nhồi D1200 (26 cọc L=872m):P2A-P2B,11.7,0.0,11.7
C1989,25,Cọc khoan nhồi D1200 (26 cọc L=872m):P2A-P2B,11.7,0.0,11.7
C1990,25,Cọc khoan nhồi D1200 (26 cọc L=872m):P2A-P2B,11.7,0.0,11.7
C1991,25,Cọc khoan nhồi D1200 (26 cọc L=872m):P2A-P2B,11.7,0.0,11.7
C1992,25,Cọc khoan nhồi D1200 (26 cọc L=872m):P2A-P2B,11.7,0.0,11.7
C1993,25,Cọc khoan nhồi D1200 (26 cọc L=872m):P2A-P2B,11.7,0.0,11.7
C1994,25,Cọc khoan nhồi D1200 (26 cọc L=872m):P2A-P2B,11.7,0.0,11.7
C1995,25,Cọc khoan nhồi D1200 (26 cọc L=872m):P2A-P2B,11.7,0.0,11.7
C1996,25,Cọc khoan nhồi D1200 (26 cọc L=872m):P2A-P2B,11.7,0.0,11.7
C1997,25,Cọc khoan nhồi D1200 (26 cọc L=872m):P2A-P2B,11.7,0.0,11.7
C1998,25,Cọc khoan nhồi D1200 (26 cọc L=872m):P2A-P2B,11.7,0.0,11.7
C1999,25,Cọc khoan nhồi D1200 (26 cọc L=872m):P2A-P2B,11.7,0.0,11.7
C2000,25,Cọc khoan nhồi D1200 (26 cọc L=872m):P2A-P2B,11.7,0.0,11.7
C2001,25,Cọc khoan nhồi D1200 (26 cọc L=872m):P2A-P2B,11.7,0.0,11.7
C2002,25,Cọc khoan nhồi D1200 (26 cọc L=872m):P2A-P2B,11.7,0.0,11.7
C2003,25,Cọc khoan nhồi D1200 (26 cọc L=872m):P2A-P2B,11.7,0.0,11.7
C2004,25,Cọc khoan nhồi D1200 (26 cọc L=872m):P2A-P2B,11.7,0.0,11.7
C2005,25,Cọc khoan nhồi D1200 (26 cọc L=872m):P2A-P2B,11.7,0.0,11.7
C2006,25,Cọc khoan nhồi D1200 (26 cọc L=872m):P2A-P2B,11.7,0.0,11.7
C2007,25,Cọc khoan nhồi D1200 (26 cọc L=872m):P2A-P2B,11.7,0.0,11.7
C2008,25,Cọc khoan nhồi D1200 (26 cọc L=872m):P2A-P2B,11.7,0.0,11.7
C2009,25,Cọc khoan nhồi D1200 (26 cọc L=872m):P2A-P2B,11.7,0.0,11.7
C2010,25,Cọc khoan nhồi D1200 (26 cọc L=872m):P2A-P2B,11.7,0.0,11.7
C2011,25,Cọc khoan nhồi D1200 (26 cọc L=872m):P2A-P2B,11.7,0.0,11.7
C2012,25,Cọc khoan nhồi D1200 (26 cọc L=872m):P2A-P2B,11.7,0.0,11.7
C2013,25,Cọc khoan nhồi D1200 (26 cọc L=872m):P2A-P2B,11.7,0.0,11.7
C2014,25,Cọc khoan nhồi D1200 (26 cọc L=872m):P2A-P2B,11.7,0.0,11.7
C2015,25,Cọc khoan nhồi D1200 (26 cọc L=872m):P2A-P2B,11.7,0.0,11.7
C2016,25,Cọc khoan nhồi D1200 (26 cọc L=872m):P2A-P2B,11.7,0.0,11.7
C2017,25,Cọc khoan nhồi D1200 (26 cọc L=872m):P2A-P2B,11.7,0.0,11.7
C2018,25,Cọc khoan nhồi D1200 (26 cọc L=872m):P2A-P2B,11.7,0.0,11.7
C2019,25,Cọc khoan nhồi D1200 (26 cọc L=872m):P2A-P2B,11.7,0.0,11.7
C2020,25,Cọc khoan nhồi D1200 (26 cọc L=872m):P2A-P2B,11.7,0.0,11.7
C2021,25,Cọc khoan nhồi D1200 (26 cọc L=872m):P2A-P2B,11.7,0.0,11.7
C2022,25,Cọc khoan nhồi D1200 (26 cọc L=872m):P2A-P2B,11.7,0.0,11.7
C2023,25,Cọc khoan nhồi D1200 (26 cọc L=872m):P2A-P2B,11.7,0.0,11.7
C2024,25,Cọc khoan nhồi D1200 (26 cọc L=872m):P2A-P2B,11.7,0.0,11.7
C2025,25,Cọc khoan nhồi D1200 (26 cọc L=872m):P2A-P2B,11.7,0.0,11.7
C2026,25,Cọc khoan nhồi D1200 (26 cọc L=872m):P2A-P2B,11.7,0.0,11.7
C2027,25,Cọc khoan nhồi D1200 (26 cọc L=872m):P2A-P2B,11.7,0.0,11.7
C2028,25,Cọc khoan nhồi D1200 (26 cọc L=872m):P2A-P2B,11.7,0.0,11.7
C2029,25,Cọc khoan nhồi D1200 (26 cọc L=872m):P2A-P2B,11.7,0.0,11.7
C2030,25,Cọc khoan nhồi D1200 (26 cọc L=872m):P2A-P2B,11.7,0.0,11.7
C2031,25,Cọc khoan nhồi D1200 (26 cọc L=872m):P2A-P2B,11.7,0.0,11.7
C2032,25,Cọc khoan nhồi D1200 (26 cọc L=872m):P2A-P2B,11.7,0.0,11.7
C2033,25,Cọc khoan nhồi D1200 (26 cọc L=872m):P2A-P2B,11.7,0.0,11.7
C2034,25,Cọc khoan nhồi D1200 (26 cọc L=872m):P2A-P2B,11.7,0.0,11.7
C2035,25,Cọc khoan nhồi D1200 (26 cọc L=872m):P2A-P2B,11.7,0.0,11.7
C2036,25,Cọc khoan nhồi D1200 (26 cọc L=872m):P2A-P2B,11.7,0.0,11.7
C2037,25,Cọc khoan nhồi D1200 (26 cọc L=872m):P2A-P2B,11.7,0.0,11.7
C2038,25,Cọc khoan nhồi D1200 (26 cọc L=872m):P2A-P2B,11.7,0.0,11.7
C2039,25,Cọc khoan nhồi D1200 (26 cọc L=872m):P2A-P2B,11.7,0.0,11.7
C2040,25,Cọc khoan nhồi D1200 (26 cọc L=872m):P2A-P2B,11.7,0.0,11.7
C2041,25,Cọc khoan nhồi D1200 (26 cọc L=872m):P2A-P2B,11.7,0.0,11.7
C2042,25,Cọc khoan nhồi D1200 (26 cọc L=872m):P2A-P2B,11.7,0.0,11.7
C2043,25,Cọc khoan nhồi D1200 (26 cọc L=872m):P2A-P2B,11.7,0.0,11.7
C2044,25,Cọc khoan nhồi D1200 (26 cọc L=872m):P2A-P2B,11.7,0.0,11.7
C2045,25,Cọc khoan nhồi D1200 (26 cọc L=872m):P2A-P2B,11.7,0.0,11.7
C2046,25,Cọc khoan nhồi D1200 (26 cọc L=872m):P2A-P2B,11.7,0.0,11.7
C2047,25,Cọc khoan nhồi D1200 (26 cọc L=872m):P2A-P2B,11.7,0.0,11.7
C2048,25,Cọc khoan nhồi D1200 (26 cọc L=872m):P2A-P2B,11.7,0.0,11.7
C2049,25,Cọc khoan nhồi D1200 (26 cọc L=872m):P2A-P2B,11.7,0.0,11.7
C2050,25,Cọc khoan nhồi D1200 (26 cọc L=872m):P2A-P2B,11.7,0.0,11.7
C2051,25,Cọc khoan nhồi D1200 (26 cọc L=872m):P2A-P2B,11.7,0.0,11.7
C2052,25,Cọc khoan nhồi D1200 (26 cọc L=872m):P2A-P2B,11.7,0.0,11.7
C2053,25,Cọc khoan nhồi D1200 (26 cọc L=872m):P2A-P2B,11.7,0.0,11.7
C2054,25,Cọc khoan nhồi D1200 (26 cọc L=872m):P2A-P2B,11.7,0.0,11.7
C2055,25,Cọc khoan nhồi D1200 (26 cọc L=872m):P2A-P2B,11.7,0.0,11.7
C2056,25,Cọc khoan nhồi D1200 (26 cọc L=872m):P2A-P2B,11.7,0.0,11.7
C2057,25,Cọc khoan nhồi D1200 (26 cọc L=872m):P2A-P2B,11.7,0.0,11.7
C2058,25,Cọc khoan nhồi D1200 (26 cọc L=872m):P2A-P2B,11.7,0.0,11.7
C2059,25,Cọc khoan nhồi D1200 (26 cọc L=872m):P2A-P2B,11.7,0.0,11.7
C2060,25,Cọc khoan nhồi D1200 (26 cọc L=872m):P2A-P2B,11.7,0.0,11.7
C2061,25,Cọc khoan nhồi D1200 (26 cọc L=872m):P2A-P2B,11.7,0.0,11.7
C2062,25,Cọc khoan nhồi D1200 (26 cọc L=872m):P2A-P2B,11.7,0.0,11.7
C2063,25,Cọc khoan nhồi D1200 (26 cọc L=872m):P2A-P2B,11.7,0.0,11.7
C2064,25,Cọc khoan nhồi D1200 (26 cọc L=872m):P2A-P2B,11.7,0.0,11.7
C2065,25,Cọc khoan nhồi D1200 (26 cọc L=872m):P2A-P2B,11.7,0.0,11.7
C2066,25,Cọc khoan nhồi D1200 (26 cọc L=872m):P2A-P2B,11.7,0.0,11.7
C2067,25,Cọc khoan nhồi D1200 (26 cọc L=872m):P2A-P2B,11.7,0.0,11.7
C2068,25,Cọc khoan nhồi D1200 (26 cọc L=872m):P2A-P2B,11.7,0.0,11.7
C2069,25,Cọc khoan nhồi D1200 (26 cọc L=872m):P2A-P2B,11.7,0.0,11.7
C2070,25,Cọc khoan nhồi D1200 (26 cọc L=872m):P2A-P2B,11.7,0.0,11.7
C2071,25,Cọc khoan nhồi D1200 (26 cọc L=872m):P2A-P2B,11.7,0.0,11.7
C2072,25,Cọc khoan nhồi D1200 (26 cọc L=872m):P2A-P2B,11.7,0.0,11.7
C2073,25,Cọc khoan nhồi D1200 (26 cọc L=872m):P2A-P2B,11.7,0.0,11.7
C2074,25,Cọc khoan nhồi D1200 (26 cọc L=872m):P2A-P2B,11.7,0.0,11.7
C2075,25,Cọc khoan nhồi D1200 (26 cọc L=872m):P2A-P2B,11.7,0.0,11.7
C2076,25,Cọc khoan nhồi D1200 (26 cọc L=872m):P2A-P2B,11.7,0.0,11.7
C2077,25,Cọc khoan nhồi D1200 (26 cọc L=872m):P2A-P2B,11.7,0.0,11.7
C2078,25,Cọc khoan nhồi D1200 (26 cọc L=872m):P2A-P2B,11.7,0.0,11.7
C2079,25,Cọc khoan nhồi D1200 (26 cọc L=872m):P2A-P2B,11.7,0.0,11.7
C2080,25,Cọc khoan nhồi D1200 (26 cọc L=872m):P2A-P2B,11.7,0.0,11.7
C2081,25,Cọc khoan nhồi D1200 (26 cọc L=872m):P2A-P2B,11.7,0.0,11.7
C2082,25,Cọc khoan nhồi D1200 (26 cọc L=872m):P2A-P2B,11.7,0.0,11.7
C2083,25,Cọc khoan nhồi D1200 (26 cọc L=872m):P2A-P2B,11.7,0.0,11.7
C2084,25,Cọc khoan nhồi D1200 (26 cọc L=872m):P2A-P2B,11.7,0.0,11.7
C2085,25,Cọc khoan nhồi D1200 (26 cọc L=872m):P2A-P2B,11.7,0.0,11.7
C2086,25,Cọc khoan nhồi D1200 (26 cọc L=872m):P2A-P2B,11.7,0.0,11.7
C2087,25,Cọc khoan nhồi D1200 (26 cọc L=872m):P2A-P2B,11.7,0.0,11.7
C2088,25,Cọc khoan nhồi D1200 (26 cọc L=872m):P2A-P2B,11.7,0.0,11.7
C2089,25,Cọc khoan nhồi D1200 (26 cọc L=872m):P2A-P2B,11.7,0.0,11.7
C2090,25,Cọc khoan nhồi D1200 (26 cọc L=872m):P2A-P2B,11.7,0.0,11.7
C2091,25,Cọc khoan nhồi D1200 (26 cọc L=872m):P2A-P2B,11.7,0.0,11.7
C2092,25,Cọc khoan nhồi D1200 (26 cọc L=872m):P2A-P2B,11.7,0.0,11.7
C2093,25,Cọc khoan nhồi D1200 (26 cọc L=872m):P2A-P2B,11.7,0.0,11.7
C2094,25,Cọc khoan nhồi D1200 (26 cọc L=872m):P2A-P2B,11.7,0.0,11.7
C2095,25,Cọc khoan nhồi D1200 (26 cọc L=872m):P2A-P2B,11.7,0.0,11.7
C2096,25,Cọc khoan nhồi D1200 (26 cọc L=872m):P2A-P2B,11.7,0.0,11.7
C2097,25,Cọc khoan nhồi D1200 (26 cọc L=872m):P2A-P2B,11.7,0.0,11.7
C2098,25,Cọc khoan nhồi D1200 (26 cọc L=872m):P2A-P2B,11.7,0.0,11.7
C2099,25,Cọc khoan nhồi D1200 (26 cọc L=872m):P2A-P2B,11.7,0.0,11.7
C2100,25,Cọc khoan nhồi D1200 (26 cọc L=872m):P2A-P2B,11.7,0.0,11.7
C2101,25,Cọc khoan nhồi D1200 (26 cọc L=872m):P2A-P2B,11.7,0.0,11.7
C2102,25,Cọc khoan nhồi D1200 (26 cọc L=872m):P2A-P2B,11.7,0.0,11.7
C2103,25,Cọc khoan nhồi D1200 (26 cọc L=872m):P2A-P2B,11.7,0.0,11.7
C2104,25,Cọc khoan nhồi D1200 (26 cọc L=872m):P2A-P2B,11.7,0.0,11.7
C2105,25,Cọc khoan nhồi D1200 (26 cọc L=872m):P2A-P2B,11.7,0.0,11.7
C2106,25,Cọc khoan nhồi D1200 (26 cọc L=872m):P2A-P2B,11.7,0.0,11.7
C2107,25,Cọc khoan nhồi D1200 (26 cọc L=872m):P2A-P2B,11.7,0.0,11.7
C2108,25,Cọc khoan nhồi D1200 (26 cọc L=872m):P2A-P2B,11.7,0.0,11.7
C2109,25,Cọc khoan nhồi D1200 (26 cọc L=872m):P2A-P2B,11.7,0.0,11.7
C2110,25,Cọc khoan nhồi D1200 (26 cọc L=872m):P2A-P2B,11.7,0.0,11.7
C2111,25,Cọc khoan nhồi D1200 (26 cọc L=872m):P2A-P2B,11.7,0.0,11.7
C2112,25,Cọc khoan nhồi D1200 (26 cọc L=872m):P2A-P2B,11.7,0.0,11.7
C2113,25,Cọc khoan nhồi D1200 (26 cọc L=872m):P2A-P2B,11.7,0.0,11.7
C2114,25,Cọc khoan nhồi D1200 (26 cọc L=872m):P2A-P2B,11.7,0.0,11.7
C2115,25,Cọc khoan nhồi D1200 (26 cọc L=872m):P2A-P2B,11.7,0.0,11.7
C2116,25,Cọc khoan nhồi D1200 (26 cọc L=872m):P2A-P2B,11.7,0.0,11.7
C2117,25,Cọc khoan nhồi D1200 (26 cọc L=872m):P2A-P2B,11.7,0.0,11.7
C2118,25,Cọc khoan nhồi D1200 (26 cọc L=872m):P2A-P2B,11.7,0.0,11.7
C2119,25,Cọc khoan nhồi D1200 (26 cọc L=872m):P2A-P2B,11.7,0.0,11.7
C2120,25,Cọc khoan nhồi D1200 (26 cọc L=872m):P2A-P2B,11.7,0.0,11.7
C2121,25,Cọc khoan nhồi D1200 (26 cọc L=872m):P2A-P2B,11.7,0.0,11.7
C2122,25,Cọc khoan nhồi D1200 (26 cọc L=872m):P2A-P2B,11.7,0.0,11.7
C2123,25,Cọc khoan nhồi D1200 (26 cọc L=872m):P2A-P2B,11.7,0.0,11.7
C2124,25,Cọc khoan nhồi D1200 (26 cọc L=872m):P2A-P2B,11.7,0.0,11.7
C2125,25,Cọc khoan nhồi D1200 (26 cọc L=872m):P2A-P2B,11.7,0.0,11.7
C2126,25,Cọc khoan nhồi D1200 (26 cọc L=872m):P2A-P2B,11.7,0.0,11.7
C2127,25,Cọc khoan nhồi D1200 (26 cọc L=872m):P2A-P2B,11.7,0.0,11.7
C2128,25,Cọc khoan nhồi D1200 (26 cọc L=872m):P2A-P2B,11.7,0.0,11.7
C2129,25,Cọc khoan nhồi D1200 (26 cọc L=872m):P2A-P2B,11.7,0.0,11.7
C2130,25,Cọc khoan nhồi D1200 (26 cọc L=872m):P2A-P2B,11.7,0.0,11.7
C2131,25,Cọc khoan nhồi D1200 (26 cọc L=872m):P2A-P2B,11.7,0.0,11.7
C2132,25,Cọc khoan nhồi D1200 (26 cọc L=872m):P2A-P2B,11.7,0.0,11.7
C2133,25,Cọc khoan nhồi D1200 (26 cọc L=872m):P2A-P2B,11.7,0.0,11.7
C2134,25,Cọc khoan nhồi D1200 (26 cọc L=872m):P2A-P2B,11.7,0.0,11.7
C2135,25,Cọc khoan nhồi D1200 (26 cọc L=872m):P2A-P2B,11.7,0.0,11.7
C2136,25,Cọc khoan nhồi D1200 (26 cọc L=872m):P2A-P2B,11.7,0.0,11.7
C2137,25,Cọc khoan nhồi D1200 (26 cọc L=872m):P2A-P2B,11.7,0.0,11.7
C2138,25,Cọc khoan nhồi D1200 (26 cọc L=872m):P2A-P2B,11.7,0.0,11.7
C2139,25,Cọc khoan nhồi D1200 (26 cọc L=872m):P2A-P2B,11.7,0.0,11.7
C2140,25,Cọc khoan nhồi D1200 (26 cọc L=872m):P2A-P2B,11.7,0.0,11.7
C2141,25,Cọc khoan nhồi D1200 (26 cọc L=872m):P2A-P2B,11.7,0.0,11.7
C2142,25,Cọc khoan nhồi D1200 (26 cọc L=872m):P2A-P2B,11.7,0.0,11.7
C2143,25,Cọc khoan nhồi D1200 (26 cọc L=872m):P2A-P2B,11.7,0.0,11.7
C2144,25,Cọc khoan nhồi D1200 (26 cọc L=872m):P2A-P2B,11.7,0.0,11.7
C2145,25,Cọc khoan nhồi D1200 (26 cọc L=872m):P2A-P2B,11.7,0.0,11.7
C2146,25,Cọc khoan nhồi D1200 (26 cọc L=872m):P2A-P2B,11.7,0.0,11.7
C2147,25,Cọc khoan nhồi D1200 (26 cọc L=872m):P2A-P2B,11.7,0.0,11.7
C2148,25,Cọc khoan nhồi D1200 (26 cọc L=872m):P2A-P2B,11.7,0.0,11.7
C2149,25,Cọc khoan nhồi D1200 (26 cọc L=872m):P2A-P2B,11.7,0.0,11.7
C2150,25,Cọc khoan nhồi D1200 (26 cọc L=872m):P2A-P2B,11.7,0.0,11.7
C2151,25,Cọc khoan nhồi D1200 (26 cọc L=872m):P2A-P2B,11.7,0.0,11.7
C2152,25,Cọc khoan nhồi D1200 (26 cọc L=872m):P2A-P2B,11.7,0.0,11.7
C2153,25,Cọc khoan nhồi D1200 (26 cọc L=872m):P2A-P2B,11.7,0.0,11.7
C2154,25,Cọc khoan nhồi D1200 (26 cọc L=872m):P2A-P2B,11.7,0.0,11.7
C2155,25,Cọc khoan nhồi D1200 (26 cọc L=872m):P2A-P2B,11.7,0.0,11.7
C2156,25,Cọc khoan nhồi D1200 (26 cọc L=872m):P2A-P2B,11.7,0.0,11.7
C2157,25,Cọc khoan nhồi D1200 (26 cọc L=872m):P2A-P2B,11.7,0.0,11.7
C2158,25,Cọc khoan nhồi D1200 (26 cọc L=872m):P2A-P2B,11.7,0.0,11.7
C2159,25,Cọc khoan nhồi D1200 (26 cọc L=872m):P2A-P2B,11.7,0.0,11.7
C2160,25,Cọc khoan nhồi D1200 (26 cọc L=872m):P2A-P2B,11.7,0.0,11.7
C2161,25,"Trụ T1, T2 (Xà mũ trụ):x5",9.975,0.65,11.7
C2161,25,Mố M1:H1,1.07,0.65,11.7
C2162,25,"Trụ T1, T2 (Xà mũ trụ):x5",9.975,0.65,11.7
C2162,25,Mố M1:H1,1.07,0.65,11.7
C2163,25,"Trụ T1, T2 (Xà mũ trụ):x5",9.975,0.65,11.7
C2163,25,Mố M1:H1,1.07,0.65,11.7
C2164,25,"Trụ T1, T2 (Xà mũ trụ):x5",9.975,0.65,11.7
C2164,25,Mố M1:H1,1.07,0.65,11.7
C2165,25,"Trụ T1, T2 (Xà mũ trụ):x5",9.975,0.65,11.7
C2165,25,Mố M1:H1,1.07,0.65,11.7
C2166,25,"Trụ T1, T2 (Xà mũ trụ):x5",9.975,0.65,11.7
C2166,25,Mố M1:H1,1.07,0.65,11.7
C2167,25,"Trụ T1, T2 (Xà mũ trụ):x5",9.975,0.65,11.7
C2167,25,Mố M1:H1,1.07,0.65,11.7
C2168,25,"Trụ T1, T2 (Xà mũ trụ):x5",9.975,0.65,11.7
C2168,25,Mố M1:H1,1.07,0.65,11.7
C2169,25,"Trụ T1, T2 (Xà mũ trụ):x5",9.975,0.65,11.7
C2169,25,Mố M1:H1,1.07,0.65,11.7
C2170,25,"Trụ T1, T2 (Xà mũ trụ):x5",9.975,0.65,11.7
C2170,25,Mố M1:H1,1.07,0.65,11.7
C2171,25,"Trụ T1, T2 (Xà mũ trụ):x5",9.975,0.65,11.7
C2171,25,Mố M1:H1,1.07,0.65,11.7
C2172,25,"Trụ T1, T2 (Xà mũ trụ):x5",9.975,0.65,11.7
C2172,25,Mố M1:H1,1.07,0.65,11.7
C2173,25,"Trụ T1, T2 (Xà mũ trụ):x5",9.975,0.65,11.7
C2173,25,Mố M1:H1,1.07,0.65,11.7
C2174,25,"Trụ T1, T2 (Xà mũ trụ):x5",9.975,0.65,11.7
C2174,25,Mố M1:H1,1.07,0.65,11.7
C2175,25,"Trụ T1, T2 (Xà mũ trụ):x5",9.975,0.65,11.7
C2175,25,Mố M1:H1,1.07,0.65,11.7
C2176,25,"Trụ T1, T2 (Xà mũ trụ):x5",9.975,0.65,11.7
C2176,25,Mố M1:H1,1.07,0.65,11.7
C2177,25,"Trụ T1, T2 (Xà mũ trụ):x5",9.975,0.65,11.7
C2177,25,Mố M1:H1,1.07,0.65,11.7
C2178,25,"Trụ T1, T2 (Xà mũ trụ):x5",9.975,0.65,11.7
C2178,25,Mố M1:H1,1.07,0.65,11.7
C2179,25,"Trụ T1, T2 (Xà mũ trụ):x5",9.975,0.65,11.7
C2179,25,Mố M1:H1,1.07,0.65,11.7
C2180,25,"Trụ T1, T2 (Xà mũ trụ):x5",9.975,0.65,11.7
C2180,25,Mố M1:H1,1.07,0.65,11.7
C2181,25,"Trụ T1, T2 (Xà mũ trụ):x5",9.975,0.65,11.7
C2181,25,Mố M1:H1,1.07,0.65,11.7
C2182,25,"Trụ T1, T2 (Xà mũ trụ):x5",9.975,0.65,11.7
C2182,25,Mố M1:H1,1.07,0.65,11.7
C2183,25,"Trụ T1, T2 (Xà mũ trụ):x5",9.975,0.65,11.7
C2183,25,Mố M1:H1,1.07,0.65,11.7
C2184,25,"Trụ T1, T2 (Xà mũ trụ):x5",9.975,0.65,11.7
C2184,25,Mố M2:H1,1.07,0.65,11.7
C2185,25,"Trụ T1, T2 (Xà mũ trụ):x5",9.975,0.65,11.7
C2185,25,Mố M2:H1,1.07,0.65,11.7
C2186,25,"Trụ T1, T2 (Xà mũ trụ):x5",9.975,0.65,11.7
C2186,25,Mố M2:H1,1.07,0.65,11.7
C2187,25,"Trụ T1, T2 (Xà mũ trụ):x5",9.975,0.65,11.7
C2187,25,Mố M2:H1,1.07,0.65,11.7
C2188,25,"Trụ T1, T2 (Xà mũ trụ):x5",9.975,0.65,11.7
C2188,25,Mố M2:H1,1.07,0.65,11.7
C2189,25,"Trụ T1, T2 (Xà mũ trụ):x5",9.975,0.65,11.7
C2189,25,Mố M2:H1,1.07,0.65,11.7
C2190,25,"Trụ T1, T2 (Xà mũ trụ):x5",9.975,0.65,11.7
C2190,25,Mố M2:H1,1.07,0.65,11.7
C2191,25,"Trụ T1, T2 (Xà mũ trụ):x5",9.975,0.65,11.7
C2191,25,Mố M2:H1,1.07,0.65,11.7
C2192,25,"Trụ T1, T2 (Xà mũ trụ):x5",9.975,0.65,11.7
C2192,25,Mố M2:H1,1.07,0.65,11.7
C2193,25,"Trụ T1, T2 (Xà mũ trụ):x5",9.975,0.65,11.7
C2193,25,Mố M2:H1,1.07,0.65,11.7
C2194,25,"Trụ T1, T2 (Xà mũ trụ):x5",9.975,0.65,11.7
C2194,25,Mố M2:H1,1.07,0.65,11.7
C2195,25,"Trụ T1, T2 (Xà mũ trụ):x5",9.975,0.65,11.7
C2195,25,Mố M2:H1,1.07,0.65,11.7
C2196,25,"Trụ T1, T2 (Xà mũ trụ):x5",9.975,0.65,11.7
C2196,25,Mố M2:H1,1.07,0.65,11.7
C2197,25,"Trụ T1, T2 (Xà mũ trụ):x5",9.975,0.65,11.7
C2197,25,Mố M2:H1,1.07,0.65,11.7
C2198,25,"Trụ T1, T2 (Xà mũ trụ):x5",9.975,0.65,11.7
C2198,25,Mố M2:H1,1.07,0.65,11.7
C2199,25,"Trụ T1, T2 (Xà mũ trụ):x5",9.975,0.65,11.7
C2199,25,Mố M2:H1,1.07,0.65,11.7
C2200,25,"Trụ T1, T2 (Xà mũ trụ):x5",9.975,0.65,11.7
C2200,25,Mố M2:H1,1.07,0.65,11.7
C2201,25,"Trụ T1, T2 (Xà mũ trụ):x5",9.975,0.65,11.7
C2201,25,Mố M2:H1,1.07,0.65,11.7
C2202,25,"Trụ T1, T2 (Xà mũ trụ):x5",9.975,0.65,11.7
C2202,25,Mố M2:H1,1.07,0.65,11.7
C2203,25,"Trụ T1, T2 (Xà mũ trụ):x5",9.975,0.65,11.7
C2203,25,Mố M2:H1,1.07,0.65,11.7
C2204,25,"Trụ T1, T2 (Xà mũ trụ):x5",9.975,0.65,11.7
C2204,25,Mố M2:H1,1.07,0.65,11.7
C2205,25,"Trụ T1, T2 (Xà mũ trụ):x5",9.975,0.65,11.7
C2205,25,Mố M2:H1,1.07,0.65,11.7
C2206,25,"Trụ T1, T2 (Xà mũ trụ):x5",9.975,0.65,11.7
C2206,25,Mố M2:H1,1.07,0.65,11.7
C2207,25,"Trụ T1, T2 (Xà mũ trụ):x5",9.975,1.725,11.7
C2208,25,"Trụ T1, T2 (Xà mũ trụ):x5",9.975,1.725,11.7
C2209,25,"Trụ T1, T2 (Xà mũ trụ):x5",9.975,1.725,11.7
C2210,25,"Trụ T1, T2 (Xà mũ trụ):x5",9.975,1.725,11.7
C2211,25,"Trụ T1, T2 (Xà mũ trụ):x5",9.975,1.725,11.7
C2212,25,"Trụ T1, T2 (Xà mũ trụ):x5",9.975,1.725,11.7
C2213,25,"Trụ T1, T2 (Xà mũ trụ):x5",9.975,1.725,11.7
C2214,25,"Trụ T1, T2 (Xà mũ trụ):x5",9.975,1.725,11.7
C2215,25,"Trụ T1, T2 (Xà mũ trụ):x5",9.975,1.725,11.7
C2216,25,"Trụ T1, T2 (Xà mũ trụ):x5",9.975,1.725,11.7
C2217,25,"Trụ T1, T2 (Xà mũ trụ):x5",9.975,1.725,11.7
C2218,25,"Trụ T1, T2 (Xà mũ trụ):x5",9.975,1.725,11.7
C2219,25,"Trụ T1, T2 (Xà mũ trụ):x5",9.975,1.725,11.7
C2220,25,"Trụ T1, T2 (Xà mũ trụ):x5",9.975,1.725,11.7
C2221,25,"Trụ T1, T2 (Xà mũ trụ):x5",9.975,1.725,11.7
C2222,25,"Trụ T1, T2 (Xà mũ trụ):x5",9.975,1.725,11.7
C2223,25,"Trụ T1, T2 (Xà mũ trụ):x5",9.975,1.725,11.7
C2224,25,"Trụ T1, T2 (Xà mũ trụ):x5",9.975,1.725,11.7
C2225,25,"Trụ T1, T2 (Xà mũ trụ):x5",9.975,1.725,11.7
C2226,25,"Trụ T1, T2 (Xà mũ trụ):x5",9.975,1.725,11.7
C2227,25,"Trụ T1, T2 (Xà mũ trụ):x5",9.975,1.725,11.7
C2228,25,"Trụ T1, T2 (Xà mũ trụ):x5",9.975,1.725,11.7
C2229,25,"Trụ T1, T2 (Xà mũ trụ):x5",9.975,1.725,11.7
C2230,25,"Trụ T1, T2 (Xà mũ trụ):x5",9.975,1.725,11.7
C2231,25,"Trụ T1, T2 (Xà mũ trụ):x5",9.975,1.725,11.7
C2232,25,"Trụ T1, T2 (Xà mũ trụ):x5",9.975,1.725,11.7
C2233,25,"Trụ T1, T2 (Xà mũ trụ):x5",9.975,1.725,11.7
C2234,25,"Trụ T1, T2 (Xà mũ trụ):x5",9.975,1.725,11.7
C2235,25,"Trụ T1, T2 (Xà mũ trụ):x5",9.975,1.725,11.7
C2236,25,"Trụ T1, T2 (Xà mũ trụ):x5",9.975,1.725,11.7
C2237,25,"Trụ T1, T2 (Xà mũ trụ):x5",9.975,1.725,11.7
C2238,25,"Trụ T1, T2 (Xà mũ trụ):x5",9.975,1.725,11.7
C2239,25,"Trụ T1, T2 (Xà mũ trụ):x5",9.975,1.725,11.7
C2240,25,"Trụ T1, T2 (Xà mũ trụ):x5",9.975,1.725,11.7
C2241,25,"Trụ T1, T2 (Xà mũ trụ):x5",9.975,1.725,11.7
C2242,25,"Trụ T1, T2 (Xà mũ trụ):x5",9.975,1.725,11.7
C2243,25,"Trụ T1, T2 (Xà mũ trụ):x5",9.975,1.725,11.7
C2244,25,"Trụ T1, T2 (Xà mũ trụ):x5",9.975,1.725,11.7
C2245,25,"Trụ T1, T2 (Xà mũ trụ):x5",9.975,1.725,11.7
C2246,25,"Trụ T1, T2 (Xà mũ trụ):x5",9.975,1.725,11.7
C2247,25,"Trụ T1, T2 (Xà mũ trụ):x5",9.975,1.725,11.7
C2248,25,"Trụ T1, T2 (Xà mũ trụ):x5",9.975,1.725,11.7
C2249,25,"Trụ T1, T2 (Xà mũ trụ):x5",9.975,1.725,11.7
C2250,25,"Trụ T1, T2 (Xà mũ trụ):x5",9.975,1.725,11.7
C2251,25,"Trụ T1, T2 (Xà mũ trụ):x5",9.975,1.725,11.7
C2252,25,"Trụ T1, T2 (Xà mũ trụ):x5",9.975,1.725,11.7
C2253,25,"Trụ T1, T2 (Xà mũ trụ):x5",9.975,1.725,11.7
C2254,25,"Trụ T1, T2 (Xà mũ trụ):x5",9.975,1.725,11.7
C2255,25,"Trụ T1, T2 (Xà mũ trụ):x5",9.975,1.725,11.7
C2256,25,"Trụ T1, T2 (Xà mũ trụ):x5",9.975,1.725,11.7
C2257,25,"Trụ T1, T2 (Xà mũ trụ):x5",9.975,1.725,11.7
C2258,25,"Trụ T1, T2 (Xà mũ trụ):x5",9.975,1.725,11.7
C2259,25,"Trụ T1, T2 (Xà mũ trụ):x5",9.975,1.725,11.7
C2260,25,"Trụ T1, T2 (Xà mũ trụ):x5",9.975,1.725,11.7
C2261,25,"Trụ T1, T2 (Xà mũ trụ):x5",9.975,1.725,11.7
C2262,25,"Trụ T1, T2 (Xà mũ trụ):x5",9.975,1.725,11.7
C2263,25,"Trụ T1, T2 (Xà mũ trụ):x5",9.975,1.725,11.7
C2264,25,"Trụ T1, T2 (Xà mũ trụ):x5",9.975,1.725,11.7
C2265,25,"Trụ T1, T2 (Xà mũ trụ):x5",9.975,1.725,11.7
C2266,25,"Trụ T1, T2 (Xà mũ trụ):x5",9.975,1.725,11.7
C2267,25,"Trụ T1, T2 (Xà mũ trụ):x5",9.975,1.725,11.7
C2268,25,"Trụ T1, T2 (Xà mũ trụ):x5",9.975,1.725,11.7
C2269,25,"Trụ T1, T2 (Xà mũ trụ):x5",9.975,1.725,11.7
C2270,25,"Trụ T1, T2 (Xà mũ trụ):x5",9.975,1.725,11.7
C2271,25,"Trụ T1, T2 (Xà mũ trụ):x5",9.975,1.725,11.7
C2272,25,"Trụ T1, T2 (Xà mũ trụ):x5",9.975,1.725,11.7
C2273,25,"Trụ T1, T2 (Xà mũ trụ):x5",9.975,1.725,11.7
C2274,25,"Trụ T1, T2 (Xà mũ trụ):x5",9.975,1.725,11.7
C2275,25,"Trụ T1, T2 (Xà mũ trụ):x5",9.975,1.725,11.7
C2276,25,"Trụ T1, T2 (Xà mũ trụ):x5",9.975,1.725,11.7
C2277,25,"Trụ T1, T2 (Xà mũ trụ):x5",9.975,1.725,11.7
C2278,25,"Trụ T1, T2 (Xà mũ trụ):x5",9.975,1.725,11.7
C2279,25,"Trụ T1, T2 (Xà mũ trụ):x5",9.975,1.725,11.7
C2280,25,"Trụ T1, T2 (Xà mũ trụ):x5",9.975,1.725,11.7
C2281,25,"Trụ T1, T2 (Xà mũ trụ):x5",9.975,1.725,11.7
C2282,25,"Trụ T1, T2 (Xà mũ trụ):x5",9.975,1.725,11.7
C2283,25,"Trụ T1, T2 (Xà mũ trụ):x5",9.975,1.725,11.7
C2284,25,"Trụ T1, T2 (Xà mũ trụ):x5",9.975,1.725,11.7
C2285,25,"Trụ T1, T2 (Xà mũ trụ):x5",9.975,1.725,11.7
C2286,25,"Trụ T1, T2 (Xà mũ trụ):x5",9.975,1.725,11.7
C2287,25,"Trụ T1, T2 (Xà mũ trụ):x5",9.975,1.725,11.7
C2288,25,"Trụ T1, T2 (Xà mũ trụ):x5",9.975,1.725,11.7
C2289,25,"Trụ T1, T2 (Xà mũ trụ):x5",9.975,1.725,11.7
C2290,25,"Trụ T1, T2 (Xà mũ trụ):x5",9.975,1.725,11.7
C2291,25,"Trụ T1, T2 (Xà mũ trụ):x5",9.975,1.725,11.7
C2292,25,"Trụ T1, T2 (Xà mũ trụ):x5",9.975,1.725,11.7
C2293,25,"Trụ T1, T2 (Xà mũ trụ):x5",9.975,1.725,11.7
C2294,25,"Trụ T1, T2 (Xà mũ trụ):x5",9.975,1.725,11.7
C2295,25,"Trụ T1, T2 (Xà mũ trụ):x5",9.975,1.725,11.7
C2296,25,"Trụ T1, T2 (Xà mũ trụ):x5",9.975,1.725,11.7
C2297,25,"Trụ T1, T2 (Xà mũ trụ):x5",9.975,1.725,11.7
C2298,25,"Trụ T1, T2 (Xà mũ trụ):x5",9.975,1.725,11.7
C2299,25,"Trụ T1, T2 (Xà mũ trụ):x5",9.975,1.725,11.7
C2300,25,"Trụ T1, T2 (Xà mũ trụ):x5",9.975,1.725,11.7
C2301,25,"Trụ T1, T2 (Xà mũ trụ):x5",9.975,1.725,11.7
C2302,25,"Trụ T1, T2 (Xà mũ trụ):x5",9.975,1.725,11.7
C2303,25,"Trụ T1, T2 (Xà mũ trụ):x5",9.975,1.725,11.7
C2304,25,"Trụ T1, T2 (Xà mũ trụ):x5",9.975,1.725,11.7
C2305,25,"Trụ T1, T2 (Xà mũ trụ):x5",9.975,1.725,11.7
C2306,25,"Trụ T1, T2 (Xà mũ trụ):x5",9.975,1.725,11.7
C2307,25,"Trụ T1, T2 (Xà mũ trụ):x5",9.975,1.725,11.7
C2308,25,"Trụ T1, T2 (Xà mũ trụ):x5",9.975,1.725,11.7
C2309,25,"Trụ T1, T2 (Xà mũ trụ):x5",9.975,1.725,11.7
C2310,25,"Trụ T1, T2 (Xà mũ trụ):x5",9.975,1.725,11.7
C2311,25,"Trụ T1, T2 (Xà mũ trụ):x5a",9.689,2.011,11.7
C2312,25,"Trụ T1, T2 (Xà mũ trụ):x5a",9.689,2.011,11.7
C2313,25,"Trụ T1, T2 (Xà mũ trụ):x5a",9.689,2.011,11.7
C2314,25,"Trụ T1, T2 (Xà mũ trụ):x5a",9.689,2.011,11.7
C2315,25,"Trụ T1, T2 (Xà mũ trụ):x5a",9.689,2.011,11.7
C2316,25,"Trụ T1, T2 (Xà mũ trụ):x5a",9.689,2.011,11.7
C2317,25,"Trụ T1, T2 (Xà mũ trụ):x5a",9.689,2.011,11.7
C2318,25,"Trụ T1, T2 (Xà mũ trụ):x5a",9.689,2.011,11.7
